id_venda,data,cliente_id,vendedor_id,produto_id,quantidade,valor_bruto,desconto,valor_liquido
1,2025-02-27,5344,1027,4,25,5250,262.5,4987.5
2,2025-02-22,5183,1004,1,16,8320,416.0,7904.0
3,2025-02-18,5388,2014,1,5,2600,0.0,2600.0
4,2025-06-29,5326,2012,1,16,8320,0.0,8320.0
5,2025-03-30,5172,2004,1,10,5200,260.0,4940.0
6,2025-04-20,5314,1004,1,11,5720,572.0,5148.0
7,2025-02-13,5483,2036,2,19,7980,0.0,7980.0
8,2025-03-01,5446,2016,3,18,5760,576.0,5184.0
9,2025-01-03,5237,1027,4,7,1470,0.0,1470.0
10,2025-02-08,5103,2005,4,25,5250,525.0,4725.0
11,2025-05-18,5294,2002,4,1,210,0.0,210.0
12,2025-06-25,5089,1047,4,22,4620,0.0,4620.0
13,2025-04-11,5072,1045,4,17,3570,0.0,3570.0
14,2025-04-07,5006,1052,1,8,4160,0.0,4160.0
15,2025-01-07,5307,2038,4,18,3780,0.0,3780.0
16,2025-03-07,5453,1059,2,13,5460,546.0,4914.0
17,2025-02-10,5095,1049,2,18,7560,0.0,7560.0
18,2025-03-05,5173,1022,3,18,5760,0.0,5760.0
19,2025-04-26,5276,2011,3,4,1280,128.0,1152.0
20,2025-04-03,5129,1028,4,3,630,31.5,598.5
21,2025-02-05,5027,1039,1,21,10920,0.0,10920.0
22,2025-01-20,5484,1038,3,25,8000,400.0,7600.0
23,2025-03-10,5447,1024,1,14,7280,0.0,7280.0
24,2025-04-08,5325,2030,2,9,3780,189.0,3591.0
25,2025-02-21,5435,1042,1,19,9880,988.0,8892.0
26,2025-06-15,5276,2035,4,1,210,0.0,210.0
27,2025-06-28,5154,1023,2,21,8820,882.0,7938.0
28,2025-03-08,5106,1032,3,9,2880,144.0,2736.0
29,2025-01-18,5015,2027,2,22,9240,0.0,9240.0
30,2025-03-10,5068,1036,2,13,5460,546.0,4914.0
31,2025-02-13,5082,2032,2,25,10500,0.0,10500.0
32,2025-06-23,5354,2008,2,18,7560,0.0,7560.0
33,2025-04-19,5191,2006,4,23,4830,0.0,4830.0
34,2025-06-07,5268,2014,4,5,1050,0.0,1050.0
35,2025-03-11,5207,1015,2,20,8400,0.0,8400.0
36,2025-03-22,5239,2010,3,18,5760,0.0,5760.0
37,2025-04-15,5409,1045,2,20,8400,0.0,8400.0
38,2025-03-10,5066,2040,2,18,7560,0.0,7560.0
39,2025-01-06,5097,1037,2,21,8820,882.0,7938.0
40,2025-01-02,5012,1034,3,20,6400,0.0,6400.0
41,2025-02-22,5234,2010,3,17,5440,272.0,5168.0
42,2025-06-12,5443,2038,4,8,1680,0.0,1680.0
43,2025-01-18,5043,1060,3,11,3520,176.0,3344.0
44,2025-06-03,5233,1007,1,21,10920,0.0,10920.0
45,2025-05-12,5319,2017,4,18,3780,378.0,3402.0
46,2025-05-18,5397,1011,1,25,13000,650.0,12350.0
47,2025-02-17,5432,2025,1,15,7800,390.0,7410.0
48,2025-05-04,5440,1035,2,5,2100,0.0,2100.0
49,2025-01-22,5433,1015,4,23,4830,0.0,4830.0
50,2025-05-11,5438,1032,1,12,6240,0.0,6240.0
51,2025-05-17,5174,1054,2,3,1260,0.0,1260.0
52,2025-04-16,5174,2005,4,19,3990,0.0,3990.0
53,2025-04-12,5196,1014,1,5,2600,0.0,2600.0
54,2025-03-14,5124,1009,1,19,9880,0.0,9880.0
55,2025-01-30,5306,1036,2,23,9660,0.0,9660.0
56,2025-02-27,5471,2031,4,21,4410,441.0,3969.0
57,2025-03-21,5091,1056,1,2,1040,0.0,1040.0
58,2025-02-24,5360,2010,1,11,5720,0.0,5720.0
59,2025-05-04,5360,2039,4,15,3150,0.0,3150.0
60,2025-06-27,5202,2009,1,24,12480,0.0,12480.0
61,2025-01-05,5271,1026,2,11,4620,0.0,4620.0
62,2025-05-01,5475,1008,2,4,1680,0.0,1680.0
63,2025-06-18,5332,1004,1,10,5200,0.0,5200.0
64,2025-03-08,5420,2005,2,9,3780,0.0,3780.0
65,2025-05-26,5277,2021,1,18,9360,0.0,9360.0
66,2025-01-29,5376,1021,3,19,6080,0.0,6080.0
67,2025-03-12,5464,1040,3,7,2240,224.0,2016.0
68,2025-04-21,5293,1002,1,12,6240,0.0,6240.0
69,2025-02-19,5370,1009,4,4,840,42.0,798.0
70,2025-03-27,5330,2038,2,16,6720,0.0,6720.0
71,2025-05-27,5109,1024,2,3,1260,0.0,1260.0
72,2025-04-24,5063,1022,3,5,1600,0.0,1600.0
73,2025-05-13,5470,2003,3,2,640,32.0,608.0
74,2025-02-02,5331,1013,4,23,4830,483.0,4347.0
75,2025-06-03,5055,1042,4,10,2100,0.0,2100.0
76,2025-05-04,5164,1030,3,25,8000,400.0,7600.0
77,2025-04-12,5058,1049,4,11,2310,115.5,2194.5
78,2025-04-12,5254,1041,2,15,6300,315.0,5985.0
79,2025-06-27,5435,1044,2,11,4620,0.0,4620.0
80,2025-06-10,5226,1030,1,25,13000,0.0,13000.0
81,2025-02-08,5332,1060,1,9,4680,0.0,4680.0
82,2025-05-20,5494,2038,2,4,1680,0.0,1680.0
83,2025-05-16,5304,1016,2,16,6720,672.0,6048.0
84,2025-02-22,5232,1007,3,5,1600,0.0,1600.0
85,2025-04-22,5221,1015,1,2,1040,104.0,936.0
86,2025-01-11,5191,1019,2,4,1680,0.0,1680.0
87,2025-03-31,5433,1020,2,12,5040,0.0,5040.0
88,2025-01-03,5075,1031,3,9,2880,0.0,2880.0
89,2025-01-18,5499,2018,4,2,420,0.0,420.0
90,2025-02-26,5089,1004,2,4,1680,168.0,1512.0
91,2025-05-01,5197,2033,1,3,1560,0.0,1560.0
92,2025-06-11,5016,1039,2,24,10080,0.0,10080.0
93,2025-05-19,5474,1011,1,3,1560,156.0,1404.0
94,2025-01-30,5145,2013,4,10,2100,0.0,2100.0
95,2025-02-16,5336,1039,1,14,7280,0.0,7280.0
96,2025-02-26,5426,2024,2,23,9660,0.0,9660.0
97,2025-01-03,5352,2021,2,24,10080,504.0,9576.0
98,2025-02-03,5140,1056,1,2,1040,52.0,988.0
99,2025-05-07,5213,2017,4,14,2940,294.0,2646.0
100,2025-02-23,5312,2002,1,12,6240,0.0,6240.0
101,2025-04-16,5019,1022,1,15,7800,0.0,7800.0
102,2025-02-21,5066,1034,3,24,7680,768.0,6912.0
103,2025-02-20,5401,1025,3,11,3520,0.0,3520.0
104,2025-03-06,5378,1006,1,12,6240,0.0,6240.0
105,2025-01-16,5264,2021,3,17,5440,544.0,4896.0
106,2025-06-10,5042,2021,4,10,2100,0.0,2100.0
107,2025-05-04,5480,2022,2,12,5040,504.0,4536.0
108,2025-03-06,5251,2013,2,11,4620,0.0,4620.0
109,2025-02-22,5012,1006,2,2,840,84.0,756.0
110,2025-06-07,5485,1004,1,23,11960,1196.0,10764.0
111,2025-01-30,5308,1048,1,16,8320,0.0,8320.0
112,2025-02-05,5096,1051,1,10,5200,520.0,4680.0
113,2025-05-16,5373,2040,1,15,7800,390.0,7410.0
114,2025-04-24,5313,2031,4,6,1260,0.0,1260.0
115,2025-02-04,5448,1050,4,21,4410,0.0,4410.0
116,2025-05-11,5135,2016,1,4,2080,0.0,2080.0
117,2025-01-16,5130,1027,3,6,1920,96.0,1824.0
118,2025-02-26,5051,1027,4,16,3360,0.0,3360.0
119,2025-02-25,5175,2035,2,25,10500,1050.0,9450.0
120,2025-05-28,5296,1032,4,2,420,42.0,378.0
121,2025-03-25,5083,1036,1,10,5200,0.0,5200.0
122,2025-05-02,5256,1024,2,12,5040,0.0,5040.0
123,2025-05-23,5386,1020,4,18,3780,0.0,3780.0
124,2025-01-21,5116,2016,1,17,8840,884.0,7956.0
125,2025-03-26,5455,1017,4,3,630,0.0,630.0
126,2025-06-17,5202,1032,4,20,4200,0.0,4200.0
127,2025-06-20,5355,1030,4,18,3780,0.0,3780.0
128,2025-06-11,5451,2007,2,17,7140,357.0,6783.0
129,2025-03-28,5401,2040,1,16,8320,832.0,7488.0
130,2025-03-27,5332,2039,4,9,1890,0.0,1890.0
131,2025-06-30,5044,2018,1,10,5200,0.0,5200.0
132,2025-05-03,5248,2016,4,6,1260,126.0,1134.0
133,2025-01-06,5342,2001,2,10,4200,210.0,3990.0
134,2025-05-12,5144,1032,3,2,640,0.0,640.0
135,2025-05-03,5450,2028,3,10,3200,0.0,3200.0
136,2025-03-07,5083,2017,4,12,2520,252.0,2268.0
137,2025-05-13,5188,1033,4,22,4620,0.0,4620.0
138,2025-05-08,5151,1014,3,7,2240,0.0,2240.0
139,2025-01-20,5329,1059,4,15,3150,0.0,3150.0
140,2025-03-19,5113,1033,3,4,1280,0.0,1280.0
141,2025-04-11,5154,1014,4,12,2520,252.0,2268.0
142,2025-02-11,5176,1027,3,13,4160,0.0,4160.0
143,2025-05-07,5041,2031,3,9,2880,0.0,2880.0
144,2025-02-18,5103,1004,4,17,3570,357.0,3213.0
145,2025-05-05,5379,1060,1,4,2080,208.0,1872.0
146,2025-04-16,5267,1032,3,8,2560,0.0,2560.0
147,2025-03-20,5022,1011,2,18,7560,0.0,7560.0
148,2025-02-22,5394,1053,3,21,6720,672.0,6048.0
149,2025-05-28,5108,1053,1,22,11440,1144.0,10296.0
150,2025-06-15,5058,2028,1,25,13000,650.0,12350.0
151,2025-03-02,5148,1018,2,17,7140,357.0,6783.0
152,2025-04-13,5162,2019,2,14,5880,0.0,5880.0
153,2025-02-16,5297,1032,3,23,7360,0.0,7360.0
154,2025-04-19,5228,2005,2,1,420,0.0,420.0
155,2025-01-27,5492,1025,4,10,2100,0.0,2100.0
156,2025-04-17,5266,1054,3,13,4160,0.0,4160.0
157,2025-03-06,5433,2005,1,23,11960,1196.0,10764.0
158,2025-02-06,5331,1058,3,10,3200,0.0,3200.0
159,2025-06-08,5180,2006,1,3,1560,78.0,1482.0
160,2025-02-20,5245,2031,4,15,3150,157.5,2992.5
161,2025-06-18,5268,1001,1,25,13000,0.0,13000.0
162,2025-02-25,5379,1003,4,7,1470,0.0,1470.0
163,2025-06-16,5340,1046,1,15,7800,0.0,7800.0
164,2025-02-12,5117,1010,4,16,3360,0.0,3360.0
165,2025-04-01,5004,1059,1,12,6240,624.0,5616.0
166,2025-04-26,5090,1060,2,24,10080,504.0,9576.0
167,2025-04-06,5348,1034,4,6,1260,0.0,1260.0
168,2025-06-04,5267,1048,3,24,7680,0.0,7680.0
169,2025-06-03,5271,1030,1,11,5720,0.0,5720.0
170,2025-06-03,5161,1057,3,11,3520,176.0,3344.0
171,2025-02-14,5254,1028,1,19,9880,494.0,9386.0
172,2025-04-15,5064,2021,2,1,420,42.0,378.0
173,2025-05-19,5154,1019,4,14,2940,0.0,2940.0
174,2025-03-06,5219,2002,3,16,5120,256.0,4864.0
175,2025-06-13,5186,1025,3,10,3200,320.0,2880.0
176,2025-04-21,5085,2032,2,17,7140,0.0,7140.0
177,2025-02-02,5019,2008,2,13,5460,0.0,5460.0
178,2025-04-22,5357,2033,3,25,8000,800.0,7200.0
179,2025-02-22,5111,1044,2,11,4620,462.0,4158.0
180,2025-04-19,5176,2023,3,16,5120,0.0,5120.0
181,2025-02-07,5024,1001,3,20,6400,320.0,6080.0
182,2025-05-12,5413,1002,2,13,5460,546.0,4914.0
183,2025-03-13,5405,1030,4,3,630,0.0,630.0
184,2025-02-15,5500,2010,3,11,3520,0.0,3520.0
185,2025-02-13,5448,2013,4,14,2940,0.0,2940.0
186,2025-03-24,5452,1034,4,1,210,0.0,210.0
187,2025-01-15,5094,1017,2,2,840,84.0,756.0
188,2025-02-24,5148,2039,3,6,1920,0.0,1920.0
189,2025-01-24,5116,2028,1,19,9880,988.0,8892.0
190,2025-02-11,5400,2004,3,16,5120,512.0,4608.0
191,2025-04-21,5319,1001,3,23,7360,0.0,7360.0
192,2025-03-04,5132,1050,3,25,8000,0.0,8000.0
193,2025-04-29,5380,1048,1,9,4680,234.0,4446.0
194,2025-01-26,5377,2001,4,1,210,0.0,210.0
195,2025-04-19,5184,2017,1,11,5720,0.0,5720.0
196,2025-05-01,5329,1019,4,2,420,0.0,420.0
197,2025-04-19,5239,2039,2,14,5880,588.0,5292.0
198,2025-03-03,5160,1058,4,21,4410,0.0,4410.0
199,2025-04-28,5413,2001,1,6,3120,312.0,2808.0
200,2025-06-11,5167,2026,4,9,1890,0.0,1890.0
201,2025-06-21,5393,1023,4,3,630,0.0,630.0
202,2025-01-24,5275,2024,3,20,6400,0.0,6400.0
203,2025-01-10,5041,2029,2,13,5460,0.0,5460.0
204,2025-03-02,5284,2001,4,12,2520,0.0,2520.0
205,2025-06-13,5092,2015,3,2,640,64.0,576.0
206,2025-04-05,5275,2029,3,4,1280,128.0,1152.0
207,2025-04-07,5443,1053,1,17,8840,0.0,8840.0
208,2025-01-24,5423,2040,4,14,2940,0.0,2940.0
209,2025-05-20,5394,1007,4,16,3360,0.0,3360.0
210,2025-02-10,5052,1060,3,18,5760,288.0,5472.0
211,2025-04-17,5349,1059,3,16,5120,512.0,4608.0
212,2025-06-11,5315,2030,1,15,7800,390.0,7410.0
213,2025-01-23,5381,1039,1,14,7280,0.0,7280.0
214,2025-01-28,5272,1039,2,3,1260,0.0,1260.0
215,2025-01-13,5122,2008,3,14,4480,224.0,4256.0
216,2025-04-26,5409,1010,3,8,2560,0.0,2560.0
217,2025-01-01,5314,2014,3,11,3520,0.0,3520.0
218,2025-06-02,5247,2026,3,9,2880,0.0,2880.0
219,2025-06-29,5189,2008,2,24,10080,1008.0,9072.0
220,2025-04-27,5207,1012,4,24,5040,0.0,5040.0
221,2025-02-13,5361,2021,2,8,3360,168.0,3192.0
222,2025-06-13,5477,2026,4,1,210,21.0,189.0
223,2025-02-28,5075,1029,1,9,4680,0.0,4680.0
224,2025-06-29,5165,2008,2,9,3780,0.0,3780.0
225,2025-05-26,5465,2013,1,13,6760,676.0,6084.0
226,2025-01-31,5432,1030,2,7,2940,0.0,2940.0
227,2025-05-27,5102,1037,4,11,2310,0.0,2310.0
228,2025-06-21,5341,2013,1,23,11960,598.0,11362.0
229,2025-02-26,5365,1031,2,16,6720,672.0,6048.0
230,2025-04-26,5232,2007,2,17,7140,0.0,7140.0
231,2025-06-11,5414,2004,1,14,7280,728.0,6552.0
232,2025-05-22,5442,1026,3,1,320,0.0,320.0
233,2025-06-20,5233,2040,3,16,5120,0.0,5120.0
234,2025-04-04,5353,1039,4,18,3780,0.0,3780.0
235,2025-04-18,5398,1052,2,10,4200,0.0,4200.0
236,2025-06-21,5388,1034,3,11,3520,352.0,3168.0
237,2025-02-28,5488,1014,1,24,12480,0.0,12480.0
238,2025-05-08,5127,2032,4,17,3570,178.5,3391.5
239,2025-01-16,5104,1016,1,12,6240,0.0,6240.0
240,2025-06-17,5093,2024,4,11,2310,0.0,2310.0
241,2025-03-09,5248,1010,1,1,520,52.0,468.0
242,2025-01-17,5426,1048,3,13,4160,0.0,4160.0
243,2025-05-17,5038,2019,4,5,1050,0.0,1050.0
244,2025-06-12,5035,1053,2,8,3360,0.0,3360.0
245,2025-03-23,5199,1053,4,18,3780,0.0,3780.0
246,2025-03-28,5277,1047,2,20,8400,0.0,8400.0
247,2025-03-11,5196,1024,1,23,11960,598.0,11362.0
248,2025-04-12,5417,1040,4,6,1260,126.0,1134.0
249,2025-02-06,5327,1022,4,13,2730,0.0,2730.0
250,2025-04-03,5023,1027,1,11,5720,286.0,5434.0
251,2025-02-12,5191,2011,2,7,2940,0.0,2940.0
252,2025-02-27,5434,1004,3,3,960,48.0,912.0
253,2025-02-15,5234,1024,4,10,2100,105.0,1995.0
254,2025-05-18,5449,1041,1,5,2600,260.0,2340.0
255,2025-05-14,5059,1017,1,13,6760,0.0,6760.0
256,2025-05-06,5199,1038,3,21,6720,0.0,6720.0
257,2025-03-06,5288,1053,4,8,1680,0.0,1680.0
258,2025-05-08,5263,1054,4,12,2520,126.0,2394.0
259,2025-02-03,5313,1016,1,17,8840,0.0,8840.0
260,2025-02-28,5479,1057,2,11,4620,462.0,4158.0
261,2025-02-08,5415,1021,4,9,1890,189.0,1701.0
262,2025-05-17,5216,1035,1,7,3640,0.0,3640.0
263,2025-03-14,5302,2001,1,10,5200,0.0,5200.0
264,2025-01-05,5110,1028,3,11,3520,0.0,3520.0
265,2025-03-09,5439,1010,3,12,3840,384.0,3456.0
266,2025-06-01,5097,1047,2,8,3360,0.0,3360.0
267,2025-04-01,5412,2035,4,9,1890,94.5,1795.5
268,2025-04-17,5370,1050,2,18,7560,0.0,7560.0
269,2025-05-27,5026,1042,4,18,3780,0.0,3780.0
270,2025-03-27,5127,2003,3,5,1600,0.0,1600.0
271,2025-05-12,5039,1036,1,7,3640,364.0,3276.0
272,2025-04-18,5158,2039,2,22,9240,0.0,9240.0
273,2025-01-15,5129,1029,3,16,5120,0.0,5120.0
274,2025-02-17,5186,1014,4,25,5250,0.0,5250.0
275,2025-06-13,5088,1023,4,18,3780,0.0,3780.0
276,2025-03-14,5289,2001,1,23,11960,0.0,11960.0
277,2025-02-20,5480,2016,1,22,11440,0.0,11440.0
278,2025-03-23,5191,2009,4,24,5040,504.0,4536.0
279,2025-02-28,5327,1012,4,24,5040,0.0,5040.0
280,2025-04-10,5180,2038,4,9,1890,94.5,1795.5
281,2025-03-07,5341,2012,2,8,3360,0.0,3360.0
282,2025-05-22,5053,2038,3,14,4480,0.0,4480.0
283,2025-06-18,5282,1030,2,22,9240,0.0,9240.0
284,2025-01-01,5009,2021,4,16,3360,0.0,3360.0
285,2025-03-03,5032,2030,3,7,2240,112.0,2128.0
286,2025-04-14,5497,2025,2,9,3780,0.0,3780.0
287,2025-03-15,5349,1017,2,2,840,0.0,840.0
288,2025-05-14,5456,2017,1,19,9880,0.0,9880.0
289,2025-06-28,5219,1003,4,14,2940,0.0,2940.0
290,2025-03-22,5005,1012,2,17,7140,357.0,6783.0
291,2025-06-04,5373,1032,2,19,7980,798.0,7182.0
292,2025-02-25,5296,2040,3,2,640,64.0,576.0
293,2025-06-15,5380,2032,4,3,630,31.5,598.5
294,2025-02-03,5246,2035,2,25,10500,0.0,10500.0
295,2025-05-30,5346,1008,4,8,1680,0.0,1680.0
296,2025-02-13,5139,1040,3,5,1600,0.0,1600.0
297,2025-05-04,5001,1004,1,1,520,0.0,520.0
298,2025-06-20,5323,1016,4,8,1680,0.0,1680.0
299,2025-01-22,5449,1026,1,10,5200,0.0,5200.0
300,2025-04-13,5364,1007,3,20,6400,0.0,6400.0
301,2025-02-03,5015,1016,3,5,1600,160.0,1440.0
302,2025-02-26,5237,2026,2,5,2100,105.0,1995.0
303,2025-05-04,5162,1059,4,24,5040,252.0,4788.0
304,2025-06-16,5007,1020,3,12,3840,384.0,3456.0
305,2025-04-18,5074,1038,3,25,8000,0.0,8000.0
306,2025-01-23,5183,1043,1,12,6240,0.0,6240.0
307,2025-04-22,5434,1012,1,5,2600,0.0,2600.0
308,2025-06-18,5215,1027,1,5,2600,260.0,2340.0
309,2025-02-20,5103,2003,4,24,5040,0.0,5040.0
310,2025-06-27,5332,2011,2,6,2520,252.0,2268.0
311,2025-05-14,5399,1011,4,24,5040,504.0,4536.0
312,2025-04-28,5228,1051,2,9,3780,0.0,3780.0
313,2025-03-25,5416,2024,4,6,1260,63.0,1197.0
314,2025-04-22,5394,2020,3,24,7680,0.0,7680.0
315,2025-05-16,5345,2030,1,11,5720,0.0,5720.0
316,2025-04-07,5120,1016,3,15,4800,240.0,4560.0
317,2025-06-25,5361,1059,1,1,520,52.0,468.0
318,2025-04-17,5460,2030,3,5,1600,0.0,1600.0
319,2025-04-24,5237,1002,2,24,10080,0.0,10080.0
320,2025-06-03,5325,1020,3,18,5760,0.0,5760.0
321,2025-06-17,5295,1003,1,13,6760,0.0,6760.0
322,2025-01-20,5059,1043,4,25,5250,525.0,4725.0
323,2025-01-03,5428,2025,4,10,2100,0.0,2100.0
324,2025-03-14,5215,1003,2,8,3360,0.0,3360.0
325,2025-03-16,5367,1022,4,1,210,21.0,189.0
326,2025-05-21,5445,1002,4,15,3150,0.0,3150.0
327,2025-03-31,5310,2006,2,1,420,0.0,420.0
328,2025-06-08,5238,1039,3,15,4800,480.0,4320.0
329,2025-05-07,5155,2021,3,1,320,16.0,304.0
330,2025-04-15,5409,1013,1,15,7800,0.0,7800.0
331,2025-03-10,5347,2020,3,15,4800,0.0,4800.0
332,2025-06-15,5019,1056,3,16,5120,0.0,5120.0
333,2025-02-05,5046,1015,4,10,2100,210.0,1890.0
334,2025-02-23,5155,2007,4,2,420,0.0,420.0
335,2025-05-14,5466,2025,2,25,10500,0.0,10500.0
336,2025-05-27,5305,1012,3,23,7360,736.0,6624.0
337,2025-06-11,5240,2002,2,15,6300,630.0,5670.0
338,2025-02-23,5030,2006,1,11,5720,286.0,5434.0
339,2025-03-01,5303,2013,3,12,3840,0.0,3840.0
340,2025-01-26,5202,1013,4,24,5040,504.0,4536.0
341,2025-02-13,5007,1048,1,5,2600,0.0,2600.0
342,2025-02-02,5195,2011,3,16,5120,512.0,4608.0
343,2025-04-04,5149,1016,2,23,9660,0.0,9660.0
344,2025-02-27,5211,2011,1,8,4160,0.0,4160.0
345,2025-03-13,5309,2034,4,20,4200,0.0,4200.0
346,2025-04-24,5163,2010,2,13,5460,273.0,5187.0
347,2025-06-17,5138,1014,3,18,5760,0.0,5760.0
348,2025-01-31,5433,1047,3,11,3520,0.0,3520.0
349,2025-04-07,5056,1028,4,8,1680,168.0,1512.0
350,2025-04-29,5166,1018,1,16,8320,0.0,8320.0
351,2025-05-20,5449,1029,3,16,5120,0.0,5120.0
352,2025-03-12,5151,1032,4,13,2730,0.0,2730.0
353,2025-03-19,5076,1042,3,8,2560,0.0,2560.0
354,2025-06-09,5352,1059,1,12,6240,624.0,5616.0
355,2025-06-04,5057,1038,1,9,4680,234.0,4446.0
356,2025-03-06,5457,1024,4,12,2520,126.0,2394.0
357,2025-01-12,5418,1060,1,6,3120,312.0,2808.0
358,2025-02-28,5133,1047,3,21,6720,672.0,6048.0
359,2025-03-31,5081,1008,1,14,7280,0.0,7280.0
360,2025-04-02,5045,2006,1,4,2080,208.0,1872.0
361,2025-05-23,5077,2020,2,7,2940,0.0,2940.0
362,2025-03-31,5332,2031,3,17,5440,0.0,5440.0
363,2025-01-17,5332,1049,3,17,5440,0.0,5440.0
364,2025-01-14,5497,1011,3,12,3840,192.0,3648.0
365,2025-03-03,5328,1029,4,7,1470,0.0,1470.0
366,2025-03-29,5226,2026,2,18,7560,378.0,7182.0
367,2025-01-21,5233,1012,2,10,4200,0.0,4200.0
368,2025-01-21,5437,1005,4,16,3360,0.0,3360.0
369,2025-06-19,5292,1051,1,15,7800,0.0,7800.0
370,2025-06-24,5037,1019,3,10,3200,320.0,2880.0
371,2025-04-22,5393,1010,1,12,6240,624.0,5616.0
372,2025-03-09,5247,1032,2,7,2940,147.0,2793.0
373,2025-02-02,5302,1047,1,23,11960,0.0,11960.0
374,2025-05-10,5156,2017,3,5,1600,160.0,1440.0
375,2025-06-16,5294,1010,4,21,4410,220.5,4189.5
376,2025-03-30,5348,2039,3,1,320,0.0,320.0
377,2025-03-30,5277,1015,2,19,7980,399.0,7581.0
378,2025-06-21,5417,1027,4,8,1680,84.0,1596.0
379,2025-04-05,5184,2027,2,15,6300,0.0,6300.0
380,2025-04-22,5340,1013,4,6,1260,0.0,1260.0
381,2025-06-21,5308,1018,2,25,10500,1050.0,9450.0
382,2025-03-28,5324,2008,4,4,840,0.0,840.0
383,2025-06-01,5079,2008,2,25,10500,0.0,10500.0
384,2025-04-11,5158,1058,2,19,7980,0.0,7980.0
385,2025-03-14,5133,2009,4,18,3780,0.0,3780.0
386,2025-05-20,5072,1042,1,19,9880,988.0,8892.0
387,2025-04-02,5169,1041,3,7,2240,0.0,2240.0
388,2025-05-01,5181,2007,3,17,5440,0.0,5440.0
389,2025-04-23,5126,2018,4,8,1680,0.0,1680.0
390,2025-05-26,5334,2020,1,15,7800,390.0,7410.0
391,2025-06-05,5049,1001,2,21,8820,441.0,8379.0
392,2025-02-10,5168,1029,1,24,12480,0.0,12480.0
393,2025-04-09,5266,1025,3,21,6720,0.0,6720.0
394,2025-01-10,5006,2005,4,7,1470,0.0,1470.0
395,2025-03-07,5436,2025,4,2,420,42.0,378.0
396,2025-06-25,5498,1009,3,25,8000,800.0,7200.0
397,2025-06-25,5383,1053,3,20,6400,0.0,6400.0
398,2025-01-19,5136,2023,2,13,5460,546.0,4914.0
399,2025-05-16,5380,1020,2,8,3360,0.0,3360.0
400,2025-06-07,5369,1028,1,22,11440,0.0,11440.0
401,2025-05-11,5286,1003,1,22,11440,1144.0,10296.0
402,2025-05-29,5169,2009,4,15,3150,0.0,3150.0
403,2025-04-27,5249,2005,4,9,1890,94.5,1795.5
404,2025-05-04,5056,1010,1,3,1560,0.0,1560.0
405,2025-04-06,5185,1034,3,5,1600,160.0,1440.0
406,2025-02-26,5062,1005,3,22,7040,0.0,7040.0
407,2025-01-24,5477,2009,2,6,2520,0.0,2520.0
408,2025-04-09,5029,2024,2,18,7560,0.0,7560.0
409,2025-04-26,5248,1029,1,22,11440,1144.0,10296.0
410,2025-05-12,5005,2012,1,11,5720,572.0,5148.0
411,2025-05-02,5357,1007,4,8,1680,0.0,1680.0
412,2025-05-27,5360,1049,3,25,8000,0.0,8000.0
413,2025-01-07,5310,1017,1,6,3120,156.0,2964.0
414,2025-05-15,5396,2031,2,11,4620,0.0,4620.0
415,2025-03-15,5030,1029,1,17,8840,884.0,7956.0
416,2025-03-01,5425,1013,1,20,10400,0.0,10400.0
417,2025-04-08,5355,1059,2,5,2100,0.0,2100.0
418,2025-01-28,5262,2020,2,10,4200,420.0,3780.0
419,2025-06-29,5295,1045,4,11,2310,0.0,2310.0
420,2025-05-08,5187,1029,2,7,2940,147.0,2793.0
421,2025-02-26,5367,1003,1,9,4680,0.0,4680.0
422,2025-06-29,5263,2011,4,24,5040,0.0,5040.0
423,2025-03-21,5402,1034,1,21,10920,546.0,10374.0
424,2025-02-07,5418,1050,1,13,6760,338.0,6422.0
425,2025-01-19,5080,1037,1,20,10400,0.0,10400.0
426,2025-06-25,5343,2017,1,19,9880,0.0,9880.0
427,2025-02-26,5442,1015,2,24,10080,0.0,10080.0
428,2025-06-19,5209,2023,3,20,6400,640.0,5760.0
429,2025-05-17,5178,1056,1,22,11440,0.0,11440.0
430,2025-05-05,5126,1023,1,18,9360,0.0,9360.0
431,2025-03-23,5165,2040,3,16,5120,0.0,5120.0
432,2025-02-23,5210,1007,2,24,10080,0.0,10080.0
433,2025-01-23,5174,2035,3,18,5760,288.0,5472.0
434,2025-05-02,5381,2014,1,1,520,52.0,468.0
435,2025-02-22,5054,2022,3,13,4160,0.0,4160.0
436,2025-02-02,5371,2027,3,7,2240,224.0,2016.0
437,2025-06-18,5369,2021,2,13,5460,0.0,5460.0
438,2025-05-20,5046,1033,1,4,2080,104.0,1976.0
439,2025-03-31,5415,1048,4,18,3780,0.0,3780.0
440,2025-03-06,5444,1020,3,3,960,0.0,960.0
441,2025-01-26,5027,1031,2,17,7140,0.0,7140.0
442,2025-06-03,5339,2003,1,16,8320,0.0,8320.0
443,2025-04-29,5300,1035,3,1,320,32.0,288.0
444,2025-01-04,5470,2026,1,13,6760,0.0,6760.0
445,2025-01-24,5269,1006,3,4,1280,0.0,1280.0
446,2025-01-09,5444,1023,2,25,10500,0.0,10500.0
447,2025-06-23,5395,1022,4,3,630,31.5,598.5
448,2025-05-20,5420,1006,1,7,3640,0.0,3640.0
449,2025-01-24,5060,1031,3,21,6720,0.0,6720.0
450,2025-06-22,5416,1043,2,25,10500,0.0,10500.0
451,2025-02-26,5356,1024,4,4,840,84.0,756.0
452,2025-03-13,5392,1006,3,6,1920,0.0,1920.0
453,2025-01-13,5221,2019,3,4,1280,0.0,1280.0
454,2025-02-24,5047,1001,3,4,1280,64.0,1216.0
455,2025-01-07,5469,1034,3,22,7040,704.0,6336.0
456,2025-06-29,5288,2030,2,15,6300,315.0,5985.0
457,2025-01-08,5339,1020,3,3,960,48.0,912.0
458,2025-06-14,5226,1049,1,10,5200,520.0,4680.0
459,2025-04-06,5482,1027,3,22,7040,704.0,6336.0
460,2025-04-07,5152,1057,2,23,9660,483.0,9177.0
461,2025-04-08,5059,1041,3,6,1920,0.0,1920.0
462,2025-01-14,5445,1025,2,19,7980,0.0,7980.0
463,2025-05-21,5270,1047,1,20,10400,0.0,10400.0
464,2025-06-23,5245,2026,2,25,10500,1050.0,9450.0
465,2025-01-27,5243,1006,3,18,5760,0.0,5760.0
466,2025-03-10,5475,2004,3,24,7680,0.0,7680.0
467,2025-03-15,5241,2030,4,9,1890,0.0,1890.0
468,2025-06-03,5204,1042,3,20,6400,0.0,6400.0
469,2025-06-27,5142,2036,1,14,7280,0.0,7280.0
470,2025-04-18,5184,1013,2,14,5880,294.0,5586.0
471,2025-05-05,5400,2023,4,11,2310,0.0,2310.0
472,2025-06-28,5440,2038,2,2,840,0.0,840.0
473,2025-05-23,5185,2012,3,10,3200,0.0,3200.0
474,2025-01-20,5120,2018,4,10,2100,210.0,1890.0
475,2025-02-24,5474,1029,3,19,6080,0.0,6080.0
476,2025-03-18,5105,2022,3,13,4160,0.0,4160.0
477,2025-04-13,5240,1013,2,15,6300,0.0,6300.0
478,2025-01-23,5246,1008,1,12,6240,0.0,6240.0
479,2025-04-19,5259,2031,1,9,4680,468.0,4212.0
480,2025-02-01,5087,2001,1,16,8320,832.0,7488.0
481,2025-06-25,5462,1048,1,7,3640,182.0,3458.0
482,2025-03-08,5196,1043,4,3,630,0.0,630.0
483,2025-02-01,5178,1019,1,20,10400,0.0,10400.0
484,2025-03-06,5122,2016,4,15,3150,157.5,2992.5
485,2025-06-24,5241,2016,3,15,4800,0.0,4800.0
486,2025-03-21,5348,2005,4,23,4830,0.0,4830.0
487,2025-02-09,5303,2031,3,22,7040,0.0,7040.0
488,2025-06-10,5339,1044,4,14,2940,294.0,2646.0
489,2025-04-25,5042,2035,4,12,2520,0.0,2520.0
490,2025-04-15,5249,1025,3,19,6080,0.0,6080.0
491,2025-03-23,5124,2025,2,21,8820,441.0,8379.0
492,2025-02-26,5014,1002,1,20,10400,0.0,10400.0
493,2025-04-26,5368,2035,1,22,11440,0.0,11440.0
494,2025-01-09,5240,1004,4,13,2730,136.5,2593.5
495,2025-01-24,5029,1032,1,15,7800,0.0,7800.0
496,2025-05-28,5193,1014,4,7,1470,0.0,1470.0
497,2025-05-24,5225,2028,1,3,1560,78.0,1482.0
498,2025-04-20,5028,2016,4,5,1050,52.5,997.5
499,2025-03-13,5171,1010,3,1,320,0.0,320.0
500,2025-03-12,5365,1002,2,18,7560,378.0,7182.0
501,2025-05-09,5387,1050,3,13,4160,0.0,4160.0
502,2025-01-30,5410,2010,2,8,3360,0.0,3360.0
503,2025-03-02,5233,1056,1,9,4680,468.0,4212.0
504,2025-04-06,5098,2040,1,21,10920,0.0,10920.0
505,2025-04-21,5470,2002,1,21,10920,0.0,10920.0
506,2025-05-26,5477,1035,3,8,2560,0.0,2560.0
507,2025-04-15,5303,2014,2,14,5880,0.0,5880.0
508,2025-01-21,5308,2021,3,11,3520,0.0,3520.0
509,2025-06-08,5203,1011,1,1,520,0.0,520.0
510,2025-01-08,5203,2016,1,3,1560,0.0,1560.0
511,2025-02-04,5253,1027,1,18,9360,0.0,9360.0
512,2025-01-24,5399,2006,1,5,2600,0.0,2600.0
513,2025-06-23,5499,2029,3,10,3200,0.0,3200.0
514,2025-06-28,5191,2036,3,14,4480,0.0,4480.0
515,2025-04-07,5373,1033,2,11,4620,0.0,4620.0
516,2025-02-05,5340,1055,1,23,11960,0.0,11960.0
517,2025-03-15,5320,2018,1,22,11440,1144.0,10296.0
518,2025-02-08,5456,1048,2,8,3360,168.0,3192.0
519,2025-05-12,5179,1037,2,3,1260,126.0,1134.0
520,2025-05-30,5087,2024,2,13,5460,0.0,5460.0
521,2025-01-06,5367,1015,3,13,4160,0.0,4160.0
522,2025-04-20,5186,1059,4,20,4200,0.0,4200.0
523,2025-05-13,5038,2004,4,15,3150,0.0,3150.0
524,2025-05-07,5269,1045,3,19,6080,0.0,6080.0
525,2025-05-15,5170,1043,2,6,2520,0.0,2520.0
526,2025-04-09,5286,2027,1,14,7280,0.0,7280.0
527,2025-05-22,5207,1060,4,21,4410,220.5,4189.5
528,2025-04-11,5114,2007,1,6,3120,0.0,3120.0
529,2025-01-10,5299,1037,1,25,13000,0.0,13000.0
530,2025-01-25,5111,1015,2,9,3780,378.0,3402.0
531,2025-02-04,5434,2036,1,1,520,52.0,468.0
532,2025-06-24,5355,1036,3,7,2240,0.0,2240.0
533,2025-01-14,5263,1044,4,25,5250,0.0,5250.0
534,2025-05-03,5232,1007,4,14,2940,0.0,2940.0
535,2025-06-08,5153,2029,2,17,7140,0.0,7140.0
536,2025-05-24,5164,2017,2,12,5040,0.0,5040.0
537,2025-06-28,5203,1053,1,13,6760,0.0,6760.0
538,2025-03-30,5483,1041,1,15,7800,0.0,7800.0
539,2025-06-18,5055,1005,1,3,1560,0.0,1560.0
540,2025-01-06,5350,2028,2,10,4200,210.0,3990.0
541,2025-01-24,5013,2011,4,16,3360,336.0,3024.0
542,2025-01-21,5373,2036,2,10,4200,0.0,4200.0
543,2025-05-30,5317,1050,3,4,1280,64.0,1216.0
544,2025-05-16,5412,1030,2,4,1680,84.0,1596.0
545,2025-02-25,5267,1034,3,8,2560,256.0,2304.0
546,2025-03-27,5219,2015,3,16,5120,256.0,4864.0
547,2025-03-08,5313,1043,2,22,9240,924.0,8316.0
548,2025-03-08,5309,1056,1,4,2080,0.0,2080.0
549,2025-03-01,5095,1036,1,17,8840,0.0,8840.0
550,2025-05-01,5342,1057,4,19,3990,399.0,3591.0
551,2025-03-13,5287,1050,2,24,10080,0.0,10080.0
552,2025-02-25,5419,1011,4,16,3360,0.0,3360.0
553,2025-05-03,5471,2028,1,18,9360,936.0,8424.0
554,2025-06-13,5321,1055,2,4,1680,84.0,1596.0
555,2025-01-24,5176,2015,2,20,8400,840.0,7560.0
556,2025-06-10,5237,2014,4,17,3570,0.0,3570.0
557,2025-05-30,5481,2021,2,19,7980,798.0,7182.0
558,2025-04-24,5039,2026,2,11,4620,0.0,4620.0
559,2025-06-01,5473,1009,4,14,2940,294.0,2646.0
560,2025-03-26,5284,2007,4,13,2730,136.5,2593.5
561,2025-04-23,5363,1012,1,5,2600,0.0,2600.0
562,2025-04-14,5033,1020,2,25,10500,525.0,9975.0
563,2025-05-27,5293,2023,1,15,7800,0.0,7800.0
564,2025-05-05,5347,1032,2,17,7140,0.0,7140.0
565,2025-06-08,5441,2037,3,16,5120,512.0,4608.0
566,2025-05-18,5071,1028,2,13,5460,546.0,4914.0
567,2025-06-28,5095,1029,4,12,2520,0.0,2520.0
568,2025-02-24,5317,1004,4,24,5040,252.0,4788.0
569,2025-03-23,5112,1001,4,20,4200,420.0,3780.0
570,2025-04-15,5390,1030,3,10,3200,0.0,3200.0
571,2025-02-21,5405,1048,4,24,5040,0.0,5040.0
572,2025-04-03,5134,2022,2,10,4200,210.0,3990.0
573,2025-03-25,5046,1033,2,13,5460,0.0,5460.0
574,2025-01-28,5220,2026,2,13,5460,0.0,5460.0
575,2025-05-17,5365,1012,1,25,13000,0.0,13000.0
576,2025-05-09,5450,1045,1,23,11960,0.0,11960.0
577,2025-04-16,5201,1056,1,4,2080,208.0,1872.0
578,2025-06-28,5290,2036,3,1,320,0.0,320.0
579,2025-02-18,5368,1037,4,25,5250,0.0,5250.0
580,2025-03-09,5116,1039,2,20,8400,0.0,8400.0
581,2025-02-27,5349,2021,2,18,7560,0.0,7560.0
582,2025-04-16,5464,1026,1,23,11960,0.0,11960.0
583,2025-04-09,5487,2031,3,14,4480,224.0,4256.0
584,2025-02-05,5385,1053,3,12,3840,192.0,3648.0
585,2025-03-06,5193,2026,3,3,960,0.0,960.0
586,2025-05-23,5498,1038,4,15,3150,157.5,2992.5
587,2025-01-15,5035,1023,2,4,1680,0.0,1680.0
588,2025-01-07,5437,1014,2,16,6720,0.0,6720.0
589,2025-01-20,5456,1021,1,18,9360,0.0,9360.0
590,2025-02-19,5384,1051,2,5,2100,0.0,2100.0
591,2025-04-11,5349,1050,4,3,630,0.0,630.0
592,2025-06-28,5046,2023,3,5,1600,0.0,1600.0
593,2025-02-16,5008,1043,1,18,9360,468.0,8892.0
594,2025-05-19,5223,2020,3,18,5760,0.0,5760.0
595,2025-06-22,5141,1017,1,7,3640,182.0,3458.0
596,2025-05-12,5130,2035,2,18,7560,0.0,7560.0
597,2025-04-18,5025,2029,1,24,12480,0.0,12480.0
598,2025-03-22,5242,1035,1,7,3640,182.0,3458.0
599,2025-05-22,5388,2034,4,6,1260,0.0,1260.0
600,2025-05-22,5087,2030,1,14,7280,728.0,6552.0
601,2025-04-13,5111,2022,1,14,7280,0.0,7280.0
602,2025-05-21,5288,1043,3,19,6080,608.0,5472.0
603,2025-04-22,5349,1014,1,18,9360,0.0,9360.0
604,2025-01-25,5390,2028,2,15,6300,630.0,5670.0
605,2025-03-11,5196,1007,4,17,3570,357.0,3213.0
606,2025-02-14,5195,1045,1,19,9880,0.0,9880.0
607,2025-04-16,5174,1045,2,10,4200,210.0,3990.0
608,2025-02-05,5420,2031,1,12,6240,0.0,6240.0
609,2025-06-27,5049,1045,4,16,3360,0.0,3360.0
610,2025-05-18,5208,1001,1,13,6760,0.0,6760.0
611,2025-06-09,5165,2024,1,6,3120,0.0,3120.0
612,2025-06-22,5056,1052,3,13,4160,208.0,3952.0
613,2025-01-27,5302,2018,4,22,4620,231.0,4389.0
614,2025-04-10,5311,1024,3,12,3840,0.0,3840.0
615,2025-06-28,5316,1018,1,3,1560,78.0,1482.0
616,2025-04-16,5319,1015,2,1,420,42.0,378.0
617,2025-06-18,5065,2040,3,19,6080,0.0,6080.0
618,2025-03-21,5400,2039,2,17,7140,0.0,7140.0
619,2025-01-04,5181,1006,4,2,420,42.0,378.0
620,2025-01-26,5193,2005,1,4,2080,0.0,2080.0
621,2025-04-15,5279,1055,4,14,2940,294.0,2646.0
622,2025-03-25,5247,1014,1,3,1560,156.0,1404.0
623,2025-02-27,5047,1010,1,14,7280,0.0,7280.0
624,2025-02-18,5330,1055,2,8,3360,336.0,3024.0
625,2025-04-12,5322,1042,2,24,10080,504.0,9576.0
626,2025-01-20,5367,1038,1,15,7800,0.0,7800.0
627,2025-01-13,5109,2021,4,8,1680,0.0,1680.0
628,2025-06-19,5253,2021,4,11,2310,231.0,2079.0
629,2025-02-19,5046,2006,3,3,960,0.0,960.0
630,2025-06-20,5460,2003,2,20,8400,0.0,8400.0
631,2025-03-26,5216,1012,4,17,3570,0.0,3570.0
632,2025-06-16,5450,1045,1,22,11440,0.0,11440.0
633,2025-05-14,5021,1041,2,12,5040,0.0,5040.0
634,2025-02-19,5112,1018,1,12,6240,0.0,6240.0
635,2025-03-29,5484,2022,2,11,4620,0.0,4620.0
636,2025-02-11,5384,1010,3,23,7360,0.0,7360.0
637,2025-05-09,5457,1041,3,18,5760,288.0,5472.0
638,2025-04-23,5079,2002,3,8,2560,0.0,2560.0
639,2025-05-14,5247,1045,3,19,6080,0.0,6080.0
640,2025-04-07,5265,2034,4,22,4620,0.0,4620.0
641,2025-02-13,5030,1058,2,4,1680,0.0,1680.0
642,2025-02-23,5117,1054,2,14,5880,0.0,5880.0
643,2025-03-04,5412,1036,1,13,6760,0.0,6760.0
644,2025-06-02,5271,1005,2,14,5880,588.0,5292.0
645,2025-05-11,5309,2038,2,21,8820,441.0,8379.0
646,2025-04-11,5454,2006,4,12,2520,0.0,2520.0
647,2025-04-18,5151,2014,3,15,4800,0.0,4800.0
648,2025-04-20,5295,2028,1,13,6760,338.0,6422.0
649,2025-02-06,5462,1015,4,14,2940,294.0,2646.0
650,2025-02-22,5242,2014,1,17,8840,884.0,7956.0
651,2025-01-19,5449,1004,4,1,210,0.0,210.0
652,2025-01-31,5150,1037,3,2,640,64.0,576.0
653,2025-03-08,5071,1045,3,15,4800,0.0,4800.0
654,2025-05-07,5470,1019,1,14,7280,364.0,6916.0
655,2025-05-27,5194,2004,4,22,4620,0.0,4620.0
656,2025-06-20,5079,1016,3,1,320,0.0,320.0
657,2025-04-09,5420,1035,2,9,3780,0.0,3780.0
658,2025-05-22,5224,1016,4,21,4410,220.5,4189.5
659,2025-06-25,5431,1035,3,17,5440,272.0,5168.0
660,2025-05-01,5361,1031,3,1,320,0.0,320.0
661,2025-05-11,5480,1022,1,24,12480,0.0,12480.0
662,2025-03-30,5365,2030,3,17,5440,0.0,5440.0
663,2025-01-18,5497,2009,3,9,2880,0.0,2880.0
664,2025-05-16,5063,2011,3,15,4800,0.0,4800.0
665,2025-01-04,5058,1051,1,20,10400,0.0,10400.0
666,2025-03-06,5083,2004,1,23,11960,598.0,11362.0
667,2025-06-21,5369,1026,2,20,8400,0.0,8400.0
668,2025-04-01,5208,2003,4,20,4200,0.0,4200.0
669,2025-02-18,5052,1017,1,1,520,52.0,468.0
670,2025-03-21,5345,1006,3,5,1600,0.0,1600.0
671,2025-01-07,5477,2022,1,25,13000,0.0,13000.0
672,2025-05-28,5172,2005,3,21,6720,0.0,6720.0
673,2025-01-29,5129,1034,2,14,5880,294.0,5586.0
674,2025-02-07,5439,1023,2,25,10500,525.0,9975.0
675,2025-04-22,5438,2029,3,1,320,16.0,304.0
676,2025-06-04,5046,1020,2,14,5880,0.0,5880.0
677,2025-03-10,5216,1007,3,12,3840,192.0,3648.0
678,2025-02-22,5279,1035,3,17,5440,0.0,5440.0
679,2025-01-13,5270,1010,1,2,1040,104.0,936.0
680,2025-02-18,5122,1037,4,1,210,0.0,210.0
681,2025-06-15,5347,1053,4,10,2100,0.0,2100.0
682,2025-02-20,5228,2019,4,16,3360,0.0,3360.0
683,2025-03-20,5416,2040,4,25,5250,525.0,4725.0
684,2025-05-30,5222,2036,1,16,8320,416.0,7904.0
685,2025-03-01,5235,1013,3,4,1280,0.0,1280.0
686,2025-02-21,5139,2005,1,5,2600,0.0,2600.0
687,2025-04-09,5273,2012,2,12,5040,0.0,5040.0
688,2025-04-07,5254,1013,1,23,11960,0.0,11960.0
689,2025-01-06,5194,2034,4,25,5250,0.0,5250.0
690,2025-02-16,5049,2035,4,23,4830,0.0,4830.0
691,2025-06-06,5261,2016,2,10,4200,0.0,4200.0
692,2025-03-29,5445,1044,4,14,2940,0.0,2940.0
693,2025-06-27,5430,2002,3,25,8000,0.0,8000.0
694,2025-05-20,5190,1054,3,13,4160,0.0,4160.0
695,2025-06-08,5189,2026,4,20,4200,210.0,3990.0
696,2025-02-26,5206,1031,1,18,9360,468.0,8892.0
697,2025-04-11,5231,2023,2,24,10080,504.0,9576.0
698,2025-03-21,5459,1048,1,3,1560,78.0,1482.0
699,2025-06-16,5259,1047,2,22,9240,0.0,9240.0
700,2025-04-26,5486,1045,3,18,5760,288.0,5472.0
701,2025-01-30,5193,2021,1,2,1040,0.0,1040.0
702,2025-04-06,5492,1048,2,16,6720,672.0,6048.0
703,2025-04-03,5016,1047,2,6,2520,0.0,2520.0
704,2025-01-19,5220,2010,4,21,4410,220.5,4189.5
705,2025-03-27,5442,1049,2,24,10080,0.0,10080.0
706,2025-03-16,5447,1037,3,25,8000,0.0,8000.0
707,2025-05-07,5213,1008,1,5,2600,130.0,2470.0
708,2025-03-27,5423,1047,1,18,9360,0.0,9360.0
709,2025-05-23,5198,1021,4,2,420,0.0,420.0
710,2025-03-31,5204,2011,2,3,1260,0.0,1260.0
711,2025-02-15,5382,1031,1,7,3640,364.0,3276.0
712,2025-06-06,5425,2004,1,11,5720,0.0,5720.0
713,2025-01-05,5264,1007,2,13,5460,273.0,5187.0
714,2025-03-19,5335,2038,1,4,2080,0.0,2080.0
715,2025-01-23,5121,1054,4,19,3990,399.0,3591.0
716,2025-01-18,5439,2018,3,5,1600,0.0,1600.0
717,2025-04-27,5303,1036,3,8,2560,256.0,2304.0
718,2025-02-08,5135,1058,4,24,5040,0.0,5040.0
719,2025-02-05,5168,1058,2,20,8400,420.0,7980.0
720,2025-03-24,5115,1040,4,4,840,0.0,840.0
721,2025-04-01,5202,2021,1,3,1560,0.0,1560.0
722,2025-01-08,5027,1018,1,7,3640,0.0,3640.0
723,2025-02-19,5145,2012,3,23,7360,368.0,6992.0
724,2025-04-14,5408,1029,4,22,4620,231.0,4389.0
725,2025-06-07,5454,2012,4,15,3150,0.0,3150.0
726,2025-02-27,5413,1009,4,18,3780,0.0,3780.0
727,2025-04-21,5260,1021,3,12,3840,0.0,3840.0
728,2025-02-26,5213,1039,2,1,420,0.0,420.0
729,2025-05-14,5388,1027,1,11,5720,0.0,5720.0
730,2025-05-13,5340,1014,4,20,4200,420.0,3780.0
731,2025-04-02,5172,1039,4,19,3990,0.0,3990.0
732,2025-03-14,5372,1035,3,18,5760,0.0,5760.0
733,2025-01-08,5225,2014,2,13,5460,546.0,4914.0
734,2025-05-27,5203,1004,3,2,640,32.0,608.0
735,2025-02-01,5099,1034,1,7,3640,182.0,3458.0
736,2025-06-29,5160,2028,1,20,10400,0.0,10400.0
737,2025-01-11,5500,2037,1,6,3120,312.0,2808.0
738,2025-01-26,5292,1011,2,20,8400,0.0,8400.0
739,2025-01-30,5107,2010,3,18,5760,288.0,5472.0
740,2025-04-27,5230,2027,2,12,5040,0.0,5040.0
741,2025-05-20,5078,1002,2,11,4620,0.0,4620.0
742,2025-03-30,5037,1002,1,19,9880,0.0,9880.0
743,2025-06-19,5498,2006,1,19,9880,988.0,8892.0
744,2025-06-09,5310,1048,1,12,6240,312.0,5928.0
745,2025-04-24,5052,2040,2,19,7980,0.0,7980.0
746,2025-05-06,5442,1017,3,7,2240,112.0,2128.0
747,2025-06-26,5452,1028,4,10,2100,105.0,1995.0
748,2025-04-19,5322,1025,2,17,7140,0.0,7140.0
749,2025-01-09,5084,1014,2,5,2100,105.0,1995.0
750,2025-04-23,5255,2027,1,13,6760,338.0,6422.0
751,2025-04-13,5220,1059,1,1,520,26.0,494.0
752,2025-02-26,5227,1030,3,8,2560,0.0,2560.0
753,2025-01-08,5025,2040,1,22,11440,0.0,11440.0
754,2025-05-16,5135,1018,1,4,2080,104.0,1976.0
755,2025-03-29,5236,1024,1,20,10400,0.0,10400.0
756,2025-05-24,5066,1019,3,3,960,0.0,960.0
757,2025-01-29,5464,1054,4,24,5040,0.0,5040.0
758,2025-05-16,5239,1040,3,9,2880,0.0,2880.0
759,2025-06-05,5061,1005,2,21,8820,441.0,8379.0
760,2025-01-15,5369,2028,4,9,1890,0.0,1890.0
761,2025-05-23,5370,1017,1,12,6240,312.0,5928.0
762,2025-05-05,5180,1002,1,14,7280,0.0,7280.0
763,2025-01-10,5382,1019,1,17,8840,0.0,8840.0
764,2025-05-04,5239,1003,2,19,7980,0.0,7980.0
765,2025-01-28,5384,1046,3,22,7040,0.0,7040.0
766,2025-03-21,5149,2015,3,8,2560,0.0,2560.0
767,2025-02-10,5410,1014,1,20,10400,0.0,10400.0
768,2025-02-02,5179,1025,4,16,3360,336.0,3024.0
769,2025-01-04,5243,2023,1,13,6760,0.0,6760.0
770,2025-06-26,5238,1010,1,11,5720,572.0,5148.0
771,2025-05-25,5436,1023,1,1,520,0.0,520.0
772,2025-06-20,5464,2032,2,23,9660,483.0,9177.0
773,2025-01-18,5229,2024,4,7,1470,73.5,1396.5
774,2025-05-06,5419,2030,4,14,2940,0.0,2940.0
775,2025-04-13,5259,1025,2,10,4200,420.0,3780.0
776,2025-03-20,5465,1046,1,9,4680,234.0,4446.0
777,2025-04-05,5437,1043,1,16,8320,0.0,8320.0
778,2025-06-06,5456,2006,3,6,1920,0.0,1920.0
779,2025-03-30,5196,2003,2,20,8400,0.0,8400.0
780,2025-05-26,5231,1008,4,23,4830,0.0,4830.0
781,2025-05-21,5410,1010,2,11,4620,462.0,4158.0
782,2025-02-04,5388,1052,2,3,1260,0.0,1260.0
783,2025-04-10,5123,1016,2,10,4200,0.0,4200.0
784,2025-06-27,5268,1043,1,22,11440,1144.0,10296.0
785,2025-03-20,5065,2039,2,8,3360,0.0,3360.0
786,2025-06-29,5199,1023,4,19,3990,0.0,3990.0
787,2025-06-18,5194,1023,2,4,1680,84.0,1596.0
788,2025-03-16,5340,1041,3,5,1600,0.0,1600.0
789,2025-04-11,5387,1044,2,24,10080,0.0,10080.0
790,2025-02-14,5406,1045,1,17,8840,0.0,8840.0
791,2025-02-13,5416,1020,4,21,4410,220.5,4189.5
792,2025-06-15,5474,1020,2,21,8820,882.0,7938.0
793,2025-03-03,5398,2033,1,22,11440,1144.0,10296.0
794,2025-06-08,5238,1014,1,4,2080,0.0,2080.0
795,2025-03-26,5021,1009,3,4,1280,64.0,1216.0
796,2025-02-08,5485,1056,2,17,7140,0.0,7140.0
797,2025-06-01,5352,2017,1,22,11440,572.0,10868.0
798,2025-02-05,5363,1054,1,20,10400,0.0,10400.0
799,2025-06-01,5025,1018,1,23,11960,598.0,11362.0
800,2025-02-12,5401,1014,3,21,6720,0.0,6720.0
801,2025-03-21,5271,1059,2,23,9660,0.0,9660.0
802,2025-05-24,5210,2007,3,25,8000,0.0,8000.0
803,2025-03-22,5168,2005,2,25,10500,0.0,10500.0
804,2025-05-25,5443,1049,3,14,4480,448.0,4032.0
805,2025-03-03,5183,2027,2,4,1680,0.0,1680.0
806,2025-02-01,5045,1021,1,18,9360,0.0,9360.0
807,2025-06-11,5197,1001,4,10,2100,210.0,1890.0
808,2025-03-14,5122,1007,2,20,8400,0.0,8400.0
809,2025-04-30,5359,1040,2,18,7560,0.0,7560.0
810,2025-02-18,5234,1037,1,23,11960,0.0,11960.0
811,2025-06-02,5145,1046,4,15,3150,0.0,3150.0
812,2025-03-31,5138,1027,2,22,9240,0.0,9240.0
813,2025-05-23,5085,2001,2,15,6300,0.0,6300.0
814,2025-04-14,5286,2011,2,3,1260,126.0,1134.0
815,2025-04-08,5281,1019,1,15,7800,780.0,7020.0
816,2025-04-08,5061,2010,4,11,2310,115.5,2194.5
817,2025-02-20,5432,1018,1,23,11960,0.0,11960.0
818,2025-04-02,5116,2001,4,6,1260,0.0,1260.0
819,2025-02-17,5309,1005,1,16,8320,0.0,8320.0
820,2025-05-07,5056,1022,2,19,7980,399.0,7581.0
821,2025-06-02,5201,2040,2,16,6720,0.0,6720.0
822,2025-03-12,5088,1033,3,16,5120,0.0,5120.0
823,2025-01-15,5446,2007,4,19,3990,0.0,3990.0
824,2025-01-31,5384,1052,2,2,840,0.0,840.0
825,2025-03-26,5249,2023,3,2,640,32.0,608.0
826,2025-03-02,5434,1003,1,19,9880,0.0,9880.0
827,2025-01-03,5481,2021,1,22,11440,0.0,11440.0
828,2025-01-22,5352,1051,3,10,3200,0.0,3200.0
829,2025-03-17,5416,1052,3,3,960,0.0,960.0
830,2025-06-25,5489,1024,2,20,8400,0.0,8400.0
831,2025-05-13,5372,1024,3,5,1600,0.0,1600.0
832,2025-06-04,5231,1017,1,21,10920,0.0,10920.0
833,2025-02-04,5359,1042,2,24,10080,504.0,9576.0
834,2025-06-02,5235,1046,1,8,4160,416.0,3744.0
835,2025-04-01,5212,1013,1,6,3120,0.0,3120.0
836,2025-03-20,5099,1001,1,19,9880,0.0,9880.0
837,2025-03-04,5475,2022,2,18,7560,0.0,7560.0
838,2025-04-16,5097,1041,1,2,1040,52.0,988.0
839,2025-04-16,5325,2010,1,12,6240,0.0,6240.0
840,2025-02-04,5052,2012,4,17,3570,357.0,3213.0
841,2025-04-18,5352,1004,3,17,5440,0.0,5440.0
842,2025-01-07,5352,2020,2,13,5460,0.0,5460.0
843,2025-05-11,5194,1051,3,3,960,96.0,864.0
844,2025-06-02,5051,2003,4,3,630,0.0,630.0
845,2025-06-30,5204,1028,1,2,1040,52.0,988.0
846,2025-01-10,5113,2038,4,11,2310,115.5,2194.5
847,2025-01-03,5174,1032,1,19,9880,988.0,8892.0
848,2025-05-13,5017,2039,4,4,840,42.0,798.0
849,2025-06-21,5018,1011,3,13,4160,416.0,3744.0
850,2025-03-06,5043,2016,3,14,4480,224.0,4256.0
851,2025-05-07,5264,2031,2,4,1680,84.0,1596.0
852,2025-03-25,5011,2035,4,23,4830,0.0,4830.0
853,2025-01-03,5355,2029,3,11,3520,352.0,3168.0
854,2025-01-27,5103,2034,2,21,8820,882.0,7938.0
855,2025-05-29,5383,2010,3,15,4800,0.0,4800.0
856,2025-06-27,5497,1029,2,5,2100,0.0,2100.0
857,2025-06-17,5435,1022,1,6,3120,0.0,3120.0
858,2025-06-23,5375,1016,3,4,1280,0.0,1280.0
859,2025-06-21,5207,2027,3,3,960,0.0,960.0
860,2025-06-11,5374,1039,2,16,6720,0.0,6720.0
861,2025-02-05,5460,1001,4,9,1890,0.0,1890.0
862,2025-01-23,5275,1050,3,13,4160,416.0,3744.0
863,2025-02-07,5356,1024,4,8,1680,0.0,1680.0
864,2025-01-27,5345,1057,2,4,1680,0.0,1680.0
865,2025-06-08,5177,1002,2,24,10080,0.0,10080.0
866,2025-03-14,5251,2029,3,17,5440,272.0,5168.0
867,2025-03-28,5180,2004,1,17,8840,0.0,8840.0
868,2025-02-24,5203,1032,3,7,2240,0.0,2240.0
869,2025-04-02,5432,2024,1,20,10400,0.0,10400.0
870,2025-03-10,5026,2019,1,20,10400,1040.0,9360.0
871,2025-03-19,5244,2006,3,8,2560,128.0,2432.0
872,2025-06-23,5350,2038,3,16,5120,0.0,5120.0
873,2025-05-07,5481,1016,2,23,9660,966.0,8694.0
874,2025-04-04,5182,1012,4,18,3780,378.0,3402.0
875,2025-01-29,5471,1014,1,15,7800,390.0,7410.0
876,2025-05-26,5259,1059,2,16,6720,0.0,6720.0
877,2025-04-05,5184,2035,4,5,1050,0.0,1050.0
878,2025-05-27,5286,2005,4,6,1260,0.0,1260.0
879,2025-01-03,5451,1042,4,19,3990,0.0,3990.0
880,2025-05-05,5445,1046,4,15,3150,157.5,2992.5
881,2025-05-18,5385,1012,3,20,6400,0.0,6400.0
882,2025-02-15,5041,1035,3,13,4160,0.0,4160.0
883,2025-06-09,5310,1013,1,24,12480,1248.0,11232.0
884,2025-03-22,5499,1057,1,5,2600,0.0,2600.0
885,2025-05-29,5324,2022,1,7,3640,0.0,3640.0
886,2025-05-11,5463,2020,4,19,3990,0.0,3990.0
887,2025-06-15,5138,1042,4,25,5250,0.0,5250.0
888,2025-03-25,5040,1016,1,7,3640,182.0,3458.0
889,2025-05-09,5418,2010,3,11,3520,352.0,3168.0
890,2025-03-13,5482,2015,2,23,9660,0.0,9660.0
891,2025-01-20,5296,2020,2,1,420,0.0,420.0
892,2025-05-30,5149,1047,3,15,4800,480.0,4320.0
893,2025-03-30,5425,2021,4,9,1890,0.0,1890.0
894,2025-04-25,5434,2040,1,1,520,0.0,520.0
895,2025-02-08,5020,1053,1,3,1560,0.0,1560.0
896,2025-04-15,5107,2010,4,2,420,0.0,420.0
897,2025-05-09,5459,1050,1,1,520,0.0,520.0
898,2025-05-11,5281,1059,2,11,4620,0.0,4620.0
899,2025-06-15,5441,1021,3,17,5440,544.0,4896.0
900,2025-04-28,5074,1046,4,2,420,21.0,399.0
901,2025-06-07,5350,2008,2,8,3360,336.0,3024.0
902,2025-01-19,5403,2033,3,21,6720,0.0,6720.0
903,2025-06-17,5467,2026,1,22,11440,572.0,10868.0
904,2025-03-20,5311,1018,3,14,4480,0.0,4480.0
905,2025-06-07,5102,1043,2,15,6300,0.0,6300.0
906,2025-01-21,5475,1002,4,14,2940,0.0,2940.0
907,2025-06-02,5333,1043,2,21,8820,0.0,8820.0
908,2025-03-26,5287,1052,4,13,2730,136.5,2593.5
909,2025-02-11,5080,1025,1,18,9360,936.0,8424.0
910,2025-06-02,5208,1057,4,20,4200,0.0,4200.0
911,2025-04-25,5298,1017,2,10,4200,0.0,4200.0
912,2025-01-19,5403,1049,2,17,7140,0.0,7140.0
913,2025-02-19,5396,1006,4,14,2940,294.0,2646.0
914,2025-06-21,5299,1044,1,2,1040,0.0,1040.0
915,2025-04-17,5052,1031,3,8,2560,256.0,2304.0
916,2025-06-28,5237,1003,3,4,1280,64.0,1216.0
917,2025-06-23,5322,1004,3,17,5440,272.0,5168.0
918,2025-02-02,5464,2024,4,4,840,84.0,756.0
919,2025-03-21,5429,2004,1,3,1560,0.0,1560.0
920,2025-05-01,5239,1002,2,15,6300,0.0,6300.0
921,2025-02-02,5079,1048,4,21,4410,220.5,4189.5
922,2025-03-09,5195,1056,4,15,3150,0.0,3150.0
923,2025-05-06,5320,1015,1,5,2600,0.0,2600.0
924,2025-02-22,5388,1025,3,3,960,0.0,960.0
925,2025-06-30,5079,1020,2,15,6300,0.0,6300.0
926,2025-04-16,5019,2026,3,2,640,32.0,608.0
927,2025-05-25,5158,2002,3,11,3520,0.0,3520.0
928,2025-03-06,5352,2040,3,3,960,0.0,960.0
929,2025-05-04,5331,1009,3,3,960,0.0,960.0
930,2025-02-15,5477,2011,4,24,5040,252.0,4788.0
931,2025-06-19,5362,1057,1,6,3120,0.0,3120.0
932,2025-02-18,5390,1005,1,24,12480,0.0,12480.0
933,2025-04-11,5058,1016,2,4,1680,84.0,1596.0
934,2025-04-10,5064,2040,3,6,1920,192.0,1728.0
935,2025-05-30,5437,2009,3,23,7360,0.0,7360.0
936,2025-06-17,5112,2025,2,25,10500,525.0,9975.0
937,2025-05-26,5010,1059,3,1,320,32.0,288.0
938,2025-03-12,5202,1013,4,24,5040,0.0,5040.0
939,2025-04-27,5424,1053,1,11,5720,0.0,5720.0
940,2025-04-11,5192,1010,1,12,6240,624.0,5616.0
941,2025-03-06,5152,1019,1,2,1040,0.0,1040.0
942,2025-06-05,5184,1007,2,7,2940,147.0,2793.0
943,2025-06-24,5434,2005,1,25,13000,0.0,13000.0
944,2025-06-20,5271,2011,4,8,1680,84.0,1596.0
945,2025-06-14,5014,1045,4,10,2100,0.0,2100.0
946,2025-02-04,5209,1037,4,7,1470,0.0,1470.0
947,2025-02-14,5287,2009,1,23,11960,1196.0,10764.0
948,2025-02-19,5362,1044,4,6,1260,63.0,1197.0
949,2025-02-13,5251,2002,3,9,2880,288.0,2592.0
950,2025-04-19,5436,2031,4,5,1050,0.0,1050.0
951,2025-06-26,5137,1026,2,15,6300,630.0,5670.0
952,2025-05-02,5481,1042,2,6,2520,0.0,2520.0
953,2025-04-19,5134,1051,1,12,6240,312.0,5928.0
954,2025-05-13,5156,1015,4,20,4200,0.0,4200.0
955,2025-02-14,5126,1054,4,19,3990,0.0,3990.0
956,2025-06-05,5203,1018,4,6,1260,0.0,1260.0
957,2025-04-06,5219,1025,3,8,2560,0.0,2560.0
958,2025-02-12,5493,2008,2,21,8820,0.0,8820.0
959,2025-04-16,5140,2009,3,8,2560,0.0,2560.0
960,2025-01-19,5199,1051,1,22,11440,572.0,10868.0
961,2025-06-05,5026,1023,3,8,2560,128.0,2432.0
962,2025-03-18,5360,1040,3,16,5120,0.0,5120.0
963,2025-04-04,5153,1007,4,17,3570,0.0,3570.0
964,2025-03-02,5194,1039,1,11,5720,0.0,5720.0
965,2025-01-21,5321,2008,2,10,4200,0.0,4200.0
966,2025-03-23,5350,2002,3,21,6720,0.0,6720.0
967,2025-05-26,5069,1003,1,25,13000,1300.0,11700.0
968,2025-04-20,5344,1059,3,18,5760,288.0,5472.0
969,2025-05-03,5453,2018,1,2,1040,0.0,1040.0
970,2025-02-04,5429,1043,3,9,2880,0.0,2880.0
971,2025-02-17,5210,1008,4,8,1680,0.0,1680.0
972,2025-05-31,5438,1012,3,6,1920,0.0,1920.0
973,2025-03-25,5193,1039,3,1,320,0.0,320.0
974,2025-03-13,5393,2040,2,13,5460,0.0,5460.0
975,2025-06-15,5241,1039,2,3,1260,0.0,1260.0
976,2025-03-19,5468,1030,2,17,7140,0.0,7140.0
977,2025-01-08,5189,2024,1,13,6760,676.0,6084.0
978,2025-04-02,5473,2039,3,7,2240,0.0,2240.0
979,2025-01-02,5270,2014,2,3,1260,63.0,1197.0
980,2025-02-27,5286,2026,2,8,3360,0.0,3360.0
981,2025-03-31,5176,2014,3,21,6720,336.0,6384.0
982,2025-02-26,5310,2010,3,12,3840,192.0,3648.0
983,2025-06-14,5195,2022,2,5,2100,0.0,2100.0
984,2025-06-22,5392,1019,1,17,8840,442.0,8398.0
985,2025-01-25,5214,2037,3,20,6400,0.0,6400.0
986,2025-05-06,5305,1005,2,20,8400,840.0,7560.0
987,2025-06-23,5084,1030,1,25,13000,0.0,13000.0
988,2025-01-07,5059,1028,2,4,1680,0.0,1680.0
989,2025-03-29,5100,1024,3,1,320,0.0,320.0
990,2025-02-15,5292,1017,1,18,9360,0.0,9360.0
991,2025-01-20,5298,2012,3,20,6400,640.0,5760.0
992,2025-01-08,5239,1033,1,18,9360,0.0,9360.0
993,2025-01-19,5483,2007,3,13,4160,0.0,4160.0
994,2025-06-09,5461,1001,1,10,5200,0.0,5200.0
995,2025-04-30,5424,2033,3,6,1920,0.0,1920.0
996,2025-06-03,5091,2024,2,6,2520,126.0,2394.0
997,2025-04-27,5402,2035,1,8,4160,416.0,3744.0
998,2025-02-12,5217,2040,4,3,630,0.0,630.0
999,2025-04-16,5433,2024,4,20,4200,0.0,4200.0
1000,2025-01-30,5035,2036,3,17,5440,272.0,5168.0
1001,2025-06-15,5073,2036,2,1,420,42.0,378.0
1002,2025-06-11,5164,2004,2,22,9240,0.0,9240.0
1003,2025-03-31,5281,1004,2,17,7140,0.0,7140.0
1004,2025-06-22,5102,1005,4,3,630,63.0,567.0
1005,2025-01-30,5439,2023,4,5,1050,0.0,1050.0
1006,2025-02-03,5003,1026,2,4,1680,84.0,1596.0
1007,2025-06-12,5414,1009,1,5,2600,0.0,2600.0
1008,2025-02-01,5198,2004,4,22,4620,0.0,4620.0
1009,2025-02-17,5333,2017,4,1,210,0.0,210.0
1010,2025-06-21,5059,1038,2,7,2940,147.0,2793.0
1011,2025-03-23,5458,1022,4,23,4830,0.0,4830.0
1012,2025-05-02,5432,2040,1,8,4160,416.0,3744.0
1013,2025-01-14,5421,1018,1,17,8840,884.0,7956.0
1014,2025-05-08,5319,1055,3,5,1600,0.0,1600.0
1015,2025-06-13,5194,2013,2,5,2100,0.0,2100.0
1016,2025-06-22,5017,2027,3,14,4480,224.0,4256.0
1017,2025-03-08,5342,2017,4,22,4620,0.0,4620.0
1018,2025-03-21,5388,2005,2,25,10500,525.0,9975.0
1019,2025-05-25,5024,2024,2,21,8820,0.0,8820.0
1020,2025-06-02,5043,2002,3,13,4160,0.0,4160.0
1021,2025-01-23,5100,1027,2,9,3780,189.0,3591.0
1022,2025-01-16,5184,2007,1,23,11960,0.0,11960.0
1023,2025-02-01,5423,1021,3,6,1920,0.0,1920.0
1024,2025-06-17,5403,2036,4,5,1050,0.0,1050.0
1025,2025-05-06,5438,2040,3,14,4480,0.0,4480.0
1026,2025-05-04,5482,2019,1,4,2080,0.0,2080.0
1027,2025-05-16,5207,1036,1,8,4160,0.0,4160.0
1028,2025-01-09,5331,2009,4,16,3360,0.0,3360.0
1029,2025-06-01,5302,2022,3,5,1600,0.0,1600.0
1030,2025-05-18,5091,2036,1,11,5720,0.0,5720.0
1031,2025-02-19,5193,2023,3,25,8000,0.0,8000.0
1032,2025-06-07,5111,2023,2,10,4200,0.0,4200.0
1033,2025-02-05,5351,1029,3,6,1920,0.0,1920.0
1034,2025-04-19,5163,1047,1,18,9360,0.0,9360.0
1035,2025-04-03,5443,2008,1,13,6760,0.0,6760.0
1036,2025-03-27,5375,2014,4,2,420,0.0,420.0
1037,2025-01-19,5413,1013,3,13,4160,416.0,3744.0
1038,2025-03-10,5036,1034,3,20,6400,0.0,6400.0
1039,2025-02-06,5060,1028,4,24,5040,0.0,5040.0
1040,2025-04-06,5232,2039,2,12,5040,0.0,5040.0
1041,2025-01-24,5364,2006,3,20,6400,0.0,6400.0
1042,2025-06-17,5390,2032,2,21,8820,0.0,8820.0
1043,2025-04-03,5251,1052,2,20,8400,0.0,8400.0
1044,2025-05-15,5437,1001,1,4,2080,0.0,2080.0
1045,2025-03-21,5150,1050,3,24,7680,0.0,7680.0
1046,2025-04-23,5386,1034,2,13,5460,0.0,5460.0
1047,2025-06-15,5139,1046,4,10,2100,210.0,1890.0
1048,2025-03-23,5109,1050,1,11,5720,286.0,5434.0
1049,2025-06-21,5169,1026,1,1,520,0.0,520.0
1050,2025-06-23,5140,1012,4,6,1260,0.0,1260.0
1051,2025-06-03,5448,1031,4,5,1050,0.0,1050.0
1052,2025-01-11,5021,2027,3,2,640,0.0,640.0
1053,2025-01-14,5145,1055,3,3,960,0.0,960.0
1054,2025-06-25,5202,2011,4,12,2520,0.0,2520.0
1055,2025-03-08,5284,1019,3,16,5120,256.0,4864.0
1056,2025-06-18,5240,2024,1,11,5720,286.0,5434.0
1057,2025-05-08,5150,2002,1,24,12480,624.0,11856.0
1058,2025-04-27,5488,1002,2,25,10500,525.0,9975.0
1059,2025-06-26,5460,2016,4,21,4410,0.0,4410.0
1060,2025-06-21,5284,2011,2,14,5880,0.0,5880.0
1061,2025-02-27,5299,1056,4,7,1470,0.0,1470.0
1062,2025-05-02,5219,2003,4,13,2730,0.0,2730.0
1063,2025-05-14,5282,2020,3,15,4800,0.0,4800.0
1064,2025-02-19,5415,1045,2,1,420,0.0,420.0
1065,2025-02-12,5267,1040,2,5,2100,210.0,1890.0
1066,2025-04-12,5137,2034,1,4,2080,208.0,1872.0
1067,2025-02-22,5069,1044,2,5,2100,0.0,2100.0
1068,2025-02-24,5451,2021,4,4,840,84.0,756.0
1069,2025-05-03,5434,1032,4,12,2520,0.0,2520.0
1070,2025-05-05,5394,2013,1,2,1040,0.0,1040.0
1071,2025-05-04,5053,1036,4,22,4620,462.0,4158.0
1072,2025-03-21,5338,2022,4,11,2310,0.0,2310.0
1073,2025-04-08,5482,2024,2,7,2940,0.0,2940.0
1074,2025-01-25,5181,2032,3,24,7680,0.0,7680.0
1075,2025-03-08,5134,1027,3,12,3840,384.0,3456.0
1076,2025-03-21,5161,1057,4,15,3150,0.0,3150.0
1077,2025-05-24,5401,1040,2,6,2520,0.0,2520.0
1078,2025-03-03,5444,1023,2,10,4200,0.0,4200.0
1079,2025-06-26,5177,2033,4,13,2730,0.0,2730.0
1080,2025-03-27,5199,2027,3,16,5120,0.0,5120.0
1081,2025-02-09,5191,1020,4,9,1890,0.0,1890.0
1082,2025-06-17,5207,1060,4,19,3990,199.5,3790.5
1083,2025-05-24,5008,1031,2,21,8820,0.0,8820.0
1084,2025-01-07,5012,2013,2,9,3780,0.0,3780.0
1085,2025-01-06,5475,2013,2,22,9240,924.0,8316.0
1086,2025-04-25,5194,2036,4,10,2100,210.0,1890.0
1087,2025-03-06,5471,1007,4,24,5040,252.0,4788.0
1088,2025-05-07,5452,1004,2,17,7140,0.0,7140.0
1089,2025-01-06,5274,1008,1,4,2080,0.0,2080.0
1090,2025-02-04,5076,1030,3,15,4800,0.0,4800.0
1091,2025-04-20,5067,1025,2,12,5040,0.0,5040.0
1092,2025-02-26,5119,2021,2,22,9240,0.0,9240.0
1093,2025-01-21,5240,1020,1,9,4680,0.0,4680.0
1094,2025-02-25,5393,1038,2,6,2520,252.0,2268.0
1095,2025-05-27,5289,1040,2,20,8400,0.0,8400.0
1096,2025-06-16,5476,1054,2,20,8400,0.0,8400.0
1097,2025-04-10,5098,1012,4,7,1470,147.0,1323.0
1098,2025-04-03,5306,1007,1,6,3120,156.0,2964.0
1099,2025-05-19,5373,2035,1,6,3120,156.0,2964.0
1100,2025-06-02,5430,1006,2,18,7560,0.0,7560.0
1101,2025-05-05,5058,1022,2,23,9660,966.0,8694.0
1102,2025-02-12,5179,1031,4,23,4830,241.5,4588.5
1103,2025-01-17,5336,1049,2,22,9240,0.0,9240.0
1104,2025-03-29,5277,1001,4,25,5250,0.0,5250.0
1105,2025-04-04,5365,1006,1,15,7800,0.0,7800.0
1106,2025-03-26,5274,1041,2,21,8820,0.0,8820.0
1107,2025-05-30,5348,2039,2,6,2520,0.0,2520.0
1108,2025-02-26,5068,2009,1,9,4680,0.0,4680.0
1109,2025-06-14,5469,1050,2,22,9240,0.0,9240.0
1110,2025-03-10,5093,2026,4,13,2730,0.0,2730.0
1111,2025-05-07,5237,1014,4,20,4200,0.0,4200.0
1112,2025-06-22,5054,2028,3,21,6720,0.0,6720.0
1113,2025-05-11,5442,1031,4,15,3150,0.0,3150.0
1114,2025-01-20,5494,2018,3,10,3200,0.0,3200.0
1115,2025-01-29,5137,2039,1,23,11960,0.0,11960.0
1116,2025-06-10,5353,1011,3,11,3520,176.0,3344.0
1117,2025-02-21,5037,1043,2,11,4620,231.0,4389.0
1118,2025-03-22,5019,2030,1,12,6240,0.0,6240.0
1119,2025-03-06,5046,2038,1,14,7280,0.0,7280.0
1120,2025-03-31,5015,1020,2,1,420,42.0,378.0
1121,2025-05-13,5112,1026,3,4,1280,0.0,1280.0
1122,2025-06-14,5416,2025,1,10,5200,0.0,5200.0
1123,2025-02-11,5145,1047,1,20,10400,0.0,10400.0
1124,2025-02-11,5387,1024,1,25,13000,0.0,13000.0
1125,2025-02-25,5437,2018,1,14,7280,0.0,7280.0
1126,2025-05-06,5347,2020,1,21,10920,0.0,10920.0
1127,2025-04-24,5375,1004,2,1,420,21.0,399.0
1128,2025-03-14,5467,2004,1,9,4680,0.0,4680.0
1129,2025-04-27,5058,1051,3,7,2240,0.0,2240.0
1130,2025-05-26,5458,2020,2,5,2100,0.0,2100.0
1131,2025-05-21,5041,1041,3,15,4800,0.0,4800.0
1132,2025-02-25,5227,2002,1,9,4680,468.0,4212.0
1133,2025-05-31,5428,1023,1,3,1560,0.0,1560.0
1134,2025-02-28,5434,1029,3,11,3520,176.0,3344.0
1135,2025-01-08,5326,1046,2,21,8820,441.0,8379.0
1136,2025-03-29,5211,1026,1,11,5720,572.0,5148.0
1137,2025-04-26,5086,1060,2,13,5460,546.0,4914.0
1138,2025-06-03,5019,1031,3,16,5120,256.0,4864.0
1139,2025-03-17,5107,2003,1,11,5720,572.0,5148.0
1140,2025-01-04,5460,2038,2,20,8400,0.0,8400.0
1141,2025-06-25,5440,2024,4,3,630,31.5,598.5
1142,2025-03-28,5289,2006,2,11,4620,0.0,4620.0
1143,2025-04-11,5333,2003,2,18,7560,0.0,7560.0
1144,2025-01-24,5258,2020,3,9,2880,0.0,2880.0
1145,2025-05-26,5336,2029,4,22,4620,462.0,4158.0
1146,2025-05-28,5120,2036,3,17,5440,0.0,5440.0
1147,2025-06-06,5141,1055,4,12,2520,0.0,2520.0
1148,2025-02-24,5207,2020,2,18,7560,0.0,7560.0
1149,2025-03-06,5437,2016,2,2,840,0.0,840.0
1150,2025-02-13,5071,2030,1,10,5200,0.0,5200.0
1151,2025-04-27,5114,1006,4,21,4410,220.5,4189.5
1152,2025-06-05,5077,1026,3,4,1280,64.0,1216.0
1153,2025-02-07,5045,1023,3,17,5440,0.0,5440.0
1154,2025-05-13,5298,1051,1,21,10920,0.0,10920.0
1155,2025-01-16,5350,1031,1,3,1560,78.0,1482.0
1156,2025-03-09,5406,1055,3,5,1600,0.0,1600.0
1157,2025-02-09,5078,1023,3,3,960,0.0,960.0
1158,2025-04-02,5271,2037,1,10,5200,0.0,5200.0
1159,2025-03-17,5328,2027,3,14,4480,0.0,4480.0
1160,2025-05-03,5485,1005,4,13,2730,0.0,2730.0
1161,2025-05-14,5360,1041,2,13,5460,546.0,4914.0
1162,2025-01-12,5084,1046,2,10,4200,420.0,3780.0
1163,2025-02-04,5078,2037,3,4,1280,0.0,1280.0
1164,2025-05-18,5303,2034,4,7,1470,73.5,1396.5
1165,2025-02-12,5025,1023,4,17,3570,0.0,3570.0
1166,2025-01-02,5355,1024,1,17,8840,884.0,7956.0
1167,2025-06-06,5352,2007,2,1,420,42.0,378.0
1168,2025-06-16,5467,2004,1,9,4680,0.0,4680.0
1169,2025-05-06,5109,1040,3,6,1920,0.0,1920.0
1170,2025-02-28,5490,1042,1,2,1040,52.0,988.0
1171,2025-05-15,5008,2015,4,13,2730,0.0,2730.0
1172,2025-06-23,5392,2026,1,8,4160,0.0,4160.0
1173,2025-06-18,5251,1026,1,20,10400,0.0,10400.0
1174,2025-03-10,5343,1044,1,20,10400,1040.0,9360.0
1175,2025-05-12,5280,1009,1,21,10920,1092.0,9828.0
1176,2025-01-28,5467,2037,1,16,8320,832.0,7488.0
1177,2025-02-05,5380,2031,2,16,6720,0.0,6720.0
1178,2025-04-12,5209,1020,4,24,5040,0.0,5040.0
1179,2025-01-19,5237,2019,2,3,1260,126.0,1134.0
1180,2025-03-16,5250,1019,3,19,6080,0.0,6080.0
1181,2025-05-21,5295,2037,2,9,3780,0.0,3780.0
1182,2025-04-22,5159,2008,2,10,4200,210.0,3990.0
1183,2025-05-12,5128,1010,1,11,5720,572.0,5148.0
1184,2025-03-05,5237,1024,4,17,3570,357.0,3213.0
1185,2025-04-03,5026,2036,3,14,4480,224.0,4256.0
1186,2025-05-21,5356,1018,1,21,10920,0.0,10920.0
1187,2025-02-22,5192,1026,4,15,3150,0.0,3150.0
1188,2025-03-30,5404,2007,4,3,630,31.5,598.5
1189,2025-01-13,5467,2008,1,19,9880,0.0,9880.0
1190,2025-06-03,5193,1042,4,16,3360,0.0,3360.0
1191,2025-03-03,5239,2040,2,16,6720,336.0,6384.0
1192,2025-03-21,5193,1021,1,15,7800,390.0,7410.0
1193,2025-01-09,5389,2001,2,17,7140,0.0,7140.0
1194,2025-06-19,5169,1009,1,4,2080,0.0,2080.0
1195,2025-03-19,5205,2016,4,23,4830,483.0,4347.0
1196,2025-01-23,5181,2001,4,5,1050,0.0,1050.0
1197,2025-05-07,5248,1017,3,2,640,0.0,640.0
1198,2025-05-08,5039,1018,3,11,3520,0.0,3520.0
1199,2025-04-04,5086,2027,4,24,5040,0.0,5040.0
1200,2025-01-19,5483,1034,3,7,2240,0.0,2240.0
1201,2025-03-09,5011,1044,4,6,1260,63.0,1197.0
1202,2025-03-13,5414,2021,3,5,1600,160.0,1440.0
1203,2025-01-28,5028,2024,1,1,520,0.0,520.0
1204,2025-01-12,5358,1015,1,5,2600,0.0,2600.0
1205,2025-02-11,5400,2034,2,25,10500,0.0,10500.0
1206,2025-03-06,5160,1058,2,14,5880,588.0,5292.0
1207,2025-03-01,5003,2028,1,14,7280,0.0,7280.0
1208,2025-02-16,5171,2037,4,13,2730,273.0,2457.0
1209,2025-04-14,5161,2015,4,13,2730,273.0,2457.0
1210,2025-01-23,5270,2001,3,16,5120,0.0,5120.0
1211,2025-01-01,5100,1017,2,20,8400,0.0,8400.0
1212,2025-03-06,5448,1006,1,18,9360,0.0,9360.0
1213,2025-03-25,5165,1016,3,2,640,32.0,608.0
1214,2025-05-23,5494,1034,2,21,8820,441.0,8379.0
1215,2025-03-04,5422,2003,1,9,4680,0.0,4680.0
1216,2025-02-21,5076,1040,1,13,6760,0.0,6760.0
1217,2025-06-02,5181,2032,3,19,6080,304.0,5776.0
1218,2025-03-27,5174,1011,2,20,8400,420.0,7980.0
1219,2025-02-02,5150,2026,4,1,210,10.5,199.5
1220,2025-01-16,5129,1036,2,4,1680,0.0,1680.0
1221,2025-02-02,5485,1036,3,7,2240,224.0,2016.0
1222,2025-05-24,5258,1030,4,20,4200,0.0,4200.0
1223,2025-03-19,5022,1025,3,22,7040,0.0,7040.0
1224,2025-04-23,5371,1034,2,3,1260,0.0,1260.0
1225,2025-02-22,5344,2028,2,11,4620,231.0,4389.0
1226,2025-01-07,5020,2025,4,1,210,0.0,210.0
1227,2025-03-05,5101,1015,2,1,420,0.0,420.0
1228,2025-01-04,5302,1030,3,22,7040,352.0,6688.0
1229,2025-04-08,5063,1051,2,14,5880,0.0,5880.0
1230,2025-01-01,5130,1019,3,13,4160,416.0,3744.0
1231,2025-05-24,5072,1022,2,18,7560,0.0,7560.0
1232,2025-03-04,5021,2039,1,22,11440,572.0,10868.0
1233,2025-04-03,5206,2015,2,1,420,0.0,420.0
1234,2025-03-05,5362,1050,3,1,320,0.0,320.0
1235,2025-06-02,5082,1005,1,11,5720,572.0,5148.0
1236,2025-01-04,5387,1039,3,15,4800,0.0,4800.0
1237,2025-01-05,5191,1009,2,18,7560,0.0,7560.0
1238,2025-03-26,5227,1044,4,17,3570,0.0,3570.0
1239,2025-06-01,5033,1053,4,11,2310,0.0,2310.0
1240,2025-01-26,5114,1006,1,23,11960,0.0,11960.0
1241,2025-06-02,5033,2014,1,11,5720,286.0,5434.0
1242,2025-01-06,5046,1026,4,15,3150,0.0,3150.0
1243,2025-06-16,5425,1030,2,4,1680,84.0,1596.0
1244,2025-04-28,5124,2009,4,23,4830,0.0,4830.0
1245,2025-03-11,5036,2014,3,18,5760,0.0,5760.0
1246,2025-03-25,5287,2010,1,4,2080,0.0,2080.0
1247,2025-01-03,5124,1016,2,22,9240,0.0,9240.0
1248,2025-03-12,5425,1060,1,21,10920,546.0,10374.0
1249,2025-03-14,5149,1051,1,15,7800,0.0,7800.0
1250,2025-02-10,5358,1037,1,10,5200,0.0,5200.0
1251,2025-03-17,5014,2036,1,13,6760,0.0,6760.0
1252,2025-01-31,5036,2014,2,12,5040,252.0,4788.0
1253,2025-05-07,5205,1050,2,1,420,0.0,420.0
1254,2025-04-10,5199,1015,4,24,5040,0.0,5040.0
1255,2025-04-13,5391,1044,2,15,6300,0.0,6300.0
1256,2025-06-26,5213,1045,1,19,9880,0.0,9880.0
1257,2025-04-28,5055,1051,1,17,8840,884.0,7956.0
1258,2025-06-14,5282,2025,2,3,1260,126.0,1134.0
1259,2025-03-23,5172,1021,2,4,1680,168.0,1512.0
1260,2025-06-13,5207,2001,3,17,5440,544.0,4896.0
1261,2025-03-05,5387,1042,1,18,9360,936.0,8424.0
1262,2025-03-05,5140,2026,1,23,11960,0.0,11960.0
1263,2025-05-01,5435,1041,4,15,3150,0.0,3150.0
1264,2025-01-31,5311,1009,4,17,3570,178.5,3391.5
1265,2025-04-20,5226,2001,4,12,2520,0.0,2520.0
1266,2025-05-22,5092,2002,1,19,9880,494.0,9386.0
1267,2025-04-29,5448,2031,1,18,9360,0.0,9360.0
1268,2025-06-09,5181,1003,1,9,4680,0.0,4680.0
1269,2025-03-06,5341,2022,3,11,3520,0.0,3520.0
1270,2025-04-25,5416,2024,4,6,1260,63.0,1197.0
1271,2025-06-12,5263,2002,1,22,11440,0.0,11440.0
1272,2025-03-15,5277,2026,3,5,1600,160.0,1440.0
1273,2025-05-02,5300,2034,4,10,2100,0.0,2100.0
1274,2025-04-06,5496,2019,1,22,11440,0.0,11440.0
1275,2025-05-08,5209,1028,3,24,7680,0.0,7680.0
1276,2025-01-22,5469,2007,4,15,3150,0.0,3150.0
1277,2025-03-07,5186,2023,3,20,6400,320.0,6080.0
1278,2025-01-19,5269,2021,2,23,9660,966.0,8694.0
1279,2025-04-07,5368,2005,2,23,9660,483.0,9177.0
1280,2025-03-12,5240,2014,1,19,9880,0.0,9880.0
1281,2025-03-11,5218,2039,1,16,8320,0.0,8320.0
1282,2025-02-17,5052,2001,2,7,2940,147.0,2793.0
1283,2025-05-06,5226,1042,2,13,5460,546.0,4914.0
1284,2025-03-02,5026,2023,2,22,9240,0.0,9240.0
1285,2025-04-14,5067,2002,4,9,1890,0.0,1890.0
1286,2025-05-03,5383,1012,1,15,7800,390.0,7410.0
1287,2025-06-27,5133,1056,1,15,7800,390.0,7410.0
1288,2025-04-19,5191,1038,3,23,7360,368.0,6992.0
1289,2025-02-15,5207,2027,1,25,13000,0.0,13000.0
1290,2025-03-28,5341,2027,3,16,5120,0.0,5120.0
1291,2025-05-02,5312,1048,1,17,8840,442.0,8398.0
1292,2025-03-25,5279,1051,2,16,6720,672.0,6048.0
1293,2025-02-04,5105,2024,3,13,4160,208.0,3952.0
1294,2025-05-12,5367,1057,3,5,1600,0.0,1600.0
1295,2025-02-18,5465,1060,4,13,2730,136.5,2593.5
1296,2025-04-04,5387,2020,4,1,210,21.0,189.0
1297,2025-04-15,5327,2017,1,14,7280,0.0,7280.0
1298,2025-06-05,5077,1039,1,6,3120,312.0,2808.0
1299,2025-06-05,5286,1022,4,10,2100,0.0,2100.0
1300,2025-04-23,5156,1025,2,19,7980,399.0,7581.0
1301,2025-03-25,5036,1025,4,11,2310,0.0,2310.0
1302,2025-04-14,5111,1010,4,14,2940,147.0,2793.0
1303,2025-01-06,5356,2002,3,23,7360,0.0,7360.0
1304,2025-01-24,5485,1044,2,16,6720,672.0,6048.0
1305,2025-06-17,5156,1008,3,14,4480,448.0,4032.0
1306,2025-04-12,5478,2001,3,10,3200,0.0,3200.0
1307,2025-02-08,5057,2012,3,3,960,96.0,864.0
1308,2025-04-12,5145,1036,1,5,2600,0.0,2600.0
1309,2025-02-27,5470,2002,2,7,2940,0.0,2940.0
1310,2025-06-29,5218,1047,4,14,2940,0.0,2940.0
1311,2025-01-03,5341,2025,3,15,4800,480.0,4320.0
1312,2025-06-30,5046,1015,2,3,1260,126.0,1134.0
1313,2025-02-18,5356,1059,3,2,640,0.0,640.0
1314,2025-03-01,5306,1042,1,12,6240,0.0,6240.0
1315,2025-03-05,5404,2002,1,17,8840,0.0,8840.0
1316,2025-03-15,5199,2001,3,9,2880,0.0,2880.0
1317,2025-05-14,5094,2005,1,24,12480,0.0,12480.0
1318,2025-02-21,5145,2008,2,14,5880,0.0,5880.0
1319,2025-02-15,5064,2006,4,21,4410,0.0,4410.0
1320,2025-06-14,5496,1015,3,22,7040,0.0,7040.0
1321,2025-05-27,5496,2004,1,21,10920,1092.0,9828.0
1322,2025-05-17,5301,1029,3,21,6720,0.0,6720.0
1323,2025-04-13,5188,1025,4,7,1470,0.0,1470.0
1324,2025-05-15,5298,1036,3,17,5440,0.0,5440.0
1325,2025-06-17,5209,1010,1,17,8840,0.0,8840.0
1326,2025-01-28,5136,2034,1,7,3640,182.0,3458.0
1327,2025-06-13,5390,2011,1,23,11960,0.0,11960.0
1328,2025-01-08,5480,2016,3,16,5120,512.0,4608.0
1329,2025-03-14,5065,1050,4,17,3570,0.0,3570.0
1330,2025-01-26,5329,1041,4,5,1050,0.0,1050.0
1331,2025-05-15,5079,1051,3,17,5440,0.0,5440.0
1332,2025-06-17,5046,2040,1,21,10920,0.0,10920.0
1333,2025-04-01,5063,1058,2,21,8820,0.0,8820.0
1334,2025-01-15,5379,1060,2,11,4620,0.0,4620.0
1335,2025-03-13,5495,1054,4,20,4200,0.0,4200.0
1336,2025-03-01,5338,1015,3,24,7680,0.0,7680.0
1337,2025-05-18,5462,2012,4,2,420,21.0,399.0
1338,2025-01-21,5314,1021,2,4,1680,168.0,1512.0
1339,2025-04-16,5247,1048,2,17,7140,0.0,7140.0
1340,2025-02-25,5009,2038,3,21,6720,0.0,6720.0
1341,2025-02-28,5078,1028,2,17,7140,0.0,7140.0
1342,2025-02-04,5059,1051,3,14,4480,448.0,4032.0
1343,2025-06-30,5058,1060,1,14,7280,0.0,7280.0
1344,2025-06-23,5269,2016,1,23,11960,0.0,11960.0
1345,2025-02-05,5446,2011,4,23,4830,483.0,4347.0
1346,2025-04-16,5153,1016,2,8,3360,336.0,3024.0
1347,2025-03-08,5117,1032,1,12,6240,0.0,6240.0
1348,2025-01-13,5025,1004,1,10,5200,260.0,4940.0
1349,2025-05-28,5165,1042,1,18,9360,936.0,8424.0
1350,2025-01-19,5437,1024,4,14,2940,0.0,2940.0
1351,2025-04-10,5087,1006,2,17,7140,357.0,6783.0
1352,2025-06-01,5481,1026,3,22,7040,0.0,7040.0
1353,2025-02-09,5084,2040,2,21,8820,0.0,8820.0
1354,2025-04-25,5321,1029,3,3,960,0.0,960.0
1355,2025-04-26,5376,2021,3,4,1280,0.0,1280.0
1356,2025-04-26,5162,1043,3,6,1920,192.0,1728.0
1357,2025-01-14,5273,1020,1,4,2080,208.0,1872.0
1358,2025-02-10,5309,2021,4,4,840,0.0,840.0
1359,2025-04-06,5164,1030,1,23,11960,0.0,11960.0
1360,2025-05-04,5435,2014,2,23,9660,0.0,9660.0
1361,2025-05-08,5137,1060,3,17,5440,544.0,4896.0
1362,2025-02-19,5424,1030,2,16,6720,0.0,6720.0
1363,2025-01-25,5226,2025,2,4,1680,0.0,1680.0
1364,2025-05-01,5227,2036,3,9,2880,288.0,2592.0
1365,2025-06-10,5276,2011,1,10,5200,260.0,4940.0
1366,2025-06-06,5258,2027,4,18,3780,0.0,3780.0
1367,2025-02-28,5052,1036,4,24,5040,0.0,5040.0
1368,2025-01-15,5450,1057,2,14,5880,294.0,5586.0
1369,2025-04-24,5024,1015,1,2,1040,0.0,1040.0
1370,2025-01-29,5266,1051,4,5,1050,0.0,1050.0
1371,2025-02-03,5088,1058,3,16,5120,256.0,4864.0
1372,2025-03-13,5149,2033,2,9,3780,189.0,3591.0
1373,2025-04-15,5074,1041,2,5,2100,0.0,2100.0
1374,2025-01-12,5071,1047,4,25,5250,0.0,5250.0
1375,2025-05-15,5463,2022,1,13,6760,0.0,6760.0
1376,2025-06-29,5459,1037,4,19,3990,0.0,3990.0
1377,2025-05-12,5244,2015,1,16,8320,0.0,8320.0
1378,2025-02-11,5224,2011,1,25,13000,0.0,13000.0
1379,2025-01-11,5381,1045,1,21,10920,0.0,10920.0
1380,2025-05-16,5405,1046,1,17,8840,0.0,8840.0
1381,2025-06-16,5315,2016,2,24,10080,0.0,10080.0
1382,2025-01-07,5131,1059,2,7,2940,0.0,2940.0
1383,2025-04-25,5038,2030,2,23,9660,483.0,9177.0
1384,2025-05-16,5105,2023,3,22,7040,0.0,7040.0
1385,2025-05-08,5408,1036,1,8,4160,0.0,4160.0
1386,2025-06-27,5146,2001,3,14,4480,0.0,4480.0
1387,2025-04-22,5454,1037,3,14,4480,0.0,4480.0
1388,2025-04-20,5492,2034,2,4,1680,84.0,1596.0
1389,2025-02-10,5167,1049,2,6,2520,0.0,2520.0
1390,2025-04-19,5282,2003,4,10,2100,0.0,2100.0
1391,2025-05-23,5397,1023,2,17,7140,357.0,6783.0
1392,2025-03-06,5471,2009,2,8,3360,336.0,3024.0
1393,2025-01-28,5184,1035,3,22,7040,0.0,7040.0
1394,2025-05-05,5431,2004,1,25,13000,0.0,13000.0
1395,2025-01-04,5428,1049,4,11,2310,0.0,2310.0
1396,2025-05-31,5109,2005,2,16,6720,336.0,6384.0
1397,2025-01-06,5149,1057,4,25,5250,0.0,5250.0
1398,2025-02-03,5131,1016,3,20,6400,0.0,6400.0
1399,2025-06-03,5428,1027,2,20,8400,420.0,7980.0
1400,2025-06-27,5056,2030,1,19,9880,0.0,9880.0
1401,2025-04-26,5196,2040,4,15,3150,157.5,2992.5
1402,2025-01-10,5369,1017,3,16,5120,512.0,4608.0
1403,2025-06-12,5048,2030,2,20,8400,840.0,7560.0
1404,2025-02-22,5172,2023,4,10,2100,0.0,2100.0
1405,2025-05-11,5046,2003,2,12,5040,252.0,4788.0
1406,2025-03-19,5091,2022,3,19,6080,0.0,6080.0
1407,2025-05-29,5247,2032,1,16,8320,0.0,8320.0
1408,2025-01-22,5462,2023,1,10,5200,520.0,4680.0
1409,2025-04-07,5488,1047,4,16,3360,0.0,3360.0
1410,2025-05-23,5118,1003,2,2,840,0.0,840.0
1411,2025-03-21,5300,1022,1,23,11960,0.0,11960.0
1412,2025-01-04,5306,1005,4,20,4200,210.0,3990.0
1413,2025-05-18,5159,2024,1,25,13000,650.0,12350.0
1414,2025-04-05,5192,2001,3,25,8000,400.0,7600.0
1415,2025-01-27,5132,2020,2,24,10080,0.0,10080.0
1416,2025-01-14,5090,1003,3,8,2560,0.0,2560.0
1417,2025-04-25,5227,1009,1,1,520,26.0,494.0
1418,2025-05-08,5397,2007,3,18,5760,0.0,5760.0
1419,2025-02-23,5306,1005,3,19,6080,304.0,5776.0
1420,2025-06-19,5022,1018,1,18,9360,468.0,8892.0
1421,2025-02-27,5426,2002,4,24,5040,0.0,5040.0
1422,2025-06-29,5324,1003,4,21,4410,220.5,4189.5
1423,2025-05-11,5206,1050,1,22,11440,572.0,10868.0
1424,2025-02-28,5171,1017,1,10,5200,520.0,4680.0
1425,2025-06-21,5360,1019,2,22,9240,0.0,9240.0
1426,2025-01-04,5131,2025,3,23,7360,368.0,6992.0
1427,2025-04-05,5219,1002,4,12,2520,0.0,2520.0
1428,2025-02-22,5321,1004,1,24,12480,0.0,12480.0
1429,2025-01-27,5215,2011,3,2,640,32.0,608.0
1430,2025-03-03,5164,2015,1,12,6240,0.0,6240.0
1431,2025-04-06,5399,2030,2,22,9240,0.0,9240.0
1432,2025-05-25,5454,1038,1,15,7800,390.0,7410.0
1433,2025-05-10,5188,1014,2,2,840,0.0,840.0
1434,2025-04-06,5125,1020,4,15,3150,0.0,3150.0
1435,2025-04-03,5300,1044,2,19,7980,0.0,7980.0
1436,2025-02-22,5380,2038,3,10,3200,160.0,3040.0
1437,2025-02-20,5300,1021,1,4,2080,0.0,2080.0
1438,2025-05-26,5408,1057,2,21,8820,0.0,8820.0
1439,2025-06-16,5001,2001,3,6,1920,0.0,1920.0
1440,2025-05-10,5070,2034,3,16,5120,0.0,5120.0
1441,2025-03-17,5487,1010,1,21,10920,546.0,10374.0
1442,2025-06-08,5236,2004,2,17,7140,357.0,6783.0
1443,2025-01-03,5370,1028,1,13,6760,0.0,6760.0
1444,2025-01-26,5037,1031,1,21,10920,0.0,10920.0
1445,2025-03-26,5227,1020,1,16,8320,0.0,8320.0
1446,2025-02-24,5184,2010,1,3,1560,0.0,1560.0
1447,2025-06-21,5414,1056,2,23,9660,0.0,9660.0
1448,2025-01-14,5261,2031,4,25,5250,525.0,4725.0
1449,2025-05-16,5108,2008,1,24,12480,0.0,12480.0
1450,2025-03-31,5190,2013,4,12,2520,0.0,2520.0
1451,2025-04-27,5461,2014,2,6,2520,0.0,2520.0
1452,2025-04-06,5147,1042,1,18,9360,468.0,8892.0
1453,2025-06-07,5119,1028,2,13,5460,273.0,5187.0
1454,2025-02-11,5438,2016,1,25,13000,0.0,13000.0
1455,2025-05-25,5473,2034,1,3,1560,78.0,1482.0
1456,2025-03-28,5326,2020,4,19,3990,0.0,3990.0
1457,2025-02-15,5239,1031,3,15,4800,0.0,4800.0
1458,2025-06-22,5452,2020,2,25,10500,0.0,10500.0
1459,2025-06-09,5216,2006,1,6,3120,312.0,2808.0
1460,2025-05-28,5336,1022,2,18,7560,378.0,7182.0
1461,2025-04-27,5266,2039,4,5,1050,52.5,997.5
1462,2025-05-19,5498,2003,4,4,840,0.0,840.0
1463,2025-03-12,5081,2005,1,10,5200,260.0,4940.0
1464,2025-03-03,5379,1033,4,12,2520,0.0,2520.0
1465,2025-06-16,5484,1029,3,11,3520,0.0,3520.0
1466,2025-03-19,5293,2026,1,5,2600,0.0,2600.0
1467,2025-03-15,5069,1043,2,19,7980,399.0,7581.0
1468,2025-04-01,5187,2014,1,4,2080,208.0,1872.0
1469,2025-06-13,5462,1058,1,8,4160,0.0,4160.0
1470,2025-03-26,5331,1034,3,16,5120,256.0,4864.0
1471,2025-04-13,5311,2033,4,9,1890,0.0,1890.0
1472,2025-03-27,5394,2004,4,1,210,10.5,199.5
1473,2025-03-10,5257,2039,2,22,9240,0.0,9240.0
1474,2025-05-20,5435,1033,1,3,1560,0.0,1560.0
1475,2025-04-29,5414,1012,1,24,12480,624.0,11856.0
1476,2025-06-19,5121,2025,3,12,3840,192.0,3648.0
1477,2025-01-29,5164,1013,3,7,2240,224.0,2016.0
1478,2025-04-01,5021,2036,4,10,2100,0.0,2100.0
1479,2025-05-31,5312,1009,4,8,1680,0.0,1680.0
1480,2025-02-12,5452,2008,4,12,2520,0.0,2520.0
1481,2025-03-24,5228,1055,2,11,4620,462.0,4158.0
1482,2025-02-10,5164,2001,1,17,8840,0.0,8840.0
1483,2025-02-05,5379,2012,2,21,8820,441.0,8379.0
1484,2025-03-29,5320,1008,3,2,640,0.0,640.0
1485,2025-02-27,5169,2012,3,14,4480,224.0,4256.0
1486,2025-04-19,5069,1037,3,4,1280,64.0,1216.0
1487,2025-01-08,5439,1027,2,8,3360,0.0,3360.0
1488,2025-05-03,5376,1017,1,12,6240,0.0,6240.0
1489,2025-04-02,5029,1011,2,20,8400,420.0,7980.0
1490,2025-02-08,5059,2001,4,16,3360,336.0,3024.0
1491,2025-03-28,5160,1011,1,14,7280,364.0,6916.0
1492,2025-06-16,5077,1036,4,25,5250,0.0,5250.0
1493,2025-04-02,5118,1029,4,8,1680,0.0,1680.0
1494,2025-04-12,5318,1020,4,8,1680,84.0,1596.0
1495,2025-04-18,5339,2030,4,23,4830,0.0,4830.0
1496,2025-04-09,5002,1004,1,7,3640,0.0,3640.0
1497,2025-06-05,5199,2008,3,22,7040,704.0,6336.0
1498,2025-01-21,5212,2040,1,14,7280,0.0,7280.0
1499,2025-03-21,5261,1016,1,23,11960,0.0,11960.0
1500,2025-02-22,5165,1030,1,16,8320,416.0,7904.0
1501,2025-06-15,5335,1031,2,13,5460,0.0,5460.0
1502,2025-03-15,5183,1018,2,8,3360,0.0,3360.0
1503,2025-04-05,5315,2014,2,15,6300,630.0,5670.0
1504,2025-02-23,5293,2037,3,10,3200,0.0,3200.0
1505,2025-05-02,5083,2014,1,22,11440,572.0,10868.0
1506,2025-02-14,5008,2022,1,21,10920,0.0,10920.0
1507,2025-04-08,5376,1011,2,22,9240,924.0,8316.0
1508,2025-01-10,5044,2036,2,21,8820,0.0,8820.0
1509,2025-01-10,5123,1006,3,23,7360,736.0,6624.0
1510,2025-05-08,5402,1057,2,25,10500,1050.0,9450.0
1511,2025-06-14,5417,1055,3,8,2560,128.0,2432.0
1512,2025-01-10,5001,2019,1,14,7280,0.0,7280.0
1513,2025-03-07,5412,1046,2,2,840,42.0,798.0
1514,2025-04-25,5037,1009,2,14,5880,588.0,5292.0
1515,2025-01-16,5289,1003,4,19,3990,0.0,3990.0
1516,2025-02-02,5034,2028,4,1,210,0.0,210.0
1517,2025-04-24,5406,2024,4,7,1470,73.5,1396.5
1518,2025-05-13,5158,2032,1,1,520,26.0,494.0
1519,2025-04-12,5188,1059,3,23,7360,736.0,6624.0
1520,2025-05-09,5190,1052,1,11,5720,286.0,5434.0
1521,2025-01-23,5337,1028,1,19,9880,988.0,8892.0
1522,2025-04-16,5372,1045,2,19,7980,399.0,7581.0
1523,2025-04-13,5476,1001,4,1,210,0.0,210.0
1524,2025-03-21,5268,1059,1,18,9360,468.0,8892.0
1525,2025-04-14,5377,1042,3,2,640,64.0,576.0
1526,2025-05-28,5364,1006,4,19,3990,199.5,3790.5
1527,2025-03-31,5151,1032,2,10,4200,210.0,3990.0
1528,2025-02-17,5430,2032,3,23,7360,0.0,7360.0
1529,2025-01-17,5193,2017,3,5,1600,0.0,1600.0
1530,2025-06-09,5178,1003,3,1,320,16.0,304.0
1531,2025-01-03,5177,2016,1,9,4680,0.0,4680.0
1532,2025-04-04,5052,2029,2,19,7980,399.0,7581.0
1533,2025-02-07,5196,1059,4,10,2100,0.0,2100.0
1534,2025-01-24,5338,1053,2,16,6720,0.0,6720.0
1535,2025-06-17,5071,1013,3,3,960,96.0,864.0
1536,2025-04-01,5314,2005,4,1,210,21.0,189.0
1537,2025-02-19,5264,1006,4,22,4620,231.0,4389.0
1538,2025-05-17,5210,2023,3,22,7040,0.0,7040.0
1539,2025-02-15,5073,1012,3,23,7360,0.0,7360.0
1540,2025-03-18,5117,2027,3,6,1920,0.0,1920.0
1541,2025-06-09,5407,1018,1,5,2600,0.0,2600.0
1542,2025-05-31,5094,2028,2,2,840,0.0,840.0
1543,2025-01-10,5299,1020,3,15,4800,0.0,4800.0
1544,2025-04-09,5010,1041,3,17,5440,0.0,5440.0
1545,2025-06-07,5100,2013,1,16,8320,832.0,7488.0
1546,2025-06-12,5272,2028,1,5,2600,0.0,2600.0
1547,2025-02-23,5153,2021,1,1,520,0.0,520.0
1548,2025-06-15,5186,1013,2,10,4200,0.0,4200.0
1549,2025-05-26,5157,1006,1,10,5200,520.0,4680.0
1550,2025-02-09,5126,1042,4,15,3150,0.0,3150.0
1551,2025-03-01,5305,2002,4,10,2100,105.0,1995.0
1552,2025-05-04,5020,1039,4,22,4620,0.0,4620.0
1553,2025-01-29,5096,2035,4,21,4410,0.0,4410.0
1554,2025-05-27,5008,1026,3,23,7360,736.0,6624.0
1555,2025-04-23,5442,1043,3,4,1280,0.0,1280.0
1556,2025-06-06,5311,2037,4,10,2100,210.0,1890.0
1557,2025-06-25,5289,1039,2,20,8400,0.0,8400.0
1558,2025-05-23,5171,2040,4,24,5040,0.0,5040.0
1559,2025-01-14,5106,2035,2,5,2100,0.0,2100.0
1560,2025-04-16,5287,1018,4,14,2940,294.0,2646.0
1561,2025-05-07,5179,1012,1,9,4680,234.0,4446.0
1562,2025-06-28,5221,1020,1,5,2600,0.0,2600.0
1563,2025-05-18,5302,1002,1,23,11960,598.0,11362.0
1564,2025-06-19,5121,1017,1,14,7280,728.0,6552.0
1565,2025-03-28,5010,1017,3,6,1920,0.0,1920.0
1566,2025-02-01,5157,2010,1,3,1560,0.0,1560.0
1567,2025-04-17,5261,2034,2,6,2520,252.0,2268.0
1568,2025-03-08,5056,2029,3,16,5120,0.0,5120.0
1569,2025-04-20,5351,1058,1,24,12480,1248.0,11232.0
1570,2025-02-27,5265,1004,1,20,10400,0.0,10400.0
1571,2025-06-11,5462,2031,2,5,2100,210.0,1890.0
1572,2025-01-18,5458,1013,4,13,2730,136.5,2593.5
1573,2025-03-01,5355,1044,4,22,4620,462.0,4158.0
1574,2025-02-17,5477,2029,2,6,2520,126.0,2394.0
1575,2025-02-12,5058,1018,4,9,1890,0.0,1890.0
1576,2025-02-11,5192,1028,3,1,320,0.0,320.0
1577,2025-03-16,5299,1008,2,16,6720,0.0,6720.0
1578,2025-05-21,5392,2039,3,23,7360,736.0,6624.0
1579,2025-06-27,5373,1059,1,23,11960,0.0,11960.0
1580,2025-05-05,5130,2017,1,9,4680,0.0,4680.0
1581,2025-01-16,5142,2003,1,5,2600,0.0,2600.0
1582,2025-06-15,5411,2037,3,16,5120,0.0,5120.0
1583,2025-03-15,5009,2019,3,21,6720,336.0,6384.0
1584,2025-01-16,5104,2027,2,21,8820,0.0,8820.0
1585,2025-03-02,5495,1044,2,13,5460,0.0,5460.0
1586,2025-03-15,5052,2024,1,4,2080,0.0,2080.0
1587,2025-06-04,5286,1011,4,1,210,10.5,199.5
1588,2025-01-21,5067,2040,1,5,2600,260.0,2340.0
1589,2025-01-28,5120,1054,4,18,3780,0.0,3780.0
1590,2025-03-12,5053,2028,2,9,3780,0.0,3780.0
1591,2025-06-15,5345,1049,3,3,960,0.0,960.0
1592,2025-06-19,5266,1048,2,2,840,0.0,840.0
1593,2025-05-10,5280,2002,3,12,3840,0.0,3840.0
1594,2025-03-03,5225,2007,1,12,6240,624.0,5616.0
1595,2025-01-29,5139,1011,2,11,4620,231.0,4389.0
1596,2025-02-26,5475,2022,3,16,5120,0.0,5120.0
1597,2025-05-05,5285,1040,2,21,8820,441.0,8379.0
1598,2025-06-25,5323,2028,1,15,7800,0.0,7800.0
1599,2025-01-28,5487,1024,4,6,1260,0.0,1260.0
1600,2025-05-10,5057,1054,3,25,8000,800.0,7200.0
1601,2025-03-25,5361,2033,3,19,6080,304.0,5776.0
1602,2025-04-17,5264,2002,1,4,2080,0.0,2080.0
1603,2025-05-28,5029,2025,2,19,7980,399.0,7581.0
1604,2025-01-29,5023,2018,2,10,4200,0.0,4200.0
1605,2025-01-05,5247,1027,1,19,9880,0.0,9880.0
1606,2025-02-26,5214,1012,2,5,2100,210.0,1890.0
1607,2025-06-05,5260,1060,1,1,520,0.0,520.0
1608,2025-03-04,5048,1044,4,11,2310,0.0,2310.0
1609,2025-06-18,5104,1038,2,4,1680,0.0,1680.0
1610,2025-04-06,5347,1060,4,13,2730,273.0,2457.0
1611,2025-05-12,5028,1010,3,3,960,48.0,912.0
1612,2025-06-28,5370,1048,4,9,1890,0.0,1890.0
1613,2025-02-11,5411,1031,3,6,1920,0.0,1920.0
1614,2025-01-07,5183,1060,4,20,4200,210.0,3990.0
1615,2025-04-30,5290,1024,2,13,5460,0.0,5460.0
1616,2025-05-26,5103,1043,4,17,3570,178.5,3391.5
1617,2025-05-15,5240,1008,4,17,3570,178.5,3391.5
1618,2025-06-06,5465,1060,3,12,3840,0.0,3840.0
1619,2025-05-23,5009,1052,1,15,7800,780.0,7020.0
1620,2025-02-17,5042,2015,2,14,5880,0.0,5880.0
1621,2025-03-06,5234,1027,4,1,210,0.0,210.0
1622,2025-05-23,5066,1018,4,3,630,63.0,567.0
1623,2025-03-08,5395,2036,1,22,11440,0.0,11440.0
1624,2025-06-10,5456,1030,3,2,640,64.0,576.0
1625,2025-06-22,5092,2033,4,17,3570,0.0,3570.0
1626,2025-01-10,5216,1040,3,23,7360,0.0,7360.0
1627,2025-01-28,5028,2030,3,23,7360,368.0,6992.0
1628,2025-03-03,5221,2003,1,14,7280,0.0,7280.0
1629,2025-02-07,5070,1014,3,2,640,0.0,640.0
1630,2025-06-07,5207,2023,4,7,1470,0.0,1470.0
1631,2025-03-07,5089,1036,2,20,8400,0.0,8400.0
1632,2025-05-06,5242,1058,1,4,2080,0.0,2080.0
1633,2025-05-31,5240,1017,3,18,5760,288.0,5472.0
1634,2025-03-25,5005,2033,3,25,8000,0.0,8000.0
1635,2025-04-15,5248,1042,4,11,2310,115.5,2194.5
1636,2025-03-19,5374,1009,1,15,7800,390.0,7410.0
1637,2025-05-01,5049,1017,1,9,4680,0.0,4680.0
1638,2025-03-07,5358,2008,2,18,7560,756.0,6804.0
1639,2025-02-09,5207,1057,3,17,5440,0.0,5440.0
1640,2025-06-13,5442,2040,2,3,1260,126.0,1134.0
1641,2025-05-28,5298,2037,3,10,3200,0.0,3200.0
1642,2025-02-05,5298,2018,3,19,6080,608.0,5472.0
1643,2025-06-04,5334,1045,3,17,5440,0.0,5440.0
1644,2025-02-13,5128,2017,1,10,5200,260.0,4940.0
1645,2025-06-24,5072,2001,1,19,9880,0.0,9880.0
1646,2025-06-19,5125,2032,1,5,2600,130.0,2470.0
1647,2025-06-08,5026,1030,4,8,1680,168.0,1512.0
1648,2025-03-12,5352,1015,4,11,2310,231.0,2079.0
1649,2025-03-06,5307,1010,1,23,11960,0.0,11960.0
1650,2025-04-24,5188,2020,2,15,6300,630.0,5670.0
1651,2025-03-13,5431,1033,3,15,4800,0.0,4800.0
1652,2025-03-20,5152,1019,4,3,630,0.0,630.0
1653,2025-06-15,5041,1007,2,24,10080,0.0,10080.0
1654,2025-02-28,5376,2026,2,19,7980,0.0,7980.0
1655,2025-04-13,5212,2020,2,4,1680,0.0,1680.0
1656,2025-01-09,5106,1008,4,19,3990,0.0,3990.0
1657,2025-05-16,5314,1005,4,12,2520,0.0,2520.0
1658,2025-04-11,5401,1016,3,5,1600,80.0,1520.0
1659,2025-04-03,5283,1033,1,10,5200,0.0,5200.0
1660,2025-04-30,5433,1040,1,20,10400,0.0,10400.0
1661,2025-03-29,5269,2021,4,3,630,0.0,630.0
1662,2025-05-14,5107,1031,3,8,2560,256.0,2304.0
1663,2025-03-23,5500,1041,4,23,4830,0.0,4830.0
1664,2025-03-21,5381,1021,2,25,10500,1050.0,9450.0
1665,2025-03-27,5066,2035,1,1,520,0.0,520.0
1666,2025-03-06,5048,1034,2,12,5040,504.0,4536.0
1667,2025-06-05,5133,1031,2,17,7140,357.0,6783.0
1668,2025-03-22,5260,2020,2,7,2940,0.0,2940.0
1669,2025-06-24,5004,1028,3,16,5120,0.0,5120.0
1670,2025-06-17,5146,1009,2,12,5040,0.0,5040.0
1671,2025-05-10,5072,1015,4,1,210,0.0,210.0
1672,2025-03-04,5252,2013,3,2,640,0.0,640.0
1673,2025-06-20,5202,2018,2,4,1680,84.0,1596.0
1674,2025-01-26,5372,1042,3,25,8000,0.0,8000.0
1675,2025-05-12,5162,1056,3,13,4160,0.0,4160.0
1676,2025-03-04,5430,2021,2,25,10500,1050.0,9450.0
1677,2025-03-04,5471,2031,2,8,3360,0.0,3360.0
1678,2025-03-30,5398,1057,1,9,4680,468.0,4212.0
1679,2025-03-13,5428,2002,3,18,5760,576.0,5184.0
1680,2025-02-04,5328,1018,2,17,7140,0.0,7140.0
1681,2025-01-28,5118,2032,2,10,4200,420.0,3780.0
1682,2025-06-27,5032,1038,3,9,2880,0.0,2880.0
1683,2025-01-19,5133,2034,1,5,2600,0.0,2600.0
1684,2025-01-09,5151,1052,4,21,4410,220.5,4189.5
1685,2025-01-09,5418,1043,2,6,2520,0.0,2520.0
1686,2025-02-24,5105,2004,2,25,10500,0.0,10500.0
1687,2025-06-18,5128,1001,3,5,1600,0.0,1600.0
1688,2025-05-27,5095,1025,3,14,4480,0.0,4480.0
1689,2025-02-04,5354,2039,1,18,9360,0.0,9360.0
1690,2025-02-13,5053,1018,4,25,5250,0.0,5250.0
1691,2025-06-06,5010,1001,1,15,7800,0.0,7800.0
1692,2025-06-04,5039,1059,2,4,1680,0.0,1680.0
1693,2025-02-11,5370,1046,4,1,210,21.0,189.0
1694,2025-02-14,5313,2008,3,1,320,0.0,320.0
1695,2025-01-10,5496,2036,2,10,4200,0.0,4200.0
1696,2025-03-27,5359,1058,4,9,1890,189.0,1701.0
1697,2025-06-15,5212,1008,1,14,7280,0.0,7280.0
1698,2025-06-10,5309,1053,1,17,8840,0.0,8840.0
1699,2025-03-22,5413,1030,4,7,1470,0.0,1470.0
1700,2025-04-15,5267,1026,1,18,9360,0.0,9360.0
1701,2025-03-26,5009,1005,2,1,420,21.0,399.0
1702,2025-06-18,5440,1049,1,4,2080,0.0,2080.0
1703,2025-04-13,5223,2025,4,19,3990,0.0,3990.0
1704,2025-03-23,5444,2039,4,8,1680,0.0,1680.0
1705,2025-06-26,5442,1005,1,19,9880,0.0,9880.0
1706,2025-01-15,5160,1029,4,22,4620,231.0,4389.0
1707,2025-01-02,5227,1003,4,22,4620,0.0,4620.0
1708,2025-02-28,5425,1013,1,19,9880,988.0,8892.0
1709,2025-04-26,5446,2017,4,21,4410,0.0,4410.0
1710,2025-06-06,5498,2017,3,10,3200,0.0,3200.0
1711,2025-05-25,5437,1018,4,23,4830,0.0,4830.0
1712,2025-03-15,5444,1014,3,2,640,0.0,640.0
1713,2025-03-23,5143,1001,4,4,840,84.0,756.0
1714,2025-01-26,5133,2009,2,15,6300,630.0,5670.0
1715,2025-01-23,5397,2014,3,8,2560,0.0,2560.0
1716,2025-06-09,5410,2020,2,12,5040,0.0,5040.0
1717,2025-02-02,5478,1001,3,3,960,96.0,864.0
1718,2025-03-20,5062,1033,1,5,2600,0.0,2600.0
1719,2025-01-21,5422,2026,2,12,5040,0.0,5040.0
1720,2025-02-24,5481,1060,2,14,5880,0.0,5880.0
1721,2025-06-13,5107,1051,3,18,5760,0.0,5760.0
1722,2025-02-01,5286,1059,4,24,5040,0.0,5040.0
1723,2025-05-27,5080,2031,4,3,630,0.0,630.0
1724,2025-02-25,5006,1016,3,6,1920,192.0,1728.0
1725,2025-02-15,5029,2038,3,6,1920,96.0,1824.0
1726,2025-06-06,5469,1021,3,25,8000,0.0,8000.0
1727,2025-01-20,5266,1011,3,6,1920,192.0,1728.0
1728,2025-02-16,5357,2020,1,24,12480,624.0,11856.0
1729,2025-01-26,5255,1003,1,2,1040,0.0,1040.0
1730,2025-03-27,5030,2039,4,13,2730,0.0,2730.0
1731,2025-01-30,5116,1026,3,20,6400,0.0,6400.0
1732,2025-04-12,5091,2035,4,10,2100,0.0,2100.0
1733,2025-04-20,5452,2004,4,11,2310,231.0,2079.0
1734,2025-05-05,5378,2039,2,8,3360,336.0,3024.0
1735,2025-02-22,5171,2023,1,16,8320,0.0,8320.0
1736,2025-06-29,5399,2019,2,19,7980,0.0,7980.0
1737,2025-01-16,5354,2026,2,23,9660,0.0,9660.0
1738,2025-04-12,5230,2037,1,12,6240,0.0,6240.0
1739,2025-05-25,5080,1014,2,22,9240,462.0,8778.0
1740,2025-05-10,5463,2018,2,5,2100,0.0,2100.0
1741,2025-05-25,5207,1044,3,4,1280,0.0,1280.0
1742,2025-02-22,5393,1060,3,4,1280,0.0,1280.0
1743,2025-03-15,5348,1047,3,23,7360,736.0,6624.0
1744,2025-01-25,5219,1048,3,2,640,0.0,640.0
1745,2025-04-25,5354,1046,1,15,7800,780.0,7020.0
1746,2025-02-12,5376,1020,1,6,3120,0.0,3120.0
1747,2025-05-08,5302,2017,3,17,5440,272.0,5168.0
1748,2025-03-27,5377,1041,4,6,1260,0.0,1260.0
1749,2025-06-24,5276,1008,1,12,6240,0.0,6240.0
1750,2025-01-28,5382,2033,1,21,10920,546.0,10374.0
1751,2025-03-12,5170,2010,2,17,7140,0.0,7140.0
1752,2025-03-12,5101,1003,3,16,5120,512.0,4608.0
1753,2025-04-07,5403,2040,1,7,3640,0.0,3640.0
1754,2025-05-26,5379,1012,4,6,1260,0.0,1260.0
1755,2025-06-10,5074,2010,3,18,5760,0.0,5760.0
1756,2025-06-29,5433,2032,2,12,5040,0.0,5040.0
1757,2025-05-26,5097,1050,3,7,2240,0.0,2240.0
1758,2025-02-07,5193,1007,3,7,2240,0.0,2240.0
1759,2025-03-26,5268,2030,3,8,2560,0.0,2560.0
1760,2025-01-19,5437,2017,2,6,2520,0.0,2520.0
1761,2025-04-21,5391,1034,4,1,210,0.0,210.0
1762,2025-05-04,5137,1042,2,5,2100,105.0,1995.0
1763,2025-04-14,5189,2019,3,2,640,64.0,576.0
1764,2025-03-29,5274,1009,2,10,4200,420.0,3780.0
1765,2025-05-05,5465,2034,2,18,7560,756.0,6804.0
1766,2025-05-31,5347,1031,3,20,6400,640.0,5760.0
1767,2025-06-02,5265,2014,2,1,420,21.0,399.0
1768,2025-04-07,5485,1037,2,16,6720,672.0,6048.0
1769,2025-03-11,5228,2003,3,25,8000,0.0,8000.0
1770,2025-02-01,5013,1041,4,21,4410,220.5,4189.5
1771,2025-04-10,5151,2013,3,18,5760,576.0,5184.0
1772,2025-04-14,5481,1025,4,20,4200,0.0,4200.0
1773,2025-06-11,5436,2002,1,15,7800,0.0,7800.0
1774,2025-04-26,5122,1016,2,22,9240,924.0,8316.0
1775,2025-01-07,5419,1037,4,15,3150,0.0,3150.0
1776,2025-04-19,5397,1026,2,15,6300,0.0,6300.0
1777,2025-01-28,5258,1013,4,12,2520,252.0,2268.0
1778,2025-06-05,5407,2007,1,16,8320,0.0,8320.0
1779,2025-01-07,5386,2029,4,4,840,42.0,798.0
1780,2025-03-19,5319,2014,1,25,13000,0.0,13000.0
1781,2025-01-30,5138,1017,1,15,7800,0.0,7800.0
1782,2025-05-15,5361,2031,4,23,4830,0.0,4830.0
1783,2025-05-31,5395,2040,2,2,840,0.0,840.0
1784,2025-06-15,5052,2015,2,15,6300,0.0,6300.0
1785,2025-01-19,5065,2027,4,24,5040,0.0,5040.0
1786,2025-04-08,5174,1053,3,24,7680,384.0,7296.0
1787,2025-02-04,5275,2020,2,10,4200,0.0,4200.0
1788,2025-04-26,5470,2024,2,12,5040,504.0,4536.0
1789,2025-01-01,5214,2009,4,9,1890,94.5,1795.5
1790,2025-04-19,5328,1013,2,11,4620,0.0,4620.0
1791,2025-03-27,5173,1022,3,20,6400,0.0,6400.0
1792,2025-01-20,5427,1002,2,14,5880,588.0,5292.0
1793,2025-04-12,5264,1018,4,12,2520,0.0,2520.0
1794,2025-02-11,5239,2008,2,8,3360,0.0,3360.0
1795,2025-06-23,5058,1024,3,12,3840,0.0,3840.0
1796,2025-01-19,5347,2020,1,15,7800,780.0,7020.0
1797,2025-04-04,5374,2031,3,2,640,0.0,640.0
1798,2025-04-13,5477,1047,3,10,3200,0.0,3200.0
1799,2025-04-12,5047,1031,2,12,5040,0.0,5040.0
1800,2025-04-06,5172,1021,2,4,1680,0.0,1680.0
1801,2025-04-21,5243,1001,2,18,7560,756.0,6804.0
1802,2025-06-29,5453,1044,4,13,2730,0.0,2730.0
1803,2025-03-12,5228,1013,1,14,7280,0.0,7280.0
1804,2025-01-13,5357,1040,1,16,8320,0.0,8320.0
1805,2025-01-01,5075,1016,4,12,2520,0.0,2520.0
1806,2025-01-28,5425,1054,2,10,4200,0.0,4200.0
1807,2025-06-02,5327,1017,3,24,7680,0.0,7680.0
1808,2025-06-30,5248,2012,2,6,2520,0.0,2520.0
1809,2025-03-08,5101,1013,3,15,4800,240.0,4560.0
1810,2025-04-30,5029,1040,4,18,3780,189.0,3591.0
1811,2025-03-25,5107,1040,1,4,2080,104.0,1976.0
1812,2025-03-19,5077,1034,3,25,8000,400.0,7600.0
1813,2025-03-16,5352,2009,1,22,11440,1144.0,10296.0
1814,2025-02-09,5061,2029,4,21,4410,0.0,4410.0
1815,2025-06-10,5425,2003,2,24,10080,0.0,10080.0
1816,2025-03-27,5233,2032,2,25,10500,0.0,10500.0
1817,2025-01-04,5144,1029,3,20,6400,640.0,5760.0
1818,2025-04-07,5164,1050,4,21,4410,220.5,4189.5
1819,2025-06-08,5216,1047,3,24,7680,384.0,7296.0
1820,2025-02-15,5477,2019,3,19,6080,608.0,5472.0
1821,2025-06-19,5226,1031,2,6,2520,126.0,2394.0
1822,2025-05-01,5139,1017,4,8,1680,0.0,1680.0
1823,2025-06-06,5217,1031,3,24,7680,768.0,6912.0
1824,2025-03-12,5217,1040,2,14,5880,294.0,5586.0
1825,2025-06-30,5338,2039,3,11,3520,0.0,3520.0
1826,2025-02-06,5357,2010,3,15,4800,480.0,4320.0
1827,2025-01-21,5149,1053,4,11,2310,0.0,2310.0
1828,2025-03-24,5378,2038,2,23,9660,483.0,9177.0
1829,2025-03-25,5002,1010,3,10,3200,0.0,3200.0
1830,2025-03-18,5290,1053,4,19,3990,0.0,3990.0
1831,2025-01-25,5034,2034,4,4,840,84.0,756.0
1832,2025-06-23,5193,1021,4,1,210,10.5,199.5
1833,2025-02-02,5020,1013,3,14,4480,0.0,4480.0
1834,2025-06-08,5488,2004,4,20,4200,0.0,4200.0
1835,2025-05-20,5091,2029,3,14,4480,0.0,4480.0
1836,2025-01-07,5188,1044,2,21,8820,0.0,8820.0
1837,2025-05-14,5399,2017,1,22,11440,0.0,11440.0
1838,2025-06-13,5187,1040,1,4,2080,0.0,2080.0
1839,2025-05-14,5133,2013,1,12,6240,0.0,6240.0
1840,2025-02-06,5462,1008,3,4,1280,0.0,1280.0
1841,2025-05-12,5494,2031,4,19,3990,0.0,3990.0
1842,2025-06-13,5437,1029,2,20,8400,0.0,8400.0
1843,2025-04-29,5150,2020,1,14,7280,0.0,7280.0
1844,2025-01-14,5109,1030,4,20,4200,0.0,4200.0
1845,2025-01-18,5264,1004,1,1,520,52.0,468.0
1846,2025-01-21,5356,2039,4,9,1890,0.0,1890.0
1847,2025-06-18,5421,1043,4,10,2100,210.0,1890.0
1848,2025-01-28,5057,2023,2,7,2940,0.0,2940.0
1849,2025-01-20,5467,1053,3,20,6400,640.0,5760.0
1850,2025-02-11,5278,1057,3,8,2560,0.0,2560.0
1851,2025-05-24,5205,1038,3,11,3520,0.0,3520.0
1852,2025-02-28,5131,2029,3,17,5440,544.0,4896.0
1853,2025-02-04,5385,2031,4,13,2730,0.0,2730.0
1854,2025-03-02,5248,2015,4,14,2940,294.0,2646.0
1855,2025-04-05,5222,2037,4,2,420,0.0,420.0
1856,2025-03-23,5227,2021,3,15,4800,0.0,4800.0
1857,2025-03-01,5458,2014,1,22,11440,0.0,11440.0
1858,2025-02-19,5305,1053,1,15,7800,0.0,7800.0
1859,2025-06-12,5170,1048,1,9,4680,468.0,4212.0
1860,2025-05-03,5343,1048,4,25,5250,525.0,4725.0
1861,2025-03-28,5291,2021,4,24,5040,0.0,5040.0
1862,2025-06-16,5192,1018,4,12,2520,0.0,2520.0
1863,2025-04-06,5420,1020,4,9,1890,189.0,1701.0
1864,2025-01-03,5072,1001,4,9,1890,0.0,1890.0
1865,2025-02-08,5379,2016,4,10,2100,0.0,2100.0
1866,2025-02-27,5176,1022,3,20,6400,640.0,5760.0
1867,2025-01-16,5434,2003,4,21,4410,0.0,4410.0
1868,2025-06-20,5332,1059,2,15,6300,315.0,5985.0
1869,2025-04-22,5125,1052,2,2,840,0.0,840.0
1870,2025-04-02,5457,1002,4,3,630,0.0,630.0
1871,2025-05-11,5269,1034,2,25,10500,0.0,10500.0
1872,2025-02-03,5376,2031,3,16,5120,0.0,5120.0
1873,2025-01-10,5093,1006,3,9,2880,0.0,2880.0
1874,2025-01-04,5128,1020,3,1,320,0.0,320.0
1875,2025-03-11,5415,2030,1,14,7280,0.0,7280.0
1876,2025-01-12,5112,2017,3,23,7360,368.0,6992.0
1877,2025-03-13,5241,2014,1,11,5720,0.0,5720.0
1878,2025-05-18,5323,1009,1,5,2600,0.0,2600.0
1879,2025-05-01,5030,1035,4,2,420,21.0,399.0
1880,2025-02-09,5006,1010,2,21,8820,882.0,7938.0
1881,2025-05-01,5141,2031,3,7,2240,0.0,2240.0
1882,2025-04-17,5374,1008,4,5,1050,0.0,1050.0
1883,2025-03-05,5195,2038,1,12,6240,624.0,5616.0
1884,2025-04-04,5498,1006,2,19,7980,0.0,7980.0
1885,2025-01-14,5209,2010,2,25,10500,1050.0,9450.0
1886,2025-03-21,5205,2028,1,25,13000,0.0,13000.0
1887,2025-02-07,5131,1022,2,14,5880,588.0,5292.0
1888,2025-03-08,5323,1059,3,5,1600,160.0,1440.0
1889,2025-03-21,5157,1041,1,23,11960,0.0,11960.0
1890,2025-05-07,5282,2011,3,25,8000,0.0,8000.0
1891,2025-03-24,5306,1005,3,16,5120,512.0,4608.0
1892,2025-01-15,5412,1024,2,18,7560,0.0,7560.0
1893,2025-01-09,5137,1004,3,7,2240,0.0,2240.0
1894,2025-03-30,5458,1023,4,15,3150,315.0,2835.0
1895,2025-02-27,5424,2003,2,1,420,42.0,378.0
1896,2025-01-04,5403,2004,3,7,2240,0.0,2240.0
1897,2025-05-29,5350,1041,3,8,2560,0.0,2560.0
1898,2025-01-20,5389,2032,2,9,3780,189.0,3591.0
1899,2025-01-27,5035,2020,2,2,840,0.0,840.0
1900,2025-03-24,5101,1038,4,2,420,21.0,399.0
1901,2025-05-11,5062,1031,2,23,9660,0.0,9660.0
1902,2025-04-11,5066,1049,2,12,5040,0.0,5040.0
1903,2025-02-09,5254,1058,3,24,7680,768.0,6912.0
1904,2025-04-22,5249,1034,4,10,2100,0.0,2100.0
1905,2025-02-22,5489,2016,4,9,1890,0.0,1890.0
1906,2025-02-05,5291,1053,1,18,9360,0.0,9360.0
1907,2025-03-15,5074,1038,1,1,520,52.0,468.0
1908,2025-02-02,5383,1046,1,3,1560,0.0,1560.0
1909,2025-01-16,5412,2016,3,24,7680,0.0,7680.0
1910,2025-03-05,5322,1023,4,17,3570,0.0,3570.0
1911,2025-06-22,5133,2004,4,20,4200,0.0,4200.0
1912,2025-01-30,5336,1027,4,8,1680,168.0,1512.0
1913,2025-04-27,5067,1018,2,11,4620,0.0,4620.0
1914,2025-06-20,5032,2002,1,5,2600,0.0,2600.0
1915,2025-04-03,5409,1042,3,6,1920,0.0,1920.0
1916,2025-01-14,5387,1057,2,25,10500,0.0,10500.0
1917,2025-02-28,5201,1013,2,15,6300,0.0,6300.0
1918,2025-01-17,5164,1043,4,7,1470,0.0,1470.0
1919,2025-06-20,5130,2003,1,8,4160,416.0,3744.0
1920,2025-05-17,5073,1056,3,8,2560,0.0,2560.0
1921,2025-05-22,5281,2018,1,4,2080,104.0,1976.0
1922,2025-01-13,5169,2010,4,15,3150,0.0,3150.0
1923,2025-05-31,5116,2033,4,15,3150,0.0,3150.0
1924,2025-04-17,5057,2020,2,19,7980,0.0,7980.0
1925,2025-03-10,5432,2004,4,16,3360,168.0,3192.0
1926,2025-05-13,5051,1010,3,12,3840,0.0,3840.0
1927,2025-05-07,5123,1009,1,9,4680,468.0,4212.0
1928,2025-04-15,5260,1035,1,20,10400,520.0,9880.0
1929,2025-01-17,5311,1045,2,12,5040,252.0,4788.0
1930,2025-02-16,5095,2022,2,19,7980,0.0,7980.0
1931,2025-06-19,5311,2039,4,8,1680,0.0,1680.0
1932,2025-03-29,5260,1006,3,15,4800,480.0,4320.0
1933,2025-04-30,5268,2036,1,21,10920,0.0,10920.0
1934,2025-03-04,5379,1048,1,25,13000,1300.0,11700.0
1935,2025-02-19,5081,2017,1,13,6760,676.0,6084.0
1936,2025-03-29,5199,1028,4,15,3150,157.5,2992.5
1937,2025-03-09,5158,1005,4,19,3990,0.0,3990.0
1938,2025-01-21,5391,2036,2,14,5880,588.0,5292.0
1939,2025-05-28,5124,1026,1,2,1040,0.0,1040.0
1940,2025-06-13,5404,2039,3,16,5120,0.0,5120.0
1941,2025-02-03,5483,1050,3,4,1280,0.0,1280.0
1942,2025-06-20,5010,1025,4,4,840,42.0,798.0
1943,2025-06-27,5131,1026,4,7,1470,0.0,1470.0
1944,2025-02-07,5492,1030,1,17,8840,442.0,8398.0
1945,2025-04-02,5083,1046,1,7,3640,0.0,3640.0
1946,2025-06-26,5209,1021,1,12,6240,0.0,6240.0
1947,2025-05-26,5138,2014,2,5,2100,0.0,2100.0
1948,2025-02-19,5356,2028,1,17,8840,884.0,7956.0
1949,2025-02-11,5296,2019,1,3,1560,0.0,1560.0
1950,2025-06-28,5361,2029,2,3,1260,126.0,1134.0
1951,2025-03-22,5011,1011,4,15,3150,0.0,3150.0
1952,2025-06-03,5444,1058,1,3,1560,78.0,1482.0
1953,2025-03-15,5161,2026,2,24,10080,0.0,10080.0
1954,2025-03-26,5395,2040,4,6,1260,0.0,1260.0
1955,2025-05-30,5371,1004,3,12,3840,192.0,3648.0
1956,2025-03-03,5217,2003,2,20,8400,420.0,7980.0
1957,2025-06-08,5217,2021,3,3,960,0.0,960.0
1958,2025-02-12,5025,2008,3,15,4800,0.0,4800.0
1959,2025-02-25,5321,1056,1,8,4160,208.0,3952.0
1960,2025-02-17,5038,2030,1,6,3120,156.0,2964.0
1961,2025-02-08,5373,1020,2,23,9660,483.0,9177.0
1962,2025-04-23,5465,1015,4,1,210,10.5,199.5
1963,2025-03-14,5182,1041,4,14,2940,0.0,2940.0
1964,2025-02-01,5265,1001,1,20,10400,520.0,9880.0
1965,2025-04-21,5337,1058,2,21,8820,441.0,8379.0
1966,2025-04-22,5089,1011,4,2,420,42.0,378.0
1967,2025-02-05,5290,2015,1,12,6240,0.0,6240.0
1968,2025-04-20,5395,1017,3,6,1920,0.0,1920.0
1969,2025-05-06,5070,1046,2,1,420,0.0,420.0
1970,2025-01-08,5248,2022,1,6,3120,312.0,2808.0
1971,2025-02-19,5299,2030,4,12,2520,126.0,2394.0
1972,2025-05-04,5002,1013,3,10,3200,0.0,3200.0
1973,2025-05-30,5193,2038,3,17,5440,0.0,5440.0
1974,2025-01-01,5061,1049,4,7,1470,0.0,1470.0
1975,2025-05-01,5269,2040,2,6,2520,252.0,2268.0
1976,2025-05-29,5161,1020,1,17,8840,0.0,8840.0
1977,2025-05-25,5160,1033,3,23,7360,0.0,7360.0
1978,2025-06-04,5395,1059,3,9,2880,0.0,2880.0
1979,2025-02-14,5165,2009,1,5,2600,260.0,2340.0
1980,2025-04-05,5174,2029,2,11,4620,0.0,4620.0
1981,2025-03-31,5140,2022,2,2,840,0.0,840.0
1982,2025-05-30,5449,2007,1,20,10400,0.0,10400.0
1983,2025-01-06,5028,1041,2,9,3780,378.0,3402.0
1984,2025-03-13,5380,1035,1,22,11440,0.0,11440.0
1985,2025-05-02,5191,1023,2,4,1680,0.0,1680.0
1986,2025-03-19,5176,1008,4,19,3990,399.0,3591.0
1987,2025-05-10,5349,1029,2,8,3360,168.0,3192.0
1988,2025-04-20,5029,2038,4,20,4200,420.0,3780.0
1989,2025-02-15,5497,1012,1,14,7280,0.0,7280.0
1990,2025-05-19,5128,1012,2,23,9660,483.0,9177.0
1991,2025-01-29,5074,1022,3,25,8000,0.0,8000.0
1992,2025-05-07,5058,1016,1,15,7800,0.0,7800.0
1993,2025-02-19,5031,2040,2,3,1260,126.0,1134.0
1994,2025-06-27,5198,2023,2,7,2940,0.0,2940.0
1995,2025-05-17,5003,2036,2,7,2940,0.0,2940.0
1996,2025-05-12,5461,1018,4,21,4410,0.0,4410.0
1997,2025-01-26,5492,2008,2,5,2100,105.0,1995.0
1998,2025-06-30,5389,1027,1,2,1040,0.0,1040.0
1999,2025-02-05,5289,2023,2,21,8820,0.0,8820.0
2000,2025-05-01,5061,1001,3,9,2880,0.0,2880.0
2001,2025-06-05,5207,1052,1,5,2600,130.0,2470.0
2002,2025-06-01,5080,1040,3,15,4800,0.0,4800.0
2003,2025-02-28,5379,2027,1,21,10920,1092.0,9828.0
2004,2025-05-24,5050,2019,3,6,1920,192.0,1728.0
2005,2025-01-02,5002,1017,2,14,5880,588.0,5292.0
2006,2025-06-08,5004,1051,1,1,520,0.0,520.0
2007,2025-04-10,5131,1009,4,4,840,84.0,756.0
2008,2025-05-17,5131,2031,4,4,840,42.0,798.0
2009,2025-01-19,5005,2010,3,11,3520,0.0,3520.0
2010,2025-01-24,5021,2030,4,24,5040,252.0,4788.0
2011,2025-04-22,5382,1009,4,11,2310,115.5,2194.5
2012,2025-03-05,5336,2012,3,25,8000,0.0,8000.0
2013,2025-01-05,5103,2005,1,16,8320,0.0,8320.0
2014,2025-05-12,5494,1035,1,11,5720,286.0,5434.0
2015,2025-01-12,5151,1025,1,10,5200,520.0,4680.0
2016,2025-04-19,5417,1021,2,13,5460,273.0,5187.0
2017,2025-01-31,5214,2013,1,8,4160,0.0,4160.0
2018,2025-06-16,5299,1027,2,8,3360,0.0,3360.0
2019,2025-05-04,5497,2002,4,7,1470,73.5,1396.5
2020,2025-05-12,5423,2035,3,10,3200,0.0,3200.0
2021,2025-04-13,5259,2007,2,12,5040,504.0,4536.0
2022,2025-06-16,5024,2030,2,3,1260,0.0,1260.0
2023,2025-01-31,5225,2026,1,7,3640,0.0,3640.0
2024,2025-05-06,5242,1049,1,8,4160,0.0,4160.0
2025,2025-01-30,5059,2033,4,11,2310,231.0,2079.0
2026,2025-04-26,5004,1052,3,11,3520,0.0,3520.0
2027,2025-06-03,5417,1027,2,4,1680,84.0,1596.0
2028,2025-05-22,5133,1024,4,20,4200,420.0,3780.0
2029,2025-05-21,5101,1048,2,22,9240,0.0,9240.0
2030,2025-04-06,5354,2017,1,1,520,0.0,520.0
2031,2025-03-20,5231,1005,4,4,840,0.0,840.0
2032,2025-06-16,5078,2019,4,24,5040,0.0,5040.0
2033,2025-02-10,5453,1057,2,1,420,21.0,399.0
2034,2025-02-05,5237,2010,4,9,1890,0.0,1890.0
2035,2025-02-01,5470,1011,4,21,4410,0.0,4410.0
2036,2025-03-27,5245,1054,3,16,5120,0.0,5120.0
2037,2025-02-16,5386,1060,1,5,2600,0.0,2600.0
2038,2025-01-21,5280,1008,3,9,2880,0.0,2880.0
2039,2025-01-08,5424,1029,4,24,5040,0.0,5040.0
2040,2025-01-09,5300,1056,4,7,1470,147.0,1323.0
2041,2025-02-26,5453,1058,3,10,3200,0.0,3200.0
2042,2025-03-20,5126,1025,2,7,2940,0.0,2940.0
2043,2025-05-28,5388,1060,4,5,1050,52.5,997.5
2044,2025-05-26,5117,1055,4,7,1470,73.5,1396.5
2045,2025-01-30,5396,1010,3,11,3520,0.0,3520.0
2046,2025-04-09,5114,2028,1,6,3120,0.0,3120.0
2047,2025-04-15,5258,1025,4,8,1680,168.0,1512.0
2048,2025-05-02,5235,1044,1,24,12480,0.0,12480.0
2049,2025-03-08,5069,1043,1,14,7280,728.0,6552.0
2050,2025-02-22,5367,2016,1,6,3120,0.0,3120.0
2051,2025-06-25,5405,1051,2,15,6300,0.0,6300.0
2052,2025-02-18,5005,1032,3,18,5760,0.0,5760.0
2053,2025-04-07,5377,2026,2,23,9660,0.0,9660.0
2054,2025-05-22,5194,2023,1,21,10920,0.0,10920.0
2055,2025-05-09,5371,2023,1,6,3120,312.0,2808.0
2056,2025-02-23,5301,2015,4,12,2520,0.0,2520.0
2057,2025-06-10,5012,2033,4,5,1050,0.0,1050.0
2058,2025-06-02,5397,1026,3,10,3200,320.0,2880.0
2059,2025-01-22,5436,2005,4,20,4200,0.0,4200.0
2060,2025-05-22,5256,1024,4,10,2100,0.0,2100.0
2061,2025-02-02,5127,1001,1,8,4160,0.0,4160.0
2062,2025-03-03,5117,2021,4,8,1680,168.0,1512.0
2063,2025-01-11,5411,1042,4,23,4830,483.0,4347.0
2064,2025-06-07,5284,1036,2,22,9240,462.0,8778.0
2065,2025-01-01,5294,2028,2,2,840,84.0,756.0
2066,2025-01-23,5115,1002,4,24,5040,0.0,5040.0
2067,2025-04-02,5402,2010,4,10,2100,210.0,1890.0
2068,2025-05-03,5338,2002,2,12,5040,252.0,4788.0
2069,2025-06-13,5039,2011,1,14,7280,728.0,6552.0
2070,2025-04-24,5255,2026,1,21,10920,0.0,10920.0
2071,2025-03-13,5337,1016,2,8,3360,168.0,3192.0
2072,2025-04-15,5073,2027,4,25,5250,0.0,5250.0
2073,2025-03-16,5078,1054,2,20,8400,420.0,7980.0
2074,2025-05-07,5028,1041,2,8,3360,0.0,3360.0
2075,2025-05-06,5326,2011,2,19,7980,0.0,7980.0
2076,2025-06-27,5264,2013,1,16,8320,832.0,7488.0
2077,2025-05-12,5357,2036,2,17,7140,0.0,7140.0
2078,2025-01-06,5402,1022,1,17,8840,0.0,8840.0
2079,2025-03-16,5365,1024,2,20,8400,0.0,8400.0
2080,2025-03-02,5132,1040,2,14,5880,0.0,5880.0
2081,2025-05-26,5066,1002,3,6,1920,0.0,1920.0
2082,2025-01-06,5410,2004,2,15,6300,0.0,6300.0
2083,2025-04-05,5438,1033,4,12,2520,126.0,2394.0
2084,2025-01-21,5375,1060,1,16,8320,416.0,7904.0
2085,2025-02-16,5157,2022,2,25,10500,0.0,10500.0
2086,2025-02-20,5230,1003,2,8,3360,168.0,3192.0
2087,2025-03-30,5430,2028,3,8,2560,0.0,2560.0
2088,2025-01-21,5337,1043,3,14,4480,0.0,4480.0
2089,2025-04-09,5335,1042,2,22,9240,0.0,9240.0
2090,2025-02-01,5437,1035,2,12,5040,0.0,5040.0
2091,2025-05-14,5163,1053,3,17,5440,0.0,5440.0
2092,2025-02-01,5466,2023,1,8,4160,0.0,4160.0
2093,2025-05-01,5206,2037,3,15,4800,0.0,4800.0
2094,2025-05-22,5123,1050,3,22,7040,352.0,6688.0
2095,2025-03-05,5373,1027,3,8,2560,0.0,2560.0
2096,2025-05-30,5106,1021,3,18,5760,0.0,5760.0
2097,2025-06-10,5447,2032,1,13,6760,338.0,6422.0
2098,2025-05-09,5458,2033,3,22,7040,0.0,7040.0
2099,2025-03-05,5106,1052,2,18,7560,378.0,7182.0
2100,2025-01-03,5116,1017,4,24,5040,0.0,5040.0
2101,2025-05-23,5183,1036,3,12,3840,384.0,3456.0
2102,2025-02-11,5076,2011,3,23,7360,736.0,6624.0
2103,2025-05-23,5390,2037,4,8,1680,168.0,1512.0
2104,2025-03-27,5477,1035,2,22,9240,924.0,8316.0
2105,2025-05-28,5123,1058,3,12,3840,0.0,3840.0
2106,2025-05-19,5113,1051,4,17,3570,357.0,3213.0
2107,2025-06-07,5120,2034,4,3,630,0.0,630.0
2108,2025-04-09,5061,2005,4,16,3360,0.0,3360.0
2109,2025-02-04,5186,1042,2,20,8400,840.0,7560.0
2110,2025-03-19,5167,2010,2,8,3360,336.0,3024.0
2111,2025-04-11,5300,2026,4,10,2100,0.0,2100.0
2112,2025-03-14,5065,1037,2,17,7140,357.0,6783.0
2113,2025-04-08,5432,1033,4,16,3360,0.0,3360.0
2114,2025-06-25,5411,2040,4,12,2520,252.0,2268.0
2115,2025-03-13,5427,2017,3,19,6080,0.0,6080.0
2116,2025-03-12,5399,2013,1,15,7800,0.0,7800.0
2117,2025-03-29,5034,1021,2,17,7140,714.0,6426.0
2118,2025-03-04,5177,2026,4,21,4410,220.5,4189.5
2119,2025-05-05,5039,1021,4,12,2520,0.0,2520.0
2120,2025-03-03,5405,1032,1,11,5720,0.0,5720.0
2121,2025-02-14,5175,2031,1,21,10920,546.0,10374.0
2122,2025-03-02,5107,2040,2,8,3360,0.0,3360.0
2123,2025-01-09,5439,1024,3,23,7360,736.0,6624.0
2124,2025-04-04,5315,1025,1,3,1560,0.0,1560.0
2125,2025-06-19,5370,1008,4,2,420,21.0,399.0
2126,2025-05-31,5238,1058,1,24,12480,0.0,12480.0
2127,2025-03-12,5117,1020,4,9,1890,0.0,1890.0
2128,2025-01-29,5265,2018,2,13,5460,0.0,5460.0
2129,2025-03-03,5185,2026,4,20,4200,420.0,3780.0
2130,2025-05-12,5026,1059,4,25,5250,0.0,5250.0
2131,2025-05-04,5191,2008,1,5,2600,260.0,2340.0
2132,2025-06-06,5202,2024,3,1,320,0.0,320.0
2133,2025-05-05,5378,2007,1,6,3120,0.0,3120.0
2134,2025-02-09,5359,1009,1,14,7280,364.0,6916.0
2135,2025-04-04,5027,1048,1,6,3120,312.0,2808.0
2136,2025-06-24,5011,2016,4,13,2730,273.0,2457.0
2137,2025-01-01,5195,1013,1,25,13000,0.0,13000.0
2138,2025-01-31,5062,2017,4,14,2940,0.0,2940.0
2139,2025-03-07,5409,1001,2,1,420,0.0,420.0
2140,2025-03-01,5039,2009,1,23,11960,0.0,11960.0
2141,2025-06-07,5058,1042,1,3,1560,0.0,1560.0
2142,2025-03-21,5184,1041,1,11,5720,286.0,5434.0
2143,2025-01-14,5426,1054,1,20,10400,520.0,9880.0
2144,2025-06-05,5059,2030,4,21,4410,0.0,4410.0
2145,2025-06-24,5427,2004,3,20,6400,640.0,5760.0
2146,2025-03-19,5168,2037,3,18,5760,0.0,5760.0
2147,2025-02-13,5059,1007,3,20,6400,0.0,6400.0
2148,2025-06-23,5092,1036,1,6,3120,312.0,2808.0
2149,2025-05-31,5010,1013,4,8,1680,168.0,1512.0
2150,2025-02-02,5255,1032,2,14,5880,0.0,5880.0
2151,2025-04-14,5137,1026,1,23,11960,598.0,11362.0
2152,2025-06-20,5489,2038,2,21,8820,0.0,8820.0
2153,2025-02-15,5480,1015,1,11,5720,0.0,5720.0
2154,2025-02-15,5316,1005,3,15,4800,0.0,4800.0
2155,2025-02-21,5164,1049,2,13,5460,0.0,5460.0
2156,2025-05-13,5493,1015,4,23,4830,0.0,4830.0
2157,2025-02-11,5364,2033,2,19,7980,0.0,7980.0
2158,2025-05-30,5331,2006,4,22,4620,0.0,4620.0
2159,2025-03-19,5299,1031,2,24,10080,0.0,10080.0
2160,2025-02-06,5303,1017,4,22,4620,0.0,4620.0
2161,2025-04-23,5358,1039,2,19,7980,0.0,7980.0
2162,2025-01-27,5223,1043,2,15,6300,0.0,6300.0
2163,2025-04-04,5269,1039,2,21,8820,441.0,8379.0
2164,2025-05-21,5034,2020,3,16,5120,512.0,4608.0
2165,2025-03-20,5402,2038,2,9,3780,189.0,3591.0
2166,2025-05-16,5403,1022,3,9,2880,0.0,2880.0
2167,2025-02-15,5443,1053,1,16,8320,832.0,7488.0
2168,2025-01-17,5301,2008,2,17,7140,714.0,6426.0
2169,2025-04-04,5227,1023,4,2,420,0.0,420.0
2170,2025-03-18,5223,1023,1,8,4160,0.0,4160.0
2171,2025-02-17,5323,1028,4,21,4410,220.5,4189.5
2172,2025-03-01,5049,1049,2,11,4620,0.0,4620.0
2173,2025-05-04,5075,1009,4,7,1470,73.5,1396.5
2174,2025-01-14,5398,2018,1,4,2080,104.0,1976.0
2175,2025-01-09,5180,2023,2,16,6720,0.0,6720.0
2176,2025-03-19,5340,1052,2,23,9660,483.0,9177.0
2177,2025-01-29,5250,1057,4,6,1260,0.0,1260.0
2178,2025-04-24,5431,1006,4,17,3570,178.5,3391.5
2179,2025-05-03,5479,1051,2,10,4200,0.0,4200.0
2180,2025-02-16,5442,1037,2,11,4620,0.0,4620.0
2181,2025-01-13,5412,1046,1,24,12480,0.0,12480.0
2182,2025-06-27,5078,2014,2,16,6720,0.0,6720.0
2183,2025-03-29,5244,2015,2,21,8820,441.0,8379.0
2184,2025-05-30,5479,2037,3,12,3840,0.0,3840.0
2185,2025-01-26,5003,1004,4,17,3570,0.0,3570.0
2186,2025-04-07,5061,2035,3,3,960,0.0,960.0
2187,2025-02-10,5134,1048,3,21,6720,0.0,6720.0
2188,2025-06-06,5003,1054,1,13,6760,0.0,6760.0
2189,2025-03-21,5244,1007,3,25,8000,800.0,7200.0
2190,2025-02-05,5149,2026,2,12,5040,0.0,5040.0
2191,2025-03-07,5358,1005,3,24,7680,0.0,7680.0
2192,2025-04-11,5309,1002,3,14,4480,0.0,4480.0
2193,2025-04-15,5490,1047,2,18,7560,0.0,7560.0
2194,2025-01-05,5455,2034,4,18,3780,189.0,3591.0
2195,2025-01-03,5343,2011,2,12,5040,504.0,4536.0
2196,2025-04-16,5279,2032,4,16,3360,0.0,3360.0
2197,2025-06-02,5117,1047,3,18,5760,0.0,5760.0
2198,2025-03-17,5455,1047,4,7,1470,0.0,1470.0
2199,2025-03-04,5449,2020,4,23,4830,241.5,4588.5
2200,2025-04-18,5232,1020,1,5,2600,0.0,2600.0
2201,2025-03-26,5072,1046,2,17,7140,0.0,7140.0
2202,2025-01-05,5239,2029,3,12,3840,192.0,3648.0
2203,2025-03-02,5069,1041,1,23,11960,0.0,11960.0
2204,2025-06-30,5345,1015,3,8,2560,0.0,2560.0
2205,2025-06-12,5218,2022,3,14,4480,0.0,4480.0
2206,2025-02-10,5421,1021,3,12,3840,0.0,3840.0
2207,2025-01-19,5300,1049,1,4,2080,0.0,2080.0
2208,2025-04-29,5418,1031,3,5,1600,160.0,1440.0
2209,2025-01-01,5320,2030,1,8,4160,0.0,4160.0
2210,2025-02-02,5153,1036,1,24,12480,624.0,11856.0
2211,2025-05-12,5425,1040,4,14,2940,0.0,2940.0
2212,2025-06-05,5398,2012,4,24,5040,0.0,5040.0
2213,2025-05-22,5461,2017,3,21,6720,0.0,6720.0
2214,2025-06-16,5417,1041,2,10,4200,210.0,3990.0
2215,2025-04-20,5288,1015,1,6,3120,0.0,3120.0
2216,2025-03-04,5265,2023,2,2,840,0.0,840.0
2217,2025-01-12,5340,1060,3,6,1920,0.0,1920.0
2218,2025-04-13,5298,1054,3,14,4480,224.0,4256.0
2219,2025-03-26,5362,1027,4,12,2520,126.0,2394.0
2220,2025-01-15,5111,2014,2,7,2940,294.0,2646.0
2221,2025-01-27,5186,2010,3,11,3520,0.0,3520.0
2222,2025-06-02,5059,2005,3,23,7360,736.0,6624.0
2223,2025-04-08,5355,1051,2,25,10500,525.0,9975.0
2224,2025-06-17,5073,1008,2,24,10080,504.0,9576.0
2225,2025-06-13,5128,1011,1,25,13000,1300.0,11700.0
2226,2025-03-06,5276,2029,1,14,7280,0.0,7280.0
2227,2025-04-22,5040,2036,3,14,4480,0.0,4480.0
2228,2025-03-19,5279,2040,1,19,9880,494.0,9386.0
2229,2025-03-03,5475,1044,3,4,1280,0.0,1280.0
2230,2025-01-21,5497,1044,1,24,12480,0.0,12480.0
2231,2025-05-12,5278,2039,2,22,9240,924.0,8316.0
2232,2025-03-02,5321,2021,2,13,5460,273.0,5187.0
2233,2025-03-29,5127,2023,1,14,7280,728.0,6552.0
2234,2025-01-08,5147,2038,3,14,4480,224.0,4256.0
2235,2025-06-09,5467,2027,2,13,5460,546.0,4914.0
2236,2025-04-09,5170,2019,3,6,1920,192.0,1728.0
2237,2025-05-03,5257,1001,4,3,630,0.0,630.0
2238,2025-04-09,5077,1002,4,15,3150,0.0,3150.0
2239,2025-06-22,5327,2015,4,21,4410,0.0,4410.0
2240,2025-02-19,5117,1058,1,24,12480,0.0,12480.0
2241,2025-06-29,5234,1042,2,14,5880,0.0,5880.0
2242,2025-06-11,5322,1055,2,7,2940,147.0,2793.0
2243,2025-02-28,5363,1017,2,8,3360,0.0,3360.0
2244,2025-02-21,5439,2003,4,19,3990,0.0,3990.0
2245,2025-05-25,5346,1046,2,20,8400,0.0,8400.0
2246,2025-03-10,5392,1008,4,6,1260,0.0,1260.0
2247,2025-06-17,5012,2029,1,15,7800,0.0,7800.0
2248,2025-06-04,5290,2024,1,4,2080,208.0,1872.0
2249,2025-04-02,5407,2002,1,10,5200,520.0,4680.0
2250,2025-06-27,5350,2009,2,5,2100,0.0,2100.0
2251,2025-05-13,5004,2023,3,15,4800,0.0,4800.0
2252,2025-03-31,5297,2015,4,14,2940,0.0,2940.0
2253,2025-05-26,5388,2008,2,19,7980,0.0,7980.0
2254,2025-05-20,5397,1059,2,3,1260,0.0,1260.0
2255,2025-05-11,5219,1053,4,21,4410,0.0,4410.0
2256,2025-04-23,5260,2026,2,2,840,0.0,840.0
2257,2025-02-12,5195,1058,4,3,630,63.0,567.0
2258,2025-03-13,5448,2008,2,20,8400,420.0,7980.0
2259,2025-02-21,5453,2032,2,19,7980,0.0,7980.0
2260,2025-02-20,5186,1010,4,13,2730,0.0,2730.0
2261,2025-02-26,5366,1008,2,19,7980,0.0,7980.0
2262,2025-02-07,5318,2002,2,24,10080,1008.0,9072.0
2263,2025-04-09,5180,1023,2,7,2940,0.0,2940.0
2264,2025-01-30,5257,1032,1,15,7800,0.0,7800.0
2265,2025-04-28,5300,2010,2,15,6300,0.0,6300.0
2266,2025-05-31,5403,1039,2,20,8400,0.0,8400.0
2267,2025-05-23,5368,1057,2,5,2100,0.0,2100.0
2268,2025-04-14,5430,1035,2,17,7140,714.0,6426.0
2269,2025-06-25,5493,1002,4,5,1050,52.5,997.5
2270,2025-05-07,5036,2013,3,20,6400,640.0,5760.0
2271,2025-05-15,5480,1058,2,1,420,21.0,399.0
2272,2025-01-07,5264,1003,2,22,9240,0.0,9240.0
2273,2025-06-26,5275,2001,3,8,2560,0.0,2560.0
2274,2025-04-25,5411,1040,1,4,2080,0.0,2080.0
2275,2025-05-25,5364,2028,2,7,2940,0.0,2940.0
2276,2025-04-01,5124,1045,2,9,3780,189.0,3591.0
2277,2025-01-04,5079,1050,4,11,2310,0.0,2310.0
2278,2025-06-06,5269,1007,3,3,960,96.0,864.0
2279,2025-02-11,5117,2024,4,6,1260,63.0,1197.0
2280,2025-05-12,5112,2020,3,6,1920,192.0,1728.0
2281,2025-06-08,5242,1056,2,9,3780,378.0,3402.0
2282,2025-05-19,5480,1060,4,14,2940,0.0,2940.0
2283,2025-06-13,5433,2029,3,5,1600,0.0,1600.0
2284,2025-06-18,5418,1016,2,4,1680,0.0,1680.0
2285,2025-05-15,5385,2008,1,1,520,52.0,468.0
2286,2025-06-08,5274,2001,4,15,3150,157.5,2992.5
2287,2025-05-12,5100,1003,1,13,6760,0.0,6760.0
2288,2025-05-11,5001,2022,2,3,1260,126.0,1134.0
2289,2025-06-20,5496,2038,3,9,2880,0.0,2880.0
2290,2025-04-18,5387,2021,2,14,5880,0.0,5880.0
2291,2025-01-09,5426,1014,3,14,4480,0.0,4480.0
2292,2025-03-17,5095,2037,4,6,1260,0.0,1260.0
2293,2025-04-29,5094,1017,2,6,2520,252.0,2268.0
2294,2025-01-03,5455,1039,4,3,630,0.0,630.0
2295,2025-06-11,5170,1034,3,6,1920,0.0,1920.0
2296,2025-04-12,5320,2035,4,1,210,0.0,210.0
2297,2025-04-12,5067,2033,3,24,7680,384.0,7296.0
2298,2025-03-07,5358,1034,4,9,1890,94.5,1795.5
2299,2025-05-16,5341,1028,2,15,6300,315.0,5985.0
2300,2025-06-16,5360,1010,1,15,7800,780.0,7020.0
2301,2025-04-16,5255,2021,4,15,3150,315.0,2835.0
2302,2025-06-14,5452,2032,2,11,4620,0.0,4620.0
2303,2025-04-24,5405,1038,2,14,5880,294.0,5586.0
2304,2025-04-03,5198,1036,2,7,2940,147.0,2793.0
2305,2025-01-01,5158,2013,2,15,6300,630.0,5670.0
2306,2025-05-21,5497,1033,2,21,8820,0.0,8820.0
2307,2025-05-07,5294,2010,3,7,2240,0.0,2240.0
2308,2025-06-13,5214,1038,1,10,5200,0.0,5200.0
2309,2025-06-23,5071,1051,4,15,3150,0.0,3150.0
2310,2025-04-14,5199,2005,4,20,4200,420.0,3780.0
2311,2025-05-14,5155,1033,1,17,8840,0.0,8840.0
2312,2025-01-13,5248,1027,4,5,1050,0.0,1050.0
2313,2025-01-11,5454,2023,4,10,2100,105.0,1995.0
2314,2025-03-28,5336,1006,3,20,6400,320.0,6080.0
2315,2025-01-22,5429,1059,1,22,11440,572.0,10868.0
2316,2025-03-16,5412,2009,1,25,13000,0.0,13000.0
2317,2025-05-08,5258,2001,3,16,5120,0.0,5120.0
2318,2025-04-19,5027,2010,3,11,3520,0.0,3520.0
2319,2025-04-22,5251,2004,2,15,6300,0.0,6300.0
2320,2025-03-14,5352,1024,1,9,4680,0.0,4680.0
2321,2025-01-05,5231,2040,1,17,8840,884.0,7956.0
2322,2025-03-09,5240,2038,1,17,8840,0.0,8840.0
2323,2025-02-26,5471,2025,1,24,12480,0.0,12480.0
2324,2025-05-16,5460,2034,4,10,2100,0.0,2100.0
2325,2025-06-20,5361,1018,2,13,5460,0.0,5460.0
2326,2025-01-14,5392,1005,3,25,8000,0.0,8000.0
2327,2025-04-04,5494,1059,4,22,4620,231.0,4389.0
2328,2025-05-18,5045,1016,3,15,4800,0.0,4800.0
2329,2025-04-06,5266,2036,3,23,7360,0.0,7360.0
2330,2025-04-29,5470,1016,2,18,7560,378.0,7182.0
2331,2025-01-18,5151,2007,3,12,3840,0.0,3840.0
2332,2025-01-15,5116,2026,2,11,4620,0.0,4620.0
2333,2025-06-16,5045,1038,4,25,5250,525.0,4725.0
2334,2025-06-18,5437,1058,4,8,1680,0.0,1680.0
2335,2025-02-07,5431,1003,4,13,2730,136.5,2593.5
2336,2025-02-04,5349,1056,4,10,2100,210.0,1890.0
2337,2025-02-07,5434,1016,4,16,3360,0.0,3360.0
2338,2025-04-20,5231,2039,2,17,7140,0.0,7140.0
2339,2025-05-28,5033,2031,3,23,7360,368.0,6992.0
2340,2025-05-12,5301,1004,3,17,5440,272.0,5168.0
2341,2025-03-29,5319,2015,2,2,840,42.0,798.0
2342,2025-03-03,5027,1001,4,22,4620,0.0,4620.0
2343,2025-01-20,5160,2025,3,18,5760,288.0,5472.0
2344,2025-03-22,5013,2039,1,19,9880,0.0,9880.0
2345,2025-01-12,5219,2027,1,19,9880,988.0,8892.0
2346,2025-05-25,5430,1026,3,14,4480,0.0,4480.0
2347,2025-04-06,5118,2023,3,16,5120,0.0,5120.0
2348,2025-01-05,5098,2004,3,7,2240,112.0,2128.0
2349,2025-04-25,5455,2018,2,19,7980,0.0,7980.0
2350,2025-03-21,5185,1011,2,21,8820,882.0,7938.0
2351,2025-05-31,5468,1024,4,24,5040,0.0,5040.0
2352,2025-01-27,5321,2029,3,24,7680,0.0,7680.0
2353,2025-01-11,5482,1051,3,25,8000,0.0,8000.0
2354,2025-02-07,5276,1011,3,3,960,0.0,960.0
2355,2025-05-16,5238,1004,4,10,2100,0.0,2100.0
2356,2025-03-24,5144,2010,2,19,7980,798.0,7182.0
2357,2025-05-21,5086,2038,2,7,2940,0.0,2940.0
2358,2025-03-15,5142,1046,3,14,4480,448.0,4032.0
2359,2025-01-03,5048,1025,4,25,5250,525.0,4725.0
2360,2025-05-23,5394,1013,2,1,420,0.0,420.0
2361,2025-05-15,5262,1050,2,7,2940,0.0,2940.0
2362,2025-05-28,5431,1057,2,17,7140,0.0,7140.0
2363,2025-05-24,5054,1041,1,21,10920,0.0,10920.0
2364,2025-01-16,5328,1020,4,1,210,0.0,210.0
2365,2025-05-13,5010,2033,1,13,6760,0.0,6760.0
2366,2025-05-27,5297,1007,1,22,11440,1144.0,10296.0
2367,2025-02-20,5118,1037,4,18,3780,0.0,3780.0
2368,2025-06-23,5479,1003,2,24,10080,0.0,10080.0
2369,2025-06-12,5428,1035,1,19,9880,0.0,9880.0
2370,2025-02-12,5476,2011,3,3,960,96.0,864.0
2371,2025-01-07,5044,1013,4,16,3360,0.0,3360.0
2372,2025-01-10,5248,1028,4,12,2520,0.0,2520.0
2373,2025-02-03,5347,2039,2,20,8400,0.0,8400.0
2374,2025-02-23,5093,2002,3,9,2880,288.0,2592.0
2375,2025-06-29,5324,1024,2,11,4620,0.0,4620.0
2376,2025-05-09,5446,2037,4,10,2100,0.0,2100.0
2377,2025-04-27,5289,1049,3,8,2560,0.0,2560.0
2378,2025-06-18,5125,1001,1,23,11960,0.0,11960.0
2379,2025-04-14,5056,1038,3,7,2240,0.0,2240.0
2380,2025-06-13,5216,2036,2,14,5880,0.0,5880.0
2381,2025-01-31,5070,1016,4,2,420,0.0,420.0
2382,2025-03-09,5459,2040,4,9,1890,94.5,1795.5
2383,2025-04-17,5042,2014,2,25,10500,1050.0,9450.0
2384,2025-01-01,5031,2006,2,25,10500,525.0,9975.0
2385,2025-03-27,5161,2030,4,5,1050,105.0,945.0
2386,2025-04-23,5135,1059,3,12,3840,384.0,3456.0
2387,2025-02-16,5208,1059,1,9,4680,468.0,4212.0
2388,2025-04-01,5018,2031,1,16,8320,0.0,8320.0
2389,2025-05-05,5496,1035,4,6,1260,0.0,1260.0
2390,2025-04-12,5306,2028,2,17,7140,0.0,7140.0
2391,2025-05-25,5058,1053,2,11,4620,0.0,4620.0
2392,2025-03-28,5333,1045,3,8,2560,0.0,2560.0
2393,2025-01-31,5088,1056,1,9,4680,0.0,4680.0
2394,2025-04-13,5013,2017,1,14,7280,0.0,7280.0
2395,2025-04-23,5251,2013,1,4,2080,0.0,2080.0
2396,2025-03-28,5335,1019,3,16,5120,512.0,4608.0
2397,2025-06-16,5313,2031,2,13,5460,273.0,5187.0
2398,2025-05-28,5455,1010,4,19,3990,0.0,3990.0
2399,2025-05-25,5095,1056,2,12,5040,252.0,4788.0
2400,2025-06-16,5111,2036,1,6,3120,0.0,3120.0
2401,2025-04-17,5417,1037,3,9,2880,0.0,2880.0
2402,2025-02-05,5128,1049,1,24,12480,1248.0,11232.0
2403,2025-01-18,5058,1016,2,10,4200,0.0,4200.0
2404,2025-03-21,5151,1057,2,7,2940,0.0,2940.0
2405,2025-06-22,5052,1046,4,17,3570,0.0,3570.0
2406,2025-01-03,5468,1007,3,24,7680,0.0,7680.0
2407,2025-02-28,5481,1019,2,20,8400,420.0,7980.0
2408,2025-05-22,5114,1048,4,9,1890,0.0,1890.0
2409,2025-06-19,5206,1010,3,20,6400,0.0,6400.0
2410,2025-04-30,5028,1025,3,3,960,0.0,960.0
2411,2025-01-27,5277,2033,4,16,3360,336.0,3024.0
2412,2025-04-09,5300,1049,3,15,4800,0.0,4800.0
2413,2025-04-30,5021,2016,3,19,6080,0.0,6080.0
2414,2025-06-25,5302,2019,2,24,10080,0.0,10080.0
2415,2025-04-25,5434,1010,4,9,1890,0.0,1890.0
2416,2025-04-14,5388,2037,2,15,6300,0.0,6300.0
2417,2025-01-05,5400,2004,3,4,1280,0.0,1280.0
2418,2025-03-03,5420,1038,2,22,9240,0.0,9240.0
2419,2025-02-11,5378,1015,2,20,8400,0.0,8400.0
2420,2025-06-18,5079,1004,2,22,9240,924.0,8316.0
2421,2025-03-01,5305,1053,4,12,2520,252.0,2268.0
2422,2025-04-08,5377,1037,1,12,6240,0.0,6240.0
2423,2025-03-04,5227,1037,3,16,5120,0.0,5120.0
2424,2025-01-18,5309,1053,2,22,9240,462.0,8778.0
2425,2025-05-10,5107,2037,4,17,3570,0.0,3570.0
2426,2025-04-23,5475,2026,3,8,2560,0.0,2560.0
2427,2025-02-17,5116,1040,4,7,1470,73.5,1396.5
2428,2025-06-27,5188,1049,3,19,6080,0.0,6080.0
2429,2025-01-28,5181,1026,2,8,3360,0.0,3360.0
2430,2025-01-06,5230,2032,3,14,4480,448.0,4032.0
2431,2025-05-23,5008,2036,4,15,3150,157.5,2992.5
2432,2025-01-15,5093,2009,2,19,7980,399.0,7581.0
2433,2025-06-10,5441,1033,4,9,1890,0.0,1890.0
2434,2025-05-27,5162,1008,4,1,210,0.0,210.0
2435,2025-05-24,5344,1059,1,4,2080,0.0,2080.0
2436,2025-02-13,5166,1046,1,17,8840,0.0,8840.0
2437,2025-01-08,5283,1008,2,4,1680,0.0,1680.0
2438,2025-04-27,5014,1011,3,12,3840,192.0,3648.0
2439,2025-04-08,5237,2006,4,19,3990,199.5,3790.5
2440,2025-04-26,5395,1019,3,1,320,0.0,320.0
2441,2025-05-26,5454,1007,2,7,2940,0.0,2940.0
2442,2025-04-27,5104,2018,2,20,8400,0.0,8400.0
2443,2025-05-14,5043,1036,4,16,3360,0.0,3360.0
2444,2025-05-11,5187,2019,1,8,4160,0.0,4160.0
2445,2025-02-14,5339,2029,1,3,1560,78.0,1482.0
2446,2025-05-27,5085,2003,3,21,6720,336.0,6384.0
2447,2025-01-14,5400,1012,1,24,12480,0.0,12480.0
2448,2025-02-06,5421,2034,3,10,3200,320.0,2880.0
2449,2025-06-14,5121,1010,4,19,3990,0.0,3990.0
2450,2025-03-15,5295,2035,4,6,1260,63.0,1197.0
2451,2025-06-28,5180,2020,4,1,210,21.0,189.0
2452,2025-06-04,5307,1039,3,13,4160,0.0,4160.0
2453,2025-06-19,5148,1032,1,9,4680,0.0,4680.0
2454,2025-01-28,5374,1036,4,2,420,0.0,420.0
2455,2025-05-14,5161,1027,1,20,10400,520.0,9880.0
2456,2025-06-20,5134,2023,1,11,5720,0.0,5720.0
2457,2025-01-10,5269,1007,1,7,3640,0.0,3640.0
2458,2025-05-30,5084,2012,3,10,3200,160.0,3040.0
2459,2025-05-31,5351,1015,1,12,6240,0.0,6240.0
2460,2025-06-05,5211,2025,4,12,2520,126.0,2394.0
2461,2025-02-22,5420,2024,3,3,960,0.0,960.0
2462,2025-06-14,5006,1002,4,17,3570,0.0,3570.0
2463,2025-02-13,5417,1024,4,20,4200,0.0,4200.0
2464,2025-05-02,5015,1055,2,25,10500,1050.0,9450.0
2465,2025-03-12,5077,1002,4,5,1050,0.0,1050.0
2466,2025-04-09,5097,2030,4,20,4200,0.0,4200.0
2467,2025-05-20,5465,2039,4,15,3150,0.0,3150.0
2468,2025-05-30,5187,2026,4,19,3990,199.5,3790.5
2469,2025-03-02,5164,2018,3,23,7360,736.0,6624.0
2470,2025-04-07,5433,1028,2,13,5460,273.0,5187.0
2471,2025-01-17,5107,2038,2,3,1260,0.0,1260.0
2472,2025-06-09,5220,1019,4,18,3780,0.0,3780.0
2473,2025-02-03,5111,1033,4,25,5250,262.5,4987.5
2474,2025-06-03,5176,1024,1,17,8840,0.0,8840.0
2475,2025-05-29,5172,1033,3,8,2560,256.0,2304.0
2476,2025-03-23,5035,1034,1,12,6240,312.0,5928.0
2477,2025-03-06,5364,1053,3,14,4480,0.0,4480.0
2478,2025-03-01,5057,1048,1,24,12480,624.0,11856.0
2479,2025-03-07,5054,1016,2,6,2520,0.0,2520.0
2480,2025-01-01,5410,1043,2,25,10500,0.0,10500.0
2481,2025-02-07,5248,1035,3,14,4480,0.0,4480.0
2482,2025-03-27,5368,1021,1,12,6240,0.0,6240.0
2483,2025-06-16,5321,1003,2,11,4620,0.0,4620.0
2484,2025-06-25,5292,2027,4,5,1050,105.0,945.0
2485,2025-06-10,5043,2023,3,4,1280,0.0,1280.0
2486,2025-04-06,5436,1004,3,17,5440,0.0,5440.0
2487,2025-05-23,5430,1056,1,2,1040,0.0,1040.0
2488,2025-03-08,5477,1019,3,19,6080,608.0,5472.0
2489,2025-04-29,5218,1050,3,15,4800,0.0,4800.0
2490,2025-03-02,5231,2022,2,2,840,84.0,756.0
2491,2025-02-10,5294,1054,2,14,5880,0.0,5880.0
2492,2025-03-19,5044,1039,4,7,1470,0.0,1470.0
2493,2025-04-11,5228,1043,4,18,3780,0.0,3780.0
2494,2025-05-22,5196,1035,1,15,7800,390.0,7410.0
2495,2025-04-10,5318,1040,4,24,5040,504.0,4536.0
2496,2025-01-02,5120,2002,4,19,3990,0.0,3990.0
2497,2025-03-25,5149,1029,3,18,5760,0.0,5760.0
2498,2025-03-27,5428,1024,4,20,4200,0.0,4200.0
2499,2025-04-12,5159,2037,3,24,7680,384.0,7296.0
2500,2025-02-15,5080,1017,1,21,10920,0.0,10920.0
2501,2025-06-19,5010,1028,4,20,4200,0.0,4200.0
2502,2025-05-02,5403,1007,2,12,5040,252.0,4788.0
2503,2025-02-20,5045,2035,2,3,1260,0.0,1260.0
2504,2025-01-21,5441,2023,3,25,8000,400.0,7600.0
2505,2025-03-09,5149,1060,3,15,4800,480.0,4320.0
2506,2025-01-08,5285,2014,2,17,7140,0.0,7140.0
2507,2025-02-08,5233,1036,3,10,3200,0.0,3200.0
2508,2025-05-18,5377,1001,1,25,13000,0.0,13000.0
2509,2025-01-11,5195,1023,2,23,9660,0.0,9660.0
2510,2025-01-01,5067,2023,4,4,840,0.0,840.0
2511,2025-03-18,5282,2006,3,20,6400,640.0,5760.0
2512,2025-01-23,5336,1045,4,7,1470,0.0,1470.0
2513,2025-02-26,5420,1025,4,17,3570,0.0,3570.0
2514,2025-05-20,5489,1015,3,14,4480,0.0,4480.0
2515,2025-03-02,5170,1046,2,9,3780,378.0,3402.0
2516,2025-03-01,5376,1044,4,13,2730,0.0,2730.0
2517,2025-06-13,5457,1023,2,22,9240,462.0,8778.0
2518,2025-03-11,5165,2030,1,22,11440,0.0,11440.0
2519,2025-02-05,5389,1055,2,24,10080,504.0,9576.0
2520,2025-05-07,5329,1046,4,18,3780,0.0,3780.0
2521,2025-03-19,5297,2032,3,10,3200,0.0,3200.0
2522,2025-04-22,5004,1010,4,6,1260,126.0,1134.0
2523,2025-03-09,5005,2033,3,11,3520,176.0,3344.0
2524,2025-05-13,5019,1021,4,12,2520,0.0,2520.0
2525,2025-06-28,5481,1045,3,20,6400,0.0,6400.0
2526,2025-02-04,5161,1011,1,24,12480,0.0,12480.0
2527,2025-04-16,5391,1057,2,4,1680,0.0,1680.0
2528,2025-04-15,5428,1028,2,15,6300,0.0,6300.0
2529,2025-06-06,5064,1024,2,24,10080,504.0,9576.0
2530,2025-04-04,5428,1026,2,16,6720,0.0,6720.0
2531,2025-02-15,5036,2021,2,13,5460,546.0,4914.0
2532,2025-05-17,5330,1049,3,16,5120,0.0,5120.0
2533,2025-03-12,5027,1020,3,7,2240,224.0,2016.0
2534,2025-05-21,5151,1016,3,15,4800,240.0,4560.0
2535,2025-05-13,5467,1019,3,14,4480,224.0,4256.0
2536,2025-04-09,5366,2033,2,22,9240,462.0,8778.0
2537,2025-05-15,5281,2031,4,25,5250,0.0,5250.0
2538,2025-06-25,5256,1007,2,5,2100,0.0,2100.0
2539,2025-03-18,5094,1060,4,22,4620,0.0,4620.0
2540,2025-02-12,5495,1014,2,5,2100,0.0,2100.0
2541,2025-06-22,5161,1039,1,25,13000,0.0,13000.0
2542,2025-06-20,5388,2001,4,21,4410,0.0,4410.0
2543,2025-04-04,5223,1058,4,5,1050,0.0,1050.0
2544,2025-04-07,5304,1046,4,17,3570,0.0,3570.0
2545,2025-06-22,5394,1013,3,3,960,0.0,960.0
2546,2025-01-09,5448,1038,3,22,7040,0.0,7040.0
2547,2025-02-24,5406,2037,3,4,1280,64.0,1216.0
2548,2025-01-27,5345,1030,2,5,2100,0.0,2100.0
2549,2025-06-11,5150,1030,3,24,7680,384.0,7296.0
2550,2025-04-20,5333,2005,3,15,4800,0.0,4800.0
2551,2025-02-09,5324,1015,1,17,8840,0.0,8840.0
2552,2025-05-10,5235,1030,4,19,3990,199.5,3790.5
2553,2025-04-25,5402,1050,4,2,420,42.0,378.0
2554,2025-04-04,5475,1043,1,10,5200,0.0,5200.0
2555,2025-05-06,5452,1053,3,12,3840,192.0,3648.0
2556,2025-04-18,5195,2014,4,1,210,0.0,210.0
2557,2025-02-13,5371,1036,4,17,3570,357.0,3213.0
2558,2025-04-18,5376,1056,1,3,1560,0.0,1560.0
2559,2025-04-13,5429,1049,2,13,5460,0.0,5460.0
2560,2025-02-02,5369,1039,1,16,8320,832.0,7488.0
2561,2025-03-29,5448,1027,1,9,4680,0.0,4680.0
2562,2025-02-24,5469,2005,3,17,5440,0.0,5440.0
2563,2025-02-06,5325,1015,3,5,1600,160.0,1440.0
2564,2025-04-09,5119,1025,4,15,3150,0.0,3150.0
2565,2025-03-04,5056,2009,2,6,2520,0.0,2520.0
2566,2025-02-25,5459,1006,1,4,2080,0.0,2080.0
2567,2025-05-11,5145,1034,4,12,2520,252.0,2268.0
2568,2025-05-19,5279,2013,4,8,1680,0.0,1680.0
2569,2025-04-27,5079,1055,3,6,1920,0.0,1920.0
2570,2025-02-21,5226,2017,2,18,7560,756.0,6804.0
2571,2025-02-08,5371,2029,2,9,3780,189.0,3591.0
2572,2025-01-04,5295,2037,4,18,3780,0.0,3780.0
2573,2025-04-19,5271,1009,3,10,3200,0.0,3200.0
2574,2025-03-29,5341,2038,2,3,1260,0.0,1260.0
2575,2025-02-21,5032,1001,3,11,3520,352.0,3168.0
2576,2025-03-11,5120,2040,2,15,6300,630.0,5670.0
2577,2025-02-16,5300,1002,4,7,1470,0.0,1470.0
2578,2025-04-17,5226,1045,4,18,3780,189.0,3591.0
2579,2025-06-21,5067,2005,4,7,1470,147.0,1323.0
2580,2025-04-12,5287,2026,1,1,520,0.0,520.0
2581,2025-01-13,5091,1001,3,9,2880,0.0,2880.0
2582,2025-05-14,5342,1005,3,12,3840,384.0,3456.0
2583,2025-02-03,5004,1027,1,10,5200,0.0,5200.0
2584,2025-05-20,5040,2020,4,1,210,21.0,189.0
2585,2025-02-11,5142,1013,3,20,6400,0.0,6400.0
2586,2025-03-26,5282,1035,3,12,3840,192.0,3648.0
2587,2025-04-27,5171,2003,2,22,9240,0.0,9240.0
2588,2025-03-26,5015,2025,1,14,7280,364.0,6916.0
2589,2025-04-16,5323,1020,2,15,6300,0.0,6300.0
2590,2025-02-25,5216,1012,2,5,2100,0.0,2100.0
2591,2025-04-13,5167,1013,2,15,6300,0.0,6300.0
2592,2025-05-07,5368,2016,2,7,2940,0.0,2940.0
2593,2025-04-08,5025,1058,2,4,1680,84.0,1596.0
2594,2025-06-27,5463,1052,2,24,10080,0.0,10080.0
2595,2025-05-28,5062,1012,3,6,1920,0.0,1920.0
2596,2025-02-22,5055,2036,4,19,3990,0.0,3990.0
2597,2025-02-08,5389,1037,1,9,4680,234.0,4446.0
2598,2025-06-14,5340,1031,4,1,210,21.0,189.0
2599,2025-05-11,5086,1004,3,9,2880,0.0,2880.0
2600,2025-03-03,5490,1031,2,2,840,42.0,798.0
2601,2025-02-16,5492,1014,4,15,3150,0.0,3150.0
2602,2025-06-15,5121,1040,3,8,2560,0.0,2560.0
2603,2025-01-02,5301,2022,1,25,13000,0.0,13000.0
2604,2025-03-07,5293,2011,1,15,7800,0.0,7800.0
2605,2025-01-24,5478,2005,4,23,4830,483.0,4347.0
2606,2025-05-15,5246,1051,2,11,4620,0.0,4620.0
2607,2025-01-20,5435,1014,2,8,3360,0.0,3360.0
2608,2025-01-12,5026,1027,2,7,2940,147.0,2793.0
2609,2025-04-26,5175,2025,2,24,10080,1008.0,9072.0
2610,2025-06-27,5332,2029,1,7,3640,0.0,3640.0
2611,2025-01-27,5380,2040,3,2,640,32.0,608.0
2612,2025-02-21,5387,2038,4,16,3360,0.0,3360.0
2613,2025-01-14,5331,2012,1,12,6240,0.0,6240.0
2614,2025-03-16,5323,2020,1,18,9360,936.0,8424.0
2615,2025-02-08,5087,1042,3,6,1920,0.0,1920.0
2616,2025-02-10,5101,1037,4,7,1470,73.5,1396.5
2617,2025-05-27,5342,2025,1,3,1560,0.0,1560.0
2618,2025-05-07,5403,2011,1,10,5200,260.0,4940.0
2619,2025-03-29,5223,1038,4,25,5250,0.0,5250.0
2620,2025-03-03,5337,1023,1,15,7800,780.0,7020.0
2621,2025-01-03,5036,2035,2,22,9240,0.0,9240.0
2622,2025-01-20,5075,1036,3,14,4480,0.0,4480.0
2623,2025-03-27,5455,1043,2,5,2100,0.0,2100.0
2624,2025-05-09,5219,1033,1,15,7800,0.0,7800.0
2625,2025-05-06,5048,1050,2,1,420,42.0,378.0
2626,2025-03-05,5012,2013,2,14,5880,0.0,5880.0
2627,2025-05-03,5356,2015,4,11,2310,0.0,2310.0
2628,2025-01-20,5242,2036,1,10,5200,260.0,4940.0
2629,2025-03-21,5001,1056,4,6,1260,0.0,1260.0
2630,2025-06-18,5409,1036,1,3,1560,156.0,1404.0
2631,2025-06-14,5028,1024,3,6,1920,0.0,1920.0
2632,2025-05-19,5372,1034,4,16,3360,0.0,3360.0
2633,2025-06-17,5380,1012,1,1,520,26.0,494.0
2634,2025-03-18,5174,1021,3,2,640,32.0,608.0
2635,2025-06-05,5277,1024,4,19,3990,0.0,3990.0
2636,2025-02-19,5373,2005,1,17,8840,884.0,7956.0
2637,2025-06-20,5037,1019,3,8,2560,0.0,2560.0
2638,2025-04-03,5459,1023,1,4,2080,104.0,1976.0
2639,2025-04-19,5056,1030,3,22,7040,0.0,7040.0
2640,2025-02-15,5005,1025,3,2,640,32.0,608.0
2641,2025-06-29,5341,2014,3,5,1600,0.0,1600.0
2642,2025-03-30,5303,1005,4,24,5040,252.0,4788.0
2643,2025-03-19,5166,2023,4,7,1470,0.0,1470.0
2644,2025-01-11,5092,2029,3,25,8000,400.0,7600.0
2645,2025-02-25,5124,2029,1,2,1040,104.0,936.0
2646,2025-03-27,5414,1020,2,8,3360,0.0,3360.0
2647,2025-04-27,5275,2021,1,7,3640,364.0,3276.0
2648,2025-02-22,5438,2038,1,1,520,0.0,520.0
2649,2025-01-04,5388,2015,4,19,3990,199.5,3790.5
2650,2025-04-09,5381,2001,2,10,4200,0.0,4200.0
2651,2025-03-18,5065,1008,1,9,4680,0.0,4680.0
2652,2025-03-25,5146,1023,4,23,4830,0.0,4830.0
2653,2025-05-01,5098,2029,3,10,3200,320.0,2880.0
2654,2025-05-14,5422,1040,4,12,2520,0.0,2520.0
2655,2025-05-10,5127,1016,2,21,8820,0.0,8820.0
2656,2025-01-19,5267,2020,4,9,1890,0.0,1890.0
2657,2025-04-22,5177,1011,2,15,6300,315.0,5985.0
2658,2025-02-05,5024,2039,3,25,8000,0.0,8000.0
2659,2025-02-10,5279,2013,3,12,3840,0.0,3840.0
2660,2025-06-03,5197,2029,1,15,7800,0.0,7800.0
2661,2025-06-19,5011,1046,1,11,5720,0.0,5720.0
2662,2025-05-26,5164,2024,3,22,7040,0.0,7040.0
2663,2025-01-16,5045,2025,1,5,2600,130.0,2470.0
2664,2025-01-25,5198,1019,1,11,5720,0.0,5720.0
2665,2025-04-08,5363,1040,4,5,1050,52.5,997.5
2666,2025-01-10,5252,1056,1,23,11960,0.0,11960.0
2667,2025-05-28,5238,2001,3,6,1920,0.0,1920.0
2668,2025-03-29,5082,2002,4,11,2310,0.0,2310.0
2669,2025-01-14,5171,1023,2,16,6720,0.0,6720.0
2670,2025-04-02,5156,1047,1,24,12480,1248.0,11232.0
2671,2025-03-15,5285,1054,2,12,5040,0.0,5040.0
2672,2025-04-05,5427,2037,2,6,2520,252.0,2268.0
2673,2025-01-03,5374,1053,3,17,5440,272.0,5168.0
2674,2025-05-15,5402,2009,4,18,3780,189.0,3591.0
2675,2025-04-12,5125,1041,4,9,1890,0.0,1890.0
2676,2025-04-24,5108,1011,3,2,640,0.0,640.0
2677,2025-03-09,5496,1016,1,4,2080,0.0,2080.0
2678,2025-01-05,5009,1041,3,17,5440,0.0,5440.0
2679,2025-04-23,5162,2017,3,16,5120,256.0,4864.0
2680,2025-06-02,5168,1037,2,25,10500,0.0,10500.0
2681,2025-06-01,5076,2019,3,2,640,0.0,640.0
2682,2025-06-07,5201,2002,4,12,2520,252.0,2268.0
2683,2025-02-09,5358,1007,1,3,1560,78.0,1482.0
2684,2025-01-09,5383,2013,4,21,4410,0.0,4410.0
2685,2025-04-14,5283,2010,1,7,3640,0.0,3640.0
2686,2025-03-27,5145,2010,3,14,4480,0.0,4480.0
2687,2025-04-27,5255,1060,3,6,1920,0.0,1920.0
2688,2025-05-28,5460,2029,3,11,3520,0.0,3520.0
2689,2025-06-02,5270,2023,4,10,2100,0.0,2100.0
2690,2025-02-01,5376,1043,3,24,7680,0.0,7680.0
2691,2025-05-06,5376,1031,1,11,5720,0.0,5720.0
2692,2025-01-14,5492,1031,3,17,5440,0.0,5440.0
2693,2025-04-14,5440,1002,4,17,3570,0.0,3570.0
2694,2025-06-02,5108,2016,4,11,2310,0.0,2310.0
2695,2025-04-17,5001,1045,1,21,10920,0.0,10920.0
2696,2025-05-29,5153,1004,4,18,3780,378.0,3402.0
2697,2025-05-27,5220,1058,2,7,2940,0.0,2940.0
2698,2025-06-01,5184,1049,1,23,11960,598.0,11362.0
2699,2025-05-27,5309,2013,3,13,4160,0.0,4160.0
2700,2025-05-05,5401,1025,1,16,8320,832.0,7488.0
2701,2025-05-04,5500,1026,1,7,3640,0.0,3640.0
2702,2025-01-22,5074,1039,4,2,420,0.0,420.0
2703,2025-04-24,5391,1018,4,3,630,63.0,567.0
2704,2025-04-04,5302,2025,2,17,7140,714.0,6426.0
2705,2025-03-19,5281,1009,2,22,9240,0.0,9240.0
2706,2025-04-17,5046,1002,3,2,640,0.0,640.0
2707,2025-04-21,5412,2008,4,23,4830,0.0,4830.0
2708,2025-03-23,5258,1015,1,5,2600,130.0,2470.0
2709,2025-04-28,5172,1009,1,17,8840,0.0,8840.0
2710,2025-02-07,5322,1029,4,20,4200,210.0,3990.0
2711,2025-01-04,5474,2010,3,6,1920,0.0,1920.0
2712,2025-06-10,5417,1059,2,6,2520,0.0,2520.0
2713,2025-02-18,5447,1042,4,14,2940,0.0,2940.0
2714,2025-04-16,5398,1024,2,25,10500,0.0,10500.0
2715,2025-05-16,5222,2029,1,7,3640,0.0,3640.0
2716,2025-06-25,5266,2009,3,1,320,32.0,288.0
2717,2025-02-09,5207,1007,1,25,13000,0.0,13000.0
2718,2025-06-26,5039,1023,1,8,4160,0.0,4160.0
2719,2025-02-02,5386,1054,3,7,2240,224.0,2016.0
2720,2025-06-09,5358,1060,2,14,5880,588.0,5292.0
2721,2025-05-21,5060,2009,4,4,840,0.0,840.0
2722,2025-01-15,5333,1015,4,1,210,0.0,210.0
2723,2025-01-30,5458,2011,1,11,5720,572.0,5148.0
2724,2025-02-06,5071,1001,2,5,2100,0.0,2100.0
2725,2025-06-28,5250,2037,4,10,2100,210.0,1890.0
2726,2025-04-22,5229,1007,2,9,3780,0.0,3780.0
2727,2025-05-10,5312,1025,1,9,4680,0.0,4680.0
2728,2025-05-07,5219,2039,3,8,2560,0.0,2560.0
2729,2025-05-29,5064,1039,4,8,1680,0.0,1680.0
2730,2025-02-25,5120,2015,3,6,1920,0.0,1920.0
2731,2025-01-15,5407,2010,1,13,6760,0.0,6760.0
2732,2025-03-24,5382,2015,3,1,320,0.0,320.0
2733,2025-03-20,5326,2022,3,3,960,0.0,960.0
2734,2025-02-24,5341,1056,3,3,960,0.0,960.0
2735,2025-04-19,5282,1009,4,25,5250,0.0,5250.0
2736,2025-02-24,5385,1026,3,9,2880,288.0,2592.0
2737,2025-05-23,5259,2030,1,24,12480,1248.0,11232.0
2738,2025-06-27,5244,2023,2,16,6720,672.0,6048.0
2739,2025-02-19,5215,2015,4,7,1470,0.0,1470.0
2740,2025-05-01,5404,2015,3,6,1920,0.0,1920.0
2741,2025-04-26,5001,1048,3,22,7040,0.0,7040.0
2742,2025-01-18,5309,1057,2,2,840,0.0,840.0
2743,2025-06-04,5128,2040,1,17,8840,0.0,8840.0
2744,2025-05-30,5035,2027,2,2,840,84.0,756.0
2745,2025-01-13,5404,2037,1,9,4680,0.0,4680.0
2746,2025-04-13,5307,1007,2,14,5880,0.0,5880.0
2747,2025-01-21,5261,1016,2,1,420,0.0,420.0
2748,2025-01-30,5472,1055,3,18,5760,0.0,5760.0
2749,2025-05-27,5033,1035,2,5,2100,0.0,2100.0
2750,2025-01-19,5240,2017,2,6,2520,252.0,2268.0
2751,2025-05-10,5498,2021,4,3,630,0.0,630.0
2752,2025-03-05,5280,1020,1,22,11440,0.0,11440.0
2753,2025-05-28,5145,2010,4,10,2100,210.0,1890.0
2754,2025-03-20,5408,1057,1,19,9880,0.0,9880.0
2755,2025-04-04,5244,2027,1,11,5720,286.0,5434.0
2756,2025-03-05,5470,1031,1,7,3640,0.0,3640.0
2757,2025-05-01,5132,1002,4,24,5040,252.0,4788.0
2758,2025-05-20,5059,1008,1,20,10400,0.0,10400.0
2759,2025-06-10,5196,1024,1,22,11440,1144.0,10296.0
2760,2025-01-20,5087,1052,3,2,640,0.0,640.0
2761,2025-06-06,5022,2020,1,16,8320,0.0,8320.0
2762,2025-04-23,5271,2015,4,10,2100,0.0,2100.0
2763,2025-01-23,5202,1059,3,21,6720,0.0,6720.0
2764,2025-05-01,5277,2028,3,24,7680,384.0,7296.0
2765,2025-02-17,5353,1037,1,21,10920,0.0,10920.0
2766,2025-03-31,5354,2013,1,17,8840,0.0,8840.0
2767,2025-03-21,5216,1059,2,7,2940,294.0,2646.0
2768,2025-01-25,5096,2033,3,12,3840,0.0,3840.0
2769,2025-04-11,5188,1006,4,6,1260,0.0,1260.0
2770,2025-06-22,5179,1006,1,17,8840,884.0,7956.0
2771,2025-03-31,5329,2034,4,18,3780,0.0,3780.0
2772,2025-04-17,5393,1058,4,23,4830,0.0,4830.0
2773,2025-06-15,5072,2024,3,11,3520,0.0,3520.0
2774,2025-03-23,5409,1026,2,22,9240,924.0,8316.0
2775,2025-02-26,5324,2019,3,7,2240,0.0,2240.0
2776,2025-05-19,5322,1055,4,12,2520,0.0,2520.0
2777,2025-03-20,5389,1060,2,25,10500,1050.0,9450.0
2778,2025-03-25,5443,1043,1,14,7280,364.0,6916.0
2779,2025-05-11,5239,1028,3,16,5120,0.0,5120.0
2780,2025-03-17,5006,2032,2,10,4200,210.0,3990.0
2781,2025-01-27,5152,2028,4,7,1470,0.0,1470.0
2782,2025-04-11,5012,1057,1,21,10920,0.0,10920.0
2783,2025-03-21,5458,1053,4,7,1470,73.5,1396.5
2784,2025-04-09,5174,1003,3,8,2560,256.0,2304.0
2785,2025-01-26,5360,2027,1,4,2080,0.0,2080.0
2786,2025-06-06,5392,1046,2,19,7980,0.0,7980.0
2787,2025-06-01,5462,1015,1,6,3120,156.0,2964.0
2788,2025-05-22,5312,2023,3,15,4800,0.0,4800.0
2789,2025-01-29,5393,1041,1,14,7280,0.0,7280.0
2790,2025-04-06,5197,1055,4,14,2940,0.0,2940.0
2791,2025-01-22,5303,1005,4,6,1260,0.0,1260.0
2792,2025-03-07,5266,1011,1,18,9360,0.0,9360.0
2793,2025-05-15,5116,1025,2,23,9660,483.0,9177.0
2794,2025-02-20,5341,1030,1,25,13000,650.0,12350.0
2795,2025-05-15,5349,2011,4,13,2730,0.0,2730.0
2796,2025-01-23,5447,1025,4,3,630,0.0,630.0
2797,2025-04-10,5473,2003,2,7,2940,294.0,2646.0
2798,2025-01-29,5352,1006,4,4,840,42.0,798.0
2799,2025-05-31,5068,1016,1,21,10920,0.0,10920.0
2800,2025-02-16,5065,2018,4,16,3360,0.0,3360.0
2801,2025-03-13,5373,1015,1,7,3640,364.0,3276.0
2802,2025-06-01,5115,1048,3,14,4480,0.0,4480.0
2803,2025-01-24,5032,1021,3,20,6400,320.0,6080.0
2804,2025-01-17,5429,2012,3,10,3200,0.0,3200.0
2805,2025-06-06,5359,1052,2,11,4620,0.0,4620.0
2806,2025-01-16,5291,2027,2,20,8400,0.0,8400.0
2807,2025-02-27,5276,2009,3,21,6720,0.0,6720.0
2808,2025-05-13,5277,2011,1,22,11440,572.0,10868.0
2809,2025-03-18,5306,2026,2,8,3360,336.0,3024.0
2810,2025-05-01,5298,1003,4,4,840,84.0,756.0
2811,2025-03-22,5422,2030,3,12,3840,0.0,3840.0
2812,2025-05-20,5135,2036,4,13,2730,273.0,2457.0
2813,2025-03-21,5163,2017,3,21,6720,0.0,6720.0
2814,2025-06-15,5089,1019,2,4,1680,0.0,1680.0
2815,2025-02-03,5078,2004,4,23,4830,0.0,4830.0
2816,2025-03-01,5484,1014,3,17,5440,272.0,5168.0
2817,2025-06-01,5395,1048,3,23,7360,0.0,7360.0
2818,2025-03-20,5130,1051,4,19,3990,199.5,3790.5
2819,2025-03-27,5166,2018,4,2,420,0.0,420.0
2820,2025-06-25,5299,1045,3,17,5440,544.0,4896.0
2821,2025-06-10,5075,1001,4,21,4410,441.0,3969.0
2822,2025-03-22,5042,1018,4,4,840,0.0,840.0
2823,2025-03-19,5118,2008,2,2,840,0.0,840.0
2824,2025-04-06,5082,1012,4,19,3990,0.0,3990.0
2825,2025-01-24,5214,1026,2,17,7140,714.0,6426.0
2826,2025-02-15,5390,2028,2,25,10500,0.0,10500.0
2827,2025-03-19,5281,2039,1,11,5720,286.0,5434.0
2828,2025-06-08,5483,1015,2,10,4200,210.0,3990.0
2829,2025-02-23,5279,1044,1,5,2600,130.0,2470.0
2830,2025-02-21,5346,1025,4,12,2520,252.0,2268.0
2831,2025-03-19,5419,2013,1,12,6240,624.0,5616.0
2832,2025-03-25,5019,1010,4,19,3990,199.5,3790.5
2833,2025-02-04,5080,1039,3,3,960,0.0,960.0
2834,2025-01-02,5289,1028,1,12,6240,0.0,6240.0
2835,2025-06-29,5386,1024,2,10,4200,420.0,3780.0
2836,2025-03-24,5177,1018,4,12,2520,252.0,2268.0
2837,2025-04-11,5035,2022,2,18,7560,378.0,7182.0
2838,2025-01-20,5055,2038,4,8,1680,0.0,1680.0
2839,2025-01-30,5079,1004,2,4,1680,0.0,1680.0
2840,2025-05-30,5232,2028,4,24,5040,252.0,4788.0
2841,2025-03-26,5476,1022,3,1,320,0.0,320.0
2842,2025-04-18,5081,2024,3,12,3840,0.0,3840.0
2843,2025-04-07,5304,2008,4,6,1260,126.0,1134.0
2844,2025-03-14,5063,2039,1,17,8840,884.0,7956.0
2845,2025-05-13,5305,2010,1,19,9880,0.0,9880.0
2846,2025-05-06,5256,2023,2,13,5460,546.0,4914.0
2847,2025-01-16,5103,1056,2,14,5880,0.0,5880.0
2848,2025-02-04,5028,1026,4,25,5250,525.0,4725.0
2849,2025-01-06,5476,2011,2,2,840,0.0,840.0
2850,2025-06-01,5152,1059,2,22,9240,0.0,9240.0
2851,2025-05-29,5340,1006,1,15,7800,0.0,7800.0
2852,2025-05-01,5050,1015,4,5,1050,105.0,945.0
2853,2025-04-08,5247,2015,1,12,6240,0.0,6240.0
2854,2025-06-04,5433,2020,4,17,3570,178.5,3391.5
2855,2025-04-09,5017,1058,3,10,3200,0.0,3200.0
2856,2025-05-12,5015,2018,2,3,1260,0.0,1260.0
2857,2025-04-29,5001,1028,1,6,3120,0.0,3120.0
2858,2025-02-09,5462,1013,4,20,4200,0.0,4200.0
2859,2025-04-06,5396,2037,4,13,2730,0.0,2730.0
2860,2025-06-02,5040,1021,2,3,1260,0.0,1260.0
2861,2025-01-25,5356,1045,4,3,630,0.0,630.0
2862,2025-01-31,5147,1037,1,18,9360,0.0,9360.0
2863,2025-06-21,5425,2006,1,22,11440,0.0,11440.0
2864,2025-04-22,5229,1057,4,12,2520,0.0,2520.0
2865,2025-04-30,5306,1016,4,7,1470,73.5,1396.5
2866,2025-05-11,5125,1047,1,16,8320,0.0,8320.0
2867,2025-04-16,5182,1044,2,25,10500,1050.0,9450.0
2868,2025-05-16,5264,1017,2,12,5040,504.0,4536.0
2869,2025-02-22,5061,2039,1,6,3120,156.0,2964.0
2870,2025-01-01,5165,2004,2,12,5040,252.0,4788.0
2871,2025-04-26,5337,2016,1,10,5200,0.0,5200.0
2872,2025-06-27,5373,2032,4,11,2310,231.0,2079.0
2873,2025-02-28,5147,2030,2,9,3780,0.0,3780.0
2874,2025-02-04,5234,1054,1,1,520,0.0,520.0
2875,2025-05-06,5294,2026,4,11,2310,0.0,2310.0
2876,2025-06-29,5468,1002,2,10,4200,210.0,3990.0
2877,2025-01-18,5283,2024,3,21,6720,672.0,6048.0
2878,2025-01-13,5170,1031,3,17,5440,0.0,5440.0
2879,2025-06-16,5404,2034,2,7,2940,0.0,2940.0
2880,2025-03-04,5027,2001,3,14,4480,448.0,4032.0
2881,2025-04-16,5259,1054,2,11,4620,462.0,4158.0
2882,2025-06-24,5014,1018,4,19,3990,399.0,3591.0
2883,2025-06-06,5222,1024,1,4,2080,0.0,2080.0
2884,2025-02-12,5140,1059,1,10,5200,0.0,5200.0
2885,2025-04-08,5149,1038,1,9,4680,0.0,4680.0
2886,2025-03-06,5191,1007,2,14,5880,0.0,5880.0
2887,2025-06-09,5377,1018,3,19,6080,608.0,5472.0
2888,2025-03-23,5459,1051,2,3,1260,63.0,1197.0
2889,2025-04-15,5098,2003,1,17,8840,0.0,8840.0
2890,2025-03-31,5022,1012,4,3,630,0.0,630.0
2891,2025-02-28,5109,2020,1,15,7800,390.0,7410.0
2892,2025-03-05,5423,1055,2,3,1260,0.0,1260.0
2893,2025-02-22,5056,1052,2,18,7560,0.0,7560.0
2894,2025-05-31,5346,1053,4,9,1890,0.0,1890.0
2895,2025-02-15,5015,2021,2,15,6300,315.0,5985.0
2896,2025-06-03,5217,2038,2,5,2100,0.0,2100.0
2897,2025-02-24,5274,2032,1,2,1040,52.0,988.0
2898,2025-04-24,5373,1020,3,13,4160,208.0,3952.0
2899,2025-06-09,5089,1020,3,12,3840,384.0,3456.0
2900,2025-05-05,5439,1048,3,3,960,96.0,864.0
2901,2025-06-19,5388,2036,3,7,2240,0.0,2240.0
2902,2025-05-25,5217,1059,2,4,1680,0.0,1680.0
2903,2025-04-21,5390,1006,1,18,9360,936.0,8424.0
2904,2025-05-21,5408,1022,3,25,8000,400.0,7600.0
2905,2025-04-29,5022,2034,4,20,4200,0.0,4200.0
2906,2025-03-23,5343,2027,1,4,2080,104.0,1976.0
2907,2025-05-26,5188,1053,2,9,3780,378.0,3402.0
2908,2025-02-11,5057,1041,3,21,6720,336.0,6384.0
2909,2025-01-21,5086,1025,1,18,9360,0.0,9360.0
2910,2025-01-10,5357,1042,2,6,2520,0.0,2520.0
2911,2025-05-25,5061,1058,2,6,2520,0.0,2520.0
2912,2025-05-09,5203,2006,2,5,2100,210.0,1890.0
2913,2025-03-13,5025,1060,2,18,7560,756.0,6804.0
2914,2025-06-18,5354,1027,1,8,4160,0.0,4160.0
2915,2025-05-22,5041,2009,1,1,520,0.0,520.0
2916,2025-02-05,5127,1004,1,16,8320,0.0,8320.0
2917,2025-03-09,5171,2033,4,13,2730,0.0,2730.0
2918,2025-03-15,5420,1042,2,16,6720,0.0,6720.0
2919,2025-03-20,5001,2024,1,21,10920,546.0,10374.0
2920,2025-04-11,5421,1030,4,1,210,0.0,210.0
2921,2025-02-06,5486,2010,2,2,840,0.0,840.0
2922,2025-04-08,5500,1019,2,6,2520,126.0,2394.0
2923,2025-05-25,5415,2030,4,21,4410,0.0,4410.0
2924,2025-03-08,5290,1053,4,7,1470,0.0,1470.0
2925,2025-05-27,5078,2025,4,2,420,42.0,378.0
2926,2025-04-26,5269,1023,1,25,13000,650.0,12350.0
2927,2025-04-11,5258,1043,1,17,8840,0.0,8840.0
2928,2025-01-18,5036,1060,2,15,6300,0.0,6300.0
2929,2025-01-23,5014,1054,1,23,11960,598.0,11362.0
2930,2025-05-10,5063,1037,1,9,4680,0.0,4680.0
2931,2025-05-18,5307,1027,4,14,2940,0.0,2940.0
2932,2025-03-09,5327,2027,2,4,1680,0.0,1680.0
2933,2025-04-25,5065,1038,4,11,2310,0.0,2310.0
2934,2025-06-15,5477,1022,2,3,1260,126.0,1134.0
2935,2025-03-17,5371,2004,2,8,3360,0.0,3360.0
2936,2025-01-26,5116,1038,1,17,8840,0.0,8840.0
2937,2025-05-04,5369,2022,3,16,5120,0.0,5120.0
2938,2025-03-19,5051,2031,2,10,4200,0.0,4200.0
2939,2025-05-19,5026,1050,2,2,840,0.0,840.0
2940,2025-05-11,5062,1033,4,2,420,0.0,420.0
2941,2025-03-20,5032,1002,4,9,1890,189.0,1701.0
2942,2025-06-05,5388,2010,3,9,2880,0.0,2880.0
2943,2025-03-09,5411,1004,3,21,6720,0.0,6720.0
2944,2025-02-12,5485,2007,2,19,7980,798.0,7182.0
2945,2025-02-19,5358,2002,1,9,4680,0.0,4680.0
2946,2025-01-19,5209,1056,4,18,3780,189.0,3591.0
2947,2025-01-20,5050,1058,4,19,3990,0.0,3990.0
2948,2025-06-27,5217,2016,1,8,4160,416.0,3744.0
2949,2025-03-08,5040,2012,4,8,1680,0.0,1680.0
2950,2025-01-05,5191,1030,4,25,5250,525.0,4725.0
2951,2025-06-11,5257,1030,2,19,7980,0.0,7980.0
2952,2025-01-16,5040,1059,3,11,3520,176.0,3344.0
2953,2025-04-04,5025,1026,1,24,12480,0.0,12480.0
2954,2025-02-04,5188,1024,2,16,6720,0.0,6720.0
2955,2025-06-27,5142,1030,3,23,7360,0.0,7360.0
2956,2025-02-12,5114,2023,2,8,3360,0.0,3360.0
2957,2025-03-10,5273,2003,1,12,6240,312.0,5928.0
2958,2025-04-04,5092,1041,3,1,320,0.0,320.0
2959,2025-05-03,5204,1036,2,2,840,84.0,756.0
2960,2025-04-08,5176,1025,1,12,6240,0.0,6240.0
2961,2025-04-14,5337,1037,4,12,2520,0.0,2520.0
2962,2025-05-26,5273,2017,2,9,3780,0.0,3780.0
2963,2025-03-19,5245,2023,4,23,4830,241.5,4588.5
2964,2025-03-17,5102,1053,1,1,520,0.0,520.0
2965,2025-01-23,5455,1043,1,24,12480,0.0,12480.0
2966,2025-01-02,5316,2019,3,3,960,0.0,960.0
2967,2025-01-08,5455,2019,3,15,4800,480.0,4320.0
2968,2025-03-27,5327,1003,2,23,9660,483.0,9177.0
2969,2025-03-12,5023,1047,3,13,4160,208.0,3952.0
2970,2025-01-19,5074,1055,2,18,7560,378.0,7182.0
2971,2025-05-05,5048,1026,3,15,4800,240.0,4560.0
2972,2025-06-10,5340,1007,3,8,2560,128.0,2432.0
2973,2025-02-03,5332,1048,2,1,420,0.0,420.0
2974,2025-01-29,5264,1016,2,8,3360,168.0,3192.0
2975,2025-06-14,5423,1028,4,7,1470,0.0,1470.0
2976,2025-02-10,5379,2025,3,21,6720,672.0,6048.0
2977,2025-03-06,5142,2037,1,4,2080,0.0,2080.0
2978,2025-01-13,5179,2033,4,25,5250,0.0,5250.0
2979,2025-05-01,5089,1031,2,23,9660,483.0,9177.0
2980,2025-02-07,5286,1049,2,12,5040,0.0,5040.0
2981,2025-03-26,5107,2032,4,23,4830,483.0,4347.0
2982,2025-03-12,5252,1049,4,12,2520,0.0,2520.0
2983,2025-03-22,5023,1044,3,13,4160,208.0,3952.0
2984,2025-06-23,5373,2037,2,8,3360,0.0,3360.0
2985,2025-05-10,5092,1043,4,16,3360,0.0,3360.0
2986,2025-02-04,5359,2025,4,6,1260,0.0,1260.0
2987,2025-03-03,5255,2026,3,19,6080,304.0,5776.0
2988,2025-04-14,5032,1002,3,9,2880,144.0,2736.0
2989,2025-01-16,5346,1039,4,22,4620,0.0,4620.0
2990,2025-04-07,5223,2008,2,10,4200,420.0,3780.0
2991,2025-03-15,5133,1052,3,13,4160,0.0,4160.0
2992,2025-05-27,5427,1016,3,20,6400,0.0,6400.0
2993,2025-05-14,5251,2026,2,23,9660,0.0,9660.0
2994,2025-03-23,5145,1044,2,1,420,42.0,378.0
2995,2025-05-16,5153,1042,2,15,6300,630.0,5670.0
2996,2025-01-03,5196,1050,3,24,7680,0.0,7680.0
2997,2025-04-25,5264,1017,4,14,2940,0.0,2940.0
2998,2025-03-15,5415,1034,4,6,1260,0.0,1260.0
2999,2025-04-24,5279,2034,2,1,420,42.0,378.0
3000,2025-01-17,5231,1033,2,20,8400,0.0,8400.0
3001,2025-03-15,5306,1009,2,12,5040,0.0,5040.0
3002,2025-02-06,5097,1021,2,8,3360,0.0,3360.0
3003,2025-06-30,5187,2031,3,3,960,0.0,960.0
3004,2025-04-20,5365,1020,1,14,7280,364.0,6916.0
3005,2025-01-07,5185,1028,3,24,7680,384.0,7296.0
3006,2025-03-16,5370,1022,3,17,5440,272.0,5168.0
3007,2025-03-16,5253,1050,3,8,2560,128.0,2432.0
3008,2025-02-18,5300,2027,1,14,7280,728.0,6552.0
3009,2025-03-11,5024,2006,2,7,2940,0.0,2940.0
3010,2025-02-06,5469,1060,2,6,2520,0.0,2520.0
3011,2025-01-20,5269,1016,2,24,10080,0.0,10080.0
3012,2025-04-27,5278,2025,4,9,1890,0.0,1890.0
3013,2025-04-04,5110,1017,4,4,840,42.0,798.0
3014,2025-03-03,5447,2028,2,9,3780,378.0,3402.0
3015,2025-03-28,5017,1033,4,21,4410,0.0,4410.0
3016,2025-06-24,5183,1054,2,21,8820,0.0,8820.0
3017,2025-04-03,5345,1024,3,5,1600,160.0,1440.0
3018,2025-02-05,5288,1019,4,25,5250,0.0,5250.0
3019,2025-06-07,5121,2038,2,17,7140,714.0,6426.0
3020,2025-06-27,5240,1031,3,19,6080,608.0,5472.0
3021,2025-06-08,5287,2006,4,11,2310,0.0,2310.0
3022,2025-02-24,5414,1022,3,4,1280,0.0,1280.0
3023,2025-04-25,5068,1027,4,23,4830,0.0,4830.0
3024,2025-04-28,5045,2040,1,6,3120,0.0,3120.0
3025,2025-06-19,5302,1039,4,6,1260,0.0,1260.0
3026,2025-06-29,5032,1002,2,4,1680,84.0,1596.0
3027,2025-02-20,5216,2005,1,16,8320,416.0,7904.0
3028,2025-06-23,5117,1056,1,24,12480,0.0,12480.0
3029,2025-01-28,5122,2032,2,7,2940,294.0,2646.0
3030,2025-02-21,5334,2039,3,4,1280,0.0,1280.0
3031,2025-04-16,5002,1028,1,15,7800,0.0,7800.0
3032,2025-02-14,5278,1002,3,13,4160,0.0,4160.0
3033,2025-06-22,5363,1009,1,10,5200,0.0,5200.0
3034,2025-03-20,5360,1056,2,9,3780,0.0,3780.0
3035,2025-05-15,5328,2035,1,4,2080,104.0,1976.0
3036,2025-03-31,5069,2021,3,3,960,0.0,960.0
3037,2025-02-23,5113,1040,3,8,2560,0.0,2560.0
3038,2025-02-22,5452,2036,4,3,630,63.0,567.0
3039,2025-05-24,5127,1041,1,22,11440,572.0,10868.0
3040,2025-05-18,5365,1033,3,15,4800,0.0,4800.0
3041,2025-06-19,5378,2037,2,22,9240,0.0,9240.0
3042,2025-06-24,5399,2026,3,1,320,0.0,320.0
3043,2025-06-26,5493,2039,1,10,5200,0.0,5200.0
3044,2025-06-20,5417,1044,3,23,7360,0.0,7360.0
3045,2025-03-17,5293,1012,4,9,1890,0.0,1890.0
3046,2025-02-03,5056,1054,3,4,1280,128.0,1152.0
3047,2025-04-26,5048,2029,2,6,2520,252.0,2268.0
3048,2025-06-30,5323,1001,3,25,8000,0.0,8000.0
3049,2025-03-11,5494,2009,4,13,2730,273.0,2457.0
3050,2025-06-11,5351,1010,4,24,5040,0.0,5040.0
3051,2025-01-20,5470,2027,3,10,3200,0.0,3200.0
3052,2025-01-30,5076,1051,4,15,3150,315.0,2835.0
3053,2025-02-23,5248,2020,4,1,210,10.5,199.5
3054,2025-01-17,5079,2032,1,25,13000,0.0,13000.0
3055,2025-04-29,5129,2013,2,13,5460,0.0,5460.0
3056,2025-01-30,5234,1054,4,11,2310,0.0,2310.0
3057,2025-03-22,5093,1054,3,12,3840,384.0,3456.0
3058,2025-02-10,5321,1010,1,5,2600,130.0,2470.0
3059,2025-06-17,5224,1025,1,24,12480,0.0,12480.0
3060,2025-02-20,5017,2003,1,13,6760,0.0,6760.0
3061,2025-03-03,5465,1054,1,15,7800,0.0,7800.0
3062,2025-06-17,5495,2016,4,24,5040,252.0,4788.0
3063,2025-06-20,5231,2013,3,14,4480,224.0,4256.0
3064,2025-03-30,5445,1032,1,25,13000,1300.0,11700.0
3065,2025-04-10,5309,2028,4,4,840,84.0,756.0
3066,2025-03-19,5161,2038,2,11,4620,0.0,4620.0
3067,2025-05-18,5075,2011,4,22,4620,0.0,4620.0
3068,2025-03-17,5257,1042,2,25,10500,0.0,10500.0
3069,2025-02-13,5375,2028,3,23,7360,0.0,7360.0
3070,2025-03-06,5137,1005,2,22,9240,462.0,8778.0
3071,2025-05-06,5052,1060,2,22,9240,924.0,8316.0
3072,2025-06-13,5069,2012,1,6,3120,0.0,3120.0
3073,2025-04-06,5234,2033,2,20,8400,0.0,8400.0
3074,2025-02-02,5498,1034,4,6,1260,0.0,1260.0
3075,2025-02-14,5131,1014,3,23,7360,0.0,7360.0
3076,2025-04-08,5246,1014,2,7,2940,0.0,2940.0
3077,2025-01-07,5477,2013,3,23,7360,368.0,6992.0
3078,2025-03-23,5364,2029,2,16,6720,0.0,6720.0
3079,2025-03-17,5354,1004,3,25,8000,0.0,8000.0
3080,2025-02-15,5243,1038,3,16,5120,256.0,4864.0
3081,2025-03-03,5081,2019,3,17,5440,0.0,5440.0
3082,2025-03-27,5351,2034,1,17,8840,0.0,8840.0
3083,2025-03-06,5181,1031,3,13,4160,208.0,3952.0
3084,2025-04-16,5395,1030,1,19,9880,988.0,8892.0
3085,2025-05-17,5295,2023,1,25,13000,0.0,13000.0
3086,2025-06-04,5054,2030,1,20,10400,1040.0,9360.0
3087,2025-06-12,5212,1008,4,4,840,0.0,840.0
3088,2025-05-26,5028,2008,3,4,1280,0.0,1280.0
3089,2025-03-25,5158,2004,4,14,2940,0.0,2940.0
3090,2025-02-13,5065,1005,4,3,630,0.0,630.0
3091,2025-06-10,5373,2010,4,16,3360,0.0,3360.0
3092,2025-05-19,5122,1046,2,25,10500,1050.0,9450.0
3093,2025-01-12,5438,2035,2,16,6720,672.0,6048.0
3094,2025-04-23,5330,2023,3,17,5440,544.0,4896.0
3095,2025-03-28,5354,2007,2,13,5460,0.0,5460.0
3096,2025-01-25,5066,1045,2,11,4620,0.0,4620.0
3097,2025-02-07,5440,2008,2,9,3780,0.0,3780.0
3098,2025-01-30,5104,2003,1,21,10920,0.0,10920.0
3099,2025-05-23,5332,1001,3,21,6720,0.0,6720.0
3100,2025-02-22,5201,2007,1,24,12480,1248.0,11232.0
3101,2025-04-17,5412,1036,4,14,2940,0.0,2940.0
3102,2025-06-27,5108,1001,4,19,3990,0.0,3990.0
3103,2025-01-08,5308,1020,2,11,4620,0.0,4620.0
3104,2025-04-08,5064,1018,4,20,4200,0.0,4200.0
3105,2025-03-10,5262,2007,2,15,6300,0.0,6300.0
3106,2025-01-21,5480,2017,2,6,2520,0.0,2520.0
3107,2025-02-06,5190,2016,1,20,10400,0.0,10400.0
3108,2025-06-05,5408,2032,4,12,2520,126.0,2394.0
3109,2025-04-25,5394,1019,1,24,12480,1248.0,11232.0
3110,2025-01-17,5307,1024,4,13,2730,136.5,2593.5
3111,2025-06-02,5422,1047,4,10,2100,0.0,2100.0
3112,2025-03-31,5499,1032,2,22,9240,0.0,9240.0
3113,2025-01-30,5356,1041,1,11,5720,0.0,5720.0
3114,2025-01-22,5081,1006,4,7,1470,0.0,1470.0
3115,2025-04-07,5332,1006,2,22,9240,924.0,8316.0
3116,2025-01-31,5446,2014,2,7,2940,0.0,2940.0
3117,2025-04-29,5086,2022,2,13,5460,0.0,5460.0
3118,2025-06-16,5251,1010,2,14,5880,0.0,5880.0
3119,2025-02-11,5002,1049,4,15,3150,0.0,3150.0
3120,2025-05-06,5370,1044,4,3,630,0.0,630.0
3121,2025-06-04,5110,1036,1,3,1560,78.0,1482.0
3122,2025-04-24,5053,2028,1,5,2600,260.0,2340.0
3123,2025-05-17,5483,1046,1,4,2080,0.0,2080.0
3124,2025-04-13,5070,1017,3,18,5760,576.0,5184.0
3125,2025-05-12,5123,2040,3,25,8000,0.0,8000.0
3126,2025-06-29,5437,1053,2,19,7980,0.0,7980.0
3127,2025-01-01,5043,1056,4,7,1470,0.0,1470.0
3128,2025-06-05,5294,2005,2,1,420,0.0,420.0
3129,2025-03-22,5003,1032,3,19,6080,608.0,5472.0
3130,2025-06-01,5376,2016,4,12,2520,0.0,2520.0
3131,2025-02-28,5479,1021,1,6,3120,156.0,2964.0
3132,2025-01-23,5202,2019,2,8,3360,336.0,3024.0
3133,2025-03-10,5457,2006,1,19,9880,988.0,8892.0
3134,2025-04-30,5210,1006,2,19,7980,399.0,7581.0
3135,2025-04-25,5096,1005,1,5,2600,130.0,2470.0
3136,2025-01-28,5281,1058,2,10,4200,0.0,4200.0
3137,2025-04-07,5168,1050,4,6,1260,126.0,1134.0
3138,2025-05-18,5118,2021,2,1,420,0.0,420.0
3139,2025-02-06,5213,1058,1,9,4680,0.0,4680.0
3140,2025-04-28,5170,1028,2,23,9660,0.0,9660.0
3141,2025-01-15,5066,2026,4,6,1260,0.0,1260.0
3142,2025-03-20,5476,2008,3,4,1280,64.0,1216.0
3143,2025-01-18,5374,2008,2,2,840,0.0,840.0
3144,2025-01-16,5081,1014,3,23,7360,0.0,7360.0
3145,2025-02-06,5395,1033,3,22,7040,352.0,6688.0
3146,2025-06-15,5219,2005,4,10,2100,0.0,2100.0
3147,2025-03-06,5327,1010,3,15,4800,0.0,4800.0
3148,2025-06-25,5153,2012,4,24,5040,0.0,5040.0
3149,2025-03-14,5125,2026,2,13,5460,0.0,5460.0
3150,2025-05-23,5027,2006,3,6,1920,0.0,1920.0
3151,2025-02-25,5153,1026,3,6,1920,0.0,1920.0
3152,2025-05-16,5444,1042,4,23,4830,0.0,4830.0
3153,2025-06-20,5299,1003,1,12,6240,0.0,6240.0
3154,2025-04-21,5092,2004,3,7,2240,0.0,2240.0
3155,2025-02-20,5086,1041,4,16,3360,168.0,3192.0
3156,2025-02-09,5048,1046,2,13,5460,0.0,5460.0
3157,2025-06-04,5153,2013,2,8,3360,0.0,3360.0
3158,2025-01-11,5305,1012,4,11,2310,0.0,2310.0
3159,2025-04-14,5182,1046,4,11,2310,0.0,2310.0
3160,2025-05-13,5395,2010,2,13,5460,546.0,4914.0
3161,2025-04-11,5036,2016,4,12,2520,0.0,2520.0
3162,2025-05-27,5157,1015,1,20,10400,520.0,9880.0
3163,2025-03-20,5079,2002,2,6,2520,0.0,2520.0
3164,2025-05-01,5145,2001,1,22,11440,1144.0,10296.0
3165,2025-04-07,5077,1013,2,2,840,0.0,840.0
3166,2025-04-17,5439,1036,1,11,5720,286.0,5434.0
3167,2025-01-27,5384,2019,1,25,13000,650.0,12350.0
3168,2025-06-18,5237,1025,2,11,4620,231.0,4389.0
3169,2025-04-24,5214,1011,4,24,5040,0.0,5040.0
3170,2025-01-12,5461,1022,4,13,2730,0.0,2730.0
3171,2025-06-18,5317,1055,4,1,210,0.0,210.0
3172,2025-01-28,5084,1038,4,7,1470,147.0,1323.0
3173,2025-05-02,5024,1032,2,18,7560,756.0,6804.0
3174,2025-04-30,5252,1006,2,3,1260,0.0,1260.0
3175,2025-01-30,5186,1009,1,21,10920,0.0,10920.0
3176,2025-01-15,5425,2012,2,17,7140,0.0,7140.0
3177,2025-03-28,5493,1027,1,15,7800,780.0,7020.0
3178,2025-06-13,5389,1046,4,1,210,0.0,210.0
3179,2025-04-24,5428,2020,3,23,7360,0.0,7360.0
3180,2025-01-20,5143,2037,2,12,5040,0.0,5040.0
3181,2025-05-16,5161,2033,1,15,7800,0.0,7800.0
3182,2025-01-21,5445,2024,4,8,1680,0.0,1680.0
3183,2025-03-09,5174,1025,1,8,4160,208.0,3952.0
3184,2025-02-13,5342,2019,3,17,5440,544.0,4896.0
3185,2025-02-18,5073,1030,2,9,3780,378.0,3402.0
3186,2025-02-04,5030,1006,2,14,5880,0.0,5880.0
3187,2025-06-07,5113,1004,2,20,8400,840.0,7560.0
3188,2025-02-02,5152,1033,1,13,6760,676.0,6084.0
3189,2025-04-28,5364,1019,3,15,4800,480.0,4320.0
3190,2025-03-27,5415,1055,1,4,2080,0.0,2080.0
3191,2025-02-07,5454,1016,2,14,5880,0.0,5880.0
3192,2025-04-16,5140,2006,4,6,1260,126.0,1134.0
3193,2025-01-26,5247,1057,3,6,1920,96.0,1824.0
3194,2025-04-30,5322,1027,1,1,520,0.0,520.0
3195,2025-05-03,5018,1027,3,22,7040,704.0,6336.0
3196,2025-04-07,5019,1037,3,14,4480,0.0,4480.0
3197,2025-05-02,5277,1051,4,11,2310,0.0,2310.0
3198,2025-02-09,5414,2017,3,25,8000,0.0,8000.0
3199,2025-06-24,5155,1028,3,9,2880,144.0,2736.0
3200,2025-03-12,5113,2027,3,10,3200,0.0,3200.0
3201,2025-04-20,5360,1030,1,18,9360,0.0,9360.0
3202,2025-01-12,5353,2004,2,24,10080,0.0,10080.0
3203,2025-06-18,5421,2031,1,17,8840,442.0,8398.0
3204,2025-04-01,5261,2007,2,14,5880,0.0,5880.0
3205,2025-03-22,5104,1038,4,24,5040,0.0,5040.0
3206,2025-04-29,5299,1040,4,20,4200,0.0,4200.0
3207,2025-04-08,5145,2027,1,18,9360,0.0,9360.0
3208,2025-06-07,5234,2027,1,2,1040,0.0,1040.0
3209,2025-05-31,5337,1036,3,25,8000,800.0,7200.0
3210,2025-05-25,5270,1026,2,22,9240,0.0,9240.0
3211,2025-01-15,5380,2011,1,22,11440,1144.0,10296.0
3212,2025-03-21,5042,2036,1,2,1040,0.0,1040.0
3213,2025-02-07,5376,2001,4,7,1470,0.0,1470.0
3214,2025-02-06,5280,1053,3,18,5760,0.0,5760.0
3215,2025-05-23,5040,1019,4,21,4410,0.0,4410.0
3216,2025-03-18,5352,1038,1,22,11440,0.0,11440.0
3217,2025-03-26,5243,2028,1,18,9360,0.0,9360.0
3218,2025-05-25,5387,2019,2,23,9660,0.0,9660.0
3219,2025-01-01,5087,1031,2,19,7980,399.0,7581.0
3220,2025-03-12,5184,1057,3,9,2880,0.0,2880.0
3221,2025-04-23,5415,1012,2,11,4620,0.0,4620.0
3222,2025-03-31,5180,1048,4,6,1260,0.0,1260.0
3223,2025-05-24,5213,1020,3,4,1280,0.0,1280.0
3224,2025-02-23,5399,2013,3,13,4160,208.0,3952.0
3225,2025-02-16,5139,1017,1,21,10920,1092.0,9828.0
3226,2025-05-25,5365,2015,1,8,4160,0.0,4160.0
3227,2025-04-08,5438,1016,2,15,6300,0.0,6300.0
3228,2025-01-04,5493,2035,3,16,5120,0.0,5120.0
3229,2025-03-22,5034,1034,4,10,2100,210.0,1890.0
3230,2025-04-29,5041,1026,2,21,8820,882.0,7938.0
3231,2025-05-04,5142,1042,3,8,2560,0.0,2560.0
3232,2025-01-06,5062,1057,3,9,2880,288.0,2592.0
3233,2025-03-10,5429,1053,3,5,1600,0.0,1600.0
3234,2025-03-27,5130,2024,2,14,5880,0.0,5880.0
3235,2025-06-30,5373,1019,3,17,5440,0.0,5440.0
3236,2025-03-12,5468,1047,4,7,1470,73.5,1396.5
3237,2025-01-19,5278,1020,4,22,4620,231.0,4389.0
3238,2025-04-14,5111,1039,3,13,4160,0.0,4160.0
3239,2025-05-26,5022,1035,1,3,1560,0.0,1560.0
3240,2025-05-13,5252,2034,4,10,2100,0.0,2100.0
3241,2025-03-09,5276,1041,2,6,2520,0.0,2520.0
3242,2025-01-05,5109,1008,1,1,520,0.0,520.0
3243,2025-04-28,5093,2037,1,5,2600,0.0,2600.0
3244,2025-06-30,5159,2025,4,7,1470,0.0,1470.0
3245,2025-03-05,5490,1024,2,24,10080,0.0,10080.0
3246,2025-01-11,5252,1025,1,5,2600,0.0,2600.0
3247,2025-06-14,5240,2034,1,13,6760,0.0,6760.0
3248,2025-04-09,5344,1044,3,14,4480,224.0,4256.0
3249,2025-02-08,5018,1029,3,13,4160,0.0,4160.0
3250,2025-04-08,5436,1007,2,25,10500,525.0,9975.0
3251,2025-02-28,5068,1006,4,4,840,0.0,840.0
3252,2025-04-03,5343,1027,1,9,4680,0.0,4680.0
3253,2025-04-01,5344,1025,3,13,4160,416.0,3744.0
3254,2025-01-05,5165,1017,1,23,11960,0.0,11960.0
3255,2025-05-16,5245,1059,2,5,2100,105.0,1995.0
3256,2025-06-14,5443,2025,1,1,520,0.0,520.0
3257,2025-03-28,5107,1011,2,12,5040,504.0,4536.0
3258,2025-03-26,5312,1055,4,21,4410,0.0,4410.0
3259,2025-01-03,5185,1057,2,18,7560,0.0,7560.0
3260,2025-06-08,5136,1033,1,16,8320,416.0,7904.0
3261,2025-01-01,5443,1035,4,12,2520,252.0,2268.0
3262,2025-04-09,5370,2027,1,20,10400,0.0,10400.0
3263,2025-02-27,5457,1031,3,22,7040,352.0,6688.0
3264,2025-06-11,5027,2025,1,21,10920,0.0,10920.0
3265,2025-01-26,5428,2029,4,7,1470,0.0,1470.0
3266,2025-03-13,5417,1046,2,22,9240,0.0,9240.0
3267,2025-04-21,5124,2034,4,23,4830,0.0,4830.0
3268,2025-04-28,5137,2017,2,12,5040,0.0,5040.0
3269,2025-04-16,5258,1024,4,8,1680,84.0,1596.0
3270,2025-04-03,5299,1036,3,15,4800,240.0,4560.0
3271,2025-02-26,5277,2037,4,14,2940,0.0,2940.0
3272,2025-03-10,5211,1036,3,20,6400,640.0,5760.0
3273,2025-06-24,5448,1032,1,20,10400,0.0,10400.0
3274,2025-05-01,5105,2040,4,2,420,42.0,378.0
3275,2025-02-01,5497,1039,4,6,1260,63.0,1197.0
3276,2025-03-15,5057,2037,4,10,2100,210.0,1890.0
3277,2025-02-01,5393,1010,1,5,2600,130.0,2470.0
3278,2025-06-14,5174,2023,3,9,2880,0.0,2880.0
3279,2025-01-02,5078,2011,4,12,2520,0.0,2520.0
3280,2025-03-23,5432,1040,4,17,3570,178.5,3391.5
3281,2025-06-03,5200,1013,4,16,3360,0.0,3360.0
3282,2025-01-26,5294,1001,3,13,4160,208.0,3952.0
3283,2025-04-04,5420,1019,2,12,5040,252.0,4788.0
3284,2025-04-04,5247,1056,4,11,2310,0.0,2310.0
3285,2025-05-24,5353,2001,3,6,1920,0.0,1920.0
3286,2025-03-09,5005,1040,3,12,3840,0.0,3840.0
3287,2025-05-02,5324,2040,4,22,4620,231.0,4389.0
3288,2025-02-16,5087,1053,4,23,4830,0.0,4830.0
3289,2025-06-16,5081,1015,1,22,11440,0.0,11440.0
3290,2025-06-28,5438,1032,1,23,11960,598.0,11362.0
3291,2025-02-26,5030,2017,3,14,4480,0.0,4480.0
3292,2025-03-23,5429,1007,3,19,6080,608.0,5472.0
3293,2025-04-22,5181,1032,3,17,5440,544.0,4896.0
3294,2025-03-14,5320,1017,3,25,8000,0.0,8000.0
3295,2025-04-21,5326,1003,3,23,7360,368.0,6992.0
3296,2025-05-27,5118,1055,2,13,5460,273.0,5187.0
3297,2025-04-23,5029,1046,4,12,2520,252.0,2268.0
3298,2025-03-31,5204,1016,3,8,2560,128.0,2432.0
3299,2025-03-01,5346,2034,3,2,640,32.0,608.0
3300,2025-03-22,5336,1010,3,6,1920,96.0,1824.0
3301,2025-06-09,5443,1023,4,3,630,63.0,567.0
3302,2025-05-01,5230,1029,3,18,5760,288.0,5472.0
3303,2025-01-09,5301,1004,3,18,5760,0.0,5760.0
3304,2025-03-21,5105,2034,3,8,2560,0.0,2560.0
3305,2025-01-14,5229,1046,4,5,1050,0.0,1050.0
3306,2025-01-25,5016,2010,1,7,3640,0.0,3640.0
3307,2025-02-13,5142,1021,4,18,3780,378.0,3402.0
3308,2025-03-21,5484,2013,1,15,7800,0.0,7800.0
3309,2025-02-14,5272,1038,1,17,8840,0.0,8840.0
3310,2025-04-30,5329,2013,1,18,9360,0.0,9360.0
3311,2025-02-02,5228,1042,1,12,6240,0.0,6240.0
3312,2025-05-31,5447,1006,3,24,7680,0.0,7680.0
3313,2025-01-01,5218,2038,2,21,8820,441.0,8379.0
3314,2025-03-13,5244,1017,3,23,7360,736.0,6624.0
3315,2025-01-19,5498,1028,1,13,6760,0.0,6760.0
3316,2025-03-26,5192,1002,3,3,960,0.0,960.0
3317,2025-04-15,5076,1057,3,12,3840,384.0,3456.0
3318,2025-05-05,5058,1013,2,17,7140,357.0,6783.0
3319,2025-01-05,5497,2028,1,7,3640,0.0,3640.0
3320,2025-04-05,5409,1016,3,24,7680,0.0,7680.0
3321,2025-04-08,5097,1016,2,20,8400,0.0,8400.0
3322,2025-04-23,5265,2013,2,2,840,0.0,840.0
3323,2025-05-06,5186,1015,3,1,320,0.0,320.0
3324,2025-02-24,5368,1048,1,18,9360,0.0,9360.0
3325,2025-04-29,5261,2022,2,13,5460,0.0,5460.0
3326,2025-02-16,5273,1040,3,7,2240,112.0,2128.0
3327,2025-05-01,5036,2022,3,14,4480,0.0,4480.0
3328,2025-05-31,5238,1019,1,23,11960,598.0,11362.0
3329,2025-01-19,5032,1004,4,16,3360,336.0,3024.0
3330,2025-03-06,5038,2012,2,20,8400,0.0,8400.0
3331,2025-06-03,5100,1007,4,18,3780,0.0,3780.0
3332,2025-04-08,5185,1009,3,19,6080,0.0,6080.0
3333,2025-03-26,5176,2019,1,12,6240,624.0,5616.0
3334,2025-06-26,5335,1018,3,25,8000,800.0,7200.0
3335,2025-06-05,5134,2025,4,6,1260,0.0,1260.0
3336,2025-02-22,5052,2014,2,7,2940,294.0,2646.0
3337,2025-03-15,5490,1029,2,6,2520,0.0,2520.0
3338,2025-06-06,5295,1019,4,12,2520,0.0,2520.0
3339,2025-02-28,5115,2031,2,20,8400,0.0,8400.0
3340,2025-02-05,5430,1029,2,20,8400,0.0,8400.0
3341,2025-02-26,5080,1022,1,18,9360,936.0,8424.0
3342,2025-04-12,5390,2034,1,3,1560,78.0,1482.0
3343,2025-06-21,5493,1059,1,13,6760,0.0,6760.0
3344,2025-03-15,5418,1007,1,3,1560,156.0,1404.0
3345,2025-05-22,5483,1020,2,13,5460,273.0,5187.0
3346,2025-06-30,5324,1044,3,23,7360,736.0,6624.0
3347,2025-02-21,5081,1058,3,11,3520,176.0,3344.0
3348,2025-01-17,5427,1017,3,18,5760,0.0,5760.0
3349,2025-01-31,5409,1032,1,25,13000,0.0,13000.0
3350,2025-06-07,5073,1027,1,25,13000,1300.0,11700.0
3351,2025-03-21,5053,2015,4,17,3570,357.0,3213.0
3352,2025-01-03,5188,1012,1,17,8840,442.0,8398.0
3353,2025-04-03,5294,1024,3,11,3520,176.0,3344.0
3354,2025-03-24,5433,2001,1,6,3120,156.0,2964.0
3355,2025-06-28,5016,1014,4,14,2940,0.0,2940.0
3356,2025-02-17,5374,1011,2,25,10500,0.0,10500.0
3357,2025-04-18,5047,1027,2,19,7980,0.0,7980.0
3358,2025-02-23,5151,1021,3,5,1600,0.0,1600.0
3359,2025-03-24,5198,2016,4,16,3360,336.0,3024.0
3360,2025-05-27,5348,1025,4,24,5040,504.0,4536.0
3361,2025-01-20,5245,1012,1,22,11440,0.0,11440.0
3362,2025-05-26,5340,1005,4,13,2730,136.5,2593.5
3363,2025-03-03,5497,1015,3,14,4480,224.0,4256.0
3364,2025-03-11,5439,2033,4,2,420,21.0,399.0
3365,2025-03-06,5354,1019,3,3,960,48.0,912.0
3366,2025-04-06,5454,1024,1,7,3640,0.0,3640.0
3367,2025-03-07,5107,2024,3,24,7680,0.0,7680.0
3368,2025-05-06,5498,1009,2,19,7980,399.0,7581.0
3369,2025-04-09,5331,2007,1,14,7280,728.0,6552.0
3370,2025-02-08,5431,1048,1,4,2080,0.0,2080.0
3371,2025-04-10,5026,1022,1,6,3120,0.0,3120.0
3372,2025-05-11,5131,1027,2,17,7140,0.0,7140.0
3373,2025-05-11,5142,2013,4,14,2940,0.0,2940.0
3374,2025-02-20,5237,1053,2,12,5040,0.0,5040.0
3375,2025-02-02,5315,2035,3,17,5440,272.0,5168.0
3376,2025-01-03,5141,2029,3,3,960,0.0,960.0
3377,2025-02-03,5440,2012,2,7,2940,147.0,2793.0
3378,2025-06-19,5119,2005,1,23,11960,0.0,11960.0
3379,2025-02-08,5191,2029,1,8,4160,0.0,4160.0
3380,2025-05-07,5415,1030,4,24,5040,252.0,4788.0
3381,2025-03-30,5130,1036,2,25,10500,1050.0,9450.0
3382,2025-05-03,5065,2035,1,7,3640,0.0,3640.0
3383,2025-01-19,5493,2001,2,5,2100,210.0,1890.0
3384,2025-02-10,5229,1058,4,24,5040,0.0,5040.0
3385,2025-04-30,5375,2029,2,14,5880,588.0,5292.0
3386,2025-03-17,5414,1019,3,21,6720,0.0,6720.0
3387,2025-03-09,5431,2001,2,24,10080,0.0,10080.0
3388,2025-01-30,5103,1045,1,2,1040,0.0,1040.0
3389,2025-04-11,5353,1029,3,8,2560,0.0,2560.0
3390,2025-06-29,5085,2032,2,14,5880,0.0,5880.0
3391,2025-02-08,5373,1005,4,21,4410,220.5,4189.5
3392,2025-04-27,5102,1053,2,8,3360,0.0,3360.0
3393,2025-03-20,5130,2021,3,19,6080,0.0,6080.0
3394,2025-05-20,5283,2011,1,23,11960,0.0,11960.0
3395,2025-02-21,5358,1052,1,23,11960,1196.0,10764.0
3396,2025-03-21,5382,1055,2,4,1680,0.0,1680.0
3397,2025-06-17,5193,2034,4,7,1470,0.0,1470.0
3398,2025-01-10,5282,1027,4,25,5250,262.5,4987.5
3399,2025-06-21,5283,1030,3,18,5760,288.0,5472.0
3400,2025-01-01,5263,2026,3,9,2880,144.0,2736.0
3401,2025-05-08,5260,2001,3,1,320,0.0,320.0
3402,2025-06-24,5386,1039,4,5,1050,0.0,1050.0
3403,2025-02-22,5119,1012,2,2,840,0.0,840.0
3404,2025-01-28,5364,2029,4,2,420,0.0,420.0
3405,2025-06-11,5460,1044,4,20,4200,0.0,4200.0
3406,2025-04-13,5223,2018,4,16,3360,168.0,3192.0
3407,2025-05-14,5393,2023,3,8,2560,0.0,2560.0
3408,2025-04-21,5061,1010,4,24,5040,504.0,4536.0
3409,2025-05-12,5407,1038,1,7,3640,0.0,3640.0
3410,2025-01-27,5397,1023,3,2,640,64.0,576.0
3411,2025-02-26,5441,1019,1,6,3120,156.0,2964.0
3412,2025-02-23,5149,1046,1,22,11440,0.0,11440.0
3413,2025-04-28,5072,1018,1,16,8320,832.0,7488.0
3414,2025-01-04,5472,2008,1,16,8320,416.0,7904.0
3415,2025-03-29,5399,1026,3,23,7360,736.0,6624.0
3416,2025-06-12,5475,1005,4,9,1890,0.0,1890.0
3417,2025-01-21,5163,1015,2,5,2100,210.0,1890.0
3418,2025-05-13,5023,1031,2,10,4200,0.0,4200.0
3419,2025-03-18,5129,2031,4,17,3570,0.0,3570.0
3420,2025-06-19,5387,1037,2,10,4200,420.0,3780.0
3421,2025-02-20,5497,2038,4,20,4200,210.0,3990.0
3422,2025-04-04,5404,1034,1,13,6760,676.0,6084.0
3423,2025-05-27,5072,2022,3,13,4160,0.0,4160.0
3424,2025-04-18,5139,2014,4,15,3150,0.0,3150.0
3425,2025-05-29,5005,2011,2,12,5040,0.0,5040.0
3426,2025-03-25,5123,1038,3,2,640,32.0,608.0
3427,2025-02-09,5298,2033,1,19,9880,0.0,9880.0
3428,2025-05-26,5166,2017,3,3,960,48.0,912.0
3429,2025-01-29,5153,2024,3,10,3200,0.0,3200.0
3430,2025-06-04,5306,2025,2,3,1260,126.0,1134.0
3431,2025-05-12,5062,1024,4,19,3990,399.0,3591.0
3432,2025-04-03,5159,2024,1,25,13000,650.0,12350.0
3433,2025-05-25,5092,1038,2,13,5460,546.0,4914.0
3434,2025-01-30,5047,1050,3,18,5760,0.0,5760.0
3435,2025-01-25,5192,2002,2,3,1260,0.0,1260.0
3436,2025-03-24,5244,2012,3,5,1600,0.0,1600.0
3437,2025-02-26,5309,1047,4,19,3990,199.5,3790.5
3438,2025-06-04,5163,2037,4,25,5250,0.0,5250.0
3439,2025-01-02,5403,2028,2,21,8820,441.0,8379.0
3440,2025-02-20,5491,1039,4,9,1890,0.0,1890.0
3441,2025-06-07,5349,1021,2,9,3780,0.0,3780.0
3442,2025-02-16,5446,1056,3,3,960,48.0,912.0
3443,2025-06-10,5222,1008,4,21,4410,0.0,4410.0
3444,2025-04-15,5447,1039,4,7,1470,0.0,1470.0
3445,2025-03-15,5141,1009,2,4,1680,0.0,1680.0
3446,2025-04-24,5177,1005,1,2,1040,104.0,936.0
3447,2025-01-05,5269,2040,3,20,6400,0.0,6400.0
3448,2025-01-11,5487,2027,2,16,6720,672.0,6048.0
3449,2025-02-24,5455,2005,1,23,11960,1196.0,10764.0
3450,2025-05-02,5014,1017,3,19,6080,608.0,5472.0
3451,2025-01-23,5287,2036,3,5,1600,0.0,1600.0
3452,2025-05-11,5179,1035,1,22,11440,0.0,11440.0
3453,2025-05-04,5308,1040,2,9,3780,378.0,3402.0
3454,2025-06-24,5239,1053,3,9,2880,0.0,2880.0
3455,2025-01-28,5284,1038,2,12,5040,0.0,5040.0
3456,2025-05-11,5489,2016,3,17,5440,544.0,4896.0
3457,2025-01-28,5252,2005,3,17,5440,0.0,5440.0
3458,2025-06-08,5254,2004,3,18,5760,288.0,5472.0
3459,2025-01-06,5128,1060,1,22,11440,1144.0,10296.0
3460,2025-03-05,5214,1046,1,14,7280,728.0,6552.0
3461,2025-04-09,5364,1020,2,7,2940,294.0,2646.0
3462,2025-05-09,5490,1022,2,17,7140,0.0,7140.0
3463,2025-05-05,5170,1009,4,16,3360,0.0,3360.0
3464,2025-05-24,5021,2034,1,13,6760,338.0,6422.0
3465,2025-04-21,5299,2024,1,1,520,0.0,520.0
3466,2025-04-02,5023,1050,3,14,4480,224.0,4256.0
3467,2025-02-12,5077,1029,4,22,4620,0.0,4620.0
3468,2025-01-25,5483,1045,3,5,1600,0.0,1600.0
3469,2025-03-14,5426,1009,2,24,10080,1008.0,9072.0
3470,2025-06-20,5479,2027,1,2,1040,0.0,1040.0
3471,2025-06-13,5496,1052,2,17,7140,0.0,7140.0
3472,2025-03-13,5114,1022,4,5,1050,52.5,997.5
3473,2025-04-28,5278,1036,1,8,4160,0.0,4160.0
3474,2025-02-27,5470,2038,2,13,5460,546.0,4914.0
3475,2025-02-09,5161,2020,4,14,2940,294.0,2646.0
3476,2025-04-22,5346,1014,2,21,8820,441.0,8379.0
3477,2025-04-14,5486,1047,3,14,4480,224.0,4256.0
3478,2025-04-24,5388,1042,1,2,1040,52.0,988.0
3479,2025-04-15,5428,1022,3,7,2240,112.0,2128.0
3480,2025-03-10,5234,1030,4,22,4620,0.0,4620.0
3481,2025-03-25,5058,2014,1,8,4160,416.0,3744.0
3482,2025-01-31,5164,1018,4,5,1050,52.5,997.5
3483,2025-01-12,5484,1016,2,2,840,0.0,840.0
3484,2025-02-19,5416,1041,3,14,4480,0.0,4480.0
3485,2025-04-26,5402,2011,2,20,8400,0.0,8400.0
3486,2025-04-26,5475,1010,2,15,6300,630.0,5670.0
3487,2025-06-27,5296,1031,2,22,9240,0.0,9240.0
3488,2025-01-05,5269,1024,4,6,1260,0.0,1260.0
3489,2025-05-13,5030,1047,1,19,9880,494.0,9386.0
3490,2025-02-10,5342,2035,4,1,210,21.0,189.0
3491,2025-03-24,5136,1031,2,9,3780,0.0,3780.0
3492,2025-02-18,5047,1010,4,13,2730,0.0,2730.0
3493,2025-02-14,5256,1012,1,3,1560,0.0,1560.0
3494,2025-02-07,5174,2006,4,7,1470,0.0,1470.0
3495,2025-03-19,5385,1005,4,25,5250,0.0,5250.0
3496,2025-03-08,5045,2015,4,15,3150,0.0,3150.0
3497,2025-02-17,5375,2035,4,20,4200,0.0,4200.0
3498,2025-02-10,5104,1014,3,18,5760,576.0,5184.0
3499,2025-03-24,5427,2028,2,13,5460,0.0,5460.0
3500,2025-02-23,5153,2023,1,24,12480,1248.0,11232.0
3501,2025-05-01,5322,2024,3,23,7360,0.0,7360.0
3502,2025-03-12,5133,2009,3,23,7360,368.0,6992.0
3503,2025-06-27,5073,2040,1,9,4680,0.0,4680.0
3504,2025-01-10,5283,2002,3,15,4800,0.0,4800.0
3505,2025-02-28,5038,2011,2,19,7980,798.0,7182.0
3506,2025-05-20,5388,1048,1,5,2600,0.0,2600.0
3507,2025-06-23,5104,2035,1,24,12480,624.0,11856.0
3508,2025-06-07,5144,2039,3,13,4160,208.0,3952.0
3509,2025-03-24,5046,2007,3,15,4800,0.0,4800.0
3510,2025-02-23,5280,1038,2,4,1680,168.0,1512.0
3511,2025-02-16,5315,2026,1,25,13000,0.0,13000.0
3512,2025-05-24,5383,1026,2,7,2940,294.0,2646.0
3513,2025-04-26,5390,1050,1,19,9880,988.0,8892.0
3514,2025-05-21,5356,1014,1,22,11440,0.0,11440.0
3515,2025-06-12,5483,1041,4,6,1260,126.0,1134.0
3516,2025-06-25,5295,1049,3,7,2240,0.0,2240.0
3517,2025-01-20,5470,1029,2,16,6720,0.0,6720.0
3518,2025-01-03,5288,1027,1,1,520,0.0,520.0
3519,2025-04-17,5338,1026,2,22,9240,0.0,9240.0
3520,2025-04-14,5454,2027,3,20,6400,640.0,5760.0
3521,2025-06-23,5392,1048,4,21,4410,441.0,3969.0
3522,2025-05-30,5135,2021,2,9,3780,0.0,3780.0
3523,2025-01-21,5032,1020,1,21,10920,1092.0,9828.0
3524,2025-03-23,5491,1049,2,19,7980,0.0,7980.0
3525,2025-06-22,5051,1050,2,6,2520,0.0,2520.0
3526,2025-01-18,5188,2040,4,6,1260,0.0,1260.0
3527,2025-03-31,5046,2031,3,22,7040,704.0,6336.0
3528,2025-04-19,5137,1014,1,12,6240,624.0,5616.0
3529,2025-02-21,5405,1031,3,6,1920,192.0,1728.0
3530,2025-06-03,5229,2026,2,7,2940,0.0,2940.0
3531,2025-02-11,5233,2031,4,20,4200,420.0,3780.0
3532,2025-02-26,5413,2003,2,25,10500,0.0,10500.0
3533,2025-02-12,5206,1024,1,4,2080,0.0,2080.0
3534,2025-02-06,5215,1026,3,1,320,0.0,320.0
3535,2025-05-06,5060,2005,3,16,5120,0.0,5120.0
3536,2025-06-08,5333,2027,4,16,3360,0.0,3360.0
3537,2025-06-18,5040,2008,1,4,2080,0.0,2080.0
3538,2025-01-26,5202,1027,4,24,5040,0.0,5040.0
3539,2025-03-22,5387,1007,1,13,6760,676.0,6084.0
3540,2025-04-01,5450,1033,4,17,3570,0.0,3570.0
3541,2025-04-06,5209,1006,1,1,520,0.0,520.0
3542,2025-01-24,5387,2018,1,23,11960,1196.0,10764.0
3543,2025-05-10,5133,2015,4,1,210,10.5,199.5
3544,2025-03-08,5022,1041,2,1,420,0.0,420.0
3545,2025-05-03,5106,2011,3,21,6720,0.0,6720.0
3546,2025-02-04,5197,2012,1,19,9880,0.0,9880.0
3547,2025-06-07,5053,1006,4,11,2310,0.0,2310.0
3548,2025-06-17,5486,1060,1,21,10920,0.0,10920.0
3549,2025-01-27,5157,1054,4,3,630,0.0,630.0
3550,2025-04-04,5422,1023,2,3,1260,0.0,1260.0
3551,2025-05-03,5319,1037,3,9,2880,0.0,2880.0
3552,2025-04-26,5434,1037,4,3,630,0.0,630.0
3553,2025-04-01,5057,2010,1,8,4160,208.0,3952.0
3554,2025-05-22,5240,2030,4,3,630,31.5,598.5
3555,2025-03-22,5437,1047,4,25,5250,0.0,5250.0
3556,2025-06-21,5258,2009,3,18,5760,288.0,5472.0
3557,2025-04-13,5357,1008,2,12,5040,252.0,4788.0
3558,2025-06-12,5153,2030,4,11,2310,0.0,2310.0
3559,2025-02-13,5355,1052,3,15,4800,0.0,4800.0
3560,2025-04-03,5404,2002,2,5,2100,0.0,2100.0
3561,2025-06-20,5304,1039,2,11,4620,0.0,4620.0
3562,2025-01-21,5115,2012,4,17,3570,0.0,3570.0
3563,2025-03-14,5403,1030,4,18,3780,0.0,3780.0
3564,2025-02-05,5371,1051,1,8,4160,0.0,4160.0
3565,2025-04-14,5373,1004,3,9,2880,0.0,2880.0
3566,2025-03-12,5393,1013,1,16,8320,0.0,8320.0
3567,2025-02-07,5091,1018,1,12,6240,0.0,6240.0
3568,2025-04-25,5086,1056,2,2,840,0.0,840.0
3569,2025-06-29,5193,2025,2,21,8820,441.0,8379.0
3570,2025-04-06,5228,1054,4,11,2310,115.5,2194.5
3571,2025-05-05,5379,1034,1,4,2080,0.0,2080.0
3572,2025-02-25,5251,1004,3,17,5440,0.0,5440.0
3573,2025-01-21,5478,1034,4,2,420,0.0,420.0
3574,2025-03-23,5131,2009,3,23,7360,0.0,7360.0
3575,2025-01-26,5293,1021,4,14,2940,294.0,2646.0
3576,2025-06-19,5215,2039,1,13,6760,338.0,6422.0
3577,2025-05-03,5456,2039,1,2,1040,0.0,1040.0
3578,2025-04-17,5059,2019,3,24,7680,0.0,7680.0
3579,2025-01-11,5034,2011,4,16,3360,0.0,3360.0
3580,2025-01-28,5029,1005,4,11,2310,0.0,2310.0
3581,2025-06-29,5031,1042,2,20,8400,0.0,8400.0
3582,2025-04-18,5401,1055,2,15,6300,0.0,6300.0
3583,2025-02-02,5336,2025,4,21,4410,0.0,4410.0
3584,2025-05-06,5021,2009,3,3,960,48.0,912.0
3585,2025-02-13,5127,1026,3,1,320,16.0,304.0
3586,2025-03-29,5332,1005,3,25,8000,0.0,8000.0
3587,2025-06-18,5047,2005,2,17,7140,714.0,6426.0
3588,2025-03-27,5400,1017,3,25,8000,0.0,8000.0
3589,2025-04-20,5018,2018,4,9,1890,189.0,1701.0
3590,2025-05-05,5344,1003,3,23,7360,0.0,7360.0
3591,2025-04-20,5158,1025,3,25,8000,800.0,7200.0
3592,2025-04-21,5160,1058,3,11,3520,176.0,3344.0
3593,2025-02-07,5320,1034,2,11,4620,0.0,4620.0
3594,2025-04-03,5189,1040,1,4,2080,104.0,1976.0
3595,2025-01-11,5031,2030,1,16,8320,0.0,8320.0
3596,2025-02-22,5452,2040,1,10,5200,520.0,4680.0
3597,2025-05-04,5437,1044,2,16,6720,0.0,6720.0
3598,2025-06-04,5227,1006,3,4,1280,0.0,1280.0
3599,2025-01-16,5440,1014,1,13,6760,676.0,6084.0
3600,2025-03-06,5439,2018,4,7,1470,0.0,1470.0
3601,2025-03-17,5352,2024,4,24,5040,504.0,4536.0
3602,2025-05-28,5284,2023,3,2,640,0.0,640.0
3603,2025-01-24,5368,1041,2,10,4200,0.0,4200.0
3604,2025-06-17,5382,1055,2,9,3780,0.0,3780.0
3605,2025-02-12,5450,2030,3,20,6400,0.0,6400.0
3606,2025-03-21,5427,2023,2,23,9660,0.0,9660.0
3607,2025-04-26,5135,2013,3,20,6400,0.0,6400.0
3608,2025-01-31,5500,2026,2,9,3780,0.0,3780.0
3609,2025-06-04,5224,1017,2,4,1680,168.0,1512.0
3610,2025-02-23,5006,2026,3,8,2560,0.0,2560.0
3611,2025-04-20,5327,2030,4,3,630,0.0,630.0
3612,2025-05-06,5212,2011,2,19,7980,798.0,7182.0
3613,2025-04-18,5374,2027,3,12,3840,384.0,3456.0
3614,2025-01-23,5350,1022,3,21,6720,0.0,6720.0
3615,2025-05-26,5124,2021,1,10,5200,260.0,4940.0
3616,2025-02-07,5120,2027,2,22,9240,924.0,8316.0
3617,2025-02-03,5262,1006,2,22,9240,924.0,8316.0
3618,2025-02-01,5169,2018,2,9,3780,0.0,3780.0
3619,2025-05-21,5360,1032,2,25,10500,0.0,10500.0
3620,2025-02-02,5353,2011,2,14,5880,588.0,5292.0
3621,2025-04-20,5420,1057,1,18,9360,0.0,9360.0
3622,2025-03-09,5289,2009,3,21,6720,0.0,6720.0
3623,2025-02-19,5170,2017,2,23,9660,0.0,9660.0
3624,2025-06-13,5209,2017,1,2,1040,0.0,1040.0
3625,2025-05-26,5096,1014,2,21,8820,441.0,8379.0
3626,2025-03-23,5101,1027,3,19,6080,608.0,5472.0
3627,2025-03-17,5334,1041,4,7,1470,73.5,1396.5
3628,2025-06-05,5486,2020,3,10,3200,320.0,2880.0
3629,2025-02-16,5070,1024,3,11,3520,352.0,3168.0
3630,2025-06-15,5191,2016,1,8,4160,0.0,4160.0
3631,2025-05-25,5124,2023,4,25,5250,262.5,4987.5
3632,2025-01-24,5121,1020,1,17,8840,0.0,8840.0
3633,2025-01-23,5075,2009,4,12,2520,0.0,2520.0
3634,2025-04-23,5467,2037,2,15,6300,0.0,6300.0
3635,2025-02-13,5438,2011,1,7,3640,0.0,3640.0
3636,2025-03-05,5279,1006,2,21,8820,0.0,8820.0
3637,2025-01-15,5278,1050,1,24,12480,624.0,11856.0
3638,2025-01-28,5275,1009,2,11,4620,0.0,4620.0
3639,2025-04-28,5028,1023,4,6,1260,0.0,1260.0
3640,2025-06-24,5110,2006,3,18,5760,288.0,5472.0
3641,2025-05-20,5326,2024,3,16,5120,0.0,5120.0
3642,2025-05-12,5309,1030,1,9,4680,0.0,4680.0
3643,2025-02-07,5014,1051,1,1,520,26.0,494.0
3644,2025-04-21,5195,1021,3,3,960,0.0,960.0
3645,2025-03-06,5269,2015,2,6,2520,0.0,2520.0
3646,2025-01-29,5107,1009,2,20,8400,0.0,8400.0
3647,2025-05-14,5079,1004,1,11,5720,572.0,5148.0
3648,2025-04-26,5080,2021,3,19,6080,608.0,5472.0
3649,2025-04-16,5427,2004,3,4,1280,0.0,1280.0
3650,2025-02-03,5315,1008,1,22,11440,0.0,11440.0
3651,2025-02-22,5053,1040,2,6,2520,126.0,2394.0
3652,2025-01-05,5380,1028,4,25,5250,262.5,4987.5
3653,2025-03-24,5406,1032,3,12,3840,0.0,3840.0
3654,2025-05-29,5224,2027,1,2,1040,0.0,1040.0
3655,2025-03-12,5176,2028,1,9,4680,0.0,4680.0
3656,2025-03-28,5333,2029,3,9,2880,0.0,2880.0
3657,2025-06-11,5079,2024,1,2,1040,104.0,936.0
3658,2025-05-01,5204,2012,3,24,7680,0.0,7680.0
3659,2025-04-21,5267,1025,4,2,420,0.0,420.0
3660,2025-02-01,5115,2028,4,1,210,0.0,210.0
3661,2025-01-26,5498,2024,2,22,9240,0.0,9240.0
3662,2025-02-10,5332,1004,1,11,5720,0.0,5720.0
3663,2025-06-04,5064,2006,2,16,6720,672.0,6048.0
3664,2025-06-10,5236,2032,4,15,3150,0.0,3150.0
3665,2025-03-23,5128,2033,3,13,4160,0.0,4160.0
3666,2025-06-01,5367,1003,4,25,5250,0.0,5250.0
3667,2025-05-23,5084,2033,3,22,7040,704.0,6336.0
3668,2025-01-15,5030,1049,3,3,960,0.0,960.0
3669,2025-04-27,5433,1041,1,9,4680,0.0,4680.0
3670,2025-03-05,5373,1037,1,22,11440,0.0,11440.0
3671,2025-02-04,5402,1054,1,24,12480,0.0,12480.0
3672,2025-04-05,5070,1051,3,8,2560,256.0,2304.0
3673,2025-03-22,5381,2018,3,13,4160,0.0,4160.0
3674,2025-02-16,5136,2008,3,24,7680,768.0,6912.0
3675,2025-03-10,5479,2032,1,18,9360,0.0,9360.0
3676,2025-04-05,5217,2010,3,24,7680,384.0,7296.0
3677,2025-03-31,5137,1045,4,21,4410,441.0,3969.0
3678,2025-02-22,5114,1035,1,6,3120,312.0,2808.0
3679,2025-02-28,5266,2002,2,21,8820,0.0,8820.0
3680,2025-05-17,5142,1024,1,12,6240,624.0,5616.0
3681,2025-06-23,5035,2001,4,6,1260,63.0,1197.0
3682,2025-01-08,5117,1049,1,14,7280,0.0,7280.0
3683,2025-02-24,5368,1007,4,11,2310,115.5,2194.5
3684,2025-06-17,5172,1031,1,21,10920,546.0,10374.0
3685,2025-01-13,5136,1055,2,20,8400,840.0,7560.0
3686,2025-04-01,5331,2008,2,16,6720,0.0,6720.0
3687,2025-05-09,5304,2034,1,18,9360,468.0,8892.0
3688,2025-05-09,5500,2015,3,1,320,32.0,288.0
3689,2025-02-07,5032,1045,1,7,3640,364.0,3276.0
3690,2025-04-21,5208,2023,3,5,1600,160.0,1440.0
3691,2025-05-08,5384,1044,4,5,1050,52.5,997.5
3692,2025-06-27,5072,2013,2,7,2940,0.0,2940.0
3693,2025-02-27,5384,2017,4,8,1680,168.0,1512.0
3694,2025-05-30,5028,1016,1,12,6240,0.0,6240.0
3695,2025-06-23,5327,1013,1,22,11440,1144.0,10296.0
3696,2025-05-01,5209,1056,4,7,1470,0.0,1470.0
3697,2025-04-21,5313,2003,2,18,7560,0.0,7560.0
3698,2025-01-02,5286,2014,2,4,1680,0.0,1680.0
3699,2025-05-30,5399,1047,3,25,8000,0.0,8000.0
3700,2025-06-10,5200,2008,2,10,4200,420.0,3780.0
3701,2025-03-02,5327,2008,1,21,10920,0.0,10920.0
3702,2025-04-14,5063,2010,4,22,4620,0.0,4620.0
3703,2025-02-28,5238,2008,1,13,6760,676.0,6084.0
3704,2025-04-14,5398,1007,3,17,5440,0.0,5440.0
3705,2025-02-19,5276,2002,3,4,1280,128.0,1152.0
3706,2025-03-21,5086,1036,2,25,10500,1050.0,9450.0
3707,2025-04-28,5126,2001,1,16,8320,0.0,8320.0
3708,2025-06-15,5463,1010,4,16,3360,0.0,3360.0
3709,2025-06-29,5286,2027,4,11,2310,0.0,2310.0
3710,2025-03-24,5397,1049,4,6,1260,0.0,1260.0
3711,2025-04-26,5478,1011,2,19,7980,798.0,7182.0
3712,2025-01-31,5019,2014,1,2,1040,52.0,988.0
3713,2025-06-20,5390,1016,1,19,9880,988.0,8892.0
3714,2025-01-01,5272,2040,1,5,2600,130.0,2470.0
3715,2025-06-16,5251,1009,1,11,5720,0.0,5720.0
3716,2025-03-06,5318,1057,1,8,4160,0.0,4160.0
3717,2025-03-08,5023,1044,1,6,3120,0.0,3120.0
3718,2025-04-04,5388,2024,3,13,4160,0.0,4160.0
3719,2025-04-04,5213,2026,2,13,5460,273.0,5187.0
3720,2025-05-26,5225,2015,1,4,2080,0.0,2080.0
3721,2025-03-25,5336,1031,1,3,1560,0.0,1560.0
3722,2025-01-10,5227,2004,2,5,2100,0.0,2100.0
3723,2025-01-23,5005,1058,4,19,3990,0.0,3990.0
3724,2025-02-17,5128,1007,4,5,1050,0.0,1050.0
3725,2025-06-07,5242,2015,1,17,8840,0.0,8840.0
3726,2025-06-24,5021,2001,2,13,5460,0.0,5460.0
3727,2025-05-17,5121,1005,4,14,2940,0.0,2940.0
3728,2025-06-08,5014,2040,1,7,3640,182.0,3458.0
3729,2025-02-19,5108,1059,2,15,6300,315.0,5985.0
3730,2025-04-17,5080,2037,1,22,11440,0.0,11440.0
3731,2025-06-02,5309,1058,2,20,8400,0.0,8400.0
3732,2025-02-24,5061,1024,4,12,2520,0.0,2520.0
3733,2025-05-04,5263,1046,2,8,3360,0.0,3360.0
3734,2025-01-31,5491,1058,3,24,7680,0.0,7680.0
3735,2025-03-29,5121,2036,2,22,9240,0.0,9240.0
3736,2025-05-12,5433,1015,1,3,1560,156.0,1404.0
3737,2025-04-15,5451,1050,2,25,10500,0.0,10500.0
3738,2025-06-01,5166,1001,3,18,5760,576.0,5184.0
3739,2025-05-10,5353,1030,2,25,10500,1050.0,9450.0
3740,2025-02-05,5336,1001,3,8,2560,128.0,2432.0
3741,2025-05-09,5479,2019,2,7,2940,0.0,2940.0
3742,2025-01-09,5285,1018,3,19,6080,0.0,6080.0
3743,2025-02-05,5098,2026,3,22,7040,352.0,6688.0
3744,2025-03-18,5363,2029,2,5,2100,0.0,2100.0
3745,2025-04-28,5196,1043,3,13,4160,0.0,4160.0
3746,2025-05-27,5054,2031,4,21,4410,220.5,4189.5
3747,2025-03-23,5254,1060,1,12,6240,0.0,6240.0
3748,2025-04-27,5374,1019,2,9,3780,378.0,3402.0
3749,2025-04-12,5003,1039,2,13,5460,546.0,4914.0
3750,2025-06-03,5308,2024,1,3,1560,156.0,1404.0
3751,2025-06-13,5087,1020,2,2,840,0.0,840.0
3752,2025-05-26,5354,1030,3,20,6400,0.0,6400.0
3753,2025-06-27,5097,1019,3,1,320,0.0,320.0
3754,2025-01-30,5111,2028,3,15,4800,480.0,4320.0
3755,2025-03-14,5098,1026,1,23,11960,598.0,11362.0
3756,2025-06-19,5341,2004,3,3,960,0.0,960.0
3757,2025-05-11,5247,2019,2,21,8820,0.0,8820.0
3758,2025-06-29,5115,1043,3,4,1280,128.0,1152.0
3759,2025-06-06,5054,1059,1,3,1560,78.0,1482.0
3760,2025-01-30,5155,2008,4,13,2730,0.0,2730.0
3761,2025-04-02,5395,2020,3,15,4800,0.0,4800.0
3762,2025-04-07,5453,2040,2,22,9240,0.0,9240.0
3763,2025-02-22,5228,2020,2,2,840,0.0,840.0
3764,2025-04-02,5361,1055,4,14,2940,0.0,2940.0
3765,2025-02-22,5488,2014,1,6,3120,0.0,3120.0
3766,2025-04-21,5264,1017,4,16,3360,336.0,3024.0
3767,2025-05-02,5392,2037,2,25,10500,1050.0,9450.0
3768,2025-02-17,5439,1006,4,2,420,21.0,399.0
3769,2025-03-12,5500,2037,4,25,5250,0.0,5250.0
3770,2025-06-17,5157,2002,4,25,5250,525.0,4725.0
3771,2025-02-01,5152,1006,2,11,4620,0.0,4620.0
3772,2025-01-20,5417,1049,3,9,2880,0.0,2880.0
3773,2025-03-15,5016,2024,2,8,3360,0.0,3360.0
3774,2025-02-23,5246,2036,2,25,10500,1050.0,9450.0
3775,2025-01-07,5411,2039,1,5,2600,0.0,2600.0
3776,2025-04-14,5376,2015,4,3,630,63.0,567.0
3777,2025-04-09,5443,2002,2,24,10080,504.0,9576.0
3778,2025-04-20,5209,1033,2,25,10500,0.0,10500.0
3779,2025-04-01,5480,2012,1,9,4680,0.0,4680.0
3780,2025-03-22,5409,2004,3,6,1920,192.0,1728.0
3781,2025-04-21,5430,2012,2,14,5880,0.0,5880.0
3782,2025-06-01,5125,1009,4,15,3150,315.0,2835.0
3783,2025-01-19,5388,1052,1,10,5200,260.0,4940.0
3784,2025-03-11,5286,1045,4,23,4830,483.0,4347.0
3785,2025-03-09,5375,2004,3,12,3840,0.0,3840.0
3786,2025-05-13,5209,1011,1,6,3120,156.0,2964.0
3787,2025-04-11,5135,2022,2,7,2940,0.0,2940.0
3788,2025-04-17,5457,2022,1,8,4160,0.0,4160.0
3789,2025-02-22,5101,1049,2,16,6720,0.0,6720.0
3790,2025-02-19,5271,1022,1,11,5720,0.0,5720.0
3791,2025-04-08,5186,1039,2,19,7980,0.0,7980.0
3792,2025-04-07,5170,2033,2,1,420,0.0,420.0
3793,2025-02-25,5184,1002,1,21,10920,0.0,10920.0
3794,2025-04-02,5293,1052,1,16,8320,0.0,8320.0
3795,2025-05-25,5119,1048,2,16,6720,672.0,6048.0
3796,2025-04-04,5072,1019,4,9,1890,189.0,1701.0
3797,2025-06-01,5349,2031,1,5,2600,0.0,2600.0
3798,2025-06-21,5206,2003,3,16,5120,512.0,4608.0
3799,2025-04-03,5386,1012,4,22,4620,0.0,4620.0
3800,2025-06-24,5114,1050,2,5,2100,0.0,2100.0
3801,2025-05-05,5315,1048,3,10,3200,320.0,2880.0
3802,2025-03-06,5328,2016,2,22,9240,462.0,8778.0
3803,2025-03-22,5138,2006,3,3,960,0.0,960.0
3804,2025-05-26,5488,2028,2,16,6720,672.0,6048.0
3805,2025-03-01,5245,1053,2,23,9660,483.0,9177.0
3806,2025-04-02,5213,1016,3,12,3840,384.0,3456.0
3807,2025-01-31,5042,1003,2,24,10080,504.0,9576.0
3808,2025-01-20,5249,1032,3,16,5120,512.0,4608.0
3809,2025-03-09,5264,1027,2,12,5040,0.0,5040.0
3810,2025-06-04,5465,1025,4,15,3150,0.0,3150.0
3811,2025-05-13,5327,1024,3,23,7360,368.0,6992.0
3812,2025-04-13,5227,1048,1,18,9360,0.0,9360.0
3813,2025-03-12,5055,2037,3,23,7360,736.0,6624.0
3814,2025-03-05,5101,2009,1,25,13000,0.0,13000.0
3815,2025-01-15,5317,2037,2,13,5460,0.0,5460.0
3816,2025-05-09,5325,2024,4,4,840,84.0,756.0
3817,2025-03-16,5318,1037,2,25,10500,1050.0,9450.0
3818,2025-02-12,5158,1058,2,9,3780,0.0,3780.0
3819,2025-05-02,5475,2010,4,16,3360,168.0,3192.0
3820,2025-05-23,5106,2012,1,8,4160,208.0,3952.0
3821,2025-01-08,5494,1031,4,21,4410,0.0,4410.0
3822,2025-04-27,5393,1034,1,20,10400,0.0,10400.0
3823,2025-03-13,5210,1046,4,19,3990,199.5,3790.5
3824,2025-05-09,5107,1032,1,14,7280,0.0,7280.0
3825,2025-06-04,5194,1031,2,14,5880,0.0,5880.0
3826,2025-04-02,5041,2013,3,3,960,0.0,960.0
3827,2025-02-01,5305,2032,4,5,1050,0.0,1050.0
3828,2025-04-14,5058,2040,4,16,3360,336.0,3024.0
3829,2025-02-17,5150,2017,1,25,13000,1300.0,11700.0
3830,2025-06-15,5009,2029,4,25,5250,0.0,5250.0
3831,2025-06-18,5452,2002,2,3,1260,126.0,1134.0
3832,2025-01-01,5499,1018,4,25,5250,0.0,5250.0
3833,2025-06-18,5161,2001,2,13,5460,0.0,5460.0
3834,2025-05-06,5238,2020,1,19,9880,0.0,9880.0
3835,2025-04-05,5361,1031,1,2,1040,104.0,936.0
3836,2025-06-11,5012,1025,4,13,2730,136.5,2593.5
3837,2025-04-01,5377,2027,3,7,2240,0.0,2240.0
3838,2025-01-31,5253,2007,3,12,3840,384.0,3456.0
3839,2025-06-11,5017,1002,4,14,2940,0.0,2940.0
3840,2025-01-29,5208,1011,3,23,7360,0.0,7360.0
3841,2025-06-13,5140,1044,1,3,1560,0.0,1560.0
3842,2025-02-21,5047,1001,3,2,640,0.0,640.0
3843,2025-06-23,5086,2019,4,19,3990,399.0,3591.0
3844,2025-03-11,5339,1014,1,3,1560,78.0,1482.0
3845,2025-06-14,5129,1035,2,22,9240,0.0,9240.0
3846,2025-05-07,5213,1011,3,23,7360,0.0,7360.0
3847,2025-04-24,5018,1030,3,13,4160,416.0,3744.0
3848,2025-02-03,5011,2009,1,16,8320,832.0,7488.0
3849,2025-04-24,5157,2020,4,14,2940,294.0,2646.0
3850,2025-02-02,5117,2007,4,9,1890,94.5,1795.5
3851,2025-02-27,5463,1040,1,4,2080,0.0,2080.0
3852,2025-04-06,5366,1010,1,3,1560,156.0,1404.0
3853,2025-06-04,5126,1026,1,9,4680,0.0,4680.0
3854,2025-05-31,5423,1038,4,16,3360,336.0,3024.0
3855,2025-01-17,5388,1018,4,20,4200,0.0,4200.0
3856,2025-01-13,5075,1022,3,3,960,0.0,960.0
3857,2025-05-21,5259,2028,2,8,3360,168.0,3192.0
3858,2025-06-06,5392,1040,4,1,210,0.0,210.0
3859,2025-03-28,5288,1034,3,11,3520,176.0,3344.0
3860,2025-03-20,5283,1044,3,23,7360,0.0,7360.0
3861,2025-01-03,5449,2024,1,10,5200,0.0,5200.0
3862,2025-04-16,5124,2007,2,5,2100,0.0,2100.0
3863,2025-02-26,5337,1026,2,9,3780,0.0,3780.0
3864,2025-02-14,5335,1011,3,1,320,0.0,320.0
3865,2025-04-30,5020,2017,1,10,5200,520.0,4680.0
3866,2025-04-04,5101,1060,3,23,7360,368.0,6992.0
3867,2025-01-26,5166,2027,3,10,3200,0.0,3200.0
3868,2025-03-08,5307,2029,4,19,3990,0.0,3990.0
3869,2025-02-08,5063,2033,1,20,10400,1040.0,9360.0
3870,2025-05-31,5381,1005,4,13,2730,136.5,2593.5
3871,2025-05-26,5298,2038,1,21,10920,0.0,10920.0
3872,2025-06-03,5122,1016,4,9,1890,0.0,1890.0
3873,2025-03-18,5185,2023,3,9,2880,0.0,2880.0
3874,2025-03-07,5064,1052,3,8,2560,0.0,2560.0
3875,2025-03-09,5374,1056,3,12,3840,384.0,3456.0
3876,2025-03-26,5169,2018,1,4,2080,0.0,2080.0
3877,2025-03-25,5449,2015,4,12,2520,0.0,2520.0
3878,2025-06-27,5454,1011,1,25,13000,0.0,13000.0
3879,2025-06-21,5128,1016,1,23,11960,598.0,11362.0
3880,2025-03-23,5138,1058,3,19,6080,0.0,6080.0
3881,2025-06-28,5193,1039,2,21,8820,441.0,8379.0
3882,2025-05-15,5053,1003,2,12,5040,504.0,4536.0
3883,2025-03-18,5494,1003,2,13,5460,0.0,5460.0
3884,2025-06-30,5256,2021,2,2,840,42.0,798.0
3885,2025-05-14,5389,2015,4,4,840,0.0,840.0
3886,2025-02-24,5485,2030,3,7,2240,112.0,2128.0
3887,2025-06-20,5160,1058,2,12,5040,504.0,4536.0
3888,2025-04-02,5270,2031,2,11,4620,462.0,4158.0
3889,2025-03-09,5297,1018,4,18,3780,189.0,3591.0
3890,2025-04-26,5261,1060,3,2,640,32.0,608.0
3891,2025-06-08,5041,1037,1,14,7280,0.0,7280.0
3892,2025-02-04,5434,2011,3,13,4160,0.0,4160.0
3893,2025-04-09,5275,1042,1,20,10400,0.0,10400.0
3894,2025-03-29,5083,2015,1,25,13000,1300.0,11700.0
3895,2025-01-30,5122,2001,1,1,520,0.0,520.0
3896,2025-03-06,5038,1039,3,25,8000,400.0,7600.0
3897,2025-03-16,5450,2017,2,19,7980,0.0,7980.0
3898,2025-02-19,5174,2013,4,15,3150,0.0,3150.0
3899,2025-02-12,5088,2017,2,14,5880,0.0,5880.0
3900,2025-01-31,5494,2018,1,2,1040,0.0,1040.0
3901,2025-01-01,5500,2022,4,13,2730,0.0,2730.0
3902,2025-03-10,5037,1035,4,20,4200,210.0,3990.0
3903,2025-02-02,5268,1021,2,14,5880,0.0,5880.0
3904,2025-04-13,5081,1030,1,12,6240,312.0,5928.0
3905,2025-01-24,5098,1035,2,3,1260,63.0,1197.0
3906,2025-03-15,5202,2030,4,2,420,0.0,420.0
3907,2025-05-09,5051,2015,3,21,6720,0.0,6720.0
3908,2025-01-28,5337,1025,4,24,5040,252.0,4788.0
3909,2025-06-22,5278,1031,3,13,4160,0.0,4160.0
3910,2025-01-13,5460,1005,3,1,320,0.0,320.0
3911,2025-05-30,5336,1046,4,20,4200,0.0,4200.0
3912,2025-06-25,5290,2023,3,21,6720,0.0,6720.0
3913,2025-05-29,5386,1024,4,12,2520,0.0,2520.0
3914,2025-06-14,5254,1018,1,14,7280,364.0,6916.0
3915,2025-05-25,5236,1049,2,9,3780,0.0,3780.0
3916,2025-01-26,5210,2033,4,24,5040,0.0,5040.0
3917,2025-04-08,5208,2037,4,1,210,0.0,210.0
3918,2025-01-19,5108,1045,1,13,6760,0.0,6760.0
3919,2025-06-04,5280,1024,4,14,2940,0.0,2940.0
3920,2025-02-03,5441,1036,1,2,1040,0.0,1040.0
3921,2025-01-06,5389,2022,4,13,2730,0.0,2730.0
3922,2025-02-21,5462,1015,3,22,7040,352.0,6688.0
3923,2025-01-15,5342,1052,3,14,4480,0.0,4480.0
3924,2025-06-18,5300,2009,2,15,6300,0.0,6300.0
3925,2025-06-24,5349,1024,2,16,6720,0.0,6720.0
3926,2025-06-11,5191,1040,4,13,2730,0.0,2730.0
3927,2025-03-01,5397,1004,2,8,3360,168.0,3192.0
3928,2025-02-19,5143,1004,2,18,7560,756.0,6804.0
3929,2025-06-18,5189,2005,3,4,1280,0.0,1280.0
3930,2025-01-08,5402,1057,1,8,4160,0.0,4160.0
3931,2025-06-11,5464,1006,4,4,840,84.0,756.0
3932,2025-06-30,5223,1059,3,3,960,48.0,912.0
3933,2025-01-02,5186,1029,1,20,10400,1040.0,9360.0
3934,2025-02-04,5206,1013,3,17,5440,544.0,4896.0
3935,2025-05-03,5437,1054,2,15,6300,630.0,5670.0
3936,2025-02-26,5266,1026,3,11,3520,0.0,3520.0
3937,2025-04-17,5027,2019,3,13,4160,0.0,4160.0
3938,2025-02-07,5215,1025,3,3,960,48.0,912.0
3939,2025-01-06,5459,2003,2,25,10500,1050.0,9450.0
3940,2025-06-04,5035,2002,2,11,4620,0.0,4620.0
3941,2025-04-27,5438,1046,4,20,4200,0.0,4200.0
3942,2025-04-16,5165,1016,2,3,1260,0.0,1260.0
3943,2025-01-18,5177,2025,1,23,11960,1196.0,10764.0
3944,2025-03-30,5302,1053,3,24,7680,0.0,7680.0
3945,2025-06-04,5045,1049,1,21,10920,1092.0,9828.0
3946,2025-02-05,5095,2008,2,15,6300,0.0,6300.0
3947,2025-02-19,5040,2026,3,18,5760,0.0,5760.0
3948,2025-01-08,5066,2023,4,22,4620,0.0,4620.0
3949,2025-04-30,5252,2009,1,6,3120,0.0,3120.0
3950,2025-02-06,5411,1016,1,18,9360,0.0,9360.0
3951,2025-05-02,5244,1058,4,2,420,21.0,399.0
3952,2025-05-31,5478,2028,2,15,6300,0.0,6300.0
3953,2025-02-25,5493,2008,3,14,4480,0.0,4480.0
3954,2025-03-28,5255,2001,2,12,5040,0.0,5040.0
3955,2025-01-30,5121,2033,2,24,10080,0.0,10080.0
3956,2025-05-18,5319,1010,2,7,2940,0.0,2940.0
3957,2025-04-01,5149,1051,2,3,1260,126.0,1134.0
3958,2025-03-09,5187,2010,2,6,2520,0.0,2520.0
3959,2025-01-31,5139,1017,4,3,630,31.5,598.5
3960,2025-04-07,5364,1007,1,4,2080,208.0,1872.0
3961,2025-02-06,5199,1039,1,12,6240,0.0,6240.0
3962,2025-03-08,5483,1047,1,20,10400,520.0,9880.0
3963,2025-01-11,5324,1038,3,22,7040,0.0,7040.0
3964,2025-06-22,5384,2020,4,25,5250,262.5,4987.5
3965,2025-02-21,5088,2034,3,11,3520,352.0,3168.0
3966,2025-04-26,5362,1005,1,22,11440,0.0,11440.0
3967,2025-06-27,5302,1045,4,5,1050,52.5,997.5
3968,2025-06-10,5157,2035,1,11,5720,286.0,5434.0
3969,2025-05-07,5345,1021,3,5,1600,0.0,1600.0
3970,2025-04-06,5470,1028,2,21,8820,0.0,8820.0
3971,2025-02-03,5274,1034,4,17,3570,0.0,3570.0
3972,2025-01-29,5230,2003,1,3,1560,0.0,1560.0
3973,2025-04-18,5431,2013,1,22,11440,0.0,11440.0
3974,2025-04-28,5076,1052,3,15,4800,0.0,4800.0
3975,2025-06-23,5148,1012,4,5,1050,0.0,1050.0
3976,2025-06-23,5064,1018,4,14,2940,0.0,2940.0
3977,2025-01-29,5469,2009,3,11,3520,0.0,3520.0
3978,2025-04-29,5051,1008,1,12,6240,0.0,6240.0
3979,2025-05-18,5046,2008,3,16,5120,512.0,4608.0
3980,2025-04-01,5272,1033,3,1,320,0.0,320.0
3981,2025-03-11,5336,2018,3,21,6720,0.0,6720.0
3982,2025-01-18,5014,1042,3,11,3520,0.0,3520.0
3983,2025-02-25,5418,2040,4,6,1260,0.0,1260.0
3984,2025-01-01,5001,2007,1,25,13000,650.0,12350.0
3985,2025-05-12,5050,1009,4,23,4830,241.5,4588.5
3986,2025-02-28,5027,1027,1,5,2600,0.0,2600.0
3987,2025-03-07,5350,1033,4,13,2730,136.5,2593.5
3988,2025-02-27,5461,1011,1,24,12480,0.0,12480.0
3989,2025-05-01,5411,1031,2,7,2940,0.0,2940.0
3990,2025-06-10,5399,1025,4,8,1680,0.0,1680.0
3991,2025-05-03,5041,1057,1,15,7800,780.0,7020.0
3992,2025-01-13,5474,2002,1,12,6240,0.0,6240.0
3993,2025-05-25,5130,1039,2,20,8400,0.0,8400.0
3994,2025-05-08,5285,2022,2,6,2520,0.0,2520.0
3995,2025-03-23,5004,1039,4,13,2730,136.5,2593.5
3996,2025-05-26,5454,2030,2,6,2520,126.0,2394.0
3997,2025-04-22,5361,2038,1,2,1040,52.0,988.0
3998,2025-03-26,5361,1037,2,22,9240,0.0,9240.0
3999,2025-03-15,5015,1023,3,7,2240,0.0,2240.0
4000,2025-01-27,5138,2018,3,25,8000,0.0,8000.0
4001,2025-05-17,5133,2022,4,5,1050,52.5,997.5
4002,2025-03-13,5108,1047,4,3,630,63.0,567.0
4003,2025-05-22,5392,2033,4,15,3150,157.5,2992.5
4004,2025-06-15,5198,1059,1,15,7800,0.0,7800.0
4005,2025-05-18,5458,1020,2,25,10500,0.0,10500.0
4006,2025-02-25,5460,2025,3,2,640,64.0,576.0
4007,2025-06-13,5019,2016,3,17,5440,0.0,5440.0
4008,2025-02-18,5097,1032,2,14,5880,0.0,5880.0
4009,2025-02-13,5341,1034,2,6,2520,0.0,2520.0
4010,2025-01-31,5492,2014,4,4,840,0.0,840.0
4011,2025-05-19,5392,1016,1,16,8320,0.0,8320.0
4012,2025-03-18,5009,1012,4,23,4830,483.0,4347.0
4013,2025-04-11,5404,1051,2,5,2100,0.0,2100.0
4014,2025-01-12,5485,2039,3,9,2880,144.0,2736.0
4015,2025-02-27,5403,1024,4,21,4410,441.0,3969.0
4016,2025-04-06,5311,2040,2,5,2100,105.0,1995.0
4017,2025-06-08,5465,1035,4,16,3360,336.0,3024.0
4018,2025-05-25,5237,1024,3,15,4800,0.0,4800.0
4019,2025-06-11,5354,1013,1,21,10920,0.0,10920.0
4020,2025-04-17,5429,1013,4,17,3570,0.0,3570.0
4021,2025-05-22,5363,1004,4,17,3570,0.0,3570.0
4022,2025-03-10,5131,1033,4,6,1260,63.0,1197.0
4023,2025-04-12,5137,2018,1,7,3640,0.0,3640.0
4024,2025-02-02,5309,1015,4,12,2520,0.0,2520.0
4025,2025-06-10,5199,2027,3,3,960,0.0,960.0
4026,2025-04-10,5138,1010,4,13,2730,0.0,2730.0
4027,2025-01-14,5488,1004,3,25,8000,400.0,7600.0
4028,2025-03-22,5122,1003,1,13,6760,0.0,6760.0
4029,2025-04-25,5383,1058,3,1,320,0.0,320.0
4030,2025-05-05,5362,2001,1,25,13000,650.0,12350.0
4031,2025-05-07,5050,2015,2,7,2940,0.0,2940.0
4032,2025-06-05,5347,1028,4,17,3570,357.0,3213.0
4033,2025-04-27,5154,1045,1,14,7280,0.0,7280.0
4034,2025-06-24,5458,2019,2,6,2520,0.0,2520.0
4035,2025-01-25,5413,1032,4,4,840,84.0,756.0
4036,2025-06-09,5412,2016,4,1,210,0.0,210.0
4037,2025-01-07,5322,1027,4,11,2310,0.0,2310.0
4038,2025-03-08,5128,1058,1,15,7800,0.0,7800.0
4039,2025-03-17,5272,2035,1,5,2600,260.0,2340.0
4040,2025-01-18,5431,1045,4,13,2730,0.0,2730.0
4041,2025-04-10,5319,1014,3,15,4800,240.0,4560.0
4042,2025-03-09,5111,1040,2,4,1680,168.0,1512.0
4043,2025-02-27,5332,2006,2,1,420,0.0,420.0
4044,2025-03-30,5334,1039,2,2,840,84.0,756.0
4045,2025-04-29,5475,2005,1,12,6240,0.0,6240.0
4046,2025-01-07,5068,1037,1,4,2080,0.0,2080.0
4047,2025-05-03,5391,1029,1,17,8840,884.0,7956.0
4048,2025-02-04,5320,2020,3,3,960,0.0,960.0
4049,2025-04-07,5158,1030,3,21,6720,0.0,6720.0
4050,2025-05-22,5045,2004,2,4,1680,0.0,1680.0
4051,2025-02-03,5342,2015,2,23,9660,483.0,9177.0
4052,2025-04-13,5283,1054,3,17,5440,0.0,5440.0
4053,2025-02-01,5174,1045,4,2,420,21.0,399.0
4054,2025-01-14,5418,1002,3,16,5120,256.0,4864.0
4055,2025-04-28,5410,1015,2,20,8400,420.0,7980.0
4056,2025-03-06,5151,1006,3,12,3840,0.0,3840.0
4057,2025-04-02,5071,1035,2,5,2100,0.0,2100.0
4058,2025-02-06,5320,2038,1,21,10920,1092.0,9828.0
4059,2025-02-06,5162,2027,4,19,3990,0.0,3990.0
4060,2025-06-27,5472,1011,4,23,4830,0.0,4830.0
4061,2025-06-22,5134,1018,2,23,9660,0.0,9660.0
4062,2025-01-17,5208,2007,4,9,1890,189.0,1701.0
4063,2025-04-01,5318,2015,3,7,2240,0.0,2240.0
4064,2025-03-27,5287,1009,4,8,1680,168.0,1512.0
4065,2025-04-24,5458,1035,3,7,2240,0.0,2240.0
4066,2025-02-05,5053,1032,1,9,4680,0.0,4680.0
4067,2025-02-13,5181,2001,1,24,12480,0.0,12480.0
4068,2025-02-25,5072,2003,4,23,4830,0.0,4830.0
4069,2025-01-21,5102,2003,4,9,1890,0.0,1890.0
4070,2025-01-15,5263,1018,1,6,3120,0.0,3120.0
4071,2025-05-16,5358,1006,2,11,4620,462.0,4158.0
4072,2025-01-25,5289,1042,4,18,3780,0.0,3780.0
4073,2025-06-10,5323,2037,3,8,2560,0.0,2560.0
4074,2025-03-29,5049,2026,1,24,12480,624.0,11856.0
4075,2025-04-18,5141,2039,2,1,420,21.0,399.0
4076,2025-05-30,5237,2020,2,14,5880,0.0,5880.0
4077,2025-04-18,5259,2020,4,10,2100,105.0,1995.0
4078,2025-01-24,5403,2005,4,19,3990,0.0,3990.0
4079,2025-04-03,5212,1054,1,18,9360,0.0,9360.0
4080,2025-01-07,5403,1020,4,15,3150,0.0,3150.0
4081,2025-06-19,5117,1027,3,4,1280,0.0,1280.0
4082,2025-02-04,5052,2033,3,5,1600,160.0,1440.0
4083,2025-04-01,5437,1007,4,22,4620,231.0,4389.0
4084,2025-03-01,5475,2018,2,10,4200,420.0,3780.0
4085,2025-03-31,5263,2016,1,19,9880,0.0,9880.0
4086,2025-06-20,5283,1050,3,15,4800,0.0,4800.0
4087,2025-04-07,5437,1021,1,7,3640,0.0,3640.0
4088,2025-06-07,5277,2004,2,13,5460,0.0,5460.0
4089,2025-04-16,5074,1035,2,1,420,42.0,378.0
4090,2025-03-01,5394,1016,3,1,320,0.0,320.0
4091,2025-01-19,5182,2016,4,22,4620,0.0,4620.0
4092,2025-04-06,5232,1053,4,10,2100,0.0,2100.0
4093,2025-05-15,5365,1006,4,7,1470,147.0,1323.0
4094,2025-06-04,5046,2030,1,16,8320,0.0,8320.0
4095,2025-02-06,5137,1060,1,8,4160,208.0,3952.0
4096,2025-05-27,5305,1007,1,18,9360,0.0,9360.0
4097,2025-03-23,5033,1015,2,9,3780,0.0,3780.0
4098,2025-05-18,5206,2029,2,14,5880,0.0,5880.0
4099,2025-03-07,5226,1012,4,17,3570,0.0,3570.0
4100,2025-01-03,5357,2040,4,12,2520,252.0,2268.0
4101,2025-06-22,5439,1026,1,1,520,0.0,520.0
4102,2025-03-16,5256,1024,1,14,7280,728.0,6552.0
4103,2025-04-28,5035,2008,1,15,7800,0.0,7800.0
4104,2025-06-03,5345,2030,2,25,10500,525.0,9975.0
4105,2025-03-21,5041,1034,1,12,6240,312.0,5928.0
4106,2025-06-14,5097,1018,4,2,420,0.0,420.0
4107,2025-06-25,5217,2024,1,4,2080,0.0,2080.0
4108,2025-01-04,5432,2001,3,5,1600,160.0,1440.0
4109,2025-05-14,5338,2015,1,10,5200,520.0,4680.0
4110,2025-02-04,5101,1037,4,9,1890,0.0,1890.0
4111,2025-03-02,5163,2016,4,25,5250,0.0,5250.0
4112,2025-03-31,5430,1030,2,8,3360,168.0,3192.0
4113,2025-06-30,5477,1013,4,9,1890,189.0,1701.0
4114,2025-02-28,5237,2036,1,21,10920,0.0,10920.0
4115,2025-06-09,5475,2026,1,18,9360,468.0,8892.0
4116,2025-06-16,5184,2028,2,10,4200,210.0,3990.0
4117,2025-03-03,5129,1060,1,21,10920,0.0,10920.0
4118,2025-01-16,5446,1030,1,2,1040,0.0,1040.0
4119,2025-03-01,5326,1049,1,22,11440,0.0,11440.0
4120,2025-04-20,5270,1040,4,20,4200,0.0,4200.0
4121,2025-03-10,5290,2035,1,20,10400,1040.0,9360.0
4122,2025-03-02,5231,1004,3,23,7360,0.0,7360.0
4123,2025-03-30,5227,2008,2,17,7140,0.0,7140.0
4124,2025-01-26,5009,1001,4,17,3570,178.5,3391.5
4125,2025-01-29,5050,2009,2,6,2520,0.0,2520.0
4126,2025-03-26,5143,2021,3,15,4800,480.0,4320.0
4127,2025-04-14,5145,1006,1,18,9360,0.0,9360.0
4128,2025-06-09,5347,1006,2,19,7980,0.0,7980.0
4129,2025-06-10,5285,1048,4,2,420,21.0,399.0
4130,2025-02-18,5264,1015,4,5,1050,52.5,997.5
4131,2025-06-10,5409,1036,4,20,4200,420.0,3780.0
4132,2025-06-09,5143,2018,3,24,7680,0.0,7680.0
4133,2025-03-03,5141,1017,1,24,12480,0.0,12480.0
4134,2025-03-24,5258,1021,3,15,4800,0.0,4800.0
4135,2025-04-23,5087,2001,1,14,7280,364.0,6916.0
4136,2025-01-05,5204,1002,1,5,2600,0.0,2600.0
4137,2025-01-02,5425,2007,1,16,8320,0.0,8320.0
4138,2025-01-29,5212,2013,4,23,4830,0.0,4830.0
4139,2025-04-23,5125,1011,3,7,2240,0.0,2240.0
4140,2025-05-09,5151,1037,4,11,2310,0.0,2310.0
4141,2025-03-12,5216,1023,4,17,3570,357.0,3213.0
4142,2025-05-31,5096,1037,3,2,640,0.0,640.0
4143,2025-01-17,5465,2021,4,15,3150,157.5,2992.5
4144,2025-03-05,5093,2039,4,3,630,63.0,567.0
4145,2025-02-12,5390,2021,2,13,5460,0.0,5460.0
4146,2025-02-03,5080,1051,1,24,12480,0.0,12480.0
4147,2025-05-27,5353,1015,1,7,3640,0.0,3640.0
4148,2025-04-16,5186,1005,2,18,7560,0.0,7560.0
4149,2025-03-20,5206,1021,2,3,1260,63.0,1197.0
4150,2025-04-13,5325,2025,4,15,3150,0.0,3150.0
4151,2025-03-21,5480,2026,2,7,2940,147.0,2793.0
4152,2025-05-17,5126,1019,4,18,3780,378.0,3402.0
4153,2025-02-08,5197,2026,2,7,2940,0.0,2940.0
4154,2025-03-29,5467,2009,2,7,2940,294.0,2646.0
4155,2025-03-01,5498,2015,2,23,9660,0.0,9660.0
4156,2025-04-10,5296,2030,4,3,630,0.0,630.0
4157,2025-02-04,5466,2037,1,19,9880,0.0,9880.0
4158,2025-03-06,5424,2035,3,5,1600,0.0,1600.0
4159,2025-04-21,5146,1037,4,2,420,0.0,420.0
4160,2025-03-06,5206,1041,1,12,6240,0.0,6240.0
4161,2025-05-26,5148,1033,3,3,960,0.0,960.0
4162,2025-06-27,5193,1043,1,21,10920,1092.0,9828.0
4163,2025-03-01,5210,2024,2,24,10080,0.0,10080.0
4164,2025-06-04,5292,1001,2,12,5040,0.0,5040.0
4165,2025-05-13,5300,2028,3,12,3840,0.0,3840.0
4166,2025-05-17,5051,1058,3,9,2880,144.0,2736.0
4167,2025-01-23,5147,2009,3,2,640,0.0,640.0
4168,2025-04-18,5018,1005,4,24,5040,0.0,5040.0
4169,2025-03-02,5003,1039,3,13,4160,416.0,3744.0
4170,2025-06-05,5149,2028,3,3,960,48.0,912.0
4171,2025-02-03,5026,1030,3,7,2240,224.0,2016.0
4172,2025-01-05,5462,1003,3,10,3200,0.0,3200.0
4173,2025-04-23,5305,1054,1,20,10400,0.0,10400.0
4174,2025-06-13,5334,1020,4,5,1050,0.0,1050.0
4175,2025-03-30,5242,1022,4,12,2520,0.0,2520.0
4176,2025-05-03,5111,2027,1,15,7800,0.0,7800.0
4177,2025-05-20,5182,2015,2,21,8820,0.0,8820.0
4178,2025-02-25,5405,1051,4,24,5040,504.0,4536.0
4179,2025-03-27,5391,2011,4,3,630,0.0,630.0
4180,2025-01-25,5459,1012,3,16,5120,512.0,4608.0
4181,2025-03-23,5489,1035,1,3,1560,156.0,1404.0
4182,2025-06-17,5395,2037,1,8,4160,0.0,4160.0
4183,2025-05-04,5319,1035,4,10,2100,210.0,1890.0
4184,2025-03-02,5477,2030,3,15,4800,240.0,4560.0
4185,2025-01-13,5042,1047,3,1,320,0.0,320.0
4186,2025-03-14,5253,1004,4,1,210,0.0,210.0
4187,2025-01-17,5441,1015,3,20,6400,640.0,5760.0
4188,2025-01-15,5342,1050,4,15,3150,0.0,3150.0
4189,2025-03-26,5014,1003,3,23,7360,368.0,6992.0
4190,2025-06-15,5441,1015,1,15,7800,0.0,7800.0
4191,2025-01-20,5071,2004,3,9,2880,0.0,2880.0
4192,2025-05-21,5147,1016,3,5,1600,0.0,1600.0
4193,2025-03-03,5495,2010,2,10,4200,0.0,4200.0
4194,2025-06-29,5476,2036,3,15,4800,240.0,4560.0
4195,2025-04-18,5109,1015,3,18,5760,288.0,5472.0
4196,2025-03-31,5141,2025,4,3,630,63.0,567.0
4197,2025-02-16,5366,2035,3,2,640,0.0,640.0
4198,2025-04-14,5178,2007,2,1,420,42.0,378.0
4199,2025-03-16,5240,2031,1,3,1560,156.0,1404.0
4200,2025-03-11,5139,1022,3,16,5120,0.0,5120.0
4201,2025-04-09,5429,1044,3,22,7040,0.0,7040.0
4202,2025-03-12,5172,2018,4,1,210,10.5,199.5
4203,2025-02-26,5292,2014,3,14,4480,0.0,4480.0
4204,2025-02-15,5314,1055,3,14,4480,448.0,4032.0
4205,2025-05-26,5015,1050,4,17,3570,357.0,3213.0
4206,2025-01-02,5192,2006,3,20,6400,0.0,6400.0
4207,2025-05-22,5255,2006,2,22,9240,0.0,9240.0
4208,2025-05-28,5225,1017,3,12,3840,192.0,3648.0
4209,2025-02-17,5378,1028,4,21,4410,0.0,4410.0
4210,2025-05-06,5006,1042,4,8,1680,0.0,1680.0
4211,2025-05-16,5426,1022,1,12,6240,624.0,5616.0
4212,2025-04-10,5444,1026,1,21,10920,0.0,10920.0
4213,2025-03-07,5232,2014,1,21,10920,0.0,10920.0
4214,2025-03-17,5304,1010,2,21,8820,0.0,8820.0
4215,2025-04-06,5200,1055,2,16,6720,0.0,6720.0
4216,2025-01-02,5056,1003,1,19,9880,0.0,9880.0
4217,2025-01-26,5323,1002,3,3,960,0.0,960.0
4218,2025-02-11,5057,2028,3,17,5440,544.0,4896.0
4219,2025-05-03,5034,2035,3,20,6400,0.0,6400.0
4220,2025-05-28,5266,1059,4,25,5250,525.0,4725.0
4221,2025-02-08,5365,2013,4,13,2730,0.0,2730.0
4222,2025-04-13,5038,1026,4,19,3990,199.5,3790.5
4223,2025-06-10,5007,2040,3,22,7040,704.0,6336.0
4224,2025-04-17,5028,1027,1,24,12480,1248.0,11232.0
4225,2025-04-29,5407,2034,3,11,3520,0.0,3520.0
4226,2025-04-02,5059,1027,1,13,6760,0.0,6760.0
4227,2025-02-01,5264,2032,3,5,1600,160.0,1440.0
4228,2025-02-20,5169,1018,1,20,10400,0.0,10400.0
4229,2025-04-09,5279,2018,3,14,4480,0.0,4480.0
4230,2025-05-26,5243,2027,3,20,6400,0.0,6400.0
4231,2025-02-22,5099,2029,2,10,4200,210.0,3990.0
4232,2025-03-09,5075,1043,3,9,2880,0.0,2880.0
4233,2025-03-24,5282,2034,1,23,11960,0.0,11960.0
4234,2025-02-26,5137,2034,2,25,10500,0.0,10500.0
4235,2025-03-03,5137,1054,4,3,630,0.0,630.0
4236,2025-01-03,5420,2008,1,13,6760,676.0,6084.0
4237,2025-02-19,5144,1017,1,20,10400,0.0,10400.0
4238,2025-02-03,5197,1053,3,4,1280,64.0,1216.0
4239,2025-04-07,5195,2026,3,13,4160,0.0,4160.0
4240,2025-06-12,5479,2031,3,7,2240,0.0,2240.0
4241,2025-04-11,5210,2033,3,5,1600,80.0,1520.0
4242,2025-02-19,5070,1032,3,8,2560,0.0,2560.0
4243,2025-05-09,5055,1041,3,15,4800,0.0,4800.0
4244,2025-01-05,5345,2011,3,8,2560,0.0,2560.0
4245,2025-05-02,5489,1033,4,25,5250,0.0,5250.0
4246,2025-04-29,5466,1014,3,13,4160,0.0,4160.0
4247,2025-03-03,5047,2014,4,20,4200,210.0,3990.0
4248,2025-05-05,5129,1043,2,23,9660,483.0,9177.0
4249,2025-06-22,5014,1046,3,18,5760,0.0,5760.0
4250,2025-01-06,5011,1005,1,5,2600,0.0,2600.0
4251,2025-04-21,5425,2036,3,16,5120,0.0,5120.0
4252,2025-02-07,5204,2012,2,11,4620,231.0,4389.0
4253,2025-05-30,5420,2021,4,25,5250,262.5,4987.5
4254,2025-05-22,5333,1021,2,20,8400,0.0,8400.0
4255,2025-06-16,5246,2040,2,22,9240,462.0,8778.0
4256,2025-05-31,5170,1011,4,11,2310,231.0,2079.0
4257,2025-02-16,5251,1021,2,12,5040,252.0,4788.0
4258,2025-04-11,5412,1043,4,1,210,0.0,210.0
4259,2025-05-09,5488,1041,4,13,2730,0.0,2730.0
4260,2025-06-18,5285,1006,2,19,7980,0.0,7980.0
4261,2025-01-29,5374,2026,3,3,960,48.0,912.0
4262,2025-01-05,5249,1011,3,18,5760,0.0,5760.0
4263,2025-01-08,5185,1030,4,21,4410,0.0,4410.0
4264,2025-05-21,5408,1012,4,22,4620,231.0,4389.0
4265,2025-05-20,5325,2033,3,9,2880,0.0,2880.0
4266,2025-05-19,5378,2011,4,4,840,0.0,840.0
4267,2025-03-09,5189,2036,3,11,3520,0.0,3520.0
4268,2025-01-18,5376,2001,4,24,5040,0.0,5040.0
4269,2025-06-22,5410,2019,3,17,5440,544.0,4896.0
4270,2025-01-25,5128,1010,3,16,5120,0.0,5120.0
4271,2025-03-05,5415,1028,3,19,6080,304.0,5776.0
4272,2025-05-01,5484,1036,1,20,10400,0.0,10400.0
4273,2025-01-28,5249,2017,1,21,10920,0.0,10920.0
4274,2025-02-02,5377,1051,4,1,210,0.0,210.0
4275,2025-02-10,5437,1013,4,22,4620,231.0,4389.0
4276,2025-02-11,5177,1049,2,5,2100,0.0,2100.0
4277,2025-02-20,5449,1041,4,21,4410,0.0,4410.0
4278,2025-04-25,5031,2010,2,5,2100,210.0,1890.0
4279,2025-01-17,5062,1003,3,19,6080,608.0,5472.0
4280,2025-06-10,5140,1059,3,8,2560,0.0,2560.0
4281,2025-06-09,5187,1049,3,16,5120,0.0,5120.0
4282,2025-03-17,5221,1045,3,9,2880,0.0,2880.0
4283,2025-03-20,5055,1015,3,20,6400,0.0,6400.0
4284,2025-04-15,5143,2036,3,25,8000,400.0,7600.0
4285,2025-04-25,5471,2010,3,12,3840,384.0,3456.0
4286,2025-05-10,5494,1024,4,17,3570,0.0,3570.0
4287,2025-06-27,5414,1025,2,3,1260,63.0,1197.0
4288,2025-04-06,5013,2021,2,24,10080,0.0,10080.0
4289,2025-03-04,5439,2035,4,11,2310,0.0,2310.0
4290,2025-03-16,5426,1007,3,23,7360,0.0,7360.0
4291,2025-03-26,5226,2027,2,17,7140,714.0,6426.0
4292,2025-04-12,5223,1056,4,7,1470,73.5,1396.5
4293,2025-04-13,5343,2032,4,9,1890,0.0,1890.0
4294,2025-03-30,5299,1059,3,11,3520,352.0,3168.0
4295,2025-02-18,5409,2004,3,8,2560,0.0,2560.0
4296,2025-05-11,5286,2001,2,17,7140,714.0,6426.0
4297,2025-06-07,5471,1049,4,16,3360,0.0,3360.0
4298,2025-06-03,5425,2031,3,14,4480,224.0,4256.0
4299,2025-06-04,5062,1009,1,20,10400,1040.0,9360.0
4300,2025-02-06,5137,2008,3,7,2240,0.0,2240.0
4301,2025-05-09,5348,2005,4,18,3780,378.0,3402.0
4302,2025-05-23,5376,2018,2,10,4200,0.0,4200.0
4303,2025-05-03,5213,1008,2,15,6300,0.0,6300.0
4304,2025-03-24,5222,1042,4,1,210,21.0,189.0
4305,2025-05-12,5286,1007,2,20,8400,0.0,8400.0
4306,2025-06-02,5230,1017,2,13,5460,0.0,5460.0
4307,2025-01-31,5172,1048,2,5,2100,0.0,2100.0
4308,2025-05-07,5482,1055,3,2,640,0.0,640.0
4309,2025-01-24,5201,2014,3,22,7040,0.0,7040.0
4310,2025-06-24,5154,2009,1,16,8320,0.0,8320.0
4311,2025-03-26,5207,1019,2,11,4620,0.0,4620.0
4312,2025-03-09,5499,1046,3,22,7040,704.0,6336.0
4313,2025-04-09,5014,2001,3,6,1920,0.0,1920.0
4314,2025-03-02,5046,1042,4,25,5250,0.0,5250.0
4315,2025-02-10,5036,2032,4,15,3150,0.0,3150.0
4316,2025-05-03,5177,2013,4,7,1470,73.5,1396.5
4317,2025-06-08,5023,1053,4,14,2940,147.0,2793.0
4318,2025-03-17,5225,1051,2,4,1680,0.0,1680.0
4319,2025-03-30,5188,1014,1,15,7800,780.0,7020.0
4320,2025-04-23,5329,1052,2,25,10500,0.0,10500.0
4321,2025-03-11,5073,1001,2,7,2940,147.0,2793.0
4322,2025-02-25,5288,1036,2,2,840,0.0,840.0
4323,2025-02-06,5487,2007,3,11,3520,352.0,3168.0
4324,2025-04-18,5296,2017,1,1,520,26.0,494.0
4325,2025-05-16,5249,1001,2,16,6720,336.0,6384.0
4326,2025-05-26,5055,1007,4,16,3360,0.0,3360.0
4327,2025-06-10,5092,1019,1,21,10920,1092.0,9828.0
4328,2025-02-09,5474,2018,1,4,2080,208.0,1872.0
4329,2025-06-14,5378,1036,1,18,9360,936.0,8424.0
4330,2025-03-25,5109,1008,1,7,3640,0.0,3640.0
4331,2025-04-23,5126,2015,4,7,1470,147.0,1323.0
4332,2025-04-30,5134,2021,3,3,960,0.0,960.0
4333,2025-05-16,5387,2036,1,1,520,26.0,494.0
4334,2025-02-09,5040,2006,3,4,1280,0.0,1280.0
4335,2025-03-08,5314,2040,4,25,5250,525.0,4725.0
4336,2025-06-20,5486,2007,4,8,1680,0.0,1680.0
4337,2025-04-24,5205,1040,1,5,2600,0.0,2600.0
4338,2025-02-08,5464,1013,1,7,3640,0.0,3640.0
4339,2025-01-03,5040,2003,1,13,6760,676.0,6084.0
4340,2025-06-08,5432,2006,2,20,8400,0.0,8400.0
4341,2025-02-24,5149,2002,1,4,2080,208.0,1872.0
4342,2025-04-02,5184,2019,1,15,7800,0.0,7800.0
4343,2025-02-26,5468,1047,4,15,3150,315.0,2835.0
4344,2025-04-13,5037,1017,3,24,7680,768.0,6912.0
4345,2025-06-06,5392,2023,3,19,6080,304.0,5776.0
4346,2025-06-25,5010,2019,1,24,12480,1248.0,11232.0
4347,2025-04-07,5028,1028,2,6,2520,252.0,2268.0
4348,2025-02-13,5163,2023,1,8,4160,208.0,3952.0
4349,2025-03-27,5253,1051,3,13,4160,0.0,4160.0
4350,2025-02-23,5418,1058,2,6,2520,252.0,2268.0
4351,2025-03-27,5113,2011,2,24,10080,504.0,9576.0
4352,2025-01-29,5033,2025,1,5,2600,260.0,2340.0
4353,2025-03-05,5358,1013,1,3,1560,78.0,1482.0
4354,2025-01-05,5208,2010,1,7,3640,182.0,3458.0
4355,2025-06-19,5299,1052,3,13,4160,0.0,4160.0
4356,2025-05-07,5164,1007,1,1,520,0.0,520.0
4357,2025-02-09,5034,1028,2,17,7140,0.0,7140.0
4358,2025-02-04,5090,1046,4,17,3570,0.0,3570.0
4359,2025-05-07,5255,2017,1,1,520,0.0,520.0
4360,2025-01-22,5347,1032,3,12,3840,0.0,3840.0
4361,2025-02-05,5245,1008,3,19,6080,608.0,5472.0
4362,2025-06-16,5433,1026,1,6,3120,0.0,3120.0
4363,2025-03-20,5266,1006,2,18,7560,756.0,6804.0
4364,2025-05-06,5117,1017,1,13,6760,676.0,6084.0
4365,2025-02-05,5269,2005,1,24,12480,1248.0,11232.0
4366,2025-05-16,5060,1019,1,17,8840,442.0,8398.0
4367,2025-05-28,5246,1026,2,3,1260,126.0,1134.0
4368,2025-02-19,5315,1060,3,17,5440,272.0,5168.0
4369,2025-04-26,5379,2007,4,6,1260,0.0,1260.0
4370,2025-06-30,5399,1058,2,10,4200,210.0,3990.0
4371,2025-06-15,5119,2008,4,25,5250,525.0,4725.0
4372,2025-06-15,5226,2011,2,9,3780,0.0,3780.0
4373,2025-05-23,5420,1049,2,21,8820,0.0,8820.0
4374,2025-03-23,5119,2014,3,14,4480,448.0,4032.0
4375,2025-06-23,5091,2034,3,1,320,0.0,320.0
4376,2025-05-30,5214,2034,3,18,5760,0.0,5760.0
4377,2025-04-25,5105,2019,2,19,7980,0.0,7980.0
4378,2025-02-18,5239,1032,2,16,6720,672.0,6048.0
4379,2025-03-08,5447,1017,3,14,4480,0.0,4480.0
4380,2025-02-01,5015,1042,3,2,640,32.0,608.0
4381,2025-06-30,5446,1037,4,11,2310,0.0,2310.0
4382,2025-06-09,5024,1017,4,16,3360,336.0,3024.0
4383,2025-03-03,5455,1050,3,13,4160,416.0,3744.0
4384,2025-04-10,5158,2025,2,7,2940,0.0,2940.0
4385,2025-03-19,5174,2003,3,14,4480,448.0,4032.0
4386,2025-06-24,5381,1024,3,23,7360,0.0,7360.0
4387,2025-01-15,5083,1013,2,3,1260,63.0,1197.0
4388,2025-05-24,5206,2008,3,18,5760,0.0,5760.0
4389,2025-03-04,5201,1030,1,4,2080,0.0,2080.0
4390,2025-03-03,5217,1007,3,4,1280,0.0,1280.0
4391,2025-03-14,5409,1019,1,15,7800,0.0,7800.0
4392,2025-06-01,5178,2040,1,12,6240,312.0,5928.0
4393,2025-06-14,5177,2031,3,18,5760,0.0,5760.0
4394,2025-01-17,5481,1054,2,19,7980,0.0,7980.0
4395,2025-05-13,5162,1025,2,10,4200,420.0,3780.0
4396,2025-05-07,5467,1045,3,14,4480,0.0,4480.0
4397,2025-06-12,5348,2033,3,8,2560,0.0,2560.0
4398,2025-06-17,5163,1046,4,24,5040,0.0,5040.0
4399,2025-06-29,5128,2018,2,20,8400,840.0,7560.0
4400,2025-05-26,5067,1001,4,4,840,0.0,840.0
4401,2025-01-08,5395,1033,4,2,420,42.0,378.0
4402,2025-01-15,5399,1025,3,10,3200,0.0,3200.0
4403,2025-05-11,5145,1030,4,19,3990,0.0,3990.0
4404,2025-05-13,5350,2005,2,6,2520,0.0,2520.0
4405,2025-02-20,5437,1041,4,5,1050,0.0,1050.0
4406,2025-06-19,5339,1057,1,7,3640,0.0,3640.0
4407,2025-03-13,5281,2004,3,10,3200,160.0,3040.0
4408,2025-01-27,5069,1034,4,10,2100,0.0,2100.0
4409,2025-03-26,5185,1016,3,16,5120,256.0,4864.0
4410,2025-02-19,5192,2033,4,7,1470,0.0,1470.0
4411,2025-01-04,5074,2040,3,14,4480,0.0,4480.0
4412,2025-05-12,5234,2019,3,10,3200,160.0,3040.0
4413,2025-01-14,5155,2009,4,16,3360,336.0,3024.0
4414,2025-03-07,5393,1026,4,17,3570,178.5,3391.5
4415,2025-02-04,5268,2038,2,15,6300,0.0,6300.0
4416,2025-04-03,5003,1060,4,1,210,0.0,210.0
4417,2025-05-07,5007,1060,4,24,5040,0.0,5040.0
4418,2025-04-22,5473,2022,2,16,6720,0.0,6720.0
4419,2025-06-26,5328,2029,2,9,3780,0.0,3780.0
4420,2025-06-27,5404,1027,1,16,8320,0.0,8320.0
4421,2025-06-01,5475,2007,3,12,3840,0.0,3840.0
4422,2025-01-19,5304,2016,4,20,4200,0.0,4200.0
4423,2025-02-14,5455,2040,2,10,4200,420.0,3780.0
4424,2025-02-19,5299,1042,4,6,1260,126.0,1134.0
4425,2025-06-18,5490,1052,3,11,3520,0.0,3520.0
4426,2025-03-08,5076,1058,1,25,13000,0.0,13000.0
4427,2025-01-13,5203,2026,4,14,2940,0.0,2940.0
4428,2025-03-15,5333,2011,1,12,6240,624.0,5616.0
4429,2025-05-04,5313,2002,3,18,5760,288.0,5472.0
4430,2025-03-12,5368,1033,4,12,2520,0.0,2520.0
4431,2025-06-29,5288,1011,2,8,3360,168.0,3192.0
4432,2025-03-29,5245,1022,2,19,7980,0.0,7980.0
4433,2025-02-17,5108,1024,3,22,7040,0.0,7040.0
4434,2025-03-31,5006,2025,4,1,210,0.0,210.0
4435,2025-06-05,5174,1043,1,10,5200,0.0,5200.0
4436,2025-03-29,5103,1035,4,14,2940,147.0,2793.0
4437,2025-06-15,5015,1025,3,19,6080,608.0,5472.0
4438,2025-01-15,5392,1041,1,24,12480,624.0,11856.0
4439,2025-01-16,5185,1003,3,22,7040,352.0,6688.0
4440,2025-03-28,5201,1029,2,1,420,0.0,420.0
4441,2025-03-08,5253,1025,1,24,12480,0.0,12480.0
4442,2025-06-30,5483,2022,3,3,960,0.0,960.0
4443,2025-03-19,5066,2033,2,17,7140,0.0,7140.0
4444,2025-01-16,5369,1023,2,16,6720,0.0,6720.0
4445,2025-02-18,5453,1033,1,20,10400,520.0,9880.0
4446,2025-06-23,5457,2024,3,4,1280,64.0,1216.0
4447,2025-02-23,5397,1033,3,23,7360,736.0,6624.0
4448,2025-03-15,5215,2003,3,19,6080,608.0,5472.0
4449,2025-05-13,5092,1023,2,21,8820,882.0,7938.0
4450,2025-03-20,5168,1052,3,14,4480,0.0,4480.0
4451,2025-03-01,5278,1045,4,21,4410,0.0,4410.0
4452,2025-01-11,5218,1036,3,8,2560,0.0,2560.0
4453,2025-06-21,5375,2008,2,3,1260,0.0,1260.0
4454,2025-02-13,5485,2035,4,8,1680,84.0,1596.0
4455,2025-04-20,5188,2033,2,6,2520,0.0,2520.0
4456,2025-06-15,5108,1058,4,19,3990,0.0,3990.0
4457,2025-01-29,5447,2023,4,2,420,21.0,399.0
4458,2025-03-06,5390,2017,3,14,4480,0.0,4480.0
4459,2025-03-05,5146,2004,1,8,4160,208.0,3952.0
4460,2025-03-27,5067,1039,1,3,1560,156.0,1404.0
4461,2025-01-17,5203,1057,1,1,520,52.0,468.0
4462,2025-02-02,5087,2020,2,13,5460,546.0,4914.0
4463,2025-03-08,5124,1036,4,5,1050,0.0,1050.0
4464,2025-04-19,5243,1032,1,2,1040,0.0,1040.0
4465,2025-03-04,5139,2031,3,10,3200,320.0,2880.0
4466,2025-03-03,5023,1009,3,4,1280,64.0,1216.0
4467,2025-03-19,5490,1001,2,1,420,21.0,399.0
4468,2025-01-25,5354,2034,2,17,7140,357.0,6783.0
4469,2025-02-03,5095,2010,2,24,10080,0.0,10080.0
4470,2025-03-25,5096,2040,4,10,2100,0.0,2100.0
4471,2025-02-13,5412,1038,4,23,4830,241.5,4588.5
4472,2025-03-07,5020,1009,2,7,2940,147.0,2793.0
4473,2025-05-20,5463,1052,3,7,2240,0.0,2240.0
4474,2025-01-12,5376,1027,4,3,630,31.5,598.5
4475,2025-06-05,5167,1007,2,2,840,42.0,798.0
4476,2025-05-04,5485,2036,1,5,2600,260.0,2340.0
4477,2025-04-20,5273,1005,1,3,1560,0.0,1560.0
4478,2025-01-15,5340,2023,3,2,640,64.0,576.0
4479,2025-05-23,5271,1009,3,1,320,32.0,288.0
4480,2025-01-18,5053,1009,4,17,3570,0.0,3570.0
4481,2025-03-25,5036,1043,1,16,8320,0.0,8320.0
4482,2025-06-08,5285,1048,4,14,2940,0.0,2940.0
4483,2025-06-20,5078,2026,1,8,4160,416.0,3744.0
4484,2025-02-18,5249,1024,3,19,6080,608.0,5472.0
4485,2025-05-26,5266,2013,3,13,4160,208.0,3952.0
4486,2025-06-12,5483,1009,4,20,4200,0.0,4200.0
4487,2025-06-20,5493,1041,4,19,3990,0.0,3990.0
4488,2025-04-02,5090,1053,2,19,7980,798.0,7182.0
4489,2025-04-09,5313,1024,3,9,2880,0.0,2880.0
4490,2025-04-25,5003,2040,2,25,10500,0.0,10500.0
4491,2025-04-21,5104,1026,4,6,1260,0.0,1260.0
4492,2025-06-01,5126,2002,4,16,3360,336.0,3024.0
4493,2025-05-19,5141,1054,4,23,4830,241.5,4588.5
4494,2025-04-30,5019,2031,3,5,1600,0.0,1600.0
4495,2025-05-04,5477,1027,2,17,7140,714.0,6426.0
4496,2025-06-26,5426,1040,4,10,2100,210.0,1890.0
4497,2025-06-11,5041,2006,4,16,3360,336.0,3024.0
4498,2025-01-29,5461,2012,2,6,2520,126.0,2394.0
4499,2025-05-02,5143,1022,4,15,3150,0.0,3150.0
4500,2025-05-26,5165,1052,2,16,6720,0.0,6720.0
4501,2025-06-23,5209,2025,3,4,1280,0.0,1280.0
4502,2025-05-18,5281,2032,4,2,420,42.0,378.0
4503,2025-05-13,5412,2032,3,1,320,32.0,288.0
4504,2025-03-20,5328,1010,3,14,4480,0.0,4480.0
4505,2025-03-29,5380,1044,4,17,3570,0.0,3570.0
4506,2025-05-23,5472,2018,4,9,1890,0.0,1890.0
4507,2025-02-10,5198,2022,3,13,4160,416.0,3744.0
4508,2025-06-14,5142,1002,1,25,13000,0.0,13000.0
4509,2025-03-29,5229,1044,3,2,640,0.0,640.0
4510,2025-01-30,5274,1040,4,11,2310,115.5,2194.5
4511,2025-06-19,5446,1042,3,11,3520,0.0,3520.0
4512,2025-02-05,5081,1049,2,6,2520,126.0,2394.0
4513,2025-02-11,5302,2005,1,12,6240,0.0,6240.0
4514,2025-02-18,5338,2007,3,3,960,48.0,912.0
4515,2025-03-29,5135,1017,1,8,4160,416.0,3744.0
4516,2025-01-05,5352,1029,2,17,7140,0.0,7140.0
4517,2025-04-07,5421,2038,4,7,1470,0.0,1470.0
4518,2025-05-13,5443,1039,2,7,2940,294.0,2646.0
4519,2025-06-28,5091,1051,1,7,3640,364.0,3276.0
4520,2025-04-12,5145,1009,1,18,9360,468.0,8892.0
4521,2025-04-18,5099,2003,3,5,1600,0.0,1600.0
4522,2025-03-25,5448,1001,3,15,4800,0.0,4800.0
4523,2025-01-30,5034,1044,2,3,1260,0.0,1260.0
4524,2025-06-19,5100,2018,1,12,6240,0.0,6240.0
4525,2025-06-12,5461,2018,4,14,2940,147.0,2793.0
4526,2025-01-08,5005,1027,3,20,6400,640.0,5760.0
4527,2025-06-30,5119,1006,1,13,6760,0.0,6760.0
4528,2025-06-23,5084,2020,2,18,7560,0.0,7560.0
4529,2025-01-29,5164,1041,2,4,1680,0.0,1680.0
4530,2025-01-09,5411,2032,4,20,4200,0.0,4200.0
4531,2025-01-14,5327,2026,3,17,5440,544.0,4896.0
4532,2025-01-08,5479,1050,2,4,1680,84.0,1596.0
4533,2025-01-12,5398,2022,3,1,320,32.0,288.0
4534,2025-03-21,5122,2039,3,22,7040,0.0,7040.0
4535,2025-02-18,5145,1040,2,16,6720,0.0,6720.0
4536,2025-06-14,5067,1040,1,24,12480,0.0,12480.0
4537,2025-03-04,5456,2038,1,21,10920,0.0,10920.0
4538,2025-04-06,5474,1007,3,18,5760,0.0,5760.0
4539,2025-01-01,5351,2022,3,4,1280,0.0,1280.0
4540,2025-04-01,5358,2033,3,14,4480,0.0,4480.0
4541,2025-03-22,5276,1045,4,17,3570,357.0,3213.0
4542,2025-05-28,5091,2027,4,22,4620,0.0,4620.0
4543,2025-05-21,5315,2006,3,18,5760,576.0,5184.0
4544,2025-01-15,5276,1002,3,25,8000,0.0,8000.0
4545,2025-02-14,5317,2006,2,24,10080,0.0,10080.0
4546,2025-02-23,5401,1040,4,21,4410,0.0,4410.0
4547,2025-06-23,5268,2004,4,18,3780,0.0,3780.0
4548,2025-01-03,5321,1007,4,17,3570,0.0,3570.0
4549,2025-01-26,5305,2001,2,9,3780,378.0,3402.0
4550,2025-01-26,5321,1058,1,14,7280,0.0,7280.0
4551,2025-02-26,5248,1059,4,4,840,0.0,840.0
4552,2025-04-06,5201,2002,3,5,1600,0.0,1600.0
4553,2025-03-27,5197,1005,4,14,2940,147.0,2793.0
4554,2025-01-16,5169,1055,1,10,5200,520.0,4680.0
4555,2025-06-12,5475,1039,4,3,630,0.0,630.0
4556,2025-03-05,5461,1011,1,4,2080,208.0,1872.0
4557,2025-03-22,5265,2012,4,17,3570,357.0,3213.0
4558,2025-02-16,5018,1046,3,5,1600,160.0,1440.0
4559,2025-03-03,5346,2015,3,3,960,0.0,960.0
4560,2025-04-07,5204,2019,2,12,5040,0.0,5040.0
4561,2025-01-01,5338,1038,3,11,3520,176.0,3344.0
4562,2025-02-21,5388,1021,3,5,1600,160.0,1440.0
4563,2025-02-23,5117,1030,4,2,420,21.0,399.0
4564,2025-05-30,5179,1049,2,4,1680,0.0,1680.0
4565,2025-06-10,5397,2040,2,20,8400,840.0,7560.0
4566,2025-01-26,5416,1004,3,18,5760,0.0,5760.0
4567,2025-06-23,5498,2013,4,14,2940,294.0,2646.0
4568,2025-03-20,5433,1022,2,15,6300,0.0,6300.0
4569,2025-06-24,5087,1005,3,22,7040,0.0,7040.0
4570,2025-05-22,5065,1003,3,24,7680,384.0,7296.0
4571,2025-04-05,5457,1021,3,14,4480,0.0,4480.0
4572,2025-03-03,5133,1041,1,10,5200,0.0,5200.0
4573,2025-03-03,5465,1014,2,25,10500,0.0,10500.0
4574,2025-02-13,5454,2033,3,9,2880,0.0,2880.0
4575,2025-04-15,5128,1058,4,20,4200,0.0,4200.0
4576,2025-05-06,5493,1054,2,18,7560,0.0,7560.0
4577,2025-05-18,5336,1024,2,6,2520,0.0,2520.0
4578,2025-06-05,5207,1054,4,8,1680,0.0,1680.0
4579,2025-01-07,5286,1051,1,13,6760,338.0,6422.0
4580,2025-04-04,5299,2038,2,18,7560,0.0,7560.0
4581,2025-02-14,5296,2009,4,9,1890,94.5,1795.5
4582,2025-01-02,5444,1039,4,24,5040,0.0,5040.0
4583,2025-06-13,5083,2037,2,14,5880,0.0,5880.0
4584,2025-01-22,5486,1053,4,6,1260,0.0,1260.0
4585,2025-03-03,5234,1044,4,14,2940,294.0,2646.0
4586,2025-02-21,5043,2020,2,15,6300,0.0,6300.0
4587,2025-02-07,5402,2015,1,12,6240,0.0,6240.0
4588,2025-05-12,5386,1045,3,18,5760,0.0,5760.0
4589,2025-03-11,5179,2034,4,10,2100,105.0,1995.0
4590,2025-05-20,5230,1023,4,3,630,0.0,630.0
4591,2025-02-27,5124,2033,2,2,840,0.0,840.0
4592,2025-03-30,5165,2038,2,1,420,0.0,420.0
4593,2025-02-22,5033,1056,3,5,1600,0.0,1600.0
4594,2025-03-17,5307,1015,4,12,2520,0.0,2520.0
4595,2025-06-15,5232,1007,2,17,7140,0.0,7140.0
4596,2025-01-20,5234,2027,3,17,5440,0.0,5440.0
4597,2025-04-02,5126,2039,2,4,1680,0.0,1680.0
4598,2025-03-04,5072,2039,3,22,7040,352.0,6688.0
4599,2025-04-24,5036,1030,2,9,3780,189.0,3591.0
4600,2025-03-04,5228,1060,3,22,7040,704.0,6336.0
4601,2025-01-01,5201,1036,1,25,13000,0.0,13000.0
4602,2025-01-22,5191,1002,2,18,7560,378.0,7182.0
4603,2025-06-12,5303,1053,1,23,11960,598.0,11362.0
4604,2025-01-21,5500,1017,3,20,6400,0.0,6400.0
4605,2025-05-03,5254,2021,1,2,1040,0.0,1040.0
4606,2025-06-30,5397,2026,4,6,1260,126.0,1134.0
4607,2025-06-27,5124,1005,2,19,7980,399.0,7581.0
4608,2025-05-14,5387,1004,3,14,4480,224.0,4256.0
4609,2025-01-05,5104,1018,4,12,2520,0.0,2520.0
4610,2025-06-13,5063,1050,2,20,8400,0.0,8400.0
4611,2025-02-28,5455,1002,2,22,9240,924.0,8316.0
4612,2025-06-16,5101,2019,2,10,4200,0.0,4200.0
4613,2025-01-20,5142,1047,1,5,2600,130.0,2470.0
4614,2025-06-30,5462,1002,2,12,5040,504.0,4536.0
4615,2025-03-16,5343,1041,4,15,3150,0.0,3150.0
4616,2025-06-30,5216,1050,3,13,4160,0.0,4160.0
4617,2025-03-26,5100,1051,2,5,2100,0.0,2100.0
4618,2025-01-05,5037,1019,4,4,840,0.0,840.0
4619,2025-05-24,5268,1031,4,6,1260,0.0,1260.0
4620,2025-05-10,5475,1028,1,13,6760,338.0,6422.0
4621,2025-05-26,5057,2007,4,6,1260,126.0,1134.0
4622,2025-06-12,5393,2027,4,10,2100,105.0,1995.0
4623,2025-05-17,5437,2019,4,22,4620,0.0,4620.0
4624,2025-01-28,5451,1058,1,16,8320,0.0,8320.0
4625,2025-05-24,5388,2039,1,22,11440,0.0,11440.0
4626,2025-05-23,5477,1006,4,19,3990,0.0,3990.0
4627,2025-01-18,5153,1010,2,1,420,21.0,399.0
4628,2025-05-28,5234,2010,3,11,3520,0.0,3520.0
4629,2025-04-10,5016,1037,1,21,10920,0.0,10920.0
4630,2025-05-06,5288,1034,4,8,1680,0.0,1680.0
4631,2025-03-15,5328,1002,2,14,5880,294.0,5586.0
4632,2025-01-06,5386,2030,2,9,3780,378.0,3402.0
4633,2025-01-02,5140,2012,3,14,4480,0.0,4480.0
4634,2025-01-13,5231,1024,4,21,4410,0.0,4410.0
4635,2025-06-29,5249,1041,4,13,2730,136.5,2593.5
4636,2025-03-24,5135,1010,1,14,7280,0.0,7280.0
4637,2025-02-26,5246,1053,4,23,4830,0.0,4830.0
4638,2025-05-02,5126,1059,1,25,13000,1300.0,11700.0
4639,2025-06-18,5469,1002,4,4,840,84.0,756.0
4640,2025-02-01,5228,1016,2,16,6720,672.0,6048.0
4641,2025-01-01,5296,1048,4,25,5250,525.0,4725.0
4642,2025-05-01,5031,1027,1,1,520,0.0,520.0
4643,2025-05-06,5471,1032,2,18,7560,378.0,7182.0
4644,2025-03-09,5291,1055,4,16,3360,0.0,3360.0
4645,2025-06-11,5093,1054,2,3,1260,0.0,1260.0
4646,2025-05-30,5034,1023,1,2,1040,0.0,1040.0
4647,2025-04-08,5313,1033,3,6,1920,192.0,1728.0
4648,2025-03-28,5206,1048,1,11,5720,286.0,5434.0
4649,2025-06-07,5362,2031,2,11,4620,0.0,4620.0
4650,2025-05-15,5439,1028,1,17,8840,442.0,8398.0
4651,2025-01-15,5304,2036,1,3,1560,0.0,1560.0
4652,2025-05-06,5120,2036,3,14,4480,224.0,4256.0
4653,2025-03-17,5078,2006,3,13,4160,208.0,3952.0
4654,2025-01-13,5020,2015,2,6,2520,0.0,2520.0
4655,2025-03-06,5354,1016,1,22,11440,1144.0,10296.0
4656,2025-01-20,5358,1030,3,23,7360,0.0,7360.0
4657,2025-03-27,5273,2003,3,22,7040,0.0,7040.0
4658,2025-01-04,5324,2019,1,21,10920,1092.0,9828.0
4659,2025-05-08,5131,1026,3,17,5440,272.0,5168.0
4660,2025-01-04,5471,1042,1,10,5200,520.0,4680.0
4661,2025-02-07,5346,1029,1,9,4680,0.0,4680.0
4662,2025-04-30,5185,1048,1,23,11960,0.0,11960.0
4663,2025-02-25,5257,2018,4,25,5250,0.0,5250.0
4664,2025-02-27,5302,1002,3,14,4480,0.0,4480.0
4665,2025-03-15,5340,2031,4,12,2520,0.0,2520.0
4666,2025-02-16,5315,2031,1,8,4160,0.0,4160.0
4667,2025-02-21,5018,2012,4,15,3150,157.5,2992.5
4668,2025-01-17,5058,1002,3,11,3520,176.0,3344.0
4669,2025-02-19,5423,1053,3,4,1280,64.0,1216.0
4670,2025-04-19,5264,2032,3,4,1280,64.0,1216.0
4671,2025-03-03,5369,2037,3,20,6400,320.0,6080.0
4672,2025-06-25,5196,2032,3,15,4800,0.0,4800.0
4673,2025-04-14,5091,1056,3,9,2880,144.0,2736.0
4674,2025-01-06,5249,1018,4,12,2520,0.0,2520.0
4675,2025-06-18,5227,1006,1,10,5200,0.0,5200.0
4676,2025-04-25,5165,2019,4,23,4830,0.0,4830.0
4677,2025-06-23,5487,2015,2,9,3780,0.0,3780.0
4678,2025-02-23,5399,2018,4,4,840,42.0,798.0
4679,2025-02-25,5206,1016,4,17,3570,357.0,3213.0
4680,2025-06-27,5466,2031,2,1,420,0.0,420.0
4681,2025-03-31,5229,1020,2,11,4620,0.0,4620.0
4682,2025-06-05,5254,1051,2,18,7560,0.0,7560.0
4683,2025-02-21,5222,1004,3,18,5760,576.0,5184.0
4684,2025-03-23,5242,1011,2,24,10080,504.0,9576.0
4685,2025-06-20,5136,2027,2,20,8400,0.0,8400.0
4686,2025-06-14,5198,2007,2,8,3360,168.0,3192.0
4687,2025-02-24,5383,2022,4,2,420,0.0,420.0
4688,2025-04-19,5342,1032,4,12,2520,252.0,2268.0
4689,2025-04-04,5303,1030,4,23,4830,0.0,4830.0
4690,2025-05-15,5300,1050,1,4,2080,208.0,1872.0
4691,2025-01-05,5271,1001,2,9,3780,0.0,3780.0
4692,2025-04-24,5291,2031,3,1,320,0.0,320.0
4693,2025-01-17,5064,1020,1,5,2600,0.0,2600.0
4694,2025-01-04,5411,1029,1,16,8320,416.0,7904.0
4695,2025-03-16,5430,2007,3,12,3840,0.0,3840.0
4696,2025-03-13,5147,1026,3,23,7360,368.0,6992.0
4697,2025-05-23,5151,1005,4,20,4200,210.0,3990.0
4698,2025-06-23,5120,2010,1,6,3120,312.0,2808.0
4699,2025-04-07,5428,1021,4,11,2310,115.5,2194.5
4700,2025-05-18,5247,1038,4,21,4410,441.0,3969.0
4701,2025-02-22,5154,1054,4,19,3990,0.0,3990.0
4702,2025-05-11,5131,1040,1,18,9360,468.0,8892.0
4703,2025-05-06,5314,2036,1,25,13000,1300.0,11700.0
4704,2025-05-31,5362,2009,1,4,2080,0.0,2080.0
4705,2025-06-05,5404,1056,3,10,3200,160.0,3040.0
4706,2025-05-18,5412,1046,4,25,5250,0.0,5250.0
4707,2025-02-03,5059,2040,3,7,2240,0.0,2240.0
4708,2025-02-17,5422,2006,4,4,840,0.0,840.0
4709,2025-06-08,5386,1032,3,22,7040,352.0,6688.0
4710,2025-05-24,5400,2021,3,19,6080,0.0,6080.0
4711,2025-05-18,5350,2021,4,9,1890,0.0,1890.0
4712,2025-02-17,5072,1044,2,5,2100,210.0,1890.0
4713,2025-04-01,5053,1055,4,15,3150,0.0,3150.0
4714,2025-03-23,5153,1038,3,18,5760,0.0,5760.0
4715,2025-02-21,5081,1030,1,25,13000,650.0,12350.0
4716,2025-04-08,5447,1007,1,16,8320,0.0,8320.0
4717,2025-04-02,5208,2018,3,14,4480,224.0,4256.0
4718,2025-03-14,5346,1043,3,6,1920,96.0,1824.0
4719,2025-06-27,5338,1015,2,1,420,42.0,378.0
4720,2025-03-20,5173,1058,3,15,4800,0.0,4800.0
4721,2025-03-08,5311,1027,1,20,10400,520.0,9880.0
4722,2025-06-10,5148,1058,3,25,8000,0.0,8000.0
4723,2025-06-08,5046,2008,3,10,3200,0.0,3200.0
4724,2025-05-16,5384,1030,1,21,10920,0.0,10920.0
4725,2025-06-09,5238,1042,1,12,6240,0.0,6240.0
4726,2025-05-24,5056,2023,1,19,9880,0.0,9880.0
4727,2025-05-08,5304,1034,3,15,4800,480.0,4320.0
4728,2025-04-05,5364,1028,4,16,3360,0.0,3360.0
4729,2025-04-26,5087,1051,1,7,3640,364.0,3276.0
4730,2025-02-16,5106,1008,4,10,2100,0.0,2100.0
4731,2025-04-29,5099,2003,3,9,2880,144.0,2736.0
4732,2025-05-21,5022,2039,4,14,2940,0.0,2940.0
4733,2025-01-20,5213,2019,2,21,8820,0.0,8820.0
4734,2025-01-08,5266,2011,3,17,5440,0.0,5440.0
4735,2025-02-27,5099,2035,1,16,8320,416.0,7904.0
4736,2025-03-23,5117,2015,1,10,5200,0.0,5200.0
4737,2025-02-11,5456,1058,3,20,6400,0.0,6400.0
4738,2025-04-08,5325,1034,4,24,5040,0.0,5040.0
4739,2025-04-02,5362,2003,4,11,2310,231.0,2079.0
4740,2025-05-30,5168,2021,2,15,6300,315.0,5985.0
4741,2025-06-11,5410,1058,1,18,9360,936.0,8424.0
4742,2025-03-05,5084,2040,4,4,840,84.0,756.0
4743,2025-06-27,5167,1058,1,10,5200,0.0,5200.0
4744,2025-01-01,5253,1018,3,15,4800,240.0,4560.0
4745,2025-04-16,5335,1003,2,17,7140,0.0,7140.0
4746,2025-01-10,5160,1056,4,17,3570,0.0,3570.0
4747,2025-04-20,5480,1045,4,22,4620,0.0,4620.0
4748,2025-04-26,5095,1039,2,5,2100,0.0,2100.0
4749,2025-01-06,5266,1007,4,22,4620,0.0,4620.0
4750,2025-03-09,5444,2020,4,12,2520,0.0,2520.0
4751,2025-04-21,5116,2036,4,14,2940,0.0,2940.0
4752,2025-06-12,5027,1023,4,9,1890,0.0,1890.0
4753,2025-01-30,5186,2004,2,15,6300,630.0,5670.0
4754,2025-01-16,5453,1027,1,16,8320,832.0,7488.0
4755,2025-04-17,5010,2011,1,18,9360,0.0,9360.0
4756,2025-05-28,5340,1057,2,16,6720,0.0,6720.0
4757,2025-05-13,5167,1029,2,7,2940,0.0,2940.0
4758,2025-02-27,5270,1056,4,2,420,0.0,420.0
4759,2025-03-25,5239,2013,4,20,4200,0.0,4200.0
4760,2025-04-26,5160,1046,1,11,5720,572.0,5148.0
4761,2025-03-09,5023,1011,2,7,2940,0.0,2940.0
4762,2025-03-27,5215,2036,3,10,3200,0.0,3200.0
4763,2025-06-05,5261,2030,2,5,2100,0.0,2100.0
4764,2025-05-02,5165,2036,2,13,5460,0.0,5460.0
4765,2025-06-06,5258,1055,3,7,2240,112.0,2128.0
4766,2025-02-03,5149,2020,1,1,520,52.0,468.0
4767,2025-05-06,5220,1030,1,11,5720,286.0,5434.0
4768,2025-04-17,5395,1045,4,14,2940,294.0,2646.0
4769,2025-05-17,5232,1045,1,23,11960,0.0,11960.0
4770,2025-04-15,5166,1007,1,15,7800,0.0,7800.0
4771,2025-01-06,5446,1028,1,4,2080,0.0,2080.0
4772,2025-03-15,5494,1024,4,8,1680,168.0,1512.0
4773,2025-03-16,5310,1036,2,7,2940,0.0,2940.0
4774,2025-03-27,5407,2036,3,20,6400,0.0,6400.0
4775,2025-04-23,5403,2038,3,23,7360,0.0,7360.0
4776,2025-02-26,5408,1038,2,13,5460,546.0,4914.0
4777,2025-01-11,5249,2033,2,24,10080,0.0,10080.0
4778,2025-05-17,5154,1015,3,24,7680,768.0,6912.0
4779,2025-03-12,5282,2035,2,4,1680,84.0,1596.0
4780,2025-03-22,5345,1001,4,16,3360,336.0,3024.0
4781,2025-02-01,5066,2013,2,16,6720,0.0,6720.0
4782,2025-04-26,5486,2009,3,14,4480,0.0,4480.0
4783,2025-05-12,5406,2016,4,17,3570,178.5,3391.5
4784,2025-02-19,5341,2007,3,6,1920,192.0,1728.0
4785,2025-04-10,5103,2005,2,25,10500,525.0,9975.0
4786,2025-06-25,5457,1058,3,19,6080,0.0,6080.0
4787,2025-01-02,5394,1033,4,18,3780,0.0,3780.0
4788,2025-05-08,5358,2021,4,12,2520,252.0,2268.0
4789,2025-03-28,5345,1006,3,17,5440,0.0,5440.0
4790,2025-06-28,5151,2005,4,2,420,0.0,420.0
4791,2025-02-07,5331,2034,3,1,320,16.0,304.0
4792,2025-03-19,5439,1031,4,22,4620,0.0,4620.0
4793,2025-03-17,5145,2008,2,8,3360,0.0,3360.0
4794,2025-06-05,5242,2038,4,6,1260,126.0,1134.0
4795,2025-06-03,5401,1018,4,9,1890,0.0,1890.0
4796,2025-03-21,5158,1002,2,20,8400,0.0,8400.0
4797,2025-05-01,5339,1006,4,11,2310,0.0,2310.0
4798,2025-04-29,5348,1028,4,23,4830,0.0,4830.0
4799,2025-06-22,5418,1003,2,10,4200,0.0,4200.0
4800,2025-06-26,5388,1036,4,24,5040,0.0,5040.0
4801,2025-04-14,5365,2040,1,4,2080,0.0,2080.0
4802,2025-03-15,5489,2033,4,23,4830,241.5,4588.5
4803,2025-04-05,5428,1011,3,5,1600,0.0,1600.0
4804,2025-05-21,5066,2007,2,20,8400,420.0,7980.0
4805,2025-03-19,5117,2022,3,17,5440,0.0,5440.0
4806,2025-02-25,5080,1048,3,18,5760,0.0,5760.0
4807,2025-06-12,5385,1048,1,20,10400,0.0,10400.0
4808,2025-01-06,5473,2006,3,7,2240,112.0,2128.0
4809,2025-05-27,5038,1023,2,21,8820,0.0,8820.0
4810,2025-06-19,5016,1059,2,5,2100,210.0,1890.0
4811,2025-05-26,5391,1006,3,21,6720,0.0,6720.0
4812,2025-05-19,5294,1004,4,4,840,0.0,840.0
4813,2025-02-02,5443,2007,1,16,8320,0.0,8320.0
4814,2025-01-14,5168,1056,4,23,4830,0.0,4830.0
4815,2025-02-28,5065,1041,4,9,1890,0.0,1890.0
4816,2025-04-06,5122,1002,3,24,7680,0.0,7680.0
4817,2025-06-04,5243,1018,3,11,3520,0.0,3520.0
4818,2025-02-15,5282,1006,2,9,3780,0.0,3780.0
4819,2025-04-18,5206,2028,2,12,5040,0.0,5040.0
4820,2025-03-10,5202,1013,1,17,8840,884.0,7956.0
4821,2025-05-02,5391,1033,1,11,5720,286.0,5434.0
4822,2025-05-07,5109,1057,1,22,11440,1144.0,10296.0
4823,2025-01-05,5439,1053,3,13,4160,0.0,4160.0
4824,2025-01-15,5129,1050,4,15,3150,315.0,2835.0
4825,2025-05-03,5093,2025,3,2,640,0.0,640.0
4826,2025-04-26,5349,1041,3,21,6720,0.0,6720.0
4827,2025-06-30,5175,1008,4,13,2730,0.0,2730.0
4828,2025-03-04,5401,1005,4,16,3360,336.0,3024.0
4829,2025-02-14,5388,2007,1,12,6240,312.0,5928.0
4830,2025-04-29,5484,1014,3,24,7680,0.0,7680.0
4831,2025-04-16,5422,1056,4,7,1470,0.0,1470.0
4832,2025-01-16,5248,1019,4,8,1680,0.0,1680.0
4833,2025-03-03,5339,1045,1,17,8840,0.0,8840.0
4834,2025-04-20,5091,1014,4,4,840,0.0,840.0
4835,2025-03-23,5451,2025,1,11,5720,0.0,5720.0
4836,2025-04-30,5382,2001,3,12,3840,384.0,3456.0
4837,2025-01-17,5470,2006,4,21,4410,441.0,3969.0
4838,2025-02-02,5340,2008,3,5,1600,80.0,1520.0
4839,2025-01-22,5127,1022,4,10,2100,210.0,1890.0
4840,2025-02-26,5243,1029,2,2,840,84.0,756.0
4841,2025-04-06,5312,1048,2,25,10500,0.0,10500.0
4842,2025-05-03,5089,1045,2,25,10500,0.0,10500.0
4843,2025-01-16,5216,2036,2,22,9240,0.0,9240.0
4844,2025-04-08,5068,1038,1,13,6760,338.0,6422.0
4845,2025-01-25,5193,1037,3,4,1280,0.0,1280.0
4846,2025-02-02,5040,1013,3,25,8000,400.0,7600.0
4847,2025-03-11,5223,2020,4,25,5250,262.5,4987.5
4848,2025-06-02,5030,1029,2,3,1260,0.0,1260.0
4849,2025-05-21,5402,2005,4,18,3780,189.0,3591.0
4850,2025-01-12,5265,1019,3,11,3520,0.0,3520.0
4851,2025-04-15,5242,1020,2,16,6720,0.0,6720.0
4852,2025-03-30,5227,1047,4,9,1890,0.0,1890.0
4853,2025-03-23,5152,2023,4,17,3570,357.0,3213.0
4854,2025-03-30,5170,1036,4,25,5250,525.0,4725.0
4855,2025-06-30,5241,1036,4,25,5250,0.0,5250.0
4856,2025-02-25,5327,1050,2,24,10080,1008.0,9072.0
4857,2025-05-30,5033,1028,1,25,13000,0.0,13000.0
4858,2025-02-09,5329,1040,3,21,6720,0.0,6720.0
4859,2025-04-07,5333,1013,4,2,420,0.0,420.0
4860,2025-06-20,5491,1007,1,23,11960,0.0,11960.0
4861,2025-02-16,5430,1032,3,18,5760,0.0,5760.0
4862,2025-06-09,5465,1013,1,7,3640,0.0,3640.0
4863,2025-04-04,5221,2023,3,14,4480,0.0,4480.0
4864,2025-05-14,5026,1030,2,21,8820,441.0,8379.0
4865,2025-04-19,5204,2026,1,14,7280,0.0,7280.0
4866,2025-04-12,5473,1057,4,3,630,0.0,630.0
4867,2025-03-18,5450,1023,4,24,5040,0.0,5040.0
4868,2025-03-29,5279,2015,4,24,5040,252.0,4788.0
4869,2025-04-02,5367,1042,4,17,3570,0.0,3570.0
4870,2025-03-06,5354,1038,2,14,5880,588.0,5292.0
4871,2025-01-25,5284,2031,3,2,640,0.0,640.0
4872,2025-04-21,5375,1018,3,14,4480,0.0,4480.0
4873,2025-02-16,5104,2039,1,10,5200,0.0,5200.0
4874,2025-01-05,5007,2017,2,21,8820,0.0,8820.0
4875,2025-06-04,5280,1011,2,25,10500,0.0,10500.0
4876,2025-04-05,5363,1015,1,24,12480,0.0,12480.0
4877,2025-02-05,5058,2009,1,25,13000,0.0,13000.0
4878,2025-04-13,5495,1015,3,13,4160,208.0,3952.0
4879,2025-01-30,5338,1004,4,24,5040,0.0,5040.0
4880,2025-03-13,5399,2030,3,2,640,0.0,640.0
4881,2025-06-19,5138,2019,1,22,11440,572.0,10868.0
4882,2025-06-04,5473,2010,3,4,1280,128.0,1152.0
4883,2025-06-11,5234,2028,4,17,3570,357.0,3213.0
4884,2025-06-25,5341,1016,2,20,8400,0.0,8400.0
4885,2025-04-24,5296,1027,3,24,7680,768.0,6912.0
4886,2025-02-23,5493,2009,2,11,4620,0.0,4620.0
4887,2025-03-26,5111,2037,2,4,1680,0.0,1680.0
4888,2025-05-01,5076,2023,2,2,840,0.0,840.0
4889,2025-03-15,5081,1004,4,1,210,0.0,210.0
4890,2025-05-30,5448,2014,3,4,1280,0.0,1280.0
4891,2025-01-14,5142,2026,3,6,1920,96.0,1824.0
4892,2025-02-02,5288,2017,1,17,8840,884.0,7956.0
4893,2025-05-12,5324,1026,1,13,6760,676.0,6084.0
4894,2025-04-24,5134,1057,1,8,4160,208.0,3952.0
4895,2025-02-03,5237,2001,3,16,5120,0.0,5120.0
4896,2025-03-17,5429,2012,2,15,6300,315.0,5985.0
4897,2025-04-24,5185,2033,1,1,520,26.0,494.0
4898,2025-04-01,5212,1032,2,2,840,0.0,840.0
4899,2025-05-28,5180,2022,1,20,10400,0.0,10400.0
4900,2025-05-01,5463,2016,2,24,10080,1008.0,9072.0
4901,2025-04-02,5370,1022,2,15,6300,0.0,6300.0
4902,2025-02-14,5243,2039,1,3,1560,0.0,1560.0
4903,2025-01-05,5325,1056,3,15,4800,480.0,4320.0
4904,2025-06-28,5044,2036,1,3,1560,156.0,1404.0
4905,2025-06-19,5240,2040,4,13,2730,0.0,2730.0
4906,2025-01-16,5057,1037,4,11,2310,231.0,2079.0
4907,2025-02-03,5175,1060,2,21,8820,0.0,8820.0
4908,2025-01-20,5053,2001,2,16,6720,0.0,6720.0
4909,2025-01-23,5479,2024,2,1,420,42.0,378.0
4910,2025-05-30,5203,1040,2,7,2940,0.0,2940.0
4911,2025-02-23,5301,2030,4,16,3360,0.0,3360.0
4912,2025-01-14,5482,2002,2,9,3780,189.0,3591.0
4913,2025-06-24,5037,2016,1,13,6760,0.0,6760.0
4914,2025-05-25,5229,1050,4,20,4200,210.0,3990.0
4915,2025-01-24,5262,2016,4,16,3360,0.0,3360.0
4916,2025-06-12,5160,2005,1,9,4680,0.0,4680.0
4917,2025-03-02,5408,1057,1,20,10400,1040.0,9360.0
4918,2025-04-02,5419,1049,3,7,2240,0.0,2240.0
4919,2025-04-11,5138,2023,4,22,4620,0.0,4620.0
4920,2025-06-03,5350,1049,1,1,520,26.0,494.0
4921,2025-05-01,5486,2023,4,14,2940,0.0,2940.0
4922,2025-04-27,5001,1014,1,2,1040,0.0,1040.0
4923,2025-01-15,5286,2027,3,17,5440,0.0,5440.0
4924,2025-04-29,5108,1024,3,13,4160,0.0,4160.0
4925,2025-01-26,5500,2002,3,12,3840,0.0,3840.0
4926,2025-01-28,5115,1010,1,22,11440,572.0,10868.0
4927,2025-06-12,5172,2021,1,16,8320,832.0,7488.0
4928,2025-02-22,5042,1014,4,9,1890,94.5,1795.5
4929,2025-04-01,5284,2005,4,23,4830,241.5,4588.5
4930,2025-03-23,5184,1017,4,25,5250,262.5,4987.5
4931,2025-02-27,5067,2040,4,10,2100,0.0,2100.0
4932,2025-06-03,5499,1041,1,15,7800,0.0,7800.0
4933,2025-03-10,5418,2016,2,7,2940,0.0,2940.0
4934,2025-01-31,5038,2026,1,14,7280,0.0,7280.0
4935,2025-04-27,5119,1017,2,1,420,42.0,378.0
4936,2025-06-15,5418,2019,3,20,6400,320.0,6080.0
4937,2025-04-18,5489,1005,4,25,5250,525.0,4725.0
4938,2025-06-14,5023,1039,4,5,1050,52.5,997.5
4939,2025-04-12,5058,1001,4,17,3570,357.0,3213.0
4940,2025-01-28,5085,2025,2,8,3360,168.0,3192.0
4941,2025-03-27,5411,2008,1,24,12480,624.0,11856.0
4942,2025-04-19,5027,2007,3,9,2880,288.0,2592.0
4943,2025-04-29,5476,1056,4,22,4620,462.0,4158.0
4944,2025-03-03,5040,2007,2,3,1260,63.0,1197.0
4945,2025-01-08,5192,1044,3,11,3520,0.0,3520.0
4946,2025-04-21,5084,1010,4,14,2940,294.0,2646.0
4947,2025-06-12,5212,1051,4,14,2940,0.0,2940.0
4948,2025-02-08,5207,1027,2,4,1680,168.0,1512.0
4949,2025-05-09,5287,1005,3,6,1920,0.0,1920.0
4950,2025-05-22,5001,2015,1,9,4680,468.0,4212.0
4951,2025-04-19,5433,1020,1,20,10400,0.0,10400.0
4952,2025-06-24,5380,1054,3,24,7680,0.0,7680.0
4953,2025-06-08,5099,1052,3,24,7680,768.0,6912.0
4954,2025-04-18,5210,1044,2,8,3360,168.0,3192.0
4955,2025-02-21,5187,2028,3,16,5120,0.0,5120.0
4956,2025-01-24,5399,2022,3,17,5440,544.0,4896.0
4957,2025-01-26,5274,2036,2,21,8820,0.0,8820.0
4958,2025-05-09,5221,2020,3,10,3200,0.0,3200.0
4959,2025-02-17,5403,1034,1,24,12480,0.0,12480.0
4960,2025-04-05,5073,1030,1,22,11440,1144.0,10296.0
4961,2025-05-05,5153,2019,4,3,630,63.0,567.0
4962,2025-03-09,5216,1039,2,5,2100,105.0,1995.0
4963,2025-04-10,5240,1043,2,22,9240,0.0,9240.0
4964,2025-05-16,5124,2018,1,7,3640,182.0,3458.0
4965,2025-05-05,5323,2028,3,18,5760,576.0,5184.0
4966,2025-04-05,5257,2013,2,6,2520,0.0,2520.0
4967,2025-03-09,5480,1017,3,24,7680,0.0,7680.0
4968,2025-02-25,5045,2040,4,1,210,21.0,189.0
4969,2025-02-19,5056,1052,1,8,4160,416.0,3744.0
4970,2025-04-06,5466,1023,2,21,8820,0.0,8820.0
4971,2025-04-27,5264,1021,4,22,4620,231.0,4389.0
4972,2025-06-29,5100,2003,1,19,9880,0.0,9880.0
4973,2025-02-12,5347,1013,2,16,6720,0.0,6720.0
4974,2025-02-06,5255,1036,1,15,7800,0.0,7800.0
4975,2025-01-07,5248,2017,3,23,7360,0.0,7360.0
4976,2025-03-27,5285,2028,3,15,4800,0.0,4800.0
4977,2025-02-27,5065,1013,3,22,7040,0.0,7040.0
4978,2025-01-07,5077,2036,3,23,7360,0.0,7360.0
4979,2025-03-05,5328,2017,1,8,4160,0.0,4160.0
4980,2025-03-30,5428,1022,2,18,7560,0.0,7560.0
4981,2025-06-13,5155,2012,3,4,1280,0.0,1280.0
4982,2025-06-23,5346,1033,4,14,2940,0.0,2940.0
4983,2025-03-09,5392,1014,4,20,4200,420.0,3780.0
4984,2025-03-30,5375,1018,3,9,2880,0.0,2880.0
4985,2025-05-09,5192,1005,2,7,2940,0.0,2940.0
4986,2025-03-21,5333,1060,1,10,5200,260.0,4940.0
4987,2025-03-06,5485,1024,2,24,10080,0.0,10080.0
4988,2025-05-20,5262,2021,1,17,8840,0.0,8840.0
4989,2025-01-22,5374,2001,3,4,1280,128.0,1152.0
4990,2025-05-16,5491,1002,2,15,6300,0.0,6300.0
4991,2025-03-04,5451,1016,2,13,5460,0.0,5460.0
4992,2025-04-15,5431,1020,2,17,7140,0.0,7140.0
4993,2025-06-15,5152,2031,1,16,8320,0.0,8320.0
4994,2025-01-31,5459,2021,4,8,1680,0.0,1680.0
4995,2025-01-06,5345,2027,3,5,1600,80.0,1520.0
4996,2025-03-23,5111,1035,4,23,4830,483.0,4347.0
4997,2025-05-18,5324,2036,4,17,3570,357.0,3213.0
4998,2025-04-08,5212,1010,4,12,2520,0.0,2520.0
4999,2025-02-14,5252,1020,2,8,3360,0.0,3360.0
5000,2025-01-31,5016,1044,3,23,7360,368.0,6992.0
5001,2025-05-13,5344,2026,4,23,4830,483.0,4347.0
5002,2025-03-14,5340,1003,4,5,1050,0.0,1050.0
5003,2025-06-12,5475,1020,4,13,2730,0.0,2730.0
5004,2025-01-11,5232,2025,1,22,11440,1144.0,10296.0
5005,2025-04-14,5055,1029,1,18,9360,0.0,9360.0
5006,2025-01-16,5225,1020,4,22,4620,462.0,4158.0
5007,2025-01-04,5302,2015,2,15,6300,0.0,6300.0
5008,2025-03-20,5101,2030,1,4,2080,0.0,2080.0
5009,2025-03-02,5278,1014,4,20,4200,0.0,4200.0
5010,2025-03-12,5338,2034,3,1,320,16.0,304.0
5011,2025-06-02,5069,1008,1,9,4680,468.0,4212.0
5012,2025-05-25,5431,1027,1,5,2600,130.0,2470.0
5013,2025-01-08,5167,1007,3,2,640,0.0,640.0
5014,2025-05-01,5168,1030,2,20,8400,840.0,7560.0
5015,2025-04-15,5195,2016,2,22,9240,0.0,9240.0
5016,2025-04-01,5490,2036,2,2,840,0.0,840.0
5017,2025-03-08,5446,1020,1,16,8320,416.0,7904.0
5018,2025-04-09,5396,1057,4,20,4200,0.0,4200.0
5019,2025-05-05,5226,1023,1,13,6760,676.0,6084.0
5020,2025-01-27,5326,1027,4,12,2520,0.0,2520.0
5021,2025-01-26,5162,2035,2,24,10080,0.0,10080.0
5022,2025-05-11,5148,1024,3,2,640,32.0,608.0
5023,2025-02-23,5034,1031,1,8,4160,0.0,4160.0
5024,2025-06-29,5175,1034,1,9,4680,234.0,4446.0
5025,2025-04-04,5001,2012,4,20,4200,0.0,4200.0
5026,2025-04-11,5087,1038,4,11,2310,0.0,2310.0
5027,2025-03-22,5126,2031,3,4,1280,0.0,1280.0
5028,2025-03-29,5465,1037,1,24,12480,0.0,12480.0
5029,2025-03-22,5359,2011,1,12,6240,0.0,6240.0
5030,2025-06-24,5049,1040,2,2,840,0.0,840.0
5031,2025-04-21,5329,1025,2,12,5040,0.0,5040.0
5032,2025-01-08,5291,1025,4,19,3990,199.5,3790.5
5033,2025-03-31,5362,2032,3,2,640,32.0,608.0
5034,2025-03-07,5031,1013,3,11,3520,176.0,3344.0
5035,2025-04-03,5186,2017,1,22,11440,572.0,10868.0
5036,2025-01-03,5494,1008,2,23,9660,0.0,9660.0
5037,2025-06-25,5394,1015,1,4,2080,0.0,2080.0
5038,2025-05-05,5052,1045,2,4,1680,0.0,1680.0
5039,2025-04-06,5257,2009,3,12,3840,192.0,3648.0
5040,2025-05-24,5225,1033,2,23,9660,483.0,9177.0
5041,2025-01-11,5016,2002,1,25,13000,0.0,13000.0
5042,2025-04-03,5472,1017,4,11,2310,0.0,2310.0
5043,2025-05-25,5098,2005,4,23,4830,0.0,4830.0
5044,2025-03-27,5032,2029,3,16,5120,0.0,5120.0
5045,2025-02-14,5171,1057,4,18,3780,0.0,3780.0
5046,2025-06-03,5379,1052,2,2,840,84.0,756.0
5047,2025-01-28,5329,2035,3,15,4800,0.0,4800.0
5048,2025-04-28,5212,1017,3,17,5440,0.0,5440.0
5049,2025-06-01,5358,1031,3,12,3840,384.0,3456.0
5050,2025-05-14,5417,1023,4,1,210,0.0,210.0
5051,2025-06-04,5170,1022,1,13,6760,676.0,6084.0
5052,2025-03-24,5407,1055,3,14,4480,0.0,4480.0
5053,2025-01-22,5161,2014,4,22,4620,462.0,4158.0
5054,2025-06-15,5445,2032,3,7,2240,0.0,2240.0
5055,2025-02-21,5013,1050,2,8,3360,336.0,3024.0
5056,2025-02-02,5358,1035,1,9,4680,0.0,4680.0
5057,2025-02-21,5159,2004,3,2,640,64.0,576.0
5058,2025-03-19,5393,2007,4,8,1680,0.0,1680.0
5059,2025-03-20,5213,1059,4,19,3990,0.0,3990.0
5060,2025-06-27,5403,2001,4,18,3780,0.0,3780.0
5061,2025-06-20,5051,2010,2,25,10500,1050.0,9450.0
5062,2025-01-29,5101,2035,1,11,5720,0.0,5720.0
5063,2025-05-10,5112,1007,1,21,10920,0.0,10920.0
5064,2025-04-24,5104,2037,3,12,3840,0.0,3840.0
5065,2025-06-30,5412,1024,3,18,5760,576.0,5184.0
5066,2025-05-19,5254,1058,2,1,420,21.0,399.0
5067,2025-03-13,5394,1006,1,24,12480,624.0,11856.0
5068,2025-03-05,5498,1025,1,19,9880,0.0,9880.0
5069,2025-02-09,5299,1036,4,1,210,0.0,210.0
5070,2025-05-30,5157,1015,3,11,3520,176.0,3344.0
5071,2025-02-06,5085,1008,2,8,3360,0.0,3360.0
5072,2025-02-17,5285,2017,2,18,7560,0.0,7560.0
5073,2025-04-20,5055,2022,3,3,960,0.0,960.0
5074,2025-04-21,5016,1060,4,9,1890,189.0,1701.0
5075,2025-04-25,5203,1051,2,18,7560,756.0,6804.0
5076,2025-01-15,5332,1009,4,13,2730,0.0,2730.0
5077,2025-05-07,5449,1021,1,9,4680,468.0,4212.0
5078,2025-05-19,5350,2010,2,9,3780,0.0,3780.0
5079,2025-05-12,5069,1003,4,15,3150,0.0,3150.0
5080,2025-04-24,5478,1021,4,23,4830,0.0,4830.0
5081,2025-04-10,5038,1014,1,17,8840,884.0,7956.0
5082,2025-02-07,5091,2011,4,6,1260,0.0,1260.0
5083,2025-04-14,5272,1046,3,3,960,48.0,912.0
5084,2025-01-27,5437,2030,1,11,5720,286.0,5434.0
5085,2025-01-21,5117,1029,3,16,5120,0.0,5120.0
5086,2025-05-27,5367,1047,2,24,10080,0.0,10080.0
5087,2025-01-02,5124,2037,3,18,5760,0.0,5760.0
5088,2025-05-14,5121,1015,4,7,1470,0.0,1470.0
5089,2025-05-07,5036,1049,1,17,8840,0.0,8840.0
5090,2025-05-19,5214,1043,4,24,5040,0.0,5040.0
5091,2025-02-08,5460,1038,1,4,2080,0.0,2080.0
5092,2025-01-06,5165,1007,3,5,1600,80.0,1520.0
5093,2025-05-15,5331,1009,4,18,3780,0.0,3780.0
5094,2025-04-10,5478,2039,4,11,2310,0.0,2310.0
5095,2025-02-16,5339,2038,3,7,2240,224.0,2016.0
5096,2025-02-19,5306,2030,2,15,6300,0.0,6300.0
5097,2025-05-26,5305,2027,4,20,4200,0.0,4200.0
5098,2025-06-08,5442,1007,3,22,7040,0.0,7040.0
5099,2025-05-25,5325,2020,2,17,7140,0.0,7140.0
5100,2025-03-23,5319,1047,3,13,4160,416.0,3744.0
5101,2025-05-21,5224,1005,3,15,4800,480.0,4320.0
5102,2025-03-28,5284,1021,2,2,840,0.0,840.0
5103,2025-03-07,5213,1008,2,18,7560,0.0,7560.0
5104,2025-04-23,5139,1028,2,22,9240,462.0,8778.0
5105,2025-02-28,5250,1003,3,9,2880,288.0,2592.0
5106,2025-02-13,5140,2023,1,20,10400,520.0,9880.0
5107,2025-02-13,5317,2023,4,18,3780,0.0,3780.0
5108,2025-06-08,5211,1016,1,23,11960,598.0,11362.0
5109,2025-03-17,5301,1005,3,20,6400,0.0,6400.0
5110,2025-02-03,5128,1036,2,20,8400,0.0,8400.0
5111,2025-05-22,5118,1012,3,4,1280,0.0,1280.0
5112,2025-05-06,5485,1037,4,2,420,0.0,420.0
5113,2025-02-17,5101,1003,3,13,4160,416.0,3744.0
5114,2025-02-09,5300,1050,1,23,11960,598.0,11362.0
5115,2025-04-13,5365,2039,4,7,1470,0.0,1470.0
5116,2025-03-08,5498,1012,1,12,6240,312.0,5928.0
5117,2025-01-13,5149,2004,3,18,5760,0.0,5760.0
5118,2025-01-08,5243,1041,3,5,1600,0.0,1600.0
5119,2025-03-22,5122,2035,3,2,640,32.0,608.0
5120,2025-05-21,5131,2033,4,9,1890,189.0,1701.0
5121,2025-01-15,5152,2015,3,18,5760,0.0,5760.0
5122,2025-04-28,5280,1060,1,2,1040,0.0,1040.0
5123,2025-03-25,5480,1037,1,10,5200,260.0,4940.0
5124,2025-03-02,5439,1009,3,10,3200,0.0,3200.0
5125,2025-06-30,5327,1021,4,9,1890,189.0,1701.0
5126,2025-03-08,5484,2030,3,1,320,0.0,320.0
5127,2025-06-22,5186,1022,1,19,9880,0.0,9880.0
5128,2025-03-23,5269,2029,4,13,2730,0.0,2730.0
5129,2025-04-25,5481,1044,4,7,1470,73.5,1396.5
5130,2025-04-16,5220,2037,3,3,960,0.0,960.0
5131,2025-03-20,5223,1037,2,16,6720,0.0,6720.0
5132,2025-02-17,5207,2012,3,16,5120,0.0,5120.0
5133,2025-04-13,5416,1032,1,22,11440,0.0,11440.0
5134,2025-03-22,5461,1043,3,25,8000,800.0,7200.0
5135,2025-04-02,5409,2003,3,16,5120,0.0,5120.0
5136,2025-06-05,5083,2022,1,18,9360,936.0,8424.0
5137,2025-03-15,5398,1008,2,15,6300,0.0,6300.0
5138,2025-06-16,5314,2032,1,20,10400,520.0,9880.0
5139,2025-04-23,5341,2039,1,11,5720,0.0,5720.0
5140,2025-02-13,5254,2012,4,23,4830,0.0,4830.0
5141,2025-02-17,5253,1041,4,14,2940,147.0,2793.0
5142,2025-02-27,5263,1019,3,22,7040,0.0,7040.0
5143,2025-01-12,5416,2015,4,14,2940,294.0,2646.0
5144,2025-01-20,5020,1008,2,20,8400,0.0,8400.0
5145,2025-06-06,5255,1033,2,24,10080,1008.0,9072.0
5146,2025-04-10,5485,1018,4,19,3990,0.0,3990.0
5147,2025-01-21,5450,1019,1,22,11440,0.0,11440.0
5148,2025-05-01,5190,2034,2,6,2520,252.0,2268.0
5149,2025-02-01,5435,1056,4,15,3150,0.0,3150.0
5150,2025-03-30,5074,2011,2,3,1260,63.0,1197.0
5151,2025-01-26,5422,1001,1,21,10920,0.0,10920.0
5152,2025-02-01,5362,1014,3,16,5120,0.0,5120.0
5153,2025-06-18,5436,1016,4,25,5250,0.0,5250.0
5154,2025-06-21,5484,2026,4,16,3360,0.0,3360.0
5155,2025-04-21,5186,1024,3,7,2240,0.0,2240.0
5156,2025-04-02,5010,2008,1,20,10400,1040.0,9360.0
5157,2025-01-04,5269,2011,3,10,3200,320.0,2880.0
5158,2025-01-06,5350,2020,2,17,7140,0.0,7140.0
5159,2025-05-26,5423,2035,4,9,1890,189.0,1701.0
5160,2025-04-23,5280,1029,3,9,2880,0.0,2880.0
5161,2025-06-14,5426,1059,4,3,630,63.0,567.0
5162,2025-04-09,5264,1031,3,16,5120,0.0,5120.0
5163,2025-06-06,5392,1003,1,14,7280,0.0,7280.0
5164,2025-01-21,5381,1023,1,14,7280,728.0,6552.0
5165,2025-04-25,5006,2024,1,8,4160,416.0,3744.0
5166,2025-01-06,5147,2022,2,2,840,42.0,798.0
5167,2025-02-24,5483,1010,2,22,9240,924.0,8316.0
5168,2025-03-21,5365,1014,3,21,6720,336.0,6384.0
5169,2025-06-04,5469,1012,2,9,3780,0.0,3780.0
5170,2025-05-31,5456,2002,4,24,5040,0.0,5040.0
5171,2025-05-21,5062,2003,2,6,2520,252.0,2268.0
5172,2025-04-23,5041,2038,4,11,2310,0.0,2310.0
5173,2025-04-17,5051,1019,4,12,2520,0.0,2520.0
5174,2025-02-03,5185,2012,2,22,9240,0.0,9240.0
5175,2025-04-01,5396,1053,2,24,10080,1008.0,9072.0
5176,2025-01-05,5459,1002,3,18,5760,0.0,5760.0
5177,2025-01-17,5085,2029,2,19,7980,0.0,7980.0
5178,2025-04-06,5292,1051,1,4,2080,0.0,2080.0
5179,2025-04-12,5325,2010,1,4,2080,0.0,2080.0
5180,2025-06-26,5129,1043,4,22,4620,231.0,4389.0
5181,2025-05-28,5486,1038,2,10,4200,210.0,3990.0
5182,2025-05-17,5172,1025,3,25,8000,0.0,8000.0
5183,2025-01-04,5390,1031,1,7,3640,364.0,3276.0
5184,2025-04-22,5427,2020,3,13,4160,416.0,3744.0
5185,2025-04-23,5125,2037,2,15,6300,0.0,6300.0
5186,2025-01-17,5065,2027,3,1,320,0.0,320.0
5187,2025-02-19,5283,1016,3,24,7680,0.0,7680.0
5188,2025-01-25,5114,2035,3,1,320,0.0,320.0
5189,2025-03-01,5269,1043,4,17,3570,357.0,3213.0
5190,2025-04-25,5163,1051,1,22,11440,1144.0,10296.0
5191,2025-06-19,5284,1018,1,21,10920,0.0,10920.0
5192,2025-06-01,5337,2033,2,14,5880,0.0,5880.0
5193,2025-05-18,5343,1009,4,1,210,0.0,210.0
5194,2025-03-04,5440,2024,3,24,7680,384.0,7296.0
5195,2025-03-12,5241,1039,1,12,6240,0.0,6240.0
5196,2025-02-12,5458,1059,2,10,4200,420.0,3780.0
5197,2025-01-29,5219,1056,4,21,4410,0.0,4410.0
5198,2025-05-15,5401,1049,3,17,5440,0.0,5440.0
5199,2025-06-04,5055,1058,3,8,2560,256.0,2304.0
5200,2025-04-07,5069,1035,4,12,2520,0.0,2520.0
5201,2025-06-30,5123,1004,1,21,10920,0.0,10920.0
5202,2025-05-23,5474,1014,2,15,6300,0.0,6300.0
5203,2025-05-27,5462,1026,1,14,7280,0.0,7280.0
5204,2025-02-05,5285,1008,1,2,1040,0.0,1040.0
5205,2025-02-01,5240,2019,1,5,2600,0.0,2600.0
5206,2025-02-28,5338,2038,3,24,7680,384.0,7296.0
5207,2025-01-11,5017,2018,1,13,6760,0.0,6760.0
5208,2025-06-30,5445,1033,4,4,840,0.0,840.0
5209,2025-02-04,5062,1045,3,21,6720,0.0,6720.0
5210,2025-05-22,5385,2012,1,5,2600,0.0,2600.0
5211,2025-05-31,5095,1015,4,12,2520,0.0,2520.0
5212,2025-05-29,5196,2024,3,4,1280,0.0,1280.0
5213,2025-03-13,5144,2016,2,12,5040,0.0,5040.0
5214,2025-06-05,5196,2028,3,3,960,0.0,960.0
5215,2025-03-07,5289,1008,1,11,5720,0.0,5720.0
5216,2025-06-11,5314,1035,4,6,1260,0.0,1260.0
5217,2025-03-18,5007,2019,2,9,3780,0.0,3780.0
5218,2025-03-21,5020,1037,2,4,1680,0.0,1680.0
5219,2025-01-09,5391,1006,3,14,4480,0.0,4480.0
5220,2025-06-26,5080,1027,3,16,5120,512.0,4608.0
5221,2025-02-15,5244,1026,1,9,4680,234.0,4446.0
5222,2025-01-21,5270,2029,4,16,3360,0.0,3360.0
5223,2025-01-22,5013,1020,1,5,2600,260.0,2340.0
5224,2025-05-20,5083,1030,3,23,7360,736.0,6624.0
5225,2025-03-09,5232,2004,4,6,1260,0.0,1260.0
5226,2025-05-22,5360,1028,3,13,4160,0.0,4160.0
5227,2025-03-18,5204,2038,2,11,4620,0.0,4620.0
5228,2025-06-01,5349,2030,1,23,11960,598.0,11362.0
5229,2025-06-25,5135,2009,3,3,960,0.0,960.0
5230,2025-02-10,5416,2036,4,17,3570,357.0,3213.0
5231,2025-01-07,5312,2035,2,18,7560,0.0,7560.0
5232,2025-01-29,5124,1017,4,24,5040,252.0,4788.0
5233,2025-03-18,5274,2021,1,1,520,0.0,520.0
5234,2025-01-05,5101,2013,2,9,3780,378.0,3402.0
5235,2025-05-18,5177,1050,4,24,5040,252.0,4788.0
5236,2025-06-14,5096,2025,4,23,4830,0.0,4830.0
5237,2025-04-24,5477,1016,1,4,2080,104.0,1976.0
5238,2025-02-28,5413,1005,2,7,2940,0.0,2940.0
5239,2025-03-23,5275,2024,1,2,1040,104.0,936.0
5240,2025-04-21,5414,1046,4,4,840,42.0,798.0
5241,2025-01-12,5463,1048,4,11,2310,115.5,2194.5
5242,2025-06-04,5087,1014,2,20,8400,0.0,8400.0
5243,2025-01-07,5449,2040,4,14,2940,0.0,2940.0
5244,2025-04-14,5418,1004,4,5,1050,105.0,945.0
5245,2025-06-13,5495,1008,2,16,6720,672.0,6048.0
5246,2025-04-20,5088,1040,3,1,320,32.0,288.0
5247,2025-03-06,5050,2016,4,5,1050,52.5,997.5
5248,2025-05-28,5257,2009,2,9,3780,0.0,3780.0
5249,2025-06-19,5101,2014,2,22,9240,0.0,9240.0
5250,2025-06-06,5352,1003,2,2,840,0.0,840.0
5251,2025-03-08,5460,2009,3,6,1920,0.0,1920.0
5252,2025-06-14,5250,1030,2,9,3780,0.0,3780.0
5253,2025-06-15,5048,1060,4,17,3570,178.5,3391.5
5254,2025-01-30,5061,1001,4,4,840,84.0,756.0
5255,2025-03-19,5346,1058,4,5,1050,0.0,1050.0
5256,2025-03-22,5213,2015,4,11,2310,231.0,2079.0
5257,2025-03-26,5375,2024,3,9,2880,144.0,2736.0
5258,2025-01-28,5449,1043,3,17,5440,272.0,5168.0
5259,2025-05-09,5358,1001,2,3,1260,0.0,1260.0
5260,2025-05-21,5089,1009,3,8,2560,0.0,2560.0
5261,2025-04-06,5161,2018,4,18,3780,0.0,3780.0
5262,2025-02-27,5051,2033,3,24,7680,0.0,7680.0
5263,2025-05-24,5486,2035,4,22,4620,462.0,4158.0
5264,2025-02-23,5013,1038,3,10,3200,160.0,3040.0
5265,2025-03-28,5468,2035,1,7,3640,0.0,3640.0
5266,2025-03-17,5365,2011,3,11,3520,176.0,3344.0
5267,2025-01-30,5084,2032,2,2,840,0.0,840.0
5268,2025-02-24,5265,1002,2,11,4620,462.0,4158.0
5269,2025-04-20,5190,1050,2,10,4200,0.0,4200.0
5270,2025-03-09,5371,2002,3,24,7680,0.0,7680.0
5271,2025-06-22,5290,1009,3,13,4160,0.0,4160.0
5272,2025-01-23,5242,2026,3,24,7680,0.0,7680.0
5273,2025-01-14,5496,1018,3,24,7680,0.0,7680.0
5274,2025-06-21,5144,1027,4,8,1680,84.0,1596.0
5275,2025-03-22,5481,2039,4,13,2730,273.0,2457.0
5276,2025-02-08,5102,2031,3,16,5120,256.0,4864.0
5277,2025-05-09,5163,1043,3,15,4800,0.0,4800.0
5278,2025-03-24,5364,1051,2,6,2520,0.0,2520.0
5279,2025-01-24,5306,2039,2,22,9240,0.0,9240.0
5280,2025-01-19,5142,1008,4,5,1050,105.0,945.0
5281,2025-01-29,5003,1049,2,2,840,42.0,798.0
5282,2025-02-21,5102,2015,1,9,4680,234.0,4446.0
5283,2025-03-24,5029,2035,2,23,9660,483.0,9177.0
5284,2025-06-13,5178,1055,3,19,6080,0.0,6080.0
5285,2025-04-26,5189,1013,1,9,4680,234.0,4446.0
5286,2025-05-23,5255,1023,1,6,3120,312.0,2808.0
5287,2025-05-13,5423,2032,2,6,2520,0.0,2520.0
5288,2025-06-03,5417,2026,1,20,10400,520.0,9880.0
5289,2025-02-22,5203,1015,4,21,4410,220.5,4189.5
5290,2025-03-06,5296,1046,4,19,3990,0.0,3990.0
5291,2025-04-24,5323,1022,3,2,640,32.0,608.0
5292,2025-06-12,5458,1033,2,4,1680,0.0,1680.0
5293,2025-02-24,5289,2021,3,2,640,0.0,640.0
5294,2025-02-23,5404,1023,2,3,1260,0.0,1260.0
5295,2025-04-08,5330,1037,3,9,2880,0.0,2880.0
5296,2025-03-01,5384,1041,1,21,10920,0.0,10920.0
5297,2025-03-21,5398,1027,3,13,4160,208.0,3952.0
5298,2025-03-02,5293,1051,2,24,10080,0.0,10080.0
5299,2025-05-05,5429,2034,4,24,5040,0.0,5040.0
5300,2025-02-25,5120,1045,2,13,5460,0.0,5460.0
5301,2025-05-29,5268,2012,4,23,4830,241.5,4588.5
5302,2025-06-04,5200,1045,2,18,7560,756.0,6804.0
5303,2025-06-23,5171,1057,2,13,5460,0.0,5460.0
5304,2025-03-19,5157,1053,3,23,7360,0.0,7360.0
5305,2025-04-01,5120,1022,3,8,2560,256.0,2304.0
5306,2025-03-07,5118,2004,3,25,8000,0.0,8000.0
5307,2025-05-25,5001,1015,4,21,4410,0.0,4410.0
5308,2025-03-25,5043,1013,3,10,3200,320.0,2880.0
5309,2025-05-04,5149,1015,1,20,10400,0.0,10400.0
5310,2025-03-20,5287,1019,3,13,4160,0.0,4160.0
5311,2025-04-11,5156,1003,1,20,10400,1040.0,9360.0
5312,2025-01-07,5007,1043,2,15,6300,315.0,5985.0
5313,2025-04-07,5249,2012,1,15,7800,0.0,7800.0
5314,2025-05-11,5159,1039,2,7,2940,0.0,2940.0
5315,2025-02-08,5057,2030,3,22,7040,0.0,7040.0
5316,2025-04-28,5080,1027,4,1,210,0.0,210.0
5317,2025-06-22,5420,1022,3,4,1280,0.0,1280.0
5318,2025-05-18,5446,2016,2,12,5040,0.0,5040.0
5319,2025-04-26,5094,1029,1,7,3640,364.0,3276.0
5320,2025-05-27,5265,2020,4,13,2730,0.0,2730.0
5321,2025-01-20,5368,1048,4,7,1470,73.5,1396.5
5322,2025-02-21,5355,2023,3,8,2560,0.0,2560.0
5323,2025-01-07,5043,1015,1,17,8840,442.0,8398.0
5324,2025-03-03,5455,1038,3,3,960,48.0,912.0
5325,2025-02-06,5305,1034,4,7,1470,147.0,1323.0
5326,2025-05-24,5474,1037,2,11,4620,0.0,4620.0
5327,2025-06-27,5470,2009,2,4,1680,0.0,1680.0
5328,2025-05-27,5428,1033,4,13,2730,0.0,2730.0
5329,2025-04-12,5365,2021,2,12,5040,0.0,5040.0
5330,2025-04-13,5195,2024,1,17,8840,884.0,7956.0
5331,2025-03-07,5191,1047,2,5,2100,0.0,2100.0
5332,2025-06-05,5397,1047,2,5,2100,0.0,2100.0
5333,2025-03-14,5240,1051,1,20,10400,0.0,10400.0
5334,2025-02-14,5276,2013,1,5,2600,130.0,2470.0
5335,2025-06-20,5110,1024,4,3,630,0.0,630.0
5336,2025-01-17,5101,2027,2,1,420,0.0,420.0
5337,2025-01-12,5288,1050,4,15,3150,0.0,3150.0
5338,2025-01-17,5323,2038,2,11,4620,462.0,4158.0
5339,2025-06-27,5390,1021,3,7,2240,0.0,2240.0
5340,2025-04-05,5140,2009,2,12,5040,0.0,5040.0
5341,2025-02-06,5184,1056,4,12,2520,126.0,2394.0
5342,2025-06-16,5095,1005,1,21,10920,1092.0,9828.0
5343,2025-05-14,5220,1055,3,14,4480,0.0,4480.0
5344,2025-03-24,5069,1020,4,4,840,84.0,756.0
5345,2025-01-14,5497,2011,2,16,6720,0.0,6720.0
5346,2025-01-19,5209,2025,2,21,8820,882.0,7938.0
5347,2025-06-24,5392,1049,2,2,840,0.0,840.0
5348,2025-05-24,5431,1036,1,21,10920,0.0,10920.0
5349,2025-01-07,5481,2024,3,23,7360,368.0,6992.0
5350,2025-01-25,5011,1033,3,22,7040,352.0,6688.0
5351,2025-04-08,5274,2023,4,10,2100,0.0,2100.0
5352,2025-03-21,5408,1017,2,11,4620,231.0,4389.0
5353,2025-05-22,5138,2016,2,5,2100,0.0,2100.0
5354,2025-02-28,5013,1057,1,25,13000,650.0,12350.0
5355,2025-06-06,5492,1002,1,25,13000,650.0,12350.0
5356,2025-06-10,5269,2010,4,25,5250,0.0,5250.0
5357,2025-02-26,5026,1024,2,4,1680,0.0,1680.0
5358,2025-01-30,5237,1050,2,7,2940,147.0,2793.0
5359,2025-06-12,5132,2040,3,15,4800,0.0,4800.0
5360,2025-05-15,5299,1043,1,17,8840,0.0,8840.0
5361,2025-01-05,5022,1056,4,15,3150,0.0,3150.0
5362,2025-03-14,5224,2025,4,17,3570,0.0,3570.0
5363,2025-04-20,5173,1038,2,2,840,42.0,798.0
5364,2025-01-01,5047,1054,2,20,8400,840.0,7560.0
5365,2025-04-13,5368,1044,1,8,4160,0.0,4160.0
5366,2025-04-20,5119,1028,3,6,1920,0.0,1920.0
5367,2025-02-08,5419,1018,4,25,5250,525.0,4725.0
5368,2025-06-08,5194,2014,2,4,1680,0.0,1680.0
5369,2025-02-24,5481,1024,3,23,7360,0.0,7360.0
5370,2025-03-04,5458,1057,3,6,1920,96.0,1824.0
5371,2025-06-28,5002,2012,4,16,3360,336.0,3024.0
5372,2025-04-15,5035,1017,1,15,7800,0.0,7800.0
5373,2025-06-05,5247,1030,3,7,2240,224.0,2016.0
5374,2025-05-16,5146,2001,3,3,960,0.0,960.0
5375,2025-03-18,5395,2004,3,8,2560,0.0,2560.0
5376,2025-03-27,5078,1028,1,18,9360,468.0,8892.0
5377,2025-04-20,5232,1052,4,2,420,42.0,378.0
5378,2025-06-25,5273,2022,2,21,8820,0.0,8820.0
5379,2025-06-13,5134,1031,2,13,5460,0.0,5460.0
5380,2025-03-15,5455,1045,3,15,4800,480.0,4320.0
5381,2025-06-30,5460,2004,3,21,6720,0.0,6720.0
5382,2025-03-12,5357,1042,3,6,1920,0.0,1920.0
5383,2025-04-27,5438,2040,2,19,7980,798.0,7182.0
5384,2025-03-29,5403,1025,1,3,1560,0.0,1560.0
5385,2025-05-10,5173,2024,4,12,2520,0.0,2520.0
5386,2025-02-09,5402,1030,4,19,3990,0.0,3990.0
5387,2025-03-02,5177,1053,4,14,2940,294.0,2646.0
5388,2025-01-14,5473,2017,2,22,9240,0.0,9240.0
5389,2025-03-30,5067,1022,3,18,5760,576.0,5184.0
5390,2025-04-15,5207,2036,1,15,7800,0.0,7800.0
5391,2025-03-25,5430,2003,4,19,3990,399.0,3591.0
5392,2025-02-22,5418,1058,4,5,1050,0.0,1050.0
5393,2025-02-14,5186,1031,3,14,4480,0.0,4480.0
5394,2025-02-11,5356,1006,1,20,10400,520.0,9880.0
5395,2025-01-04,5478,1032,4,3,630,0.0,630.0
5396,2025-04-18,5487,2005,3,14,4480,0.0,4480.0
5397,2025-01-01,5425,1029,3,3,960,0.0,960.0
5398,2025-06-19,5323,1007,1,7,3640,364.0,3276.0
5399,2025-03-11,5260,1011,2,11,4620,0.0,4620.0
5400,2025-02-12,5184,1009,3,4,1280,0.0,1280.0
5401,2025-06-07,5018,2010,1,23,11960,0.0,11960.0
5402,2025-02-28,5223,2033,4,18,3780,0.0,3780.0
5403,2025-06-28,5174,2001,2,8,3360,0.0,3360.0
5404,2025-04-22,5353,2030,1,11,5720,572.0,5148.0
5405,2025-03-17,5070,1053,3,14,4480,224.0,4256.0
5406,2025-05-14,5176,1051,2,18,7560,0.0,7560.0
5407,2025-04-28,5287,2023,2,24,10080,0.0,10080.0
5408,2025-06-02,5419,1049,4,8,1680,0.0,1680.0
5409,2025-02-18,5438,1052,4,13,2730,273.0,2457.0
5410,2025-02-18,5081,2014,2,2,840,42.0,798.0
5411,2025-06-25,5448,1057,2,7,2940,0.0,2940.0
5412,2025-03-11,5082,2038,1,2,1040,0.0,1040.0
5413,2025-02-17,5487,1060,2,8,3360,168.0,3192.0
5414,2025-03-15,5050,1022,3,8,2560,256.0,2304.0
5415,2025-05-15,5142,1039,1,11,5720,0.0,5720.0
5416,2025-02-21,5151,1053,4,5,1050,0.0,1050.0
5417,2025-05-28,5168,2033,2,15,6300,0.0,6300.0
5418,2025-01-15,5370,2014,3,1,320,32.0,288.0
5419,2025-04-04,5377,2039,4,16,3360,0.0,3360.0
5420,2025-04-14,5011,2037,4,12,2520,0.0,2520.0
5421,2025-05-27,5115,2028,3,21,6720,672.0,6048.0
5422,2025-03-08,5017,1009,3,23,7360,736.0,6624.0
5423,2025-04-11,5089,2021,2,7,2940,0.0,2940.0
5424,2025-05-22,5008,2010,4,18,3780,0.0,3780.0
5425,2025-01-30,5334,1018,1,13,6760,676.0,6084.0
5426,2025-02-14,5367,1011,2,3,1260,0.0,1260.0
5427,2025-02-24,5465,2026,4,8,1680,168.0,1512.0
5428,2025-03-14,5071,1049,1,25,13000,0.0,13000.0
5429,2025-04-16,5071,1027,4,3,630,0.0,630.0
5430,2025-05-22,5101,1012,2,11,4620,0.0,4620.0
5431,2025-06-02,5433,2001,4,11,2310,115.5,2194.5
5432,2025-05-27,5420,1042,4,16,3360,0.0,3360.0
5433,2025-03-12,5197,1006,2,14,5880,294.0,5586.0
5434,2025-04-09,5374,1040,2,11,4620,0.0,4620.0
5435,2025-01-14,5472,2019,1,22,11440,1144.0,10296.0
5436,2025-04-20,5323,1045,3,4,1280,0.0,1280.0
5437,2025-01-19,5204,1043,2,16,6720,0.0,6720.0
5438,2025-03-27,5344,2007,4,21,4410,441.0,3969.0
5439,2025-03-30,5314,1023,4,6,1260,0.0,1260.0
5440,2025-05-07,5443,2017,2,19,7980,0.0,7980.0
5441,2025-06-14,5386,2015,4,12,2520,0.0,2520.0
5442,2025-05-23,5431,1002,2,23,9660,966.0,8694.0
5443,2025-03-04,5162,2020,1,1,520,0.0,520.0
5444,2025-05-07,5300,2002,2,14,5880,588.0,5292.0
5445,2025-04-19,5481,2021,1,4,2080,0.0,2080.0
5446,2025-03-15,5407,1049,4,2,420,0.0,420.0
5447,2025-03-28,5040,2036,1,16,8320,832.0,7488.0
5448,2025-02-26,5350,2019,4,23,4830,0.0,4830.0
5449,2025-04-19,5430,1027,1,22,11440,0.0,11440.0
5450,2025-01-14,5426,2006,4,23,4830,241.5,4588.5
5451,2025-06-19,5206,1040,4,19,3990,399.0,3591.0
5452,2025-02-05,5027,1015,3,19,6080,608.0,5472.0
5453,2025-05-13,5064,1052,2,2,840,0.0,840.0
5454,2025-04-29,5034,1031,4,18,3780,378.0,3402.0
5455,2025-02-28,5022,2034,4,22,4620,462.0,4158.0
5456,2025-02-16,5362,1040,1,16,8320,832.0,7488.0
5457,2025-02-07,5064,1017,1,2,1040,52.0,988.0
5458,2025-06-06,5052,1057,4,17,3570,0.0,3570.0
5459,2025-01-13,5179,1021,1,17,8840,884.0,7956.0
5460,2025-06-28,5252,1004,3,16,5120,256.0,4864.0
5461,2025-02-06,5125,1017,1,17,8840,0.0,8840.0
5462,2025-03-28,5301,1056,3,1,320,16.0,304.0
5463,2025-03-17,5189,2034,4,7,1470,73.5,1396.5
5464,2025-03-04,5324,2003,4,8,1680,168.0,1512.0
5465,2025-05-11,5118,1019,3,20,6400,0.0,6400.0
5466,2025-02-19,5485,1031,1,1,520,26.0,494.0
5467,2025-03-16,5209,1009,2,24,10080,0.0,10080.0
5468,2025-04-26,5218,2010,4,4,840,0.0,840.0
5469,2025-01-07,5464,1008,2,8,3360,0.0,3360.0
5470,2025-01-02,5301,1041,2,13,5460,0.0,5460.0
5471,2025-01-12,5007,2027,3,14,4480,448.0,4032.0
5472,2025-02-24,5353,1010,1,19,9880,0.0,9880.0
5473,2025-03-26,5109,1050,1,15,7800,0.0,7800.0
5474,2025-02-01,5114,1021,1,2,1040,0.0,1040.0
5475,2025-06-07,5049,2033,2,3,1260,0.0,1260.0
5476,2025-04-13,5095,2035,3,11,3520,0.0,3520.0
5477,2025-05-16,5049,1046,1,16,8320,832.0,7488.0
5478,2025-03-26,5280,1039,2,18,7560,378.0,7182.0
5479,2025-02-12,5171,2005,3,16,5120,256.0,4864.0
5480,2025-05-01,5458,1039,4,5,1050,0.0,1050.0
5481,2025-06-24,5441,2030,3,18,5760,0.0,5760.0
5482,2025-02-06,5404,1052,2,5,2100,0.0,2100.0
5483,2025-03-06,5116,1058,3,5,1600,0.0,1600.0
5484,2025-02-06,5095,1047,2,21,8820,0.0,8820.0
5485,2025-05-03,5033,1049,3,11,3520,0.0,3520.0
5486,2025-06-11,5430,2037,3,18,5760,0.0,5760.0
5487,2025-01-03,5151,1051,2,24,10080,0.0,10080.0
5488,2025-06-27,5253,1050,1,1,520,0.0,520.0
5489,2025-02-11,5073,1025,1,11,5720,0.0,5720.0
5490,2025-03-29,5362,1018,1,1,520,26.0,494.0
5491,2025-04-19,5126,1057,4,23,4830,483.0,4347.0
5492,2025-04-09,5245,1043,3,15,4800,0.0,4800.0
5493,2025-04-02,5277,1011,2,14,5880,0.0,5880.0
5494,2025-06-18,5087,1027,1,13,6760,338.0,6422.0
5495,2025-06-16,5141,1031,3,18,5760,0.0,5760.0
5496,2025-06-06,5480,1050,2,7,2940,147.0,2793.0
5497,2025-03-10,5266,2033,3,23,7360,0.0,7360.0
5498,2025-03-28,5181,2025,3,5,1600,0.0,1600.0
5499,2025-01-07,5004,1014,4,7,1470,73.5,1396.5
5500,2025-05-16,5105,1034,1,6,3120,0.0,3120.0
5501,2025-02-23,5429,2025,2,22,9240,0.0,9240.0
5502,2025-03-29,5058,1042,1,2,1040,0.0,1040.0
5503,2025-06-15,5338,1014,3,3,960,48.0,912.0
5504,2025-04-20,5034,1029,3,15,4800,0.0,4800.0
5505,2025-02-28,5236,2027,1,8,4160,0.0,4160.0
5506,2025-03-27,5411,1027,4,10,2100,0.0,2100.0
5507,2025-05-30,5492,1025,2,16,6720,0.0,6720.0
5508,2025-03-15,5107,2023,2,16,6720,672.0,6048.0
5509,2025-03-10,5156,2017,1,24,12480,0.0,12480.0
5510,2025-01-19,5411,2019,2,11,4620,462.0,4158.0
5511,2025-06-29,5042,2033,2,16,6720,0.0,6720.0
5512,2025-03-28,5470,1051,4,5,1050,105.0,945.0
5513,2025-06-12,5473,1014,4,18,3780,378.0,3402.0
5514,2025-06-23,5055,1042,2,8,3360,0.0,3360.0
5515,2025-06-15,5420,1029,1,2,1040,0.0,1040.0
5516,2025-01-23,5434,1022,2,5,2100,0.0,2100.0
5517,2025-04-14,5063,2006,3,9,2880,288.0,2592.0
5518,2025-06-13,5086,1059,1,5,2600,0.0,2600.0
5519,2025-01-25,5476,1004,2,14,5880,0.0,5880.0
5520,2025-06-13,5009,1043,3,21,6720,0.0,6720.0
5521,2025-03-31,5421,1039,4,19,3990,0.0,3990.0
5522,2025-03-04,5402,2026,3,25,8000,0.0,8000.0
5523,2025-06-20,5256,2037,4,7,1470,0.0,1470.0
5524,2025-04-18,5203,2024,3,15,4800,0.0,4800.0
5525,2025-03-03,5051,1022,3,16,5120,0.0,5120.0
5526,2025-01-19,5491,1059,4,19,3990,199.5,3790.5
5527,2025-04-14,5369,1047,2,4,1680,0.0,1680.0
5528,2025-04-02,5407,1034,3,2,640,64.0,576.0
5529,2025-05-17,5084,2032,1,11,5720,0.0,5720.0
5530,2025-03-26,5349,2028,1,23,11960,0.0,11960.0
5531,2025-05-04,5170,1035,2,17,7140,357.0,6783.0
5532,2025-05-20,5491,2020,2,8,3360,168.0,3192.0
5533,2025-06-01,5205,1023,3,24,7680,768.0,6912.0
5534,2025-03-28,5144,1012,4,2,420,21.0,399.0
5535,2025-01-23,5421,2012,1,23,11960,598.0,11362.0
5536,2025-06-16,5081,2036,1,25,13000,1300.0,11700.0
5537,2025-02-28,5072,1050,1,5,2600,0.0,2600.0
5538,2025-05-04,5101,1057,1,11,5720,572.0,5148.0
5539,2025-05-04,5371,1022,1,16,8320,416.0,7904.0
5540,2025-01-30,5185,1046,3,1,320,0.0,320.0
5541,2025-01-12,5282,2013,4,21,4410,0.0,4410.0
5542,2025-05-12,5333,1003,2,17,7140,357.0,6783.0
5543,2025-04-05,5048,1027,1,15,7800,0.0,7800.0
5544,2025-02-19,5070,2006,4,4,840,0.0,840.0
5545,2025-05-07,5272,2038,2,10,4200,0.0,4200.0
5546,2025-02-01,5071,2014,3,3,960,96.0,864.0
5547,2025-05-05,5426,2013,3,5,1600,0.0,1600.0
5548,2025-03-31,5306,1026,1,10,5200,260.0,4940.0
5549,2025-06-01,5358,1034,3,23,7360,368.0,6992.0
5550,2025-05-31,5429,1029,1,21,10920,0.0,10920.0
5551,2025-06-15,5470,2021,1,11,5720,572.0,5148.0
5552,2025-03-11,5054,2032,3,3,960,0.0,960.0
5553,2025-01-17,5278,2008,4,25,5250,262.5,4987.5
5554,2025-05-06,5377,1050,1,25,13000,1300.0,11700.0
5555,2025-01-01,5220,2001,1,10,5200,0.0,5200.0
5556,2025-04-07,5118,2007,3,9,2880,144.0,2736.0
5557,2025-04-04,5307,1002,3,8,2560,0.0,2560.0
5558,2025-02-01,5185,2025,3,20,6400,0.0,6400.0
5559,2025-05-25,5285,1005,4,1,210,0.0,210.0
5560,2025-03-16,5425,1050,1,12,6240,0.0,6240.0
5561,2025-02-21,5013,1008,4,21,4410,441.0,3969.0
5562,2025-05-04,5386,1042,1,11,5720,0.0,5720.0
5563,2025-05-26,5304,2018,3,25,8000,800.0,7200.0
5564,2025-01-17,5322,2022,1,19,9880,0.0,9880.0
5565,2025-01-11,5373,1010,1,23,11960,0.0,11960.0
5566,2025-04-10,5144,2035,2,22,9240,462.0,8778.0
5567,2025-04-27,5469,2018,3,5,1600,160.0,1440.0
5568,2025-06-26,5464,2019,3,19,6080,608.0,5472.0
5569,2025-02-16,5351,1003,2,12,5040,0.0,5040.0
5570,2025-03-31,5346,2010,1,13,6760,0.0,6760.0
5571,2025-04-19,5059,1052,4,17,3570,357.0,3213.0
5572,2025-03-26,5395,1020,3,19,6080,304.0,5776.0
5573,2025-02-07,5151,2018,1,13,6760,0.0,6760.0
5574,2025-05-16,5340,1037,2,7,2940,0.0,2940.0
5575,2025-03-16,5494,2012,1,2,1040,0.0,1040.0
5576,2025-01-31,5397,1054,3,10,3200,160.0,3040.0
5577,2025-04-11,5168,1034,3,10,3200,160.0,3040.0
5578,2025-02-07,5303,1007,3,11,3520,0.0,3520.0
5579,2025-02-03,5254,2024,3,5,1600,0.0,1600.0
5580,2025-03-31,5278,1006,1,2,1040,0.0,1040.0
5581,2025-05-12,5166,1025,2,14,5880,0.0,5880.0
5582,2025-06-01,5123,1011,3,2,640,64.0,576.0
5583,2025-04-03,5441,1057,3,16,5120,0.0,5120.0
5584,2025-06-01,5280,1039,2,5,2100,210.0,1890.0
5585,2025-03-15,5476,2007,2,4,1680,0.0,1680.0
5586,2025-02-21,5238,1025,4,15,3150,157.5,2992.5
5587,2025-05-24,5388,1055,2,11,4620,0.0,4620.0
5588,2025-05-09,5178,1046,4,11,2310,0.0,2310.0
5589,2025-04-24,5214,1053,1,19,9880,0.0,9880.0
5590,2025-04-01,5129,1017,1,9,4680,468.0,4212.0
5591,2025-02-15,5070,1052,1,13,6760,0.0,6760.0
5592,2025-03-02,5237,2025,1,9,4680,0.0,4680.0
5593,2025-05-19,5090,1002,4,15,3150,157.5,2992.5
5594,2025-06-22,5167,2037,1,15,7800,0.0,7800.0
5595,2025-03-08,5116,1031,4,9,1890,0.0,1890.0
5596,2025-02-14,5242,2004,3,24,7680,384.0,7296.0
5597,2025-06-05,5105,1026,1,9,4680,0.0,4680.0
5598,2025-02-01,5032,2009,4,24,5040,0.0,5040.0
5599,2025-05-07,5335,1026,3,25,8000,0.0,8000.0
5600,2025-06-07,5215,1057,2,18,7560,756.0,6804.0
5601,2025-02-18,5178,1026,4,11,2310,0.0,2310.0
5602,2025-05-05,5373,1029,3,2,640,64.0,576.0
5603,2025-05-13,5263,2033,4,5,1050,105.0,945.0
5604,2025-03-29,5064,1060,3,12,3840,0.0,3840.0
5605,2025-02-06,5241,1037,1,10,5200,0.0,5200.0
5606,2025-01-05,5068,1051,4,2,420,0.0,420.0
5607,2025-01-30,5167,2011,3,2,640,0.0,640.0
5608,2025-05-04,5099,1046,3,18,5760,0.0,5760.0
5609,2025-06-02,5321,1025,1,8,4160,416.0,3744.0
5610,2025-04-18,5332,1014,2,16,6720,0.0,6720.0
5611,2025-04-06,5404,1006,3,21,6720,0.0,6720.0
5612,2025-06-30,5067,1054,4,16,3360,0.0,3360.0
5613,2025-03-14,5222,1037,3,6,1920,192.0,1728.0
5614,2025-01-03,5164,1038,4,24,5040,0.0,5040.0
5615,2025-06-13,5254,1047,1,7,3640,182.0,3458.0
5616,2025-04-20,5026,1041,1,21,10920,546.0,10374.0
5617,2025-05-02,5347,1011,3,10,3200,0.0,3200.0
5618,2025-03-08,5365,2006,4,9,1890,0.0,1890.0
5619,2025-03-12,5264,1017,4,16,3360,0.0,3360.0
5620,2025-02-19,5134,2025,3,23,7360,368.0,6992.0
5621,2025-01-02,5484,1004,3,20,6400,0.0,6400.0
5622,2025-04-01,5131,1036,4,14,2940,294.0,2646.0
5623,2025-01-17,5150,2020,4,22,4620,462.0,4158.0
5624,2025-05-09,5049,1029,2,23,9660,0.0,9660.0
5625,2025-06-15,5174,1017,2,5,2100,0.0,2100.0
5626,2025-04-06,5151,2019,1,9,4680,0.0,4680.0
5627,2025-06-06,5347,1028,1,7,3640,182.0,3458.0
5628,2025-05-24,5057,1014,4,18,3780,0.0,3780.0
5629,2025-04-30,5385,1051,2,7,2940,0.0,2940.0
5630,2025-02-19,5394,1015,2,13,5460,0.0,5460.0
5631,2025-02-16,5194,2022,4,16,3360,336.0,3024.0
5632,2025-01-25,5437,1052,1,18,9360,936.0,8424.0
5633,2025-03-13,5038,1023,3,10,3200,0.0,3200.0
5634,2025-06-09,5434,2040,3,22,7040,0.0,7040.0
5635,2025-03-30,5002,1017,4,7,1470,147.0,1323.0
5636,2025-03-12,5098,2012,2,21,8820,882.0,7938.0
5637,2025-03-19,5117,1044,2,22,9240,0.0,9240.0
5638,2025-06-16,5419,1031,3,21,6720,336.0,6384.0
5639,2025-05-20,5265,1054,1,18,9360,936.0,8424.0
5640,2025-05-03,5017,2022,3,24,7680,0.0,7680.0
5641,2025-06-23,5333,2012,4,21,4410,441.0,3969.0
5642,2025-03-28,5241,1053,1,13,6760,0.0,6760.0
5643,2025-01-22,5392,1027,3,14,4480,448.0,4032.0
5644,2025-03-19,5310,2027,3,7,2240,0.0,2240.0
5645,2025-02-15,5275,1032,2,7,2940,0.0,2940.0
5646,2025-06-21,5403,1039,3,13,4160,208.0,3952.0
5647,2025-03-19,5281,2036,1,20,10400,1040.0,9360.0
5648,2025-03-26,5268,2010,4,18,3780,0.0,3780.0
5649,2025-01-24,5370,1007,1,3,1560,78.0,1482.0
5650,2025-03-24,5095,1005,1,23,11960,598.0,11362.0
5651,2025-05-17,5265,1001,2,1,420,21.0,399.0
5652,2025-05-19,5219,1011,4,6,1260,0.0,1260.0
5653,2025-06-25,5392,1018,4,25,5250,0.0,5250.0
5654,2025-01-19,5054,2010,1,10,5200,0.0,5200.0
5655,2025-05-23,5116,1002,4,22,4620,231.0,4389.0
5656,2025-04-12,5170,1049,1,8,4160,0.0,4160.0
5657,2025-01-15,5203,1009,1,5,2600,130.0,2470.0
5658,2025-03-31,5006,2017,4,7,1470,0.0,1470.0
5659,2025-05-16,5476,1010,3,3,960,0.0,960.0
5660,2025-03-23,5091,2004,3,5,1600,0.0,1600.0
5661,2025-06-25,5209,1052,1,20,10400,520.0,9880.0
5662,2025-01-19,5401,1039,3,25,8000,800.0,7200.0
5663,2025-02-25,5412,1003,2,21,8820,882.0,7938.0
5664,2025-06-23,5048,1035,3,21,6720,672.0,6048.0
5665,2025-04-30,5353,1022,2,14,5880,0.0,5880.0
5666,2025-03-18,5219,1023,4,15,3150,0.0,3150.0
5667,2025-03-17,5244,1040,4,15,3150,0.0,3150.0
5668,2025-06-17,5189,1001,1,4,2080,0.0,2080.0
5669,2025-01-18,5236,1021,2,13,5460,273.0,5187.0
5670,2025-05-03,5434,1052,4,9,1890,0.0,1890.0
5671,2025-02-20,5141,1026,4,23,4830,0.0,4830.0
5672,2025-03-08,5335,1009,1,20,10400,0.0,10400.0
5673,2025-05-25,5324,1013,2,19,7980,798.0,7182.0
5674,2025-05-20,5075,1003,1,18,9360,0.0,9360.0
5675,2025-04-20,5446,1008,1,24,12480,0.0,12480.0
5676,2025-06-21,5452,2029,3,22,7040,0.0,7040.0
5677,2025-06-05,5182,1033,3,2,640,0.0,640.0
5678,2025-03-30,5102,1058,4,24,5040,0.0,5040.0
5679,2025-06-18,5123,1058,1,14,7280,0.0,7280.0
5680,2025-02-23,5125,2011,1,25,13000,0.0,13000.0
5681,2025-04-16,5205,1014,4,13,2730,0.0,2730.0
5682,2025-01-27,5348,1024,3,5,1600,80.0,1520.0
5683,2025-06-06,5155,1042,4,20,4200,210.0,3990.0
5684,2025-06-26,5148,1050,3,12,3840,384.0,3456.0
5685,2025-04-29,5100,2006,1,8,4160,0.0,4160.0
5686,2025-04-06,5199,2012,4,20,4200,0.0,4200.0
5687,2025-03-10,5333,2027,4,19,3990,0.0,3990.0
5688,2025-01-10,5137,2027,4,20,4200,0.0,4200.0
5689,2025-02-26,5246,2010,3,11,3520,0.0,3520.0
5690,2025-02-08,5471,1018,2,23,9660,483.0,9177.0
5691,2025-01-29,5211,2037,2,20,8400,0.0,8400.0
5692,2025-04-02,5246,2013,1,18,9360,0.0,9360.0
5693,2025-04-08,5087,2018,2,4,1680,84.0,1596.0
5694,2025-02-06,5066,2032,1,9,4680,0.0,4680.0
5695,2025-04-13,5174,2016,4,1,210,10.5,199.5
5696,2025-02-12,5473,1034,4,19,3990,199.5,3790.5
5697,2025-04-04,5024,2038,2,17,7140,714.0,6426.0
5698,2025-01-27,5026,1028,3,14,4480,224.0,4256.0
5699,2025-06-23,5289,1046,2,8,3360,0.0,3360.0
5700,2025-04-14,5391,1040,3,4,1280,0.0,1280.0
5701,2025-02-03,5206,1001,1,14,7280,0.0,7280.0
5702,2025-05-02,5147,1056,2,8,3360,168.0,3192.0
5703,2025-05-06,5445,2029,1,5,2600,0.0,2600.0
5704,2025-05-23,5327,1041,4,15,3150,0.0,3150.0
5705,2025-06-29,5463,1052,2,22,9240,924.0,8316.0
5706,2025-02-12,5158,1028,2,16,6720,336.0,6384.0
5707,2025-06-14,5235,2032,1,10,5200,260.0,4940.0
5708,2025-04-27,5431,2015,1,2,1040,0.0,1040.0
5709,2025-02-12,5062,1003,4,2,420,21.0,399.0
5710,2025-01-06,5459,1041,4,23,4830,0.0,4830.0
5711,2025-01-12,5403,1013,3,6,1920,0.0,1920.0
5712,2025-04-24,5164,2012,2,15,6300,315.0,5985.0
5713,2025-06-13,5440,2013,4,11,2310,115.5,2194.5
5714,2025-02-14,5075,2013,1,18,9360,0.0,9360.0
5715,2025-02-13,5428,1011,3,25,8000,0.0,8000.0
5716,2025-01-01,5461,2031,1,11,5720,0.0,5720.0
5717,2025-03-04,5265,1027,2,6,2520,0.0,2520.0
5718,2025-06-01,5277,2030,1,23,11960,0.0,11960.0
5719,2025-01-20,5086,1059,1,14,7280,0.0,7280.0
5720,2025-05-04,5045,2014,4,15,3150,157.5,2992.5
5721,2025-03-19,5173,2006,1,13,6760,338.0,6422.0
5722,2025-01-07,5027,1049,4,15,3150,0.0,3150.0
5723,2025-03-02,5163,1030,4,19,3990,0.0,3990.0
5724,2025-06-04,5301,1036,2,9,3780,378.0,3402.0
5725,2025-03-28,5039,1045,4,18,3780,0.0,3780.0
5726,2025-01-21,5401,1031,3,20,6400,320.0,6080.0
5727,2025-03-09,5098,2017,2,10,4200,210.0,3990.0
5728,2025-01-05,5113,2006,3,20,6400,640.0,5760.0
5729,2025-03-14,5331,2003,2,2,840,0.0,840.0
5730,2025-04-06,5136,1016,4,21,4410,441.0,3969.0
5731,2025-02-23,5298,1059,3,10,3200,320.0,2880.0
5732,2025-05-08,5394,2037,1,3,1560,0.0,1560.0
5733,2025-01-17,5192,2011,2,11,4620,462.0,4158.0
5734,2025-02-15,5057,1043,1,20,10400,1040.0,9360.0
5735,2025-01-14,5084,2025,3,3,960,48.0,912.0
5736,2025-01-24,5095,1037,1,3,1560,0.0,1560.0
5737,2025-01-07,5008,1031,3,8,2560,0.0,2560.0
5738,2025-01-24,5324,2029,4,21,4410,220.5,4189.5
5739,2025-01-11,5392,1048,3,23,7360,0.0,7360.0
5740,2025-04-09,5229,1029,4,18,3780,0.0,3780.0
5741,2025-01-20,5428,1028,1,1,520,52.0,468.0
5742,2025-05-08,5177,2040,3,22,7040,352.0,6688.0
5743,2025-02-15,5196,1053,4,6,1260,63.0,1197.0
5744,2025-01-31,5403,2008,3,15,4800,480.0,4320.0
5745,2025-05-22,5288,1041,4,12,2520,0.0,2520.0
5746,2025-02-05,5472,1046,3,8,2560,0.0,2560.0
5747,2025-01-17,5492,1059,1,15,7800,780.0,7020.0
5748,2025-01-15,5457,1057,1,18,9360,0.0,9360.0
5749,2025-04-08,5160,1023,4,24,5040,0.0,5040.0
5750,2025-02-17,5252,1031,1,9,4680,0.0,4680.0
5751,2025-02-01,5301,1028,4,21,4410,441.0,3969.0
5752,2025-02-24,5046,1052,2,19,7980,0.0,7980.0
5753,2025-02-28,5117,1007,4,20,4200,210.0,3990.0
5754,2025-05-01,5447,1011,1,21,10920,0.0,10920.0
5755,2025-01-17,5364,1051,1,11,5720,0.0,5720.0
5756,2025-04-21,5326,1019,1,22,11440,0.0,11440.0
5757,2025-04-13,5359,2001,3,16,5120,512.0,4608.0
5758,2025-04-05,5378,1023,1,14,7280,728.0,6552.0
5759,2025-04-25,5224,1049,4,18,3780,378.0,3402.0
5760,2025-03-23,5338,2023,2,14,5880,0.0,5880.0
5761,2025-01-29,5286,2021,1,15,7800,780.0,7020.0
5762,2025-06-05,5014,2015,3,8,2560,128.0,2432.0
5763,2025-01-17,5424,1034,4,16,3360,0.0,3360.0
5764,2025-05-01,5127,1032,4,16,3360,0.0,3360.0
5765,2025-02-06,5242,1024,4,24,5040,0.0,5040.0
5766,2025-04-24,5299,1028,4,16,3360,0.0,3360.0
5767,2025-02-15,5183,1019,1,8,4160,208.0,3952.0
5768,2025-04-14,5369,2004,3,1,320,0.0,320.0
5769,2025-06-11,5031,1040,1,2,1040,52.0,988.0
5770,2025-06-30,5406,1029,3,11,3520,176.0,3344.0
5771,2025-04-18,5134,1037,2,7,2940,0.0,2940.0
5772,2025-04-25,5085,1036,2,20,8400,0.0,8400.0
5773,2025-03-20,5225,1041,4,5,1050,52.5,997.5
5774,2025-01-25,5293,1018,1,11,5720,0.0,5720.0
5775,2025-04-10,5020,1021,1,22,11440,0.0,11440.0
5776,2025-05-15,5200,2020,3,12,3840,192.0,3648.0
5777,2025-02-26,5104,1057,1,25,13000,0.0,13000.0
5778,2025-03-12,5448,2027,3,19,6080,0.0,6080.0
5779,2025-04-11,5357,1002,4,12,2520,126.0,2394.0
5780,2025-01-15,5442,2034,2,10,4200,420.0,3780.0
5781,2025-02-08,5253,1023,2,14,5880,0.0,5880.0
5782,2025-04-28,5180,1041,1,21,10920,0.0,10920.0
5783,2025-06-30,5042,2022,1,7,3640,0.0,3640.0
5784,2025-01-14,5029,2014,3,5,1600,0.0,1600.0
5785,2025-03-15,5042,2039,1,9,4680,0.0,4680.0
5786,2025-04-28,5283,1024,4,14,2940,0.0,2940.0
5787,2025-05-23,5198,1006,4,24,5040,0.0,5040.0
5788,2025-01-05,5307,2021,1,17,8840,442.0,8398.0
5789,2025-01-21,5379,1010,2,4,1680,168.0,1512.0
5790,2025-02-05,5357,2024,4,22,4620,462.0,4158.0
5791,2025-05-15,5075,1007,4,13,2730,0.0,2730.0
5792,2025-05-31,5367,1059,3,8,2560,128.0,2432.0
5793,2025-05-28,5110,2018,4,24,5040,252.0,4788.0
5794,2025-06-11,5037,1035,1,13,6760,0.0,6760.0
5795,2025-04-02,5151,2011,2,8,3360,168.0,3192.0
5796,2025-06-01,5338,2030,3,24,7680,0.0,7680.0
5797,2025-01-13,5192,2033,2,13,5460,0.0,5460.0
5798,2025-02-23,5211,1057,1,6,3120,0.0,3120.0
5799,2025-06-30,5156,1007,3,14,4480,0.0,4480.0
5800,2025-01-24,5262,2039,3,24,7680,0.0,7680.0
5801,2025-03-25,5266,1013,3,19,6080,0.0,6080.0
5802,2025-03-25,5075,1059,2,12,5040,0.0,5040.0
5803,2025-06-19,5196,1013,2,11,4620,231.0,4389.0
5804,2025-05-23,5159,1041,3,17,5440,0.0,5440.0
5805,2025-06-20,5237,1017,1,18,9360,0.0,9360.0
5806,2025-03-01,5431,1005,1,6,3120,0.0,3120.0
5807,2025-04-30,5474,1055,4,4,840,0.0,840.0
5808,2025-04-30,5247,1025,4,24,5040,0.0,5040.0
5809,2025-01-08,5054,1030,2,8,3360,168.0,3192.0
5810,2025-02-28,5323,1003,3,2,640,64.0,576.0
5811,2025-02-02,5464,1034,4,6,1260,0.0,1260.0
5812,2025-02-15,5381,2033,1,13,6760,0.0,6760.0
5813,2025-05-14,5284,1051,3,7,2240,0.0,2240.0
5814,2025-05-01,5247,2032,3,1,320,0.0,320.0
5815,2025-01-10,5078,1004,2,12,5040,504.0,4536.0
5816,2025-01-11,5184,1023,4,23,4830,0.0,4830.0
5817,2025-03-17,5455,2019,2,9,3780,0.0,3780.0
5818,2025-05-28,5244,1048,1,1,520,26.0,494.0
5819,2025-06-16,5117,2003,1,5,2600,0.0,2600.0
5820,2025-06-05,5424,1006,1,25,13000,1300.0,11700.0
5821,2025-02-28,5261,2010,3,5,1600,0.0,1600.0
5822,2025-03-21,5406,2037,2,18,7560,0.0,7560.0
5823,2025-05-24,5245,1054,2,11,4620,231.0,4389.0
5824,2025-06-08,5336,2005,3,9,2880,144.0,2736.0
5825,2025-06-21,5462,1038,2,23,9660,0.0,9660.0
5826,2025-05-31,5437,2006,1,25,13000,0.0,13000.0
5827,2025-05-08,5036,2013,4,10,2100,210.0,1890.0
5828,2025-06-20,5181,1053,3,22,7040,352.0,6688.0
5829,2025-03-27,5443,2010,4,19,3990,0.0,3990.0
5830,2025-06-19,5192,2020,3,2,640,0.0,640.0
5831,2025-05-15,5158,1015,1,21,10920,0.0,10920.0
5832,2025-03-11,5007,1022,3,25,8000,0.0,8000.0
5833,2025-04-19,5092,1022,3,12,3840,0.0,3840.0
5834,2025-01-27,5187,2002,1,4,2080,104.0,1976.0
5835,2025-02-12,5470,1047,4,12,2520,0.0,2520.0
5836,2025-03-29,5049,2039,3,24,7680,0.0,7680.0
5837,2025-06-08,5169,1003,3,14,4480,0.0,4480.0
5838,2025-04-18,5489,2029,3,23,7360,368.0,6992.0
5839,2025-05-05,5220,2026,3,17,5440,0.0,5440.0
5840,2025-02-25,5384,2021,3,3,960,96.0,864.0
5841,2025-03-08,5258,1052,2,8,3360,336.0,3024.0
5842,2025-03-06,5407,2008,1,20,10400,520.0,9880.0
5843,2025-04-16,5191,2006,1,22,11440,1144.0,10296.0
5844,2025-01-11,5017,1043,4,16,3360,0.0,3360.0
5845,2025-06-14,5217,1018,1,5,2600,0.0,2600.0
5846,2025-03-02,5295,2008,1,20,10400,0.0,10400.0
5847,2025-06-06,5112,1016,3,7,2240,0.0,2240.0
5848,2025-04-05,5270,1029,4,6,1260,0.0,1260.0
5849,2025-03-21,5194,1003,2,11,4620,462.0,4158.0
5850,2025-04-26,5444,1055,2,12,5040,504.0,4536.0
5851,2025-05-14,5169,1055,1,1,520,0.0,520.0
5852,2025-01-15,5335,1024,1,8,4160,0.0,4160.0
5853,2025-03-23,5197,1045,4,21,4410,0.0,4410.0
5854,2025-06-05,5313,1021,4,23,4830,0.0,4830.0
5855,2025-03-28,5193,2040,1,7,3640,0.0,3640.0
5856,2025-03-25,5118,1054,3,5,1600,0.0,1600.0
5857,2025-05-09,5075,2006,2,15,6300,630.0,5670.0
5858,2025-06-21,5198,2015,1,18,9360,0.0,9360.0
5859,2025-04-30,5180,1059,2,13,5460,0.0,5460.0
5860,2025-05-04,5186,2018,4,4,840,0.0,840.0
5861,2025-03-03,5089,1058,3,9,2880,144.0,2736.0
5862,2025-02-03,5192,2024,4,23,4830,0.0,4830.0
5863,2025-05-04,5028,2008,3,6,1920,96.0,1824.0
5864,2025-02-12,5216,1023,1,3,1560,156.0,1404.0
5865,2025-05-16,5178,1003,3,11,3520,0.0,3520.0
5866,2025-03-05,5126,1012,4,3,630,31.5,598.5
5867,2025-06-15,5020,1007,3,16,5120,0.0,5120.0
5868,2025-05-26,5404,1023,2,18,7560,0.0,7560.0
5869,2025-04-21,5236,1023,2,21,8820,441.0,8379.0
5870,2025-05-22,5291,2035,3,24,7680,0.0,7680.0
5871,2025-05-28,5448,1059,4,21,4410,0.0,4410.0
5872,2025-05-19,5428,1029,3,16,5120,0.0,5120.0
5873,2025-02-19,5312,1046,4,19,3990,0.0,3990.0
5874,2025-06-01,5434,1044,3,22,7040,0.0,7040.0
5875,2025-02-01,5295,1004,2,11,4620,0.0,4620.0
5876,2025-02-14,5187,1036,1,18,9360,0.0,9360.0
5877,2025-01-28,5194,1002,3,13,4160,0.0,4160.0
5878,2025-06-10,5490,1037,2,4,1680,84.0,1596.0
5879,2025-02-08,5298,1040,3,7,2240,0.0,2240.0
5880,2025-03-27,5349,2038,1,23,11960,0.0,11960.0
5881,2025-06-03,5010,1022,3,3,960,0.0,960.0
5882,2025-05-24,5489,1030,2,19,7980,0.0,7980.0
5883,2025-03-15,5188,1007,4,2,420,0.0,420.0
5884,2025-03-12,5215,2008,3,4,1280,128.0,1152.0
5885,2025-04-16,5055,1033,1,4,2080,0.0,2080.0
5886,2025-04-14,5089,1057,4,4,840,84.0,756.0
5887,2025-02-27,5133,2035,2,10,4200,0.0,4200.0
5888,2025-06-25,5473,1012,2,23,9660,483.0,9177.0
5889,2025-06-23,5153,2016,2,13,5460,0.0,5460.0
5890,2025-02-11,5336,1002,1,16,8320,832.0,7488.0
5891,2025-04-01,5468,2008,2,22,9240,462.0,8778.0
5892,2025-05-20,5427,1053,4,1,210,0.0,210.0
5893,2025-05-24,5428,2021,1,23,11960,0.0,11960.0
5894,2025-03-27,5168,1014,4,15,3150,0.0,3150.0
5895,2025-03-14,5021,1048,4,16,3360,0.0,3360.0
5896,2025-06-22,5325,2007,3,16,5120,0.0,5120.0
5897,2025-06-29,5498,2025,1,1,520,0.0,520.0
5898,2025-04-03,5422,1033,4,16,3360,0.0,3360.0
5899,2025-04-03,5079,1019,4,23,4830,0.0,4830.0
5900,2025-05-20,5157,2007,4,8,1680,84.0,1596.0
5901,2025-04-21,5103,1022,2,14,5880,0.0,5880.0
5902,2025-06-20,5115,1038,2,18,7560,756.0,6804.0
5903,2025-06-14,5324,1011,3,23,7360,0.0,7360.0
5904,2025-01-17,5074,2008,3,14,4480,448.0,4032.0
5905,2025-04-01,5186,1031,1,16,8320,0.0,8320.0
5906,2025-01-30,5114,1017,3,22,7040,0.0,7040.0
5907,2025-04-23,5036,1027,3,4,1280,0.0,1280.0
5908,2025-05-21,5375,1025,3,10,3200,0.0,3200.0
5909,2025-05-01,5205,1018,4,24,5040,0.0,5040.0
5910,2025-03-19,5123,2027,1,10,5200,0.0,5200.0
5911,2025-06-25,5092,2026,3,16,5120,0.0,5120.0
5912,2025-04-07,5387,1010,2,16,6720,672.0,6048.0
5913,2025-05-14,5092,2007,3,22,7040,0.0,7040.0
5914,2025-01-22,5472,1048,3,24,7680,0.0,7680.0
5915,2025-01-29,5282,1048,1,10,5200,0.0,5200.0
5916,2025-04-14,5258,2038,3,25,8000,400.0,7600.0
5917,2025-04-22,5405,1014,1,22,11440,572.0,10868.0
5918,2025-06-09,5050,2021,3,12,3840,384.0,3456.0
5919,2025-02-26,5272,1018,3,18,5760,288.0,5472.0
5920,2025-02-25,5339,2036,4,14,2940,0.0,2940.0
5921,2025-05-28,5475,2011,3,4,1280,0.0,1280.0
5922,2025-02-18,5114,2016,1,6,3120,0.0,3120.0
5923,2025-06-23,5354,1003,3,15,4800,0.0,4800.0
5924,2025-01-16,5311,2040,2,14,5880,0.0,5880.0
5925,2025-05-20,5142,1016,1,23,11960,0.0,11960.0
5926,2025-03-08,5154,2002,4,22,4620,462.0,4158.0
5927,2025-04-27,5226,1025,3,4,1280,0.0,1280.0
5928,2025-01-29,5308,2038,4,11,2310,0.0,2310.0
5929,2025-01-14,5304,2001,1,3,1560,0.0,1560.0
5930,2025-02-25,5390,1001,3,6,1920,0.0,1920.0
5931,2025-04-26,5418,1053,3,19,6080,608.0,5472.0
5932,2025-02-18,5306,1027,3,21,6720,336.0,6384.0
5933,2025-02-16,5440,1006,2,17,7140,357.0,6783.0
5934,2025-05-18,5425,1052,3,7,2240,0.0,2240.0
5935,2025-02-01,5353,2025,4,15,3150,157.5,2992.5
5936,2025-03-15,5204,2013,2,10,4200,210.0,3990.0
5937,2025-04-06,5014,1060,3,2,640,32.0,608.0
5938,2025-06-10,5439,1027,1,13,6760,0.0,6760.0
5939,2025-04-01,5012,1014,4,8,1680,0.0,1680.0
5940,2025-03-12,5226,2005,4,8,1680,0.0,1680.0
5941,2025-02-01,5280,2010,3,5,1600,80.0,1520.0
5942,2025-01-07,5387,1059,2,16,6720,0.0,6720.0
5943,2025-04-16,5492,1042,2,20,8400,420.0,7980.0
5944,2025-01-11,5311,2020,1,16,8320,0.0,8320.0
5945,2025-05-29,5091,1004,1,5,2600,0.0,2600.0
5946,2025-02-26,5474,1060,3,10,3200,320.0,2880.0
5947,2025-04-30,5005,1030,3,15,4800,480.0,4320.0
5948,2025-01-11,5326,1057,4,3,630,0.0,630.0
5949,2025-05-08,5244,1024,2,17,7140,714.0,6426.0
5950,2025-05-22,5495,1059,1,17,8840,0.0,8840.0
5951,2025-06-16,5447,1005,4,12,2520,252.0,2268.0
5952,2025-03-17,5457,1037,2,23,9660,0.0,9660.0
5953,2025-06-30,5416,1032,1,11,5720,0.0,5720.0
5954,2025-01-16,5476,2007,2,20,8400,840.0,7560.0
5955,2025-04-06,5049,2040,3,5,1600,0.0,1600.0
5956,2025-05-04,5389,1007,2,20,8400,840.0,7560.0
5957,2025-04-17,5010,2028,1,13,6760,0.0,6760.0
5958,2025-02-19,5484,1057,4,9,1890,0.0,1890.0
5959,2025-04-05,5163,2003,2,20,8400,0.0,8400.0
5960,2025-04-11,5284,1002,3,1,320,16.0,304.0
5961,2025-03-25,5053,1021,1,21,10920,546.0,10374.0
5962,2025-06-19,5246,1008,3,9,2880,0.0,2880.0
5963,2025-05-15,5263,1057,2,4,1680,0.0,1680.0
5964,2025-02-03,5025,2032,3,15,4800,480.0,4320.0
5965,2025-06-17,5275,1032,1,20,10400,1040.0,9360.0
5966,2025-06-28,5249,2012,1,6,3120,312.0,2808.0
5967,2025-01-21,5311,1058,3,14,4480,0.0,4480.0
5968,2025-05-24,5398,1040,1,7,3640,182.0,3458.0
5969,2025-06-04,5296,1030,1,2,1040,104.0,936.0
5970,2025-03-15,5211,2006,4,11,2310,0.0,2310.0
5971,2025-02-07,5073,2012,4,20,4200,0.0,4200.0
5972,2025-02-07,5179,1002,3,16,5120,256.0,4864.0
5973,2025-05-27,5297,2030,4,16,3360,0.0,3360.0
5974,2025-05-10,5061,1057,4,4,840,42.0,798.0
5975,2025-05-02,5087,2025,2,24,10080,0.0,10080.0
5976,2025-04-29,5117,1045,2,8,3360,0.0,3360.0
5977,2025-03-09,5082,1009,2,13,5460,273.0,5187.0
5978,2025-06-11,5066,1026,3,14,4480,448.0,4032.0
5979,2025-06-20,5419,2032,3,8,2560,0.0,2560.0
5980,2025-01-15,5248,1049,2,3,1260,0.0,1260.0
5981,2025-03-02,5491,2030,4,9,1890,0.0,1890.0
5982,2025-01-14,5448,1054,1,8,4160,0.0,4160.0
5983,2025-04-21,5034,1016,3,4,1280,128.0,1152.0
5984,2025-02-01,5387,1058,3,1,320,0.0,320.0
5985,2025-03-01,5097,1044,4,25,5250,262.5,4987.5
5986,2025-03-25,5241,1010,3,15,4800,0.0,4800.0
5987,2025-05-03,5072,1010,2,22,9240,0.0,9240.0
5988,2025-04-13,5268,2023,3,14,4480,0.0,4480.0
5989,2025-04-24,5430,1023,3,2,640,0.0,640.0
5990,2025-04-20,5028,2008,1,6,3120,0.0,3120.0
5991,2025-03-29,5199,2006,2,22,9240,0.0,9240.0
5992,2025-05-21,5309,1009,1,12,6240,624.0,5616.0
5993,2025-04-15,5243,1033,2,23,9660,0.0,9660.0
5994,2025-05-06,5087,1052,3,22,7040,0.0,7040.0
5995,2025-01-20,5126,1005,3,6,1920,0.0,1920.0
5996,2025-04-30,5436,1047,3,11,3520,176.0,3344.0
5997,2025-04-13,5013,2029,1,16,8320,0.0,8320.0
5998,2025-05-10,5350,1028,4,4,840,0.0,840.0
5999,2025-04-22,5290,2019,4,24,5040,0.0,5040.0
6000,2025-06-17,5264,2034,2,14,5880,0.0,5880.0
6001,2025-03-01,5366,1004,4,19,3990,199.5,3790.5
6002,2025-01-14,5471,1026,1,2,1040,104.0,936.0
6003,2025-05-13,5486,2031,4,3,630,0.0,630.0
6004,2025-04-04,5381,2005,1,6,3120,312.0,2808.0
6005,2025-03-20,5357,2007,4,2,420,0.0,420.0
6006,2025-03-09,5324,1048,3,3,960,0.0,960.0
6007,2025-05-28,5312,2014,1,16,8320,0.0,8320.0
6008,2025-01-03,5474,1049,4,14,2940,0.0,2940.0
6009,2025-02-13,5110,2019,1,22,11440,0.0,11440.0
6010,2025-01-27,5051,1003,4,23,4830,483.0,4347.0
6011,2025-03-17,5062,1020,1,10,5200,0.0,5200.0
6012,2025-01-14,5219,1024,2,19,7980,0.0,7980.0
6013,2025-05-26,5334,2040,1,18,9360,0.0,9360.0
6014,2025-05-23,5435,1012,2,14,5880,294.0,5586.0
6015,2025-03-26,5279,2023,4,25,5250,262.5,4987.5
6016,2025-05-21,5085,2023,4,10,2100,0.0,2100.0
6017,2025-01-18,5335,2038,4,25,5250,262.5,4987.5
6018,2025-03-29,5458,1025,4,24,5040,504.0,4536.0
6019,2025-02-13,5490,2009,4,8,1680,0.0,1680.0
6020,2025-03-07,5041,1019,1,8,4160,208.0,3952.0
6021,2025-06-14,5098,1017,2,4,1680,168.0,1512.0
6022,2025-04-28,5370,2025,2,13,5460,0.0,5460.0
6023,2025-02-21,5426,1029,4,3,630,63.0,567.0
6024,2025-06-14,5134,1029,2,3,1260,0.0,1260.0
6025,2025-06-10,5165,2032,3,19,6080,0.0,6080.0
6026,2025-03-04,5471,1049,1,21,10920,0.0,10920.0
6027,2025-04-22,5216,2011,3,14,4480,0.0,4480.0
6028,2025-06-23,5089,2002,2,21,8820,441.0,8379.0
6029,2025-02-08,5181,1052,4,2,420,0.0,420.0
6030,2025-01-28,5429,1018,2,17,7140,0.0,7140.0
6031,2025-05-11,5191,1043,2,7,2940,294.0,2646.0
6032,2025-02-05,5063,1035,2,15,6300,630.0,5670.0
6033,2025-03-20,5281,1023,1,24,12480,1248.0,11232.0
6034,2025-04-19,5384,1030,2,3,1260,0.0,1260.0
6035,2025-01-05,5291,2040,4,17,3570,0.0,3570.0
6036,2025-05-18,5100,2024,2,19,7980,0.0,7980.0
6037,2025-01-12,5187,1030,1,18,9360,0.0,9360.0
6038,2025-01-31,5360,1005,1,16,8320,0.0,8320.0
6039,2025-06-27,5374,2015,2,18,7560,0.0,7560.0
6040,2025-04-01,5324,2030,3,16,5120,0.0,5120.0
6041,2025-01-27,5195,1006,4,23,4830,241.5,4588.5
6042,2025-02-15,5161,2013,1,16,8320,0.0,8320.0
6043,2025-04-04,5009,2012,4,4,840,0.0,840.0
6044,2025-03-24,5117,1047,3,8,2560,0.0,2560.0
6045,2025-01-13,5308,2030,4,10,2100,210.0,1890.0
6046,2025-04-06,5499,1059,2,25,10500,1050.0,9450.0
6047,2025-06-14,5021,1046,4,15,3150,0.0,3150.0
6048,2025-06-29,5333,2009,2,19,7980,798.0,7182.0
6049,2025-05-24,5089,2017,1,24,12480,624.0,11856.0
6050,2025-01-26,5108,1001,2,22,9240,0.0,9240.0
6051,2025-06-01,5130,2020,1,8,4160,0.0,4160.0
6052,2025-02-09,5042,1022,3,1,320,32.0,288.0
6053,2025-01-09,5110,1005,3,22,7040,704.0,6336.0
6054,2025-03-03,5026,1041,1,11,5720,0.0,5720.0
6055,2025-06-20,5496,1022,3,13,4160,208.0,3952.0
6056,2025-02-20,5344,2001,1,11,5720,0.0,5720.0
6057,2025-03-02,5169,1035,3,19,6080,608.0,5472.0
6058,2025-05-09,5474,1049,3,25,8000,0.0,8000.0
6059,2025-05-16,5174,1049,2,11,4620,231.0,4389.0
6060,2025-05-23,5497,1040,1,25,13000,0.0,13000.0
6061,2025-03-08,5218,2008,1,2,1040,0.0,1040.0
6062,2025-06-06,5336,2035,2,20,8400,0.0,8400.0
6063,2025-06-15,5235,2019,1,15,7800,0.0,7800.0
6064,2025-02-15,5157,2039,2,25,10500,1050.0,9450.0
6065,2025-03-07,5248,1043,3,19,6080,0.0,6080.0
6066,2025-02-27,5293,2015,2,7,2940,0.0,2940.0
6067,2025-01-28,5379,1047,2,12,5040,0.0,5040.0
6068,2025-05-09,5393,1018,1,21,10920,1092.0,9828.0
6069,2025-06-05,5108,2029,3,6,1920,0.0,1920.0
6070,2025-03-22,5495,1037,4,2,420,0.0,420.0
6071,2025-01-31,5157,2019,1,16,8320,0.0,8320.0
6072,2025-03-10,5357,2038,4,21,4410,441.0,3969.0
6073,2025-05-08,5486,1009,3,9,2880,144.0,2736.0
6074,2025-01-01,5201,2030,2,17,7140,714.0,6426.0
6075,2025-03-03,5157,1024,1,15,7800,780.0,7020.0
6076,2025-03-16,5054,1038,2,4,1680,0.0,1680.0
6077,2025-04-14,5068,2029,1,5,2600,0.0,2600.0
6078,2025-01-21,5011,1031,2,15,6300,630.0,5670.0
6079,2025-04-05,5190,1031,3,20,6400,0.0,6400.0
6080,2025-01-19,5452,1051,3,17,5440,0.0,5440.0
6081,2025-04-12,5075,1023,1,4,2080,0.0,2080.0
6082,2025-03-09,5416,1040,1,4,2080,104.0,1976.0
6083,2025-04-12,5344,2008,1,3,1560,156.0,1404.0
6084,2025-02-19,5055,1038,3,5,1600,0.0,1600.0
6085,2025-03-08,5452,1055,4,4,840,0.0,840.0
6086,2025-06-17,5074,2019,4,1,210,10.5,199.5
6087,2025-05-24,5369,2024,3,5,1600,80.0,1520.0
6088,2025-06-02,5179,1049,2,14,5880,294.0,5586.0
6089,2025-04-23,5390,2023,4,9,1890,189.0,1701.0
6090,2025-01-16,5176,1037,4,24,5040,252.0,4788.0
6091,2025-05-23,5322,2024,3,4,1280,0.0,1280.0
6092,2025-02-11,5500,1037,4,2,420,42.0,378.0
6093,2025-01-06,5119,2013,1,11,5720,286.0,5434.0
6094,2025-04-16,5455,2020,1,16,8320,0.0,8320.0
6095,2025-01-31,5179,2031,3,8,2560,0.0,2560.0
6096,2025-02-24,5231,2006,4,20,4200,0.0,4200.0
6097,2025-02-09,5346,1053,1,20,10400,0.0,10400.0
6098,2025-01-24,5146,1021,3,20,6400,0.0,6400.0
6099,2025-01-02,5108,1018,4,7,1470,147.0,1323.0
6100,2025-01-07,5112,1015,4,11,2310,115.5,2194.5
6101,2025-05-30,5116,1011,4,5,1050,0.0,1050.0
6102,2025-03-10,5006,1038,2,8,3360,336.0,3024.0
6103,2025-02-19,5398,1042,4,16,3360,168.0,3192.0
6104,2025-02-02,5231,2021,2,17,7140,0.0,7140.0
6105,2025-01-25,5402,1053,4,14,2940,0.0,2940.0
6106,2025-05-13,5164,1060,1,17,8840,442.0,8398.0
6107,2025-03-17,5279,1021,3,6,1920,0.0,1920.0
6108,2025-03-08,5472,2029,2,23,9660,0.0,9660.0
6109,2025-06-15,5081,1038,2,6,2520,252.0,2268.0
6110,2025-04-17,5094,1052,4,14,2940,0.0,2940.0
6111,2025-04-16,5463,1014,1,5,2600,0.0,2600.0
6112,2025-01-25,5402,1012,1,19,9880,494.0,9386.0
6113,2025-05-05,5378,2011,3,19,6080,304.0,5776.0
6114,2025-04-13,5180,1034,3,7,2240,112.0,2128.0
6115,2025-01-20,5362,2040,3,10,3200,160.0,3040.0
6116,2025-03-15,5310,1032,3,14,4480,448.0,4032.0
6117,2025-03-17,5346,2008,4,19,3990,199.5,3790.5
6118,2025-04-22,5205,1014,3,17,5440,272.0,5168.0
6119,2025-05-09,5099,2018,4,5,1050,105.0,945.0
6120,2025-03-12,5451,2031,3,15,4800,480.0,4320.0
6121,2025-01-16,5291,1037,1,8,4160,0.0,4160.0
6122,2025-06-04,5492,1023,3,18,5760,0.0,5760.0
6123,2025-06-20,5453,1024,2,22,9240,0.0,9240.0
6124,2025-01-09,5295,1036,3,17,5440,544.0,4896.0
6125,2025-04-26,5011,2020,2,2,840,84.0,756.0
6126,2025-01-14,5364,2010,3,3,960,0.0,960.0
6127,2025-04-12,5290,2021,2,15,6300,630.0,5670.0
6128,2025-06-03,5095,2028,2,7,2940,0.0,2940.0
6129,2025-03-07,5375,2027,4,4,840,84.0,756.0
6130,2025-04-23,5105,2022,1,6,3120,0.0,3120.0
6131,2025-05-17,5311,1043,4,24,5040,0.0,5040.0
6132,2025-02-25,5123,1030,1,7,3640,364.0,3276.0
6133,2025-05-02,5162,2002,4,15,3150,0.0,3150.0
6134,2025-02-14,5256,2029,1,8,4160,0.0,4160.0
6135,2025-02-15,5021,1055,4,4,840,0.0,840.0
6136,2025-02-07,5317,1046,4,15,3150,157.5,2992.5
6137,2025-03-27,5177,2009,2,22,9240,924.0,8316.0
6138,2025-06-29,5182,2028,3,23,7360,0.0,7360.0
6139,2025-06-25,5489,1033,2,8,3360,336.0,3024.0
6140,2025-06-30,5189,1019,4,13,2730,136.5,2593.5
6141,2025-06-21,5346,1019,4,17,3570,357.0,3213.0
6142,2025-06-02,5454,1013,2,11,4620,0.0,4620.0
6143,2025-05-31,5158,1060,3,14,4480,0.0,4480.0
6144,2025-04-06,5481,2010,4,25,5250,0.0,5250.0
6145,2025-04-18,5063,1017,1,23,11960,0.0,11960.0
6146,2025-01-23,5041,1056,4,24,5040,0.0,5040.0
6147,2025-04-10,5131,1037,1,17,8840,442.0,8398.0
6148,2025-05-26,5482,1020,3,22,7040,0.0,7040.0
6149,2025-01-07,5270,2015,3,7,2240,112.0,2128.0
6150,2025-04-25,5490,2024,3,1,320,32.0,288.0
6151,2025-05-14,5053,1013,3,23,7360,0.0,7360.0
6152,2025-01-07,5080,2001,3,25,8000,800.0,7200.0
6153,2025-03-14,5005,2010,1,25,13000,0.0,13000.0
6154,2025-06-22,5256,2003,4,18,3780,0.0,3780.0
6155,2025-01-12,5133,1002,1,17,8840,442.0,8398.0
6156,2025-05-24,5081,1007,4,7,1470,0.0,1470.0
6157,2025-02-28,5186,2034,1,22,11440,0.0,11440.0
6158,2025-04-16,5344,1003,1,24,12480,0.0,12480.0
6159,2025-06-21,5262,2031,4,7,1470,0.0,1470.0
6160,2025-01-28,5085,1037,1,5,2600,0.0,2600.0
6161,2025-06-04,5454,2028,2,25,10500,0.0,10500.0
6162,2025-04-28,5410,1035,2,3,1260,126.0,1134.0
6163,2025-02-24,5420,2036,3,19,6080,0.0,6080.0
6164,2025-03-01,5415,1023,1,9,4680,0.0,4680.0
6165,2025-04-03,5278,2035,2,10,4200,0.0,4200.0
6166,2025-06-23,5253,1046,2,24,10080,0.0,10080.0
6167,2025-03-31,5171,2013,4,5,1050,0.0,1050.0
6168,2025-05-19,5241,2020,2,22,9240,0.0,9240.0
6169,2025-01-23,5217,1044,2,5,2100,105.0,1995.0
6170,2025-05-26,5112,2004,4,19,3990,399.0,3591.0
6171,2025-02-02,5065,1022,4,25,5250,0.0,5250.0
6172,2025-02-14,5322,2001,2,13,5460,0.0,5460.0
6173,2025-05-27,5214,2034,4,18,3780,0.0,3780.0
6174,2025-01-14,5071,1040,4,5,1050,52.5,997.5
6175,2025-01-23,5483,2015,2,8,3360,0.0,3360.0
6176,2025-04-08,5486,1023,4,21,4410,0.0,4410.0
6177,2025-04-08,5349,1020,4,10,2100,0.0,2100.0
6178,2025-01-18,5362,2030,4,19,3990,0.0,3990.0
6179,2025-04-21,5248,1056,1,15,7800,0.0,7800.0
6180,2025-05-09,5004,1059,4,7,1470,0.0,1470.0
6181,2025-03-27,5097,1011,2,20,8400,0.0,8400.0
6182,2025-03-13,5191,2031,3,14,4480,224.0,4256.0
6183,2025-03-10,5493,1023,2,13,5460,0.0,5460.0
6184,2025-05-04,5096,1033,3,10,3200,160.0,3040.0
6185,2025-06-10,5207,1014,1,12,6240,624.0,5616.0
6186,2025-03-20,5314,1047,2,4,1680,84.0,1596.0
6187,2025-01-21,5415,1001,2,24,10080,0.0,10080.0
6188,2025-04-04,5168,1026,4,19,3990,0.0,3990.0
6189,2025-06-18,5078,2006,1,11,5720,572.0,5148.0
6190,2025-06-12,5383,1009,3,7,2240,112.0,2128.0
6191,2025-04-25,5042,1045,1,13,6760,338.0,6422.0
6192,2025-01-07,5431,1001,2,23,9660,483.0,9177.0
6193,2025-03-14,5386,2016,1,1,520,0.0,520.0
6194,2025-02-06,5186,1048,1,6,3120,156.0,2964.0
6195,2025-01-09,5438,2005,4,24,5040,0.0,5040.0
6196,2025-03-26,5200,1013,1,9,4680,0.0,4680.0
6197,2025-01-15,5249,1034,3,11,3520,0.0,3520.0
6198,2025-02-05,5054,1041,4,2,420,0.0,420.0
6199,2025-05-06,5169,1007,1,14,7280,364.0,6916.0
6200,2025-02-21,5298,1052,3,2,640,64.0,576.0
6201,2025-03-24,5162,2034,1,15,7800,780.0,7020.0
6202,2025-02-13,5350,1009,2,6,2520,0.0,2520.0
6203,2025-03-07,5313,1035,1,24,12480,0.0,12480.0
6204,2025-03-27,5036,1049,4,10,2100,210.0,1890.0
6205,2025-03-07,5021,1032,3,12,3840,0.0,3840.0
6206,2025-06-07,5373,1020,2,10,4200,210.0,3990.0
6207,2025-01-14,5428,1002,1,7,3640,0.0,3640.0
6208,2025-01-10,5383,1060,3,14,4480,0.0,4480.0
6209,2025-01-14,5452,2010,1,14,7280,728.0,6552.0
6210,2025-05-30,5286,1004,1,13,6760,338.0,6422.0
6211,2025-03-19,5391,1037,2,24,10080,0.0,10080.0
6212,2025-03-07,5051,2024,1,1,520,0.0,520.0
6213,2025-02-22,5083,1003,2,23,9660,0.0,9660.0
6214,2025-06-16,5389,2009,3,15,4800,480.0,4320.0
6215,2025-05-18,5279,1058,1,1,520,0.0,520.0
6216,2025-01-16,5084,2015,2,3,1260,0.0,1260.0
6217,2025-01-08,5161,1034,1,14,7280,728.0,6552.0
6218,2025-02-15,5342,2032,3,8,2560,256.0,2304.0
6219,2025-02-25,5275,1049,3,7,2240,0.0,2240.0
6220,2025-04-03,5228,2014,3,12,3840,0.0,3840.0
6221,2025-04-27,5282,1001,2,21,8820,0.0,8820.0
6222,2025-06-23,5082,1057,3,15,4800,240.0,4560.0
6223,2025-05-13,5311,1041,2,10,4200,0.0,4200.0
6224,2025-02-03,5210,2029,1,13,6760,676.0,6084.0
6225,2025-01-13,5155,1027,2,11,4620,462.0,4158.0
6226,2025-06-06,5368,1046,3,19,6080,0.0,6080.0
6227,2025-06-12,5201,1060,4,13,2730,136.5,2593.5
6228,2025-01-21,5357,2023,4,13,2730,0.0,2730.0
6229,2025-04-16,5089,1002,1,1,520,52.0,468.0
6230,2025-03-24,5009,1051,4,9,1890,94.5,1795.5
6231,2025-02-11,5220,2001,2,6,2520,252.0,2268.0
6232,2025-05-21,5113,1010,2,6,2520,0.0,2520.0
6233,2025-01-15,5256,2024,4,19,3990,199.5,3790.5
6234,2025-01-19,5392,1007,1,2,1040,0.0,1040.0
6235,2025-02-15,5322,1029,2,8,3360,0.0,3360.0
6236,2025-02-03,5204,2004,4,23,4830,0.0,4830.0
6237,2025-01-12,5185,1053,4,18,3780,0.0,3780.0
6238,2025-05-25,5109,2020,3,22,7040,704.0,6336.0
6239,2025-05-14,5051,1017,4,18,3780,189.0,3591.0
6240,2025-05-06,5204,1030,4,17,3570,0.0,3570.0
6241,2025-03-04,5224,1032,3,15,4800,0.0,4800.0
6242,2025-06-28,5311,1048,2,11,4620,462.0,4158.0
6243,2025-05-01,5269,1038,2,4,1680,0.0,1680.0
6244,2025-04-15,5407,2009,4,2,420,0.0,420.0
6245,2025-03-29,5312,2018,3,5,1600,0.0,1600.0
6246,2025-04-16,5045,1030,2,5,2100,0.0,2100.0
6247,2025-03-02,5358,1005,1,8,4160,0.0,4160.0
6248,2025-06-24,5298,1049,2,3,1260,0.0,1260.0
6249,2025-06-27,5491,1007,2,11,4620,462.0,4158.0
6250,2025-05-02,5488,1020,2,11,4620,0.0,4620.0
6251,2025-03-15,5317,2022,1,17,8840,0.0,8840.0
6252,2025-06-15,5044,1015,2,17,7140,0.0,7140.0
6253,2025-06-12,5416,2013,4,3,630,0.0,630.0
6254,2025-02-16,5103,1043,1,13,6760,0.0,6760.0
6255,2025-04-25,5463,1024,3,16,5120,256.0,4864.0
6256,2025-02-12,5485,1057,4,16,3360,168.0,3192.0
6257,2025-05-13,5259,2015,1,21,10920,0.0,10920.0
6258,2025-03-19,5477,2034,1,25,13000,0.0,13000.0
6259,2025-06-16,5138,2032,3,19,6080,0.0,6080.0
6260,2025-01-11,5117,1052,4,4,840,0.0,840.0
6261,2025-03-31,5359,2027,2,24,10080,1008.0,9072.0
6262,2025-01-04,5266,1028,4,17,3570,0.0,3570.0
6263,2025-03-07,5174,2033,2,21,8820,441.0,8379.0
6264,2025-06-18,5027,2030,1,10,5200,0.0,5200.0
6265,2025-01-07,5390,2028,3,14,4480,0.0,4480.0
6266,2025-06-11,5444,1045,4,13,2730,0.0,2730.0
6267,2025-01-22,5202,2035,1,5,2600,0.0,2600.0
6268,2025-05-06,5307,1019,3,22,7040,352.0,6688.0
6269,2025-03-13,5328,1056,3,14,4480,0.0,4480.0
6270,2025-05-26,5132,1027,2,4,1680,0.0,1680.0
6271,2025-06-25,5391,1026,2,6,2520,126.0,2394.0
6272,2025-04-18,5279,1050,2,3,1260,0.0,1260.0
6273,2025-05-14,5120,2026,1,13,6760,0.0,6760.0
6274,2025-03-05,5416,2034,2,4,1680,84.0,1596.0
6275,2025-04-04,5428,1034,2,16,6720,672.0,6048.0
6276,2025-05-10,5146,1031,4,14,2940,0.0,2940.0
6277,2025-03-02,5109,1026,3,15,4800,480.0,4320.0
6278,2025-03-25,5349,2002,1,17,8840,884.0,7956.0
6279,2025-04-02,5071,1057,3,17,5440,0.0,5440.0
6280,2025-02-10,5302,1027,2,2,840,0.0,840.0
6281,2025-05-09,5399,1039,2,4,1680,84.0,1596.0
6282,2025-05-02,5105,1001,2,13,5460,0.0,5460.0
6283,2025-05-22,5169,1034,4,17,3570,0.0,3570.0
6284,2025-03-31,5230,1044,3,2,640,32.0,608.0
6285,2025-03-19,5092,1053,3,13,4160,0.0,4160.0
6286,2025-06-23,5491,1048,1,19,9880,988.0,8892.0
6287,2025-06-10,5401,1047,3,4,1280,128.0,1152.0
6288,2025-03-27,5245,1012,1,10,5200,0.0,5200.0
6289,2025-02-12,5321,1024,2,23,9660,0.0,9660.0
6290,2025-06-19,5016,1011,3,25,8000,0.0,8000.0
6291,2025-05-31,5319,2027,1,8,4160,0.0,4160.0
6292,2025-06-12,5331,2035,4,13,2730,0.0,2730.0
6293,2025-06-06,5105,2018,4,13,2730,0.0,2730.0
6294,2025-02-23,5254,2012,4,22,4620,0.0,4620.0
6295,2025-05-22,5363,1018,2,21,8820,0.0,8820.0
6296,2025-02-25,5448,1034,1,2,1040,0.0,1040.0
6297,2025-03-24,5284,2010,2,23,9660,0.0,9660.0
6298,2025-06-01,5138,2014,1,8,4160,0.0,4160.0
6299,2025-03-01,5387,2012,1,12,6240,0.0,6240.0
6300,2025-05-25,5339,1050,3,2,640,0.0,640.0
6301,2025-05-07,5196,1037,4,17,3570,357.0,3213.0
6302,2025-05-19,5026,2034,2,10,4200,0.0,4200.0
6303,2025-04-12,5371,2029,1,13,6760,676.0,6084.0
6304,2025-04-29,5424,1002,1,7,3640,364.0,3276.0
6305,2025-05-06,5307,2035,1,25,13000,0.0,13000.0
6306,2025-04-10,5063,1053,4,3,630,0.0,630.0
6307,2025-04-21,5396,1057,3,24,7680,0.0,7680.0
6308,2025-04-06,5397,2033,2,13,5460,546.0,4914.0
6309,2025-03-02,5325,2036,2,23,9660,483.0,9177.0
6310,2025-06-21,5100,2007,3,1,320,0.0,320.0
6311,2025-01-16,5176,1039,2,16,6720,672.0,6048.0
6312,2025-04-07,5094,2027,3,3,960,0.0,960.0
6313,2025-04-10,5218,1024,2,11,4620,0.0,4620.0
6314,2025-05-22,5178,2003,2,1,420,42.0,378.0
6315,2025-01-17,5030,1012,1,5,2600,0.0,2600.0
6316,2025-05-17,5251,2017,4,4,840,0.0,840.0
6317,2025-03-24,5456,1012,3,9,2880,288.0,2592.0
6318,2025-02-28,5284,2038,2,25,10500,0.0,10500.0
6319,2025-02-19,5390,1006,1,19,9880,0.0,9880.0
6320,2025-06-11,5336,2020,3,11,3520,0.0,3520.0
6321,2025-03-23,5372,2011,4,20,4200,210.0,3990.0
6322,2025-01-18,5209,2037,3,11,3520,0.0,3520.0
6323,2025-03-08,5433,1033,1,20,10400,0.0,10400.0
6324,2025-04-15,5418,1055,2,12,5040,0.0,5040.0
6325,2025-06-27,5458,1025,2,12,5040,504.0,4536.0
6326,2025-06-14,5020,1039,2,7,2940,294.0,2646.0
6327,2025-01-23,5113,1033,2,5,2100,0.0,2100.0
6328,2025-03-05,5090,2015,4,12,2520,0.0,2520.0
6329,2025-03-09,5270,2024,2,6,2520,0.0,2520.0
6330,2025-05-27,5492,1002,4,10,2100,105.0,1995.0
6331,2025-04-11,5459,2012,2,18,7560,0.0,7560.0
6332,2025-06-15,5157,1022,4,10,2100,0.0,2100.0
6333,2025-04-18,5488,1047,4,17,3570,0.0,3570.0
6334,2025-01-11,5479,2034,4,24,5040,252.0,4788.0
6335,2025-04-11,5097,2024,3,6,1920,192.0,1728.0
6336,2025-03-24,5366,1053,2,3,1260,63.0,1197.0
6337,2025-02-07,5260,1010,2,1,420,0.0,420.0
6338,2025-04-07,5458,2033,4,3,630,31.5,598.5
6339,2025-03-17,5154,1043,2,5,2100,0.0,2100.0
6340,2025-05-08,5398,1023,2,11,4620,231.0,4389.0
6341,2025-06-24,5395,1030,1,4,2080,208.0,1872.0
6342,2025-04-06,5205,1041,4,14,2940,0.0,2940.0
6343,2025-04-15,5231,1025,2,11,4620,0.0,4620.0
6344,2025-06-02,5317,1028,3,15,4800,0.0,4800.0
6345,2025-05-04,5448,2033,2,16,6720,0.0,6720.0
6346,2025-06-08,5045,2014,4,18,3780,189.0,3591.0
6347,2025-06-29,5191,1051,3,9,2880,0.0,2880.0
6348,2025-04-25,5058,1044,4,25,5250,0.0,5250.0
6349,2025-03-25,5377,1017,4,5,1050,0.0,1050.0
6350,2025-06-16,5217,1052,2,7,2940,0.0,2940.0
6351,2025-06-28,5184,2004,4,16,3360,0.0,3360.0
6352,2025-01-12,5110,1047,4,7,1470,147.0,1323.0
6353,2025-01-02,5427,1018,3,13,4160,208.0,3952.0
6354,2025-01-21,5491,1030,2,6,2520,0.0,2520.0
6355,2025-03-16,5488,1008,4,19,3990,0.0,3990.0
6356,2025-02-27,5391,1031,3,11,3520,0.0,3520.0
6357,2025-02-10,5332,1017,3,24,7680,0.0,7680.0
6358,2025-04-11,5373,1030,3,10,3200,160.0,3040.0
6359,2025-06-24,5166,1044,4,1,210,0.0,210.0
6360,2025-05-28,5352,1005,4,23,4830,0.0,4830.0
6361,2025-05-13,5234,2034,2,6,2520,126.0,2394.0
6362,2025-02-22,5033,1050,3,2,640,64.0,576.0
6363,2025-06-18,5446,2023,1,15,7800,0.0,7800.0
6364,2025-02-22,5444,2020,4,21,4410,0.0,4410.0
6365,2025-05-28,5407,2020,2,7,2940,294.0,2646.0
6366,2025-03-09,5329,2021,1,18,9360,0.0,9360.0
6367,2025-04-22,5470,2015,1,5,2600,0.0,2600.0
6368,2025-03-23,5124,2013,4,25,5250,0.0,5250.0
6369,2025-05-05,5159,1028,1,25,13000,0.0,13000.0
6370,2025-02-15,5441,1028,1,9,4680,468.0,4212.0
6371,2025-05-30,5227,1004,4,19,3990,199.5,3790.5
6372,2025-01-25,5306,1022,1,16,8320,416.0,7904.0
6373,2025-03-25,5363,1057,3,8,2560,0.0,2560.0
6374,2025-04-05,5162,1026,4,21,4410,0.0,4410.0
6375,2025-06-26,5436,1002,3,9,2880,0.0,2880.0
6376,2025-03-28,5261,2010,3,5,1600,160.0,1440.0
6377,2025-01-28,5273,1009,1,21,10920,546.0,10374.0
6378,2025-02-19,5188,2040,1,9,4680,0.0,4680.0
6379,2025-01-14,5466,2029,4,22,4620,0.0,4620.0
6380,2025-01-15,5294,1048,3,5,1600,0.0,1600.0
6381,2025-06-27,5468,1056,2,19,7980,0.0,7980.0
6382,2025-02-23,5083,1051,4,21,4410,441.0,3969.0
6383,2025-06-25,5316,1002,1,12,6240,0.0,6240.0
6384,2025-04-16,5160,1035,3,20,6400,320.0,6080.0
6385,2025-05-21,5375,2029,2,17,7140,0.0,7140.0
6386,2025-05-10,5344,1028,1,17,8840,0.0,8840.0
6387,2025-04-22,5195,1020,3,9,2880,288.0,2592.0
6388,2025-01-06,5208,1057,3,17,5440,0.0,5440.0
6389,2025-05-09,5138,1032,2,18,7560,0.0,7560.0
6390,2025-06-23,5267,2019,4,5,1050,105.0,945.0
6391,2025-04-17,5110,1038,4,3,630,0.0,630.0
6392,2025-01-24,5126,1058,1,24,12480,0.0,12480.0
6393,2025-03-20,5034,2021,4,16,3360,168.0,3192.0
6394,2025-04-17,5239,1019,3,16,5120,0.0,5120.0
6395,2025-06-28,5376,1011,4,15,3150,0.0,3150.0
6396,2025-03-10,5173,1059,1,2,1040,0.0,1040.0
6397,2025-01-29,5472,2019,1,18,9360,936.0,8424.0
6398,2025-05-31,5465,2030,3,6,1920,0.0,1920.0
6399,2025-03-11,5344,2037,3,24,7680,768.0,6912.0
6400,2025-03-10,5463,1029,1,8,4160,0.0,4160.0
6401,2025-04-22,5430,2035,2,12,5040,0.0,5040.0
6402,2025-05-21,5430,2025,1,2,1040,0.0,1040.0
6403,2025-02-04,5291,1050,3,7,2240,112.0,2128.0
6404,2025-06-05,5461,2026,2,17,7140,0.0,7140.0
6405,2025-06-09,5083,1042,4,19,3990,199.5,3790.5
6406,2025-04-29,5014,2013,3,25,8000,0.0,8000.0
6407,2025-02-10,5488,1036,1,16,8320,0.0,8320.0
6408,2025-02-03,5332,2034,1,2,1040,52.0,988.0
6409,2025-01-22,5013,2040,1,19,9880,494.0,9386.0
6410,2025-06-19,5333,2018,3,24,7680,0.0,7680.0
6411,2025-01-26,5068,1018,1,19,9880,988.0,8892.0
6412,2025-04-04,5445,1056,3,25,8000,0.0,8000.0
6413,2025-05-17,5342,2028,1,6,3120,312.0,2808.0
6414,2025-03-14,5205,1019,3,18,5760,0.0,5760.0
6415,2025-03-28,5255,2004,3,15,4800,0.0,4800.0
6416,2025-02-19,5203,2010,1,10,5200,0.0,5200.0
6417,2025-01-04,5277,2017,4,19,3990,0.0,3990.0
6418,2025-04-06,5108,2024,4,15,3150,157.5,2992.5
6419,2025-03-05,5048,2017,2,15,6300,630.0,5670.0
6420,2025-06-28,5007,1056,2,4,1680,168.0,1512.0
6421,2025-04-02,5322,2021,1,13,6760,0.0,6760.0
6422,2025-05-06,5407,1014,4,18,3780,378.0,3402.0
6423,2025-03-14,5467,2002,4,4,840,0.0,840.0
6424,2025-03-31,5255,1005,3,20,6400,0.0,6400.0
6425,2025-01-15,5328,2024,4,1,210,0.0,210.0
6426,2025-02-17,5316,1002,3,7,2240,112.0,2128.0
6427,2025-04-21,5146,1011,4,2,420,21.0,399.0
6428,2025-06-27,5302,2026,2,10,4200,0.0,4200.0
6429,2025-04-24,5023,2011,2,12,5040,252.0,4788.0
6430,2025-05-27,5420,2029,4,9,1890,0.0,1890.0
6431,2025-04-01,5347,1003,4,15,3150,0.0,3150.0
6432,2025-05-19,5216,1015,2,13,5460,0.0,5460.0
6433,2025-04-25,5364,1051,1,21,10920,0.0,10920.0
6434,2025-01-31,5093,1017,4,9,1890,189.0,1701.0
6435,2025-05-17,5020,1043,4,23,4830,0.0,4830.0
6436,2025-04-04,5139,2018,3,22,7040,0.0,7040.0
6437,2025-05-08,5305,1006,1,14,7280,0.0,7280.0
6438,2025-05-12,5417,2022,3,4,1280,0.0,1280.0
6439,2025-02-11,5140,1058,3,5,1600,0.0,1600.0
6440,2025-01-16,5169,1025,3,25,8000,0.0,8000.0
6441,2025-02-03,5328,2036,2,22,9240,0.0,9240.0
6442,2025-06-18,5071,1015,3,20,6400,0.0,6400.0
6443,2025-04-29,5381,1016,2,18,7560,378.0,7182.0
6444,2025-06-17,5351,2010,1,17,8840,0.0,8840.0
6445,2025-06-07,5061,1050,4,8,1680,84.0,1596.0
6446,2025-06-02,5073,1018,3,25,8000,800.0,7200.0
6447,2025-06-23,5206,1010,1,19,9880,494.0,9386.0
6448,2025-06-30,5421,1038,2,2,840,0.0,840.0
6449,2025-02-23,5320,1011,3,16,5120,0.0,5120.0
6450,2025-03-02,5444,1002,4,17,3570,357.0,3213.0
6451,2025-04-30,5424,2014,2,24,10080,0.0,10080.0
6452,2025-04-13,5469,1006,4,20,4200,0.0,4200.0
6453,2025-01-12,5450,1024,4,22,4620,0.0,4620.0
6454,2025-03-21,5050,1024,1,5,2600,130.0,2470.0
6455,2025-05-23,5331,2014,4,19,3990,0.0,3990.0
6456,2025-06-19,5458,2037,1,1,520,26.0,494.0
6457,2025-05-27,5487,2011,4,3,630,63.0,567.0
6458,2025-06-28,5381,1007,1,5,2600,260.0,2340.0
6459,2025-04-21,5365,1035,3,25,8000,0.0,8000.0
6460,2025-03-18,5474,2013,4,13,2730,0.0,2730.0
6461,2025-02-01,5213,2015,2,25,10500,0.0,10500.0
6462,2025-02-02,5042,1007,3,2,640,32.0,608.0
6463,2025-01-24,5240,1058,2,14,5880,0.0,5880.0
6464,2025-01-20,5361,2040,4,15,3150,315.0,2835.0
6465,2025-04-04,5055,2022,3,6,1920,192.0,1728.0
6466,2025-02-13,5448,2008,3,24,7680,0.0,7680.0
6467,2025-05-24,5089,2004,3,14,4480,0.0,4480.0
6468,2025-06-03,5482,1029,3,8,2560,128.0,2432.0
6469,2025-02-14,5341,2012,4,1,210,0.0,210.0
6470,2025-04-12,5331,1024,1,14,7280,0.0,7280.0
6471,2025-02-23,5369,1013,3,8,2560,0.0,2560.0
6472,2025-05-17,5155,1019,4,4,840,42.0,798.0
6473,2025-03-25,5175,2040,2,7,2940,147.0,2793.0
6474,2025-05-21,5275,1051,1,23,11960,0.0,11960.0
6475,2025-02-21,5079,2004,3,5,1600,0.0,1600.0
6476,2025-06-15,5298,1046,1,17,8840,442.0,8398.0
6477,2025-03-25,5152,1025,4,17,3570,357.0,3213.0
6478,2025-04-24,5412,1030,3,14,4480,448.0,4032.0
6479,2025-01-19,5113,2020,4,12,2520,252.0,2268.0
6480,2025-04-30,5219,1030,1,21,10920,546.0,10374.0
6481,2025-05-13,5051,2006,3,19,6080,0.0,6080.0
6482,2025-03-02,5249,1018,2,15,6300,0.0,6300.0
6483,2025-06-17,5467,1033,2,7,2940,0.0,2940.0
6484,2025-03-04,5293,1004,1,2,1040,0.0,1040.0
6485,2025-03-01,5362,2028,3,19,6080,608.0,5472.0
6486,2025-05-27,5186,2007,4,11,2310,0.0,2310.0
6487,2025-06-19,5334,1057,2,5,2100,0.0,2100.0
6488,2025-03-12,5426,1022,2,1,420,0.0,420.0
6489,2025-04-20,5115,2020,2,14,5880,0.0,5880.0
6490,2025-05-22,5362,2028,2,6,2520,0.0,2520.0
6491,2025-05-28,5117,2034,3,17,5440,0.0,5440.0
6492,2025-03-01,5439,1003,4,16,3360,0.0,3360.0
6493,2025-01-22,5011,2002,2,21,8820,441.0,8379.0
6494,2025-05-03,5390,2015,4,22,4620,0.0,4620.0
6495,2025-05-05,5366,2024,3,17,5440,272.0,5168.0
6496,2025-01-16,5007,2032,3,19,6080,0.0,6080.0
6497,2025-06-15,5318,2026,2,19,7980,0.0,7980.0
6498,2025-02-02,5164,1011,1,24,12480,1248.0,11232.0
6499,2025-06-07,5102,2028,3,25,8000,400.0,7600.0
6500,2025-01-21,5301,2024,3,19,6080,0.0,6080.0
6501,2025-05-30,5328,1012,4,21,4410,441.0,3969.0
6502,2025-04-14,5498,2003,2,20,8400,840.0,7560.0
6503,2025-01-18,5415,1055,3,10,3200,320.0,2880.0
6504,2025-01-24,5398,2015,1,16,8320,0.0,8320.0
6505,2025-06-08,5360,1037,2,22,9240,0.0,9240.0
6506,2025-04-05,5475,1027,1,9,4680,0.0,4680.0
6507,2025-05-24,5309,2017,2,13,5460,0.0,5460.0
6508,2025-01-17,5031,1041,4,24,5040,0.0,5040.0
6509,2025-05-16,5056,1033,3,21,6720,0.0,6720.0
6510,2025-03-14,5235,2025,2,9,3780,378.0,3402.0
6511,2025-04-04,5403,1001,2,21,8820,0.0,8820.0
6512,2025-01-18,5188,1003,3,14,4480,448.0,4032.0
6513,2025-06-16,5149,1040,4,21,4410,0.0,4410.0
6514,2025-03-31,5043,1011,1,21,10920,0.0,10920.0
6515,2025-05-17,5366,2032,4,16,3360,168.0,3192.0
6516,2025-03-05,5084,1039,1,16,8320,0.0,8320.0
6517,2025-01-03,5259,2017,1,1,520,52.0,468.0
6518,2025-05-16,5088,1002,1,6,3120,156.0,2964.0
6519,2025-06-06,5116,1002,2,7,2940,0.0,2940.0
6520,2025-02-02,5408,1039,4,12,2520,0.0,2520.0
6521,2025-01-31,5133,1046,1,16,8320,0.0,8320.0
6522,2025-06-06,5055,1055,3,25,8000,0.0,8000.0
6523,2025-06-03,5374,1049,1,4,2080,0.0,2080.0
6524,2025-02-25,5309,1016,4,21,4410,0.0,4410.0
6525,2025-03-02,5136,1002,4,20,4200,0.0,4200.0
6526,2025-05-16,5457,1048,3,9,2880,0.0,2880.0
6527,2025-06-13,5125,1030,4,12,2520,0.0,2520.0
6528,2025-06-26,5365,1031,3,22,7040,704.0,6336.0
6529,2025-06-12,5178,1021,3,20,6400,0.0,6400.0
6530,2025-05-13,5038,2028,3,1,320,0.0,320.0
6531,2025-04-17,5080,2018,1,4,2080,0.0,2080.0
6532,2025-05-18,5418,2035,4,25,5250,0.0,5250.0
6533,2025-05-03,5196,2039,3,1,320,32.0,288.0
6534,2025-02-21,5153,2030,2,16,6720,336.0,6384.0
6535,2025-01-25,5121,2008,1,25,13000,650.0,12350.0
6536,2025-06-07,5383,1059,4,25,5250,0.0,5250.0
6537,2025-01-07,5315,1039,3,22,7040,352.0,6688.0
6538,2025-03-06,5144,2024,4,10,2100,0.0,2100.0
6539,2025-03-09,5228,2007,3,9,2880,288.0,2592.0
6540,2025-04-04,5284,1051,1,6,3120,0.0,3120.0
6541,2025-06-11,5026,1046,4,16,3360,0.0,3360.0
6542,2025-05-15,5118,2024,3,11,3520,176.0,3344.0
6543,2025-02-27,5266,1032,1,2,1040,104.0,936.0
6544,2025-06-13,5429,2016,3,9,2880,288.0,2592.0
6545,2025-05-22,5239,2021,4,16,3360,0.0,3360.0
6546,2025-03-30,5207,1039,2,3,1260,126.0,1134.0
6547,2025-06-09,5383,1032,1,8,4160,0.0,4160.0
6548,2025-02-14,5418,2031,1,16,8320,416.0,7904.0
6549,2025-05-24,5426,2027,1,16,8320,416.0,7904.0
6550,2025-04-08,5224,1035,1,12,6240,0.0,6240.0
6551,2025-04-14,5376,1017,1,6,3120,0.0,3120.0
6552,2025-05-26,5300,2040,2,22,9240,462.0,8778.0
6553,2025-06-14,5436,1060,4,2,420,42.0,378.0
6554,2025-03-24,5479,1055,4,19,3990,0.0,3990.0
6555,2025-06-28,5286,1029,2,16,6720,0.0,6720.0
6556,2025-03-31,5144,1059,4,20,4200,0.0,4200.0
6557,2025-04-29,5095,2036,4,5,1050,0.0,1050.0
6558,2025-02-09,5091,2026,2,4,1680,0.0,1680.0
6559,2025-03-16,5066,2014,3,10,3200,0.0,3200.0
6560,2025-02-19,5166,2007,2,9,3780,0.0,3780.0
6561,2025-04-11,5084,1005,1,12,6240,0.0,6240.0
6562,2025-02-13,5282,1028,3,20,6400,0.0,6400.0
6563,2025-02-28,5236,2007,1,21,10920,0.0,10920.0
6564,2025-02-10,5263,1022,1,8,4160,0.0,4160.0
6565,2025-02-03,5218,1036,3,12,3840,0.0,3840.0
6566,2025-06-03,5117,1050,4,11,2310,115.5,2194.5
6567,2025-03-23,5322,2032,2,10,4200,420.0,3780.0
6568,2025-06-01,5450,1058,3,19,6080,0.0,6080.0
6569,2025-01-28,5166,1049,4,17,3570,0.0,3570.0
6570,2025-02-16,5155,1001,1,16,8320,0.0,8320.0
6571,2025-04-28,5010,1023,3,5,1600,80.0,1520.0
6572,2025-02-06,5287,1058,4,19,3990,0.0,3990.0
6573,2025-01-29,5495,1045,2,14,5880,0.0,5880.0
6574,2025-05-20,5500,1005,3,22,7040,352.0,6688.0
6575,2025-01-09,5399,1051,3,4,1280,64.0,1216.0
6576,2025-06-23,5246,2027,2,2,840,42.0,798.0
6577,2025-02-15,5224,2036,4,6,1260,0.0,1260.0
6578,2025-02-02,5015,1047,3,1,320,0.0,320.0
6579,2025-01-20,5089,1017,4,15,3150,0.0,3150.0
6580,2025-01-07,5317,1012,3,12,3840,384.0,3456.0
6581,2025-03-16,5053,2021,3,5,1600,0.0,1600.0
6582,2025-03-15,5127,2037,2,7,2940,147.0,2793.0
6583,2025-01-13,5043,1049,2,15,6300,0.0,6300.0
6584,2025-01-14,5373,2024,3,17,5440,0.0,5440.0
6585,2025-04-02,5384,1038,3,17,5440,0.0,5440.0
6586,2025-04-03,5077,1011,2,23,9660,966.0,8694.0
6587,2025-04-25,5064,1050,1,16,8320,832.0,7488.0
6588,2025-06-19,5083,1002,1,17,8840,0.0,8840.0
6589,2025-02-04,5120,2010,4,13,2730,136.5,2593.5
6590,2025-02-13,5497,1017,2,13,5460,546.0,4914.0
6591,2025-04-01,5411,1037,1,2,1040,52.0,988.0
6592,2025-03-05,5409,1048,2,6,2520,252.0,2268.0
6593,2025-02-27,5456,1050,4,1,210,0.0,210.0
6594,2025-01-26,5149,1038,1,16,8320,832.0,7488.0
6595,2025-04-27,5286,2032,4,12,2520,126.0,2394.0
6596,2025-01-01,5349,1012,3,7,2240,0.0,2240.0
6597,2025-05-18,5247,2013,3,3,960,0.0,960.0
6598,2025-06-29,5497,1024,2,21,8820,882.0,7938.0
6599,2025-05-03,5466,2015,3,25,8000,800.0,7200.0
6600,2025-05-01,5422,2027,4,9,1890,189.0,1701.0
6601,2025-06-24,5283,1028,3,21,6720,0.0,6720.0
6602,2025-04-27,5475,1045,1,24,12480,0.0,12480.0
6603,2025-01-11,5039,1029,2,8,3360,168.0,3192.0
6604,2025-04-21,5284,1054,1,22,11440,0.0,11440.0
6605,2025-02-25,5202,2016,1,5,2600,260.0,2340.0
6606,2025-02-13,5001,1015,3,9,2880,144.0,2736.0
6607,2025-04-27,5022,1015,2,22,9240,924.0,8316.0
6608,2025-06-03,5210,1036,2,24,10080,0.0,10080.0
6609,2025-02-03,5334,1024,3,9,2880,288.0,2592.0
6610,2025-05-15,5077,2008,2,21,8820,0.0,8820.0
6611,2025-05-21,5348,2030,3,13,4160,208.0,3952.0
6612,2025-06-02,5403,1058,1,1,520,0.0,520.0
6613,2025-01-26,5396,1032,3,13,4160,416.0,3744.0
6614,2025-04-03,5482,1059,2,18,7560,756.0,6804.0
6615,2025-02-09,5121,1024,1,20,10400,0.0,10400.0
6616,2025-02-04,5294,2020,3,10,3200,0.0,3200.0
6617,2025-06-06,5431,1023,1,4,2080,104.0,1976.0
6618,2025-04-08,5184,1044,1,24,12480,0.0,12480.0
6619,2025-02-14,5032,1029,1,3,1560,156.0,1404.0
6620,2025-06-11,5039,2015,4,24,5040,0.0,5040.0
6621,2025-03-15,5252,1028,4,24,5040,0.0,5040.0
6622,2025-03-16,5314,2020,3,23,7360,0.0,7360.0
6623,2025-03-03,5315,1041,4,23,4830,483.0,4347.0
6624,2025-05-14,5418,1054,4,6,1260,0.0,1260.0
6625,2025-02-14,5193,1036,1,24,12480,0.0,12480.0
6626,2025-04-14,5208,2009,2,13,5460,0.0,5460.0
6627,2025-02-08,5363,2003,3,23,7360,0.0,7360.0
6628,2025-06-16,5267,1034,3,18,5760,0.0,5760.0
6629,2025-06-06,5387,2022,4,2,420,0.0,420.0
6630,2025-01-06,5284,1010,4,18,3780,378.0,3402.0
6631,2025-05-20,5099,1050,4,3,630,0.0,630.0
6632,2025-06-15,5269,1030,2,24,10080,0.0,10080.0
6633,2025-02-22,5011,2029,1,5,2600,260.0,2340.0
6634,2025-06-28,5054,2039,4,18,3780,378.0,3402.0
6635,2025-04-27,5416,1054,3,10,3200,0.0,3200.0
6636,2025-03-03,5339,1057,4,13,2730,0.0,2730.0
6637,2025-02-10,5178,1050,3,18,5760,0.0,5760.0
6638,2025-05-05,5473,2014,3,14,4480,224.0,4256.0
6639,2025-04-13,5346,1001,1,22,11440,572.0,10868.0
6640,2025-04-18,5013,1016,2,16,6720,0.0,6720.0
6641,2025-04-30,5210,1046,3,20,6400,320.0,6080.0
6642,2025-05-05,5258,1012,2,17,7140,0.0,7140.0
6643,2025-05-07,5475,1027,4,7,1470,0.0,1470.0
6644,2025-04-01,5004,2008,1,22,11440,572.0,10868.0
6645,2025-01-28,5186,2031,4,8,1680,0.0,1680.0
6646,2025-06-30,5033,2006,1,22,11440,0.0,11440.0
6647,2025-06-25,5435,1026,1,23,11960,0.0,11960.0
6648,2025-05-23,5130,1034,1,3,1560,0.0,1560.0
6649,2025-02-04,5154,2006,1,3,1560,156.0,1404.0
6650,2025-06-22,5395,1038,4,4,840,84.0,756.0
6651,2025-06-11,5255,1005,4,17,3570,357.0,3213.0
6652,2025-01-08,5384,2025,3,9,2880,288.0,2592.0
6653,2025-01-27,5159,1001,3,22,7040,0.0,7040.0
6654,2025-02-19,5010,1042,4,16,3360,336.0,3024.0
6655,2025-05-02,5213,2027,2,18,7560,756.0,6804.0
6656,2025-02-23,5165,1014,1,18,9360,468.0,8892.0
6657,2025-01-06,5499,2025,3,23,7360,368.0,6992.0
6658,2025-02-25,5089,1023,4,9,1890,0.0,1890.0
6659,2025-01-13,5488,1003,4,15,3150,315.0,2835.0
6660,2025-02-04,5438,1044,2,23,9660,0.0,9660.0
6661,2025-06-01,5003,2004,1,6,3120,0.0,3120.0
6662,2025-03-28,5151,2008,2,9,3780,189.0,3591.0
6663,2025-03-13,5162,1025,3,1,320,16.0,304.0
6664,2025-04-23,5200,1004,4,17,3570,0.0,3570.0
6665,2025-06-23,5168,1013,3,20,6400,640.0,5760.0
6666,2025-03-01,5297,1014,1,25,13000,1300.0,11700.0
6667,2025-03-16,5358,1013,2,6,2520,0.0,2520.0
6668,2025-02-08,5028,1003,4,8,1680,0.0,1680.0
6669,2025-03-05,5153,1024,4,16,3360,168.0,3192.0
6670,2025-05-14,5393,2033,3,6,1920,0.0,1920.0
6671,2025-01-05,5405,1057,4,11,2310,231.0,2079.0
6672,2025-05-08,5349,1033,1,22,11440,0.0,11440.0
6673,2025-01-25,5090,2012,3,5,1600,0.0,1600.0
6674,2025-04-14,5214,2009,2,13,5460,273.0,5187.0
6675,2025-06-01,5457,1052,4,21,4410,441.0,3969.0
6676,2025-03-23,5158,2030,3,5,1600,0.0,1600.0
6677,2025-03-07,5479,1018,3,22,7040,0.0,7040.0
6678,2025-01-14,5359,1027,4,11,2310,0.0,2310.0
6679,2025-01-15,5416,2034,1,5,2600,0.0,2600.0
6680,2025-06-09,5143,1043,3,24,7680,0.0,7680.0
6681,2025-03-27,5141,1010,2,25,10500,1050.0,9450.0
6682,2025-04-24,5432,1051,1,18,9360,936.0,8424.0
6683,2025-06-25,5165,1024,1,10,5200,0.0,5200.0
6684,2025-04-17,5020,2025,2,2,840,0.0,840.0
6685,2025-02-22,5175,1029,4,6,1260,126.0,1134.0
6686,2025-01-28,5044,1006,4,9,1890,0.0,1890.0
6687,2025-05-31,5011,2038,4,15,3150,315.0,2835.0
6688,2025-01-06,5354,2023,2,16,6720,672.0,6048.0
6689,2025-04-18,5227,2038,4,6,1260,63.0,1197.0
6690,2025-02-19,5321,1012,1,20,10400,0.0,10400.0
6691,2025-02-20,5415,2024,3,11,3520,0.0,3520.0
6692,2025-01-07,5156,2015,1,14,7280,364.0,6916.0
6693,2025-06-13,5065,2002,1,9,4680,234.0,4446.0
6694,2025-06-09,5308,2031,2,11,4620,0.0,4620.0
6695,2025-01-25,5278,1006,3,6,1920,0.0,1920.0
6696,2025-06-30,5204,2032,2,17,7140,0.0,7140.0
6697,2025-06-20,5214,1027,2,13,5460,546.0,4914.0
6698,2025-04-12,5205,2024,1,9,4680,468.0,4212.0
6699,2025-03-04,5346,2020,4,4,840,84.0,756.0
6700,2025-01-26,5166,1028,2,4,1680,168.0,1512.0
6701,2025-05-23,5440,2038,2,16,6720,0.0,6720.0
6702,2025-06-06,5086,1031,4,21,4410,0.0,4410.0
6703,2025-01-26,5405,1003,2,20,8400,420.0,7980.0
6704,2025-04-25,5424,1058,1,24,12480,0.0,12480.0
6705,2025-05-18,5400,1044,4,16,3360,0.0,3360.0
6706,2025-01-31,5346,2032,3,21,6720,0.0,6720.0
6707,2025-05-12,5469,1008,3,2,640,0.0,640.0
6708,2025-05-02,5375,2033,2,3,1260,126.0,1134.0
6709,2025-03-28,5245,2031,4,7,1470,0.0,1470.0
6710,2025-01-10,5008,1026,1,18,9360,0.0,9360.0
6711,2025-01-02,5028,2003,2,15,6300,630.0,5670.0
6712,2025-06-12,5134,1045,3,15,4800,480.0,4320.0
6713,2025-04-27,5041,1036,4,10,2100,0.0,2100.0
6714,2025-05-20,5245,1043,1,25,13000,0.0,13000.0
6715,2025-05-29,5375,1010,3,16,5120,512.0,4608.0
6716,2025-02-24,5031,1044,3,6,1920,0.0,1920.0
6717,2025-06-02,5283,1047,2,7,2940,147.0,2793.0
6718,2025-06-22,5227,1047,3,4,1280,0.0,1280.0
6719,2025-05-16,5257,1028,3,14,4480,0.0,4480.0
6720,2025-03-02,5202,2037,3,12,3840,0.0,3840.0
6721,2025-05-13,5232,1028,4,6,1260,0.0,1260.0
6722,2025-01-15,5449,1045,4,3,630,0.0,630.0
6723,2025-06-23,5170,1011,1,9,4680,0.0,4680.0
6724,2025-02-05,5038,1037,3,10,3200,320.0,2880.0
6725,2025-02-27,5399,1031,1,21,10920,546.0,10374.0
6726,2025-01-19,5437,1011,2,12,5040,0.0,5040.0
6727,2025-02-27,5433,1022,1,5,2600,0.0,2600.0
6728,2025-05-02,5374,1010,1,12,6240,0.0,6240.0
6729,2025-06-19,5364,1036,1,5,2600,0.0,2600.0
6730,2025-02-25,5002,1023,3,8,2560,256.0,2304.0
6731,2025-06-24,5482,2038,1,18,9360,0.0,9360.0
6732,2025-06-01,5463,1051,2,7,2940,147.0,2793.0
6733,2025-06-13,5205,1002,2,6,2520,126.0,2394.0
6734,2025-01-17,5100,1059,2,24,10080,1008.0,9072.0
6735,2025-05-07,5076,1028,4,24,5040,0.0,5040.0
6736,2025-06-17,5448,2014,3,21,6720,336.0,6384.0
6737,2025-02-23,5223,2032,4,19,3990,199.5,3790.5
6738,2025-03-03,5158,2037,2,1,420,42.0,378.0
6739,2025-06-01,5317,1059,3,21,6720,0.0,6720.0
6740,2025-02-05,5097,2034,3,23,7360,0.0,7360.0
6741,2025-04-22,5359,1057,1,16,8320,832.0,7488.0
6742,2025-02-26,5336,1049,3,1,320,32.0,288.0
6743,2025-05-09,5192,1015,4,4,840,84.0,756.0
6744,2025-02-01,5496,1054,4,18,3780,378.0,3402.0
6745,2025-01-26,5452,2009,3,3,960,96.0,864.0
6746,2025-03-09,5326,2036,3,4,1280,128.0,1152.0
6747,2025-01-05,5305,1020,1,1,520,52.0,468.0
6748,2025-05-18,5112,1035,2,23,9660,966.0,8694.0
6749,2025-04-10,5262,2003,2,19,7980,0.0,7980.0
6750,2025-03-01,5069,1029,2,6,2520,0.0,2520.0
6751,2025-01-07,5125,2038,2,20,8400,0.0,8400.0
6752,2025-04-08,5093,1043,3,6,1920,0.0,1920.0
6753,2025-05-21,5018,2011,1,12,6240,0.0,6240.0
6754,2025-06-01,5213,1057,4,17,3570,357.0,3213.0
6755,2025-05-02,5226,2023,4,18,3780,378.0,3402.0
6756,2025-05-21,5247,1033,1,24,12480,0.0,12480.0
6757,2025-03-02,5092,1004,1,17,8840,442.0,8398.0
6758,2025-03-12,5108,1020,1,15,7800,0.0,7800.0
6759,2025-01-11,5279,1052,2,11,4620,462.0,4158.0
6760,2025-03-05,5205,1009,3,5,1600,0.0,1600.0
6761,2025-05-10,5109,1020,1,2,1040,104.0,936.0
6762,2025-06-21,5322,1007,3,9,2880,288.0,2592.0
6763,2025-03-13,5148,1021,3,18,5760,0.0,5760.0
6764,2025-06-11,5107,2029,4,24,5040,0.0,5040.0
6765,2025-06-06,5320,1051,1,7,3640,0.0,3640.0
6766,2025-06-07,5281,2019,3,6,1920,192.0,1728.0
6767,2025-01-26,5481,2009,1,12,6240,312.0,5928.0
6768,2025-05-27,5107,2025,3,6,1920,0.0,1920.0
6769,2025-06-05,5165,1003,3,16,5120,0.0,5120.0
6770,2025-03-13,5397,2003,4,8,1680,0.0,1680.0
6771,2025-05-15,5102,2014,3,11,3520,352.0,3168.0
6772,2025-05-09,5025,2013,2,7,2940,0.0,2940.0
6773,2025-05-11,5444,2022,3,9,2880,288.0,2592.0
6774,2025-01-15,5310,2027,3,1,320,16.0,304.0
6775,2025-03-23,5490,1025,2,22,9240,0.0,9240.0
6776,2025-03-11,5100,2005,3,20,6400,0.0,6400.0
6777,2025-05-05,5188,1028,1,6,3120,312.0,2808.0
6778,2025-01-14,5060,2029,4,4,840,0.0,840.0
6779,2025-02-13,5178,2009,1,12,6240,624.0,5616.0
6780,2025-06-27,5447,2025,2,5,2100,0.0,2100.0
6781,2025-04-16,5341,1032,4,19,3990,0.0,3990.0
6782,2025-02-21,5192,2023,2,11,4620,0.0,4620.0
6783,2025-06-14,5393,2015,3,4,1280,0.0,1280.0
6784,2025-02-10,5236,1025,1,25,13000,0.0,13000.0
6785,2025-03-13,5335,2007,3,6,1920,0.0,1920.0
6786,2025-05-11,5007,2017,3,2,640,32.0,608.0
6787,2025-04-01,5251,1026,3,19,6080,0.0,6080.0
6788,2025-05-21,5411,2034,4,15,3150,157.5,2992.5
6789,2025-06-19,5285,1027,3,1,320,0.0,320.0
6790,2025-03-06,5240,1055,1,23,11960,1196.0,10764.0
6791,2025-02-04,5421,1005,4,23,4830,241.5,4588.5
6792,2025-06-12,5332,1006,4,23,4830,0.0,4830.0
6793,2025-01-08,5007,2004,3,10,3200,0.0,3200.0
6794,2025-03-14,5477,1048,4,19,3990,0.0,3990.0
6795,2025-01-24,5418,1015,4,13,2730,273.0,2457.0
6796,2025-05-20,5455,1012,1,4,2080,0.0,2080.0
6797,2025-02-18,5037,2040,4,1,210,0.0,210.0
6798,2025-03-24,5389,1048,1,14,7280,0.0,7280.0
6799,2025-03-27,5219,1025,3,24,7680,768.0,6912.0
6800,2025-01-28,5316,2039,3,10,3200,0.0,3200.0
6801,2025-02-26,5053,1040,1,9,4680,234.0,4446.0
6802,2025-03-26,5500,2003,4,21,4410,220.5,4189.5
6803,2025-05-15,5041,1047,3,22,7040,704.0,6336.0
6804,2025-06-28,5404,1054,2,21,8820,0.0,8820.0
6805,2025-02-27,5428,2001,4,10,2100,0.0,2100.0
6806,2025-02-19,5145,1026,2,13,5460,0.0,5460.0
6807,2025-04-05,5493,1013,2,3,1260,0.0,1260.0
6808,2025-02-28,5036,1016,3,25,8000,400.0,7600.0
6809,2025-05-07,5135,1045,3,18,5760,0.0,5760.0
6810,2025-04-05,5089,2008,2,14,5880,588.0,5292.0
6811,2025-05-28,5355,1058,2,10,4200,420.0,3780.0
6812,2025-01-12,5323,2035,2,24,10080,0.0,10080.0
6813,2025-04-28,5474,2019,4,14,2940,0.0,2940.0
6814,2025-04-07,5205,1035,4,21,4410,441.0,3969.0
6815,2025-01-01,5147,1027,1,18,9360,936.0,8424.0
6816,2025-05-22,5474,2032,3,3,960,0.0,960.0
6817,2025-01-24,5113,1050,4,19,3990,0.0,3990.0
6818,2025-01-27,5245,1045,1,18,9360,0.0,9360.0
6819,2025-06-09,5035,1005,3,12,3840,0.0,3840.0
6820,2025-05-07,5019,1044,4,24,5040,252.0,4788.0
6821,2025-01-06,5464,2003,1,10,5200,260.0,4940.0
6822,2025-01-22,5478,1008,1,7,3640,182.0,3458.0
6823,2025-06-05,5001,1050,2,23,9660,0.0,9660.0
6824,2025-06-11,5450,2002,1,21,10920,1092.0,9828.0
6825,2025-01-09,5200,1012,4,7,1470,0.0,1470.0
6826,2025-01-30,5192,1054,4,12,2520,0.0,2520.0
6827,2025-05-25,5086,1058,2,14,5880,0.0,5880.0
6828,2025-06-13,5077,2036,1,23,11960,0.0,11960.0
6829,2025-03-17,5223,1010,1,24,12480,624.0,11856.0
6830,2025-06-16,5396,2037,1,5,2600,260.0,2340.0
6831,2025-03-29,5315,1052,4,11,2310,0.0,2310.0
6832,2025-01-09,5032,1043,4,22,4620,0.0,4620.0
6833,2025-02-26,5220,1055,3,11,3520,176.0,3344.0
6834,2025-02-22,5029,1011,1,20,10400,0.0,10400.0
6835,2025-05-23,5194,2032,4,10,2100,0.0,2100.0
6836,2025-06-03,5107,1032,2,14,5880,0.0,5880.0
6837,2025-04-10,5056,1038,3,24,7680,768.0,6912.0
6838,2025-04-08,5327,1044,4,17,3570,178.5,3391.5
6839,2025-03-16,5189,2030,4,21,4410,0.0,4410.0
6840,2025-02-20,5320,1017,1,21,10920,0.0,10920.0
6841,2025-06-20,5113,1023,2,2,840,42.0,798.0
6842,2025-02-28,5366,1055,4,23,4830,0.0,4830.0
6843,2025-05-17,5175,1002,1,6,3120,0.0,3120.0
6844,2025-03-20,5103,1020,2,13,5460,273.0,5187.0
6845,2025-06-03,5213,1050,3,9,2880,144.0,2736.0
6846,2025-01-23,5136,1031,1,18,9360,0.0,9360.0
6847,2025-05-23,5135,2012,3,7,2240,112.0,2128.0
6848,2025-05-14,5244,1028,4,13,2730,0.0,2730.0
6849,2025-06-14,5291,1056,3,6,1920,96.0,1824.0
6850,2025-06-10,5068,1055,2,9,3780,0.0,3780.0
6851,2025-05-15,5139,1054,1,22,11440,0.0,11440.0
6852,2025-01-03,5081,1020,4,16,3360,0.0,3360.0
6853,2025-03-21,5293,2015,2,5,2100,210.0,1890.0
6854,2025-02-05,5030,2021,3,6,1920,192.0,1728.0
6855,2025-03-29,5071,1036,1,21,10920,1092.0,9828.0
6856,2025-05-04,5098,2023,4,25,5250,0.0,5250.0
6857,2025-04-09,5164,1017,4,15,3150,0.0,3150.0
6858,2025-02-12,5102,2023,3,13,4160,0.0,4160.0
6859,2025-02-22,5290,1048,2,16,6720,672.0,6048.0
6860,2025-04-04,5322,2030,2,17,7140,0.0,7140.0
6861,2025-02-16,5120,1045,4,10,2100,0.0,2100.0
6862,2025-02-08,5116,2035,4,22,4620,0.0,4620.0
6863,2025-01-08,5303,2032,2,24,10080,1008.0,9072.0
6864,2025-02-21,5393,1007,1,17,8840,884.0,7956.0
6865,2025-06-28,5122,1031,4,22,4620,0.0,4620.0
6866,2025-03-24,5467,1008,1,7,3640,0.0,3640.0
6867,2025-05-06,5062,1038,3,7,2240,0.0,2240.0
6868,2025-02-03,5444,2010,3,25,8000,800.0,7200.0
6869,2025-02-26,5141,1022,3,21,6720,672.0,6048.0
6870,2025-01-28,5451,1037,1,17,8840,0.0,8840.0
6871,2025-06-10,5197,2014,3,16,5120,512.0,4608.0
6872,2025-03-18,5270,1026,3,9,2880,288.0,2592.0
6873,2025-05-08,5127,1028,4,3,630,31.5,598.5
6874,2025-06-21,5053,1009,1,17,8840,0.0,8840.0
6875,2025-02-24,5361,1058,4,13,2730,136.5,2593.5
6876,2025-03-08,5456,1046,2,9,3780,0.0,3780.0
6877,2025-03-29,5148,1025,2,1,420,21.0,399.0
6878,2025-01-09,5426,2025,2,1,420,0.0,420.0
6879,2025-06-12,5415,1060,2,7,2940,0.0,2940.0
6880,2025-05-16,5430,2038,2,17,7140,0.0,7140.0
6881,2025-02-24,5078,1027,4,22,4620,0.0,4620.0
6882,2025-02-04,5359,2018,2,13,5460,546.0,4914.0
6883,2025-06-01,5220,1003,4,13,2730,273.0,2457.0
6884,2025-02-26,5431,1002,4,17,3570,357.0,3213.0
6885,2025-02-16,5481,1031,2,18,7560,0.0,7560.0
6886,2025-06-24,5468,1008,4,13,2730,0.0,2730.0
6887,2025-04-29,5116,1058,1,14,7280,728.0,6552.0
6888,2025-04-28,5105,1008,4,15,3150,0.0,3150.0
6889,2025-03-26,5080,2035,2,11,4620,231.0,4389.0
6890,2025-03-29,5427,1040,1,25,13000,650.0,12350.0
6891,2025-04-08,5314,2002,3,25,8000,400.0,7600.0
6892,2025-03-13,5443,2031,2,18,7560,0.0,7560.0
6893,2025-06-19,5457,1031,2,21,8820,0.0,8820.0
6894,2025-04-12,5332,2034,4,12,2520,252.0,2268.0
6895,2025-06-22,5035,2023,3,22,7040,352.0,6688.0
6896,2025-05-17,5369,1018,3,11,3520,0.0,3520.0
6897,2025-06-07,5273,2021,4,11,2310,0.0,2310.0
6898,2025-02-19,5393,1051,3,24,7680,0.0,7680.0
6899,2025-04-26,5021,2024,4,1,210,21.0,189.0
6900,2025-04-17,5003,2038,1,16,8320,832.0,7488.0
6901,2025-06-18,5276,2003,4,12,2520,126.0,2394.0
6902,2025-04-29,5065,2016,1,14,7280,0.0,7280.0
6903,2025-06-29,5397,2025,2,11,4620,462.0,4158.0
6904,2025-02-18,5436,1020,1,13,6760,0.0,6760.0
6905,2025-01-05,5384,2021,1,15,7800,0.0,7800.0
6906,2025-03-25,5447,1040,3,6,1920,0.0,1920.0
6907,2025-02-16,5484,2023,2,24,10080,504.0,9576.0
6908,2025-03-24,5004,2031,2,24,10080,504.0,9576.0
6909,2025-02-01,5353,2037,2,20,8400,0.0,8400.0
6910,2025-02-03,5235,1019,4,7,1470,147.0,1323.0
6911,2025-02-13,5140,1054,1,7,3640,0.0,3640.0
6912,2025-02-03,5400,1060,1,1,520,0.0,520.0
6913,2025-06-08,5456,2005,1,13,6760,0.0,6760.0
6914,2025-02-02,5320,2007,1,2,1040,104.0,936.0
6915,2025-04-21,5370,2035,1,10,5200,0.0,5200.0
6916,2025-02-02,5381,1032,2,6,2520,0.0,2520.0
6917,2025-04-13,5086,2010,4,25,5250,262.5,4987.5
6918,2025-04-29,5175,1038,3,18,5760,0.0,5760.0
6919,2025-04-30,5001,1025,2,13,5460,0.0,5460.0
6920,2025-04-28,5479,2022,2,15,6300,0.0,6300.0
6921,2025-03-22,5361,1012,4,24,5040,252.0,4788.0
6922,2025-04-22,5308,1001,2,23,9660,0.0,9660.0
6923,2025-01-17,5143,1058,4,18,3780,378.0,3402.0
6924,2025-04-27,5093,1045,3,19,6080,0.0,6080.0
6925,2025-03-15,5385,2005,2,7,2940,294.0,2646.0
6926,2025-03-09,5404,2027,2,7,2940,0.0,2940.0
6927,2025-03-14,5035,2005,3,10,3200,0.0,3200.0
6928,2025-05-16,5237,1001,4,22,4620,0.0,4620.0
6929,2025-05-03,5069,1011,1,17,8840,0.0,8840.0
6930,2025-05-26,5446,1008,1,2,1040,0.0,1040.0
6931,2025-01-30,5146,1021,2,11,4620,0.0,4620.0
6932,2025-02-20,5035,2009,4,2,420,0.0,420.0
6933,2025-03-20,5164,1015,4,1,210,0.0,210.0
6934,2025-02-20,5343,1023,2,13,5460,0.0,5460.0
6935,2025-02-10,5061,1023,3,11,3520,176.0,3344.0
6936,2025-02-02,5349,2036,3,8,2560,256.0,2304.0
6937,2025-02-01,5021,2029,2,9,3780,0.0,3780.0
6938,2025-06-14,5387,1011,2,3,1260,63.0,1197.0
6939,2025-01-02,5481,1016,4,19,3990,0.0,3990.0
6940,2025-01-25,5375,1047,2,5,2100,0.0,2100.0
6941,2025-06-02,5121,1025,1,14,7280,0.0,7280.0
6942,2025-05-09,5393,1046,1,16,8320,0.0,8320.0
6943,2025-06-03,5336,1059,3,22,7040,0.0,7040.0
6944,2025-01-12,5349,1036,3,11,3520,176.0,3344.0
6945,2025-06-30,5469,2031,2,3,1260,0.0,1260.0
6946,2025-03-06,5311,1042,3,25,8000,400.0,7600.0
6947,2025-05-09,5213,1025,3,10,3200,160.0,3040.0
6948,2025-06-22,5198,2038,2,6,2520,126.0,2394.0
6949,2025-05-01,5390,1035,3,22,7040,0.0,7040.0
6950,2025-03-19,5373,1013,2,3,1260,0.0,1260.0
6951,2025-03-03,5384,1035,4,11,2310,0.0,2310.0
6952,2025-01-09,5462,1022,4,22,4620,462.0,4158.0
6953,2025-05-20,5090,1043,4,3,630,0.0,630.0
6954,2025-06-06,5023,2017,2,10,4200,0.0,4200.0
6955,2025-01-24,5047,1041,4,20,4200,0.0,4200.0
6956,2025-02-20,5396,2007,4,7,1470,0.0,1470.0
6957,2025-05-04,5140,1040,1,1,520,26.0,494.0
6958,2025-03-26,5298,2001,1,6,3120,0.0,3120.0
6959,2025-01-13,5105,1008,2,16,6720,336.0,6384.0
6960,2025-05-14,5223,2016,3,16,5120,256.0,4864.0
6961,2025-05-15,5031,1035,4,4,840,0.0,840.0
6962,2025-03-19,5325,2003,3,2,640,32.0,608.0
6963,2025-01-25,5124,1024,4,6,1260,126.0,1134.0
6964,2025-03-30,5195,2033,3,10,3200,0.0,3200.0
6965,2025-02-01,5028,1040,1,21,10920,1092.0,9828.0
6966,2025-05-12,5489,1008,1,18,9360,0.0,9360.0
6967,2025-02-16,5497,2030,2,12,5040,0.0,5040.0
6968,2025-06-11,5482,2004,4,13,2730,0.0,2730.0
6969,2025-05-19,5075,1048,4,24,5040,0.0,5040.0
6970,2025-06-03,5489,1019,1,2,1040,0.0,1040.0
6971,2025-01-10,5321,2022,3,19,6080,0.0,6080.0
6972,2025-05-24,5128,2007,2,4,1680,84.0,1596.0
6973,2025-03-05,5177,1003,4,17,3570,0.0,3570.0
6974,2025-01-10,5367,2027,4,2,420,0.0,420.0
6975,2025-01-02,5402,1031,3,5,1600,0.0,1600.0
6976,2025-02-24,5307,1014,2,22,9240,0.0,9240.0
6977,2025-02-09,5171,1007,4,9,1890,0.0,1890.0
6978,2025-03-23,5417,1056,2,20,8400,840.0,7560.0
6979,2025-02-22,5248,1053,3,5,1600,160.0,1440.0
6980,2025-06-29,5232,2012,3,23,7360,0.0,7360.0
6981,2025-01-26,5195,2021,1,11,5720,286.0,5434.0
6982,2025-02-05,5373,1026,3,19,6080,0.0,6080.0
6983,2025-04-12,5372,1049,2,7,2940,294.0,2646.0
6984,2025-02-01,5105,1051,4,5,1050,0.0,1050.0
6985,2025-01-21,5293,1012,3,7,2240,224.0,2016.0
6986,2025-01-18,5063,2034,2,13,5460,0.0,5460.0
6987,2025-02-18,5450,2025,4,15,3150,315.0,2835.0
6988,2025-02-10,5346,1049,4,16,3360,336.0,3024.0
6989,2025-02-11,5298,1018,4,6,1260,0.0,1260.0
6990,2025-03-13,5494,2034,4,14,2940,294.0,2646.0
6991,2025-03-20,5489,2025,2,4,1680,0.0,1680.0
6992,2025-04-13,5254,2036,4,18,3780,189.0,3591.0
6993,2025-01-31,5029,1003,4,18,3780,0.0,3780.0
6994,2025-04-28,5033,1032,4,13,2730,273.0,2457.0
6995,2025-05-18,5190,2031,4,16,3360,336.0,3024.0
6996,2025-05-17,5211,1055,2,24,10080,504.0,9576.0
6997,2025-05-23,5027,1010,1,3,1560,156.0,1404.0
6998,2025-05-13,5092,2033,2,15,6300,315.0,5985.0
6999,2025-02-20,5294,1058,3,9,2880,0.0,2880.0
7000,2025-05-16,5271,1044,3,7,2240,224.0,2016.0
7001,2025-04-23,5084,1031,3,6,1920,0.0,1920.0
7002,2025-04-22,5022,1052,4,19,3990,0.0,3990.0
7003,2025-06-30,5161,1032,2,5,2100,0.0,2100.0
7004,2025-06-20,5403,2040,4,16,3360,0.0,3360.0
7005,2025-02-23,5178,1012,4,20,4200,0.0,4200.0
7006,2025-03-07,5218,2002,4,9,1890,189.0,1701.0
7007,2025-02-09,5390,1055,2,25,10500,0.0,10500.0
7008,2025-03-07,5107,1014,1,6,3120,312.0,2808.0
7009,2025-02-05,5295,2038,4,14,2940,0.0,2940.0
7010,2025-06-29,5443,2016,2,10,4200,0.0,4200.0
7011,2025-01-06,5316,1034,3,10,3200,0.0,3200.0
7012,2025-06-30,5468,1010,1,25,13000,0.0,13000.0
7013,2025-06-28,5180,2025,2,7,2940,0.0,2940.0
7014,2025-06-01,5045,2029,2,7,2940,294.0,2646.0
7015,2025-05-17,5015,2037,3,24,7680,384.0,7296.0
7016,2025-01-17,5227,1023,4,4,840,0.0,840.0
7017,2025-01-28,5133,1025,4,16,3360,168.0,3192.0
7018,2025-02-04,5305,2022,2,1,420,0.0,420.0
7019,2025-04-22,5327,1046,2,3,1260,0.0,1260.0
7020,2025-06-23,5214,1029,2,23,9660,483.0,9177.0
7021,2025-02-18,5491,1010,2,7,2940,294.0,2646.0
7022,2025-01-19,5071,1047,4,20,4200,0.0,4200.0
7023,2025-05-06,5392,1006,2,16,6720,672.0,6048.0
7024,2025-02-03,5107,1013,3,6,1920,96.0,1824.0
7025,2025-05-25,5390,2027,4,13,2730,273.0,2457.0
7026,2025-04-18,5434,2010,1,11,5720,0.0,5720.0
7027,2025-06-10,5180,2024,3,23,7360,0.0,7360.0
7028,2025-03-16,5242,2033,2,16,6720,672.0,6048.0
7029,2025-02-18,5239,1031,4,22,4620,231.0,4389.0
7030,2025-06-01,5444,2024,2,15,6300,0.0,6300.0
7031,2025-01-17,5392,1033,2,2,840,42.0,798.0
7032,2025-05-19,5104,2001,4,13,2730,273.0,2457.0
7033,2025-06-09,5062,2037,1,1,520,26.0,494.0
7034,2025-04-28,5026,1003,4,23,4830,0.0,4830.0
7035,2025-03-25,5364,1050,2,19,7980,0.0,7980.0
7036,2025-03-30,5138,1008,4,5,1050,52.5,997.5
7037,2025-05-08,5076,1041,1,13,6760,0.0,6760.0
7038,2025-02-11,5390,2023,4,22,4620,231.0,4389.0
7039,2025-01-19,5391,1001,3,15,4800,0.0,4800.0
7040,2025-04-23,5056,1007,3,4,1280,0.0,1280.0
7041,2025-04-05,5174,1007,2,22,9240,0.0,9240.0
7042,2025-04-12,5017,1008,1,10,5200,0.0,5200.0
7043,2025-01-16,5075,1010,3,12,3840,384.0,3456.0
7044,2025-06-06,5390,1043,3,9,2880,288.0,2592.0
7045,2025-01-03,5029,2028,3,7,2240,112.0,2128.0
7046,2025-06-29,5140,1054,4,9,1890,94.5,1795.5
7047,2025-04-11,5393,2008,4,22,4620,231.0,4389.0
7048,2025-06-16,5463,1057,3,5,1600,0.0,1600.0
7049,2025-02-16,5035,1043,2,7,2940,147.0,2793.0
7050,2025-01-07,5342,1020,4,18,3780,189.0,3591.0
7051,2025-01-31,5184,2010,3,13,4160,0.0,4160.0
7052,2025-06-09,5091,1003,2,12,5040,504.0,4536.0
7053,2025-02-14,5309,1014,4,25,5250,0.0,5250.0
7054,2025-02-28,5038,2025,3,6,1920,0.0,1920.0
7055,2025-02-14,5225,2020,1,4,2080,104.0,1976.0
7056,2025-03-29,5466,2022,3,22,7040,0.0,7040.0
7057,2025-03-19,5402,1059,1,25,13000,650.0,12350.0
7058,2025-01-23,5485,1006,3,20,6400,0.0,6400.0
7059,2025-03-18,5107,1023,2,2,840,0.0,840.0
7060,2025-06-18,5378,1012,3,10,3200,0.0,3200.0
7061,2025-04-17,5160,1013,4,4,840,0.0,840.0
7062,2025-01-24,5034,1016,2,4,1680,0.0,1680.0
7063,2025-05-02,5130,2018,1,21,10920,546.0,10374.0
7064,2025-01-07,5181,1007,2,6,2520,126.0,2394.0
7065,2025-06-07,5450,1015,3,2,640,32.0,608.0
7066,2025-03-15,5364,2018,1,4,2080,0.0,2080.0
7067,2025-01-23,5150,1017,2,4,1680,168.0,1512.0
7068,2025-01-27,5127,1054,4,12,2520,0.0,2520.0
7069,2025-04-02,5473,1028,3,9,2880,0.0,2880.0
7070,2025-06-09,5304,2008,3,8,2560,0.0,2560.0
7071,2025-06-12,5478,2006,4,8,1680,168.0,1512.0
7072,2025-02-25,5320,1028,1,8,4160,208.0,3952.0
7073,2025-02-12,5341,1050,3,15,4800,0.0,4800.0
7074,2025-06-07,5091,1016,4,3,630,0.0,630.0
7075,2025-01-29,5473,1059,2,23,9660,966.0,8694.0
7076,2025-03-03,5237,2024,3,19,6080,608.0,5472.0
7077,2025-06-06,5182,2033,1,19,9880,988.0,8892.0
7078,2025-03-05,5069,2019,3,21,6720,672.0,6048.0
7079,2025-04-11,5056,2020,2,11,4620,0.0,4620.0
7080,2025-01-31,5187,2023,3,7,2240,0.0,2240.0
7081,2025-03-22,5035,2033,1,16,8320,0.0,8320.0
7082,2025-06-02,5451,2006,2,24,10080,0.0,10080.0
7083,2025-03-11,5500,1008,1,7,3640,0.0,3640.0
7084,2025-06-04,5379,1041,1,10,5200,260.0,4940.0
7085,2025-04-29,5410,1019,1,20,10400,0.0,10400.0
7086,2025-06-04,5125,1055,4,23,4830,241.5,4588.5
7087,2025-02-10,5288,1024,3,3,960,0.0,960.0
7088,2025-02-06,5234,2001,4,15,3150,315.0,2835.0
7089,2025-02-19,5090,1020,3,11,3520,0.0,3520.0
7090,2025-05-23,5441,2023,1,3,1560,78.0,1482.0
7091,2025-02-08,5049,1007,1,8,4160,0.0,4160.0
7092,2025-01-26,5283,2012,3,19,6080,0.0,6080.0
7093,2025-01-17,5315,2019,3,24,7680,0.0,7680.0
7094,2025-04-26,5335,2036,3,2,640,64.0,576.0
7095,2025-03-21,5356,2020,2,21,8820,441.0,8379.0
7096,2025-03-08,5271,2005,3,3,960,0.0,960.0
7097,2025-05-02,5307,2025,1,21,10920,546.0,10374.0
7098,2025-03-20,5434,2029,2,16,6720,672.0,6048.0
7099,2025-03-15,5043,1037,2,16,6720,0.0,6720.0
7100,2025-03-23,5350,1040,4,5,1050,52.5,997.5
7101,2025-06-07,5431,2022,1,4,2080,0.0,2080.0
7102,2025-06-27,5129,1001,1,23,11960,0.0,11960.0
7103,2025-03-12,5337,2026,1,9,4680,0.0,4680.0
7104,2025-04-24,5191,1049,2,24,10080,0.0,10080.0
7105,2025-01-07,5109,1042,1,13,6760,0.0,6760.0
7106,2025-04-23,5403,1025,2,15,6300,315.0,5985.0
7107,2025-06-25,5091,1036,4,15,3150,0.0,3150.0
7108,2025-06-19,5177,1022,4,14,2940,0.0,2940.0
7109,2025-01-10,5208,1049,1,3,1560,0.0,1560.0
7110,2025-04-12,5490,2014,4,13,2730,273.0,2457.0
7111,2025-04-20,5364,1011,4,20,4200,0.0,4200.0
7112,2025-02-15,5113,1009,3,20,6400,0.0,6400.0
7113,2025-05-04,5275,1045,2,15,6300,315.0,5985.0
7114,2025-05-10,5479,1045,4,4,840,84.0,756.0
7115,2025-02-22,5386,1035,1,12,6240,0.0,6240.0
7116,2025-06-01,5400,1057,4,13,2730,0.0,2730.0
7117,2025-03-18,5214,1046,4,6,1260,0.0,1260.0
7118,2025-05-03,5124,2026,2,17,7140,714.0,6426.0
7119,2025-02-01,5022,2011,3,14,4480,0.0,4480.0
7120,2025-05-08,5121,1031,3,15,4800,0.0,4800.0
7121,2025-01-08,5337,2007,4,17,3570,0.0,3570.0
7122,2025-01-21,5447,2024,1,13,6760,0.0,6760.0
7123,2025-01-12,5481,2011,4,3,630,63.0,567.0
7124,2025-01-04,5302,2014,3,25,8000,0.0,8000.0
7125,2025-01-13,5443,1047,4,4,840,0.0,840.0
7126,2025-02-04,5189,1005,1,1,520,52.0,468.0
7127,2025-04-02,5139,1036,1,17,8840,0.0,8840.0
7128,2025-01-14,5491,2033,3,1,320,32.0,288.0
7129,2025-06-21,5406,1058,4,5,1050,105.0,945.0
7130,2025-02-06,5114,1039,2,22,9240,0.0,9240.0
7131,2025-06-03,5394,1029,3,25,8000,0.0,8000.0
7132,2025-01-06,5079,2022,3,12,3840,0.0,3840.0
7133,2025-02-15,5438,1010,4,3,630,31.5,598.5
7134,2025-01-22,5493,1042,4,15,3150,315.0,2835.0
7135,2025-06-07,5209,1025,4,7,1470,0.0,1470.0
7136,2025-05-31,5488,1057,3,16,5120,256.0,4864.0
7137,2025-02-08,5128,2019,4,21,4410,441.0,3969.0
7138,2025-04-15,5243,1040,2,6,2520,126.0,2394.0
7139,2025-04-19,5129,1045,3,10,3200,320.0,2880.0
7140,2025-03-27,5216,2001,2,6,2520,0.0,2520.0
7141,2025-06-15,5146,2031,4,24,5040,504.0,4536.0
7142,2025-03-13,5082,2014,4,3,630,0.0,630.0
7143,2025-02-02,5471,1020,3,15,4800,0.0,4800.0
7144,2025-02-17,5216,1044,2,18,7560,0.0,7560.0
7145,2025-03-28,5116,1031,2,8,3360,0.0,3360.0
7146,2025-01-02,5368,1043,1,10,5200,260.0,4940.0
7147,2025-06-21,5184,1052,4,8,1680,168.0,1512.0
7148,2025-04-20,5479,1030,3,14,4480,224.0,4256.0
7149,2025-05-05,5068,1046,1,18,9360,936.0,8424.0
7150,2025-03-17,5101,1009,1,8,4160,0.0,4160.0
7151,2025-01-26,5104,1046,3,10,3200,320.0,2880.0
7152,2025-05-18,5377,1037,4,7,1470,0.0,1470.0
7153,2025-03-09,5202,1011,1,8,4160,208.0,3952.0
7154,2025-02-13,5302,2032,2,18,7560,0.0,7560.0
7155,2025-06-07,5062,1019,4,8,1680,168.0,1512.0
7156,2025-01-19,5172,2036,4,15,3150,0.0,3150.0
7157,2025-02-23,5072,1039,2,14,5880,0.0,5880.0
7158,2025-03-31,5198,1012,3,20,6400,0.0,6400.0
7159,2025-05-01,5453,1053,3,15,4800,240.0,4560.0
7160,2025-03-19,5021,2009,1,11,5720,572.0,5148.0
7161,2025-05-21,5251,1004,1,14,7280,0.0,7280.0
7162,2025-01-29,5414,2005,2,10,4200,210.0,3990.0
7163,2025-01-21,5088,1018,3,2,640,0.0,640.0
7164,2025-06-18,5397,1018,2,3,1260,0.0,1260.0
7165,2025-05-12,5431,1059,3,23,7360,0.0,7360.0
7166,2025-06-18,5170,1007,4,17,3570,0.0,3570.0
7167,2025-03-21,5085,1019,4,8,1680,0.0,1680.0
7168,2025-01-17,5351,2021,4,21,4410,441.0,3969.0
7169,2025-06-10,5270,1004,1,15,7800,0.0,7800.0
7170,2025-06-22,5463,2034,3,25,8000,800.0,7200.0
7171,2025-04-19,5430,2034,4,11,2310,115.5,2194.5
7172,2025-01-12,5108,1046,2,1,420,0.0,420.0
7173,2025-06-09,5056,1033,4,5,1050,52.5,997.5
7174,2025-04-11,5435,1037,1,25,13000,0.0,13000.0
7175,2025-01-26,5037,1054,1,21,10920,0.0,10920.0
7176,2025-02-14,5237,1047,4,23,4830,0.0,4830.0
7177,2025-03-09,5481,2018,3,24,7680,0.0,7680.0
7178,2025-04-04,5154,1016,1,21,10920,1092.0,9828.0
7179,2025-06-01,5002,1020,4,6,1260,63.0,1197.0
7180,2025-06-10,5330,1020,4,25,5250,0.0,5250.0
7181,2025-01-12,5356,1008,1,19,9880,988.0,8892.0
7182,2025-01-29,5419,1058,2,1,420,0.0,420.0
7183,2025-02-19,5448,2019,3,7,2240,112.0,2128.0
7184,2025-01-11,5448,2033,3,23,7360,368.0,6992.0
7185,2025-04-12,5496,1057,1,10,5200,0.0,5200.0
7186,2025-03-22,5330,1035,4,10,2100,210.0,1890.0
7187,2025-04-18,5001,1018,1,20,10400,520.0,9880.0
7188,2025-05-09,5122,2005,1,10,5200,260.0,4940.0
7189,2025-05-20,5054,1031,1,12,6240,0.0,6240.0
7190,2025-03-19,5329,1010,3,6,1920,0.0,1920.0
7191,2025-06-08,5217,1011,2,3,1260,126.0,1134.0
7192,2025-05-04,5210,2019,1,1,520,0.0,520.0
7193,2025-02-23,5298,1047,2,20,8400,0.0,8400.0
7194,2025-03-31,5337,2013,4,20,4200,0.0,4200.0
7195,2025-06-04,5291,1040,2,12,5040,504.0,4536.0
7196,2025-01-11,5399,1021,1,3,1560,78.0,1482.0
7197,2025-01-28,5272,2015,3,11,3520,352.0,3168.0
7198,2025-03-10,5036,2002,2,25,10500,525.0,9975.0
7199,2025-06-11,5274,2018,2,10,4200,210.0,3990.0
7200,2025-02-16,5360,1007,2,11,4620,0.0,4620.0
7201,2025-04-20,5185,1002,4,6,1260,126.0,1134.0
7202,2025-03-28,5439,1005,1,19,9880,0.0,9880.0
7203,2025-03-11,5095,1028,4,12,2520,0.0,2520.0
7204,2025-04-14,5093,2027,1,11,5720,572.0,5148.0
7205,2025-05-26,5111,1015,3,3,960,0.0,960.0
7206,2025-04-06,5406,1060,1,20,10400,1040.0,9360.0
7207,2025-02-25,5141,2010,2,11,4620,0.0,4620.0
7208,2025-04-24,5179,1004,2,5,2100,210.0,1890.0
7209,2025-04-08,5407,2029,1,1,520,26.0,494.0
7210,2025-02-14,5345,2036,1,7,3640,0.0,3640.0
7211,2025-05-24,5292,1012,4,2,420,0.0,420.0
7212,2025-06-21,5207,1019,3,1,320,16.0,304.0
7213,2025-06-12,5053,1019,3,4,1280,128.0,1152.0
7214,2025-05-20,5413,1012,4,25,5250,0.0,5250.0
7215,2025-04-13,5440,1059,4,20,4200,420.0,3780.0
7216,2025-02-25,5122,2025,3,12,3840,0.0,3840.0
7217,2025-03-19,5320,2028,1,17,8840,442.0,8398.0
7218,2025-06-27,5103,2009,1,7,3640,0.0,3640.0
7219,2025-03-24,5222,1016,2,7,2940,0.0,2940.0
7220,2025-05-22,5424,1016,2,10,4200,0.0,4200.0
7221,2025-01-22,5340,2026,1,4,2080,0.0,2080.0
7222,2025-04-20,5165,1038,2,19,7980,0.0,7980.0
7223,2025-06-04,5418,1035,3,3,960,0.0,960.0
7224,2025-04-01,5286,2039,4,3,630,31.5,598.5
7225,2025-04-29,5025,2011,2,11,4620,0.0,4620.0
7226,2025-04-12,5190,1051,2,3,1260,63.0,1197.0
7227,2025-06-05,5026,2002,4,24,5040,0.0,5040.0
7228,2025-05-24,5026,2022,2,21,8820,441.0,8379.0
7229,2025-06-28,5456,2032,4,8,1680,0.0,1680.0
7230,2025-01-26,5395,2004,3,22,7040,0.0,7040.0
7231,2025-04-07,5085,2016,4,6,1260,126.0,1134.0
7232,2025-03-16,5364,1029,4,5,1050,0.0,1050.0
7233,2025-03-30,5471,1016,3,23,7360,368.0,6992.0
7234,2025-06-03,5213,1054,2,25,10500,0.0,10500.0
7235,2025-02-03,5396,1033,2,2,840,0.0,840.0
7236,2025-06-19,5223,1011,4,11,2310,231.0,2079.0
7237,2025-06-27,5189,2028,2,4,1680,84.0,1596.0
7238,2025-02-03,5180,1051,1,5,2600,0.0,2600.0
7239,2025-02-15,5353,2023,3,15,4800,0.0,4800.0
7240,2025-06-10,5222,1013,2,6,2520,252.0,2268.0
7241,2025-04-10,5312,1041,2,22,9240,462.0,8778.0
7242,2025-06-29,5461,1013,1,19,9880,494.0,9386.0
7243,2025-03-09,5440,1004,2,13,5460,273.0,5187.0
7244,2025-02-10,5407,2033,2,16,6720,336.0,6384.0
7245,2025-03-28,5203,2030,1,10,5200,260.0,4940.0
7246,2025-05-04,5093,1029,2,17,7140,0.0,7140.0
7247,2025-06-14,5259,1028,4,17,3570,0.0,3570.0
7248,2025-02-12,5288,1026,1,5,2600,0.0,2600.0
7249,2025-01-13,5104,2002,3,20,6400,640.0,5760.0
7250,2025-06-24,5199,2036,4,7,1470,0.0,1470.0
7251,2025-06-11,5178,1040,2,22,9240,0.0,9240.0
7252,2025-06-19,5087,2019,3,1,320,16.0,304.0
7253,2025-06-03,5145,2024,2,6,2520,126.0,2394.0
7254,2025-03-19,5482,2029,4,6,1260,126.0,1134.0
7255,2025-04-21,5229,2002,2,16,6720,672.0,6048.0
7256,2025-06-02,5186,1054,1,18,9360,0.0,9360.0
7257,2025-01-28,5453,1017,1,2,1040,0.0,1040.0
7258,2025-04-14,5395,1012,3,1,320,16.0,304.0
7259,2025-05-21,5231,1030,2,7,2940,0.0,2940.0
7260,2025-02-07,5264,1024,1,23,11960,0.0,11960.0
7261,2025-01-26,5010,1030,4,4,840,84.0,756.0
7262,2025-04-27,5151,1007,2,18,7560,0.0,7560.0
7263,2025-04-22,5467,1054,2,13,5460,0.0,5460.0
7264,2025-06-07,5002,1034,4,19,3990,199.5,3790.5
7265,2025-01-28,5190,1028,3,23,7360,368.0,6992.0
7266,2025-06-08,5166,2022,4,17,3570,178.5,3391.5
7267,2025-04-17,5437,2014,4,2,420,0.0,420.0
7268,2025-06-17,5013,1007,2,15,6300,0.0,6300.0
7269,2025-06-22,5403,2036,4,18,3780,189.0,3591.0
7270,2025-03-04,5407,2014,3,20,6400,0.0,6400.0
7271,2025-03-19,5335,1002,2,7,2940,294.0,2646.0
7272,2025-06-21,5179,2006,1,13,6760,676.0,6084.0
7273,2025-01-18,5072,1023,1,24,12480,1248.0,11232.0
7274,2025-01-22,5086,2019,4,22,4620,0.0,4620.0
7275,2025-01-04,5444,2039,4,4,840,0.0,840.0
7276,2025-03-30,5045,1031,4,6,1260,0.0,1260.0
7277,2025-01-11,5100,1012,1,8,4160,416.0,3744.0
7278,2025-02-12,5068,1018,2,9,3780,189.0,3591.0
7279,2025-01-21,5247,1042,4,24,5040,0.0,5040.0
7280,2025-04-16,5123,2028,4,23,4830,241.5,4588.5
7281,2025-02-23,5215,1051,4,8,1680,0.0,1680.0
7282,2025-01-28,5140,1054,2,20,8400,0.0,8400.0
7283,2025-02-08,5500,2033,1,3,1560,0.0,1560.0
7284,2025-06-07,5297,1009,4,25,5250,262.5,4987.5
7285,2025-02-11,5431,1050,3,12,3840,192.0,3648.0
7286,2025-05-20,5178,2014,2,6,2520,252.0,2268.0
7287,2025-02-06,5345,1038,3,12,3840,0.0,3840.0
7288,2025-01-27,5289,2012,3,1,320,16.0,304.0
7289,2025-04-07,5430,1048,2,16,6720,672.0,6048.0
7290,2025-03-03,5184,2038,4,16,3360,336.0,3024.0
7291,2025-03-11,5297,1055,4,14,2940,0.0,2940.0
7292,2025-04-21,5206,1034,4,2,420,0.0,420.0
7293,2025-06-11,5215,2033,2,21,8820,882.0,7938.0
7294,2025-01-16,5472,1034,3,25,8000,800.0,7200.0
7295,2025-02-20,5404,2017,1,18,9360,0.0,9360.0
7296,2025-03-21,5321,2003,3,4,1280,0.0,1280.0
7297,2025-04-25,5166,2029,2,24,10080,1008.0,9072.0
7298,2025-06-16,5243,1004,4,22,4620,0.0,4620.0
7299,2025-02-16,5062,1021,1,10,5200,0.0,5200.0
7300,2025-05-31,5216,1024,2,16,6720,0.0,6720.0
7301,2025-01-23,5277,1016,4,14,2940,294.0,2646.0
7302,2025-01-24,5433,2022,3,22,7040,0.0,7040.0
7303,2025-03-21,5473,1021,4,18,3780,189.0,3591.0
7304,2025-04-30,5145,1001,4,23,4830,241.5,4588.5
7305,2025-05-04,5124,2034,3,18,5760,0.0,5760.0
7306,2025-03-20,5491,1058,4,21,4410,0.0,4410.0
7307,2025-02-10,5226,2019,4,2,420,42.0,378.0
7308,2025-05-11,5138,2029,2,15,6300,0.0,6300.0
7309,2025-02-13,5388,2018,1,22,11440,1144.0,10296.0
7310,2025-03-24,5369,2018,2,12,5040,0.0,5040.0
7311,2025-05-31,5157,1014,4,24,5040,252.0,4788.0
7312,2025-01-16,5160,1008,4,8,1680,0.0,1680.0
7313,2025-03-10,5018,2013,1,1,520,26.0,494.0
7314,2025-04-23,5495,2008,1,7,3640,0.0,3640.0
7315,2025-06-05,5042,1060,1,9,4680,234.0,4446.0
7316,2025-05-23,5051,1028,2,14,5880,0.0,5880.0
7317,2025-02-07,5066,1038,2,7,2940,0.0,2940.0
7318,2025-03-08,5173,2008,4,20,4200,0.0,4200.0
7319,2025-03-11,5028,2036,2,10,4200,0.0,4200.0
7320,2025-04-06,5204,1003,4,5,1050,0.0,1050.0
7321,2025-01-16,5121,1026,4,1,210,0.0,210.0
7322,2025-05-24,5332,1008,1,1,520,52.0,468.0
7323,2025-05-23,5068,1052,1,25,13000,0.0,13000.0
7324,2025-04-04,5465,2029,1,23,11960,0.0,11960.0
7325,2025-01-08,5034,2006,2,7,2940,0.0,2940.0
7326,2025-04-13,5455,1005,2,12,5040,0.0,5040.0
7327,2025-05-21,5195,2010,2,9,3780,378.0,3402.0
7328,2025-02-26,5328,2005,1,22,11440,1144.0,10296.0
7329,2025-04-07,5135,2040,2,6,2520,0.0,2520.0
7330,2025-04-20,5090,1056,1,17,8840,0.0,8840.0
7331,2025-01-01,5171,1048,2,9,3780,378.0,3402.0
7332,2025-06-26,5240,1017,4,2,420,0.0,420.0
7333,2025-02-02,5325,2019,3,21,6720,336.0,6384.0
7334,2025-03-27,5460,2008,4,22,4620,462.0,4158.0
7335,2025-01-23,5398,2039,2,4,1680,0.0,1680.0
7336,2025-06-08,5358,2037,4,9,1890,0.0,1890.0
7337,2025-05-18,5389,2039,2,20,8400,0.0,8400.0
7338,2025-06-15,5127,2025,4,10,2100,210.0,1890.0
7339,2025-06-10,5068,1019,1,13,6760,676.0,6084.0
7340,2025-01-25,5329,2027,2,12,5040,0.0,5040.0
7341,2025-02-03,5436,1054,1,16,8320,0.0,8320.0
7342,2025-04-10,5030,1027,4,22,4620,462.0,4158.0
7343,2025-04-13,5500,1006,2,7,2940,147.0,2793.0
7344,2025-04-06,5495,2035,2,3,1260,0.0,1260.0
7345,2025-05-21,5267,1026,1,21,10920,546.0,10374.0
7346,2025-05-09,5331,1036,4,18,3780,0.0,3780.0
7347,2025-03-23,5286,1039,4,2,420,0.0,420.0
7348,2025-03-10,5288,1003,4,2,420,0.0,420.0
7349,2025-02-16,5225,2007,4,3,630,63.0,567.0
7350,2025-04-25,5415,2014,4,15,3150,0.0,3150.0
7351,2025-05-05,5086,2036,3,1,320,32.0,288.0
7352,2025-05-20,5154,1043,4,22,4620,462.0,4158.0
7353,2025-02-08,5335,1032,3,10,3200,160.0,3040.0
7354,2025-03-04,5494,1029,4,8,1680,168.0,1512.0
7355,2025-06-02,5149,1053,2,18,7560,378.0,7182.0
7356,2025-01-24,5150,1024,4,11,2310,0.0,2310.0
7357,2025-01-06,5332,2024,1,1,520,0.0,520.0
7358,2025-06-20,5244,2038,1,8,4160,0.0,4160.0
7359,2025-02-14,5243,2036,3,8,2560,128.0,2432.0
7360,2025-01-16,5470,1018,4,1,210,0.0,210.0
7361,2025-01-04,5324,2007,2,2,840,0.0,840.0
7362,2025-05-07,5049,1003,3,15,4800,0.0,4800.0
7363,2025-03-07,5137,2035,3,10,3200,160.0,3040.0
7364,2025-04-02,5043,1045,2,13,5460,546.0,4914.0
7365,2025-04-14,5267,2029,4,24,5040,0.0,5040.0
7366,2025-01-21,5239,1022,2,14,5880,294.0,5586.0
7367,2025-01-27,5106,2031,2,14,5880,294.0,5586.0
7368,2025-01-22,5129,2038,4,25,5250,0.0,5250.0
7369,2025-04-14,5222,1002,2,7,2940,0.0,2940.0
7370,2025-05-13,5333,1007,1,4,2080,0.0,2080.0
7371,2025-05-12,5346,1012,2,3,1260,126.0,1134.0
7372,2025-02-15,5238,1048,1,22,11440,0.0,11440.0
7373,2025-06-26,5258,1039,1,9,4680,468.0,4212.0
7374,2025-05-24,5290,1032,2,8,3360,336.0,3024.0
7375,2025-04-16,5402,1054,2,14,5880,0.0,5880.0
7376,2025-01-05,5304,1050,2,1,420,0.0,420.0
7377,2025-03-11,5204,2021,2,20,8400,0.0,8400.0
7378,2025-01-15,5234,2006,2,6,2520,0.0,2520.0
7379,2025-05-08,5207,1015,1,3,1560,156.0,1404.0
7380,2025-02-07,5292,1019,4,18,3780,0.0,3780.0
7381,2025-03-22,5092,1001,4,13,2730,0.0,2730.0
7382,2025-02-16,5210,1059,4,14,2940,0.0,2940.0
7383,2025-03-17,5043,1052,4,13,2730,0.0,2730.0
7384,2025-05-17,5279,1013,3,1,320,0.0,320.0
7385,2025-05-11,5043,1022,1,20,10400,520.0,9880.0
7386,2025-02-04,5230,1029,4,16,3360,168.0,3192.0
7387,2025-05-18,5394,1035,3,13,4160,0.0,4160.0
7388,2025-05-01,5249,2001,2,22,9240,0.0,9240.0
7389,2025-03-31,5030,1028,1,10,5200,260.0,4940.0
7390,2025-02-23,5371,1025,3,21,6720,336.0,6384.0
7391,2025-02-06,5225,1059,2,14,5880,0.0,5880.0
7392,2025-05-01,5359,2017,3,22,7040,704.0,6336.0
7393,2025-02-01,5161,1046,1,20,10400,0.0,10400.0
7394,2025-03-21,5287,2032,3,23,7360,368.0,6992.0
7395,2025-03-10,5110,2032,1,8,4160,0.0,4160.0
7396,2025-06-08,5490,2006,2,16,6720,672.0,6048.0
7397,2025-06-28,5425,1037,3,18,5760,576.0,5184.0
7398,2025-02-17,5005,1054,1,22,11440,0.0,11440.0
7399,2025-04-06,5166,1028,4,13,2730,0.0,2730.0
7400,2025-01-24,5098,1052,1,17,8840,884.0,7956.0
7401,2025-06-14,5386,1052,4,25,5250,0.0,5250.0
7402,2025-02-14,5029,1035,4,22,4620,0.0,4620.0
7403,2025-04-18,5322,1060,3,14,4480,448.0,4032.0
7404,2025-03-24,5057,2030,4,25,5250,0.0,5250.0
7405,2025-06-21,5293,1012,3,1,320,0.0,320.0
7406,2025-03-30,5116,2002,1,22,11440,0.0,11440.0
7407,2025-03-05,5079,2011,4,20,4200,420.0,3780.0
7408,2025-01-16,5434,2013,3,19,6080,608.0,5472.0
7409,2025-03-02,5063,1016,4,22,4620,462.0,4158.0
7410,2025-04-18,5095,2010,1,5,2600,260.0,2340.0
7411,2025-04-28,5294,1021,2,21,8820,0.0,8820.0
7412,2025-06-22,5426,2036,4,19,3990,0.0,3990.0
7413,2025-02-28,5459,1001,2,9,3780,189.0,3591.0
7414,2025-05-19,5297,1016,1,15,7800,0.0,7800.0
7415,2025-04-07,5130,2027,3,3,960,48.0,912.0
7416,2025-06-25,5409,1016,4,5,1050,0.0,1050.0
7417,2025-03-21,5246,2028,1,24,12480,0.0,12480.0
7418,2025-05-15,5348,2006,1,6,3120,0.0,3120.0
7419,2025-02-11,5180,1034,4,15,3150,315.0,2835.0
7420,2025-02-05,5108,2018,2,13,5460,546.0,4914.0
7421,2025-02-02,5268,2023,4,18,3780,189.0,3591.0
7422,2025-06-21,5182,1060,4,25,5250,0.0,5250.0
7423,2025-03-06,5390,2019,1,11,5720,0.0,5720.0
7424,2025-06-19,5297,1030,1,10,5200,520.0,4680.0
7425,2025-03-29,5045,1038,1,14,7280,728.0,6552.0
7426,2025-06-21,5094,2001,1,15,7800,780.0,7020.0
7427,2025-06-09,5466,1034,3,23,7360,368.0,6992.0
7428,2025-01-27,5142,2002,1,7,3640,0.0,3640.0
7429,2025-01-19,5376,2022,4,19,3990,0.0,3990.0
7430,2025-01-23,5130,1034,2,20,8400,0.0,8400.0
7431,2025-02-09,5488,1039,3,16,5120,512.0,4608.0
7432,2025-04-22,5314,1054,1,4,2080,104.0,1976.0
7433,2025-03-26,5247,1044,1,1,520,0.0,520.0
7434,2025-01-25,5432,1009,2,22,9240,462.0,8778.0
7435,2025-01-12,5006,1016,3,13,4160,416.0,3744.0
7436,2025-04-22,5368,1023,3,5,1600,0.0,1600.0
7437,2025-01-07,5024,2007,2,4,1680,0.0,1680.0
7438,2025-01-01,5421,1024,2,12,5040,252.0,4788.0
7439,2025-06-24,5069,2021,4,14,2940,0.0,2940.0
7440,2025-02-23,5327,2034,2,1,420,0.0,420.0
7441,2025-03-30,5059,1049,1,6,3120,0.0,3120.0
7442,2025-03-19,5499,2027,3,6,1920,192.0,1728.0
7443,2025-05-04,5115,2032,3,22,7040,0.0,7040.0
7444,2025-02-17,5138,1023,3,25,8000,400.0,7600.0
7445,2025-02-20,5425,2011,4,24,5040,504.0,4536.0
7446,2025-02-25,5427,1039,1,23,11960,598.0,11362.0
7447,2025-03-08,5367,1035,4,21,4410,0.0,4410.0
7448,2025-01-20,5232,1028,4,21,4410,220.5,4189.5
7449,2025-04-03,5022,2016,3,11,3520,0.0,3520.0
7450,2025-05-06,5099,2004,2,2,840,0.0,840.0
7451,2025-05-05,5318,1021,4,19,3990,0.0,3990.0
7452,2025-04-15,5466,1026,3,16,5120,512.0,4608.0
7453,2025-06-03,5171,2018,2,3,1260,0.0,1260.0
7454,2025-06-27,5453,1035,1,10,5200,0.0,5200.0
7455,2025-05-02,5192,2036,4,3,630,31.5,598.5
7456,2025-06-25,5171,2036,1,25,13000,0.0,13000.0
7457,2025-02-13,5089,1022,1,6,3120,312.0,2808.0
7458,2025-04-09,5475,1060,1,1,520,0.0,520.0
7459,2025-02-20,5356,2027,3,15,4800,0.0,4800.0
7460,2025-01-26,5155,1056,2,6,2520,0.0,2520.0
7461,2025-05-18,5001,2020,2,13,5460,546.0,4914.0
7462,2025-01-30,5480,2020,1,2,1040,104.0,936.0
7463,2025-02-09,5268,2011,4,12,2520,126.0,2394.0
7464,2025-06-05,5395,1054,1,4,2080,208.0,1872.0
7465,2025-05-23,5308,1034,3,8,2560,0.0,2560.0
7466,2025-01-23,5069,1050,1,1,520,0.0,520.0
7467,2025-02-09,5407,1058,2,7,2940,0.0,2940.0
7468,2025-06-05,5238,2007,2,23,9660,966.0,8694.0
7469,2025-03-19,5331,2037,4,1,210,0.0,210.0
7470,2025-01-02,5041,1038,4,24,5040,0.0,5040.0
7471,2025-02-10,5489,1036,3,22,7040,0.0,7040.0
7472,2025-05-03,5025,2012,2,22,9240,924.0,8316.0
7473,2025-04-27,5337,1040,2,8,3360,0.0,3360.0
7474,2025-05-14,5273,2027,3,24,7680,0.0,7680.0
7475,2025-02-09,5436,1023,2,23,9660,966.0,8694.0
7476,2025-02-18,5114,2016,4,14,2940,294.0,2646.0
7477,2025-05-23,5402,1045,3,7,2240,224.0,2016.0
7478,2025-02-12,5343,1005,1,4,2080,0.0,2080.0
7479,2025-03-19,5119,1003,4,11,2310,231.0,2079.0
7480,2025-06-15,5180,1006,3,17,5440,544.0,4896.0
7481,2025-05-18,5004,1049,1,20,10400,520.0,9880.0
7482,2025-03-11,5271,2010,1,20,10400,0.0,10400.0
7483,2025-03-25,5409,2021,4,16,3360,336.0,3024.0
7484,2025-02-11,5119,1007,4,14,2940,0.0,2940.0
7485,2025-01-10,5287,1036,4,10,2100,0.0,2100.0
7486,2025-02-20,5095,1005,3,16,5120,0.0,5120.0
7487,2025-06-29,5482,2003,1,22,11440,572.0,10868.0
7488,2025-02-20,5087,2031,4,21,4410,0.0,4410.0
7489,2025-03-28,5390,2017,4,2,420,42.0,378.0
7490,2025-02-13,5454,2037,1,11,5720,0.0,5720.0
7491,2025-04-14,5039,2020,3,17,5440,0.0,5440.0
7492,2025-03-03,5062,2025,4,9,1890,94.5,1795.5
7493,2025-04-16,5192,1054,2,17,7140,0.0,7140.0
7494,2025-03-27,5347,1047,4,10,2100,0.0,2100.0
7495,2025-03-16,5410,1031,1,9,4680,468.0,4212.0
7496,2025-05-25,5435,1003,3,14,4480,0.0,4480.0
7497,2025-02-20,5213,1016,3,10,3200,160.0,3040.0
7498,2025-06-24,5071,1046,2,19,7980,399.0,7581.0
7499,2025-03-26,5321,1044,2,18,7560,0.0,7560.0
7500,2025-01-12,5310,1006,3,22,7040,0.0,7040.0
7501,2025-03-13,5199,2028,4,23,4830,483.0,4347.0
7502,2025-05-29,5066,1006,3,3,960,0.0,960.0
7503,2025-04-23,5201,1019,1,12,6240,0.0,6240.0
7504,2025-03-12,5124,1013,2,17,7140,714.0,6426.0
7505,2025-03-29,5385,1037,2,18,7560,756.0,6804.0
7506,2025-06-07,5245,2007,1,4,2080,0.0,2080.0
7507,2025-03-13,5107,1001,1,24,12480,0.0,12480.0
7508,2025-03-30,5436,1055,4,7,1470,0.0,1470.0
7509,2025-04-08,5037,1005,2,16,6720,672.0,6048.0
7510,2025-01-16,5109,1006,2,14,5880,0.0,5880.0
7511,2025-01-04,5028,2023,3,17,5440,544.0,4896.0
7512,2025-03-17,5171,2031,4,4,840,84.0,756.0
7513,2025-03-10,5085,2031,2,11,4620,0.0,4620.0
7514,2025-06-22,5176,1030,3,21,6720,0.0,6720.0
7515,2025-03-13,5063,2040,3,18,5760,0.0,5760.0
7516,2025-04-24,5066,1031,2,13,5460,546.0,4914.0
7517,2025-01-22,5251,1018,3,6,1920,0.0,1920.0
7518,2025-02-17,5057,1060,2,22,9240,0.0,9240.0
7519,2025-03-10,5082,2024,4,5,1050,0.0,1050.0
7520,2025-02-08,5282,2005,1,25,13000,0.0,13000.0
7521,2025-01-17,5341,1027,1,15,7800,780.0,7020.0
7522,2025-05-27,5052,1038,2,3,1260,0.0,1260.0
7523,2025-05-29,5365,1017,4,9,1890,94.5,1795.5
7524,2025-01-18,5097,1056,3,15,4800,0.0,4800.0
7525,2025-01-02,5137,2014,1,18,9360,0.0,9360.0
7526,2025-04-18,5133,1003,3,25,8000,0.0,8000.0
7527,2025-02-03,5149,2022,1,17,8840,442.0,8398.0
7528,2025-01-21,5016,1040,2,12,5040,252.0,4788.0
7529,2025-04-27,5172,2005,3,24,7680,384.0,7296.0
7530,2025-02-18,5045,2037,4,20,4200,420.0,3780.0
7531,2025-06-11,5365,2035,2,9,3780,0.0,3780.0
7532,2025-03-04,5081,2026,3,4,1280,64.0,1216.0
7533,2025-01-09,5142,1057,2,15,6300,630.0,5670.0
7534,2025-03-19,5499,2022,2,23,9660,0.0,9660.0
7535,2025-06-04,5329,2015,1,13,6760,0.0,6760.0
7536,2025-03-15,5483,1003,4,12,2520,126.0,2394.0
7537,2025-05-25,5247,1005,2,14,5880,294.0,5586.0
7538,2025-02-07,5483,1002,1,2,1040,0.0,1040.0
7539,2025-05-16,5173,2028,2,18,7560,0.0,7560.0
7540,2025-05-14,5058,2014,1,12,6240,0.0,6240.0
7541,2025-02-09,5147,1017,4,21,4410,0.0,4410.0
7542,2025-02-23,5129,1015,1,2,1040,0.0,1040.0
7543,2025-05-30,5412,1043,3,7,2240,0.0,2240.0
7544,2025-01-19,5459,1016,2,22,9240,0.0,9240.0
7545,2025-02-15,5103,2023,2,10,4200,420.0,3780.0
7546,2025-01-03,5429,2027,1,20,10400,1040.0,9360.0
7547,2025-04-16,5133,2024,4,3,630,63.0,567.0
7548,2025-02-07,5104,1047,4,24,5040,0.0,5040.0
7549,2025-05-05,5116,1035,2,20,8400,420.0,7980.0
7550,2025-06-14,5212,2026,3,18,5760,0.0,5760.0
7551,2025-06-12,5070,1023,4,5,1050,0.0,1050.0
7552,2025-04-19,5330,2036,3,24,7680,0.0,7680.0
7553,2025-03-04,5187,2020,3,18,5760,0.0,5760.0
7554,2025-03-15,5345,2034,4,23,4830,0.0,4830.0
7555,2025-03-31,5104,1050,1,14,7280,0.0,7280.0
7556,2025-04-28,5367,1032,2,6,2520,126.0,2394.0
7557,2025-05-29,5173,1019,2,4,1680,84.0,1596.0
7558,2025-02-13,5165,1003,3,2,640,0.0,640.0
7559,2025-06-22,5424,2026,1,7,3640,0.0,3640.0
7560,2025-03-25,5248,1019,4,5,1050,52.5,997.5
7561,2025-06-01,5134,1046,3,23,7360,0.0,7360.0
7562,2025-05-12,5135,1038,4,19,3990,199.5,3790.5
7563,2025-06-05,5497,1003,4,13,2730,0.0,2730.0
7564,2025-01-12,5368,1023,4,5,1050,0.0,1050.0
7565,2025-02-22,5014,1047,4,20,4200,420.0,3780.0
7566,2025-01-29,5453,1009,4,3,630,31.5,598.5
7567,2025-03-02,5235,2011,4,18,3780,0.0,3780.0
7568,2025-03-23,5263,2031,3,2,640,0.0,640.0
7569,2025-04-08,5004,2039,4,4,840,0.0,840.0
7570,2025-04-20,5089,1056,3,3,960,0.0,960.0
7571,2025-02-07,5458,2028,2,15,6300,315.0,5985.0
7572,2025-03-31,5127,2036,1,12,6240,312.0,5928.0
7573,2025-06-02,5076,1019,1,18,9360,468.0,8892.0
7574,2025-04-13,5252,1008,3,25,8000,0.0,8000.0
7575,2025-02-04,5470,2005,4,12,2520,126.0,2394.0
7576,2025-02-06,5334,1040,1,11,5720,572.0,5148.0
7577,2025-01-10,5028,2007,2,6,2520,126.0,2394.0
7578,2025-02-04,5082,1036,2,19,7980,0.0,7980.0
7579,2025-05-15,5053,2035,1,6,3120,0.0,3120.0
7580,2025-05-03,5294,1023,1,12,6240,0.0,6240.0
7581,2025-05-29,5337,1023,4,7,1470,0.0,1470.0
7582,2025-04-25,5329,2004,3,3,960,48.0,912.0
7583,2025-06-01,5290,1025,3,7,2240,0.0,2240.0
7584,2025-03-01,5012,2009,2,9,3780,0.0,3780.0
7585,2025-06-14,5400,2007,1,13,6760,676.0,6084.0
7586,2025-06-13,5272,1037,2,22,9240,0.0,9240.0
7587,2025-04-11,5448,2009,1,25,13000,0.0,13000.0
7588,2025-01-30,5091,1006,3,25,8000,0.0,8000.0
7589,2025-02-15,5059,2006,3,9,2880,288.0,2592.0
7590,2025-01-20,5484,2024,3,13,4160,0.0,4160.0
7591,2025-02-10,5323,1028,1,17,8840,0.0,8840.0
7592,2025-04-22,5359,1034,3,13,4160,0.0,4160.0
7593,2025-05-16,5254,1019,2,17,7140,0.0,7140.0
7594,2025-04-23,5014,1035,4,7,1470,147.0,1323.0
7595,2025-01-12,5269,1023,2,9,3780,0.0,3780.0
7596,2025-04-07,5119,1056,2,4,1680,0.0,1680.0
7597,2025-06-21,5124,2026,2,17,7140,0.0,7140.0
7598,2025-06-22,5232,1056,1,16,8320,0.0,8320.0
7599,2025-05-30,5352,2037,3,15,4800,0.0,4800.0
7600,2025-01-09,5328,1016,3,23,7360,736.0,6624.0
7601,2025-02-15,5436,2012,1,5,2600,0.0,2600.0
7602,2025-05-28,5158,1032,3,3,960,0.0,960.0
7603,2025-05-28,5236,2024,3,19,6080,0.0,6080.0
7604,2025-05-07,5406,1007,2,19,7980,0.0,7980.0
7605,2025-01-17,5155,1020,1,22,11440,1144.0,10296.0
7606,2025-05-19,5105,2009,1,8,4160,0.0,4160.0
7607,2025-03-14,5444,1036,4,22,4620,462.0,4158.0
7608,2025-02-05,5074,1013,3,20,6400,640.0,5760.0
7609,2025-01-04,5263,1026,1,13,6760,676.0,6084.0
7610,2025-03-11,5312,1047,3,10,3200,320.0,2880.0
7611,2025-01-03,5417,1041,1,3,1560,0.0,1560.0
7612,2025-04-13,5269,1037,3,3,960,0.0,960.0
7613,2025-06-17,5193,2002,4,20,4200,0.0,4200.0
7614,2025-06-27,5424,1058,1,9,4680,0.0,4680.0
7615,2025-04-12,5347,1047,3,25,8000,0.0,8000.0
7616,2025-06-15,5223,1054,2,22,9240,924.0,8316.0
7617,2025-02-09,5102,1047,2,22,9240,0.0,9240.0
7618,2025-04-01,5323,2036,4,10,2100,210.0,1890.0
7619,2025-04-19,5500,1029,2,19,7980,0.0,7980.0
7620,2025-04-16,5345,2028,2,4,1680,168.0,1512.0
7621,2025-02-20,5318,1027,2,3,1260,63.0,1197.0
7622,2025-05-29,5101,1014,4,18,3780,378.0,3402.0
7623,2025-05-01,5340,1035,1,20,10400,0.0,10400.0
7624,2025-03-12,5310,2004,3,16,5120,0.0,5120.0
7625,2025-01-06,5408,2024,2,21,8820,882.0,7938.0
7626,2025-02-11,5371,2024,4,4,840,0.0,840.0
7627,2025-02-03,5361,2026,1,2,1040,0.0,1040.0
7628,2025-01-25,5126,1032,4,14,2940,0.0,2940.0
7629,2025-01-29,5113,1058,3,21,6720,336.0,6384.0
7630,2025-04-16,5409,2032,3,19,6080,0.0,6080.0
7631,2025-02-05,5115,2038,1,18,9360,0.0,9360.0
7632,2025-01-04,5220,1022,3,14,4480,0.0,4480.0
7633,2025-02-14,5054,2011,2,10,4200,420.0,3780.0
7634,2025-04-22,5462,1033,4,5,1050,52.5,997.5
7635,2025-06-04,5398,1045,4,3,630,0.0,630.0
7636,2025-01-02,5145,1054,4,4,840,0.0,840.0
7637,2025-04-28,5078,2021,1,4,2080,0.0,2080.0
7638,2025-03-03,5330,1017,1,3,1560,78.0,1482.0
7639,2025-04-29,5408,1026,1,12,6240,624.0,5616.0
7640,2025-03-08,5381,1050,1,18,9360,0.0,9360.0
7641,2025-05-15,5178,2008,3,10,3200,320.0,2880.0
7642,2025-04-18,5154,1025,1,19,9880,988.0,8892.0
7643,2025-06-24,5343,1050,2,24,10080,1008.0,9072.0
7644,2025-02-05,5065,1026,2,12,5040,0.0,5040.0
7645,2025-01-24,5432,2031,2,21,8820,0.0,8820.0
7646,2025-02-15,5023,2013,3,9,2880,0.0,2880.0
7647,2025-03-21,5316,1057,3,25,8000,0.0,8000.0
7648,2025-05-08,5418,2020,1,21,10920,1092.0,9828.0
7649,2025-05-24,5089,2003,1,7,3640,182.0,3458.0
7650,2025-05-10,5007,1060,2,7,2940,147.0,2793.0
7651,2025-03-31,5442,1054,4,17,3570,0.0,3570.0
7652,2025-02-21,5260,1043,4,21,4410,220.5,4189.5
7653,2025-02-02,5042,1042,2,19,7980,399.0,7581.0
7654,2025-05-18,5363,2038,1,14,7280,0.0,7280.0
7655,2025-06-08,5254,2029,1,15,7800,0.0,7800.0
7656,2025-06-21,5322,1032,1,17,8840,0.0,8840.0
7657,2025-02-25,5229,1010,2,9,3780,189.0,3591.0
7658,2025-02-09,5445,1041,2,14,5880,0.0,5880.0
7659,2025-04-13,5089,1013,3,18,5760,288.0,5472.0
7660,2025-02-21,5243,2016,4,19,3990,0.0,3990.0
7661,2025-05-26,5304,1031,1,20,10400,0.0,10400.0
7662,2025-03-01,5225,1018,4,14,2940,147.0,2793.0
7663,2025-03-21,5071,1026,2,15,6300,0.0,6300.0
7664,2025-01-10,5124,1053,1,23,11960,0.0,11960.0
7665,2025-03-18,5387,2032,1,13,6760,338.0,6422.0
7666,2025-02-06,5486,2013,2,15,6300,0.0,6300.0
7667,2025-05-10,5237,1046,2,19,7980,798.0,7182.0
7668,2025-01-17,5426,1028,3,10,3200,0.0,3200.0
7669,2025-06-25,5027,2037,1,25,13000,0.0,13000.0
7670,2025-06-14,5458,2020,3,14,4480,0.0,4480.0
7671,2025-01-13,5307,1056,3,23,7360,0.0,7360.0
7672,2025-03-26,5366,1006,1,7,3640,182.0,3458.0
7673,2025-06-07,5159,2034,1,7,3640,182.0,3458.0
7674,2025-03-19,5021,1003,4,5,1050,0.0,1050.0
7675,2025-01-22,5282,1036,4,21,4410,441.0,3969.0
7676,2025-01-30,5132,1041,2,21,8820,0.0,8820.0
7677,2025-06-26,5172,1048,3,1,320,32.0,288.0
7678,2025-06-25,5031,1038,4,19,3990,399.0,3591.0
7679,2025-04-05,5240,1059,4,11,2310,0.0,2310.0
7680,2025-01-14,5115,2012,1,5,2600,260.0,2340.0
7681,2025-02-12,5038,1041,4,1,210,21.0,189.0
7682,2025-03-27,5108,1047,2,23,9660,0.0,9660.0
7683,2025-04-02,5282,1017,1,22,11440,1144.0,10296.0
7684,2025-06-29,5399,1045,2,21,8820,0.0,8820.0
7685,2025-03-13,5414,2020,2,24,10080,504.0,9576.0
7686,2025-01-24,5101,2021,4,10,2100,0.0,2100.0
7687,2025-06-22,5195,1048,3,14,4480,448.0,4032.0
7688,2025-01-02,5357,1056,4,10,2100,0.0,2100.0
7689,2025-03-25,5468,2040,2,21,8820,0.0,8820.0
7690,2025-04-11,5174,1025,3,6,1920,0.0,1920.0
7691,2025-01-12,5046,2040,2,22,9240,0.0,9240.0
7692,2025-06-03,5211,1038,3,17,5440,544.0,4896.0
7693,2025-02-18,5189,1051,3,4,1280,128.0,1152.0
7694,2025-05-27,5077,2029,2,20,8400,840.0,7560.0
7695,2025-06-10,5480,2021,1,16,8320,832.0,7488.0
7696,2025-04-09,5127,1054,2,14,5880,588.0,5292.0
7697,2025-01-18,5487,1025,3,13,4160,416.0,3744.0
7698,2025-02-05,5144,1021,3,5,1600,0.0,1600.0
7699,2025-01-09,5200,2027,4,14,2940,0.0,2940.0
7700,2025-03-12,5098,1032,1,18,9360,936.0,8424.0
7701,2025-06-08,5106,2035,1,22,11440,0.0,11440.0
7702,2025-02-28,5482,1047,3,9,2880,0.0,2880.0
7703,2025-04-01,5244,1053,1,3,1560,156.0,1404.0
7704,2025-05-31,5063,1013,1,23,11960,1196.0,10764.0
7705,2025-01-07,5284,2011,1,21,10920,0.0,10920.0
7706,2025-03-20,5265,1039,3,18,5760,0.0,5760.0
7707,2025-02-05,5136,1044,2,21,8820,0.0,8820.0
7708,2025-06-03,5172,2002,4,13,2730,136.5,2593.5
7709,2025-02-11,5061,2001,4,12,2520,126.0,2394.0
7710,2025-04-13,5088,2039,1,1,520,0.0,520.0
7711,2025-01-18,5390,2034,1,18,9360,0.0,9360.0
7712,2025-02-15,5348,1017,3,11,3520,0.0,3520.0
7713,2025-04-01,5114,1011,4,20,4200,420.0,3780.0
7714,2025-02-10,5176,1047,4,20,4200,0.0,4200.0
7715,2025-01-21,5454,1003,3,20,6400,640.0,5760.0
7716,2025-02-15,5295,1059,1,8,4160,0.0,4160.0
7717,2025-04-23,5484,1050,2,12,5040,504.0,4536.0
7718,2025-04-14,5315,1002,3,11,3520,0.0,3520.0
7719,2025-04-12,5181,2008,1,5,2600,0.0,2600.0
7720,2025-05-29,5341,1043,2,7,2940,0.0,2940.0
7721,2025-06-23,5254,1056,3,17,5440,544.0,4896.0
7722,2025-03-31,5422,1037,1,18,9360,0.0,9360.0
7723,2025-04-13,5177,1009,4,9,1890,189.0,1701.0
7724,2025-05-27,5348,2012,4,4,840,84.0,756.0
7725,2025-05-29,5101,2038,3,22,7040,352.0,6688.0
7726,2025-04-06,5439,1013,2,3,1260,0.0,1260.0
7727,2025-06-13,5119,1035,2,7,2940,0.0,2940.0
7728,2025-01-09,5146,2006,2,1,420,0.0,420.0
7729,2025-04-03,5433,1034,2,22,9240,0.0,9240.0
7730,2025-05-11,5442,1055,1,9,4680,0.0,4680.0
7731,2025-04-13,5139,1043,1,17,8840,0.0,8840.0
7732,2025-05-16,5313,2023,2,16,6720,336.0,6384.0
7733,2025-01-24,5219,1019,4,16,3360,0.0,3360.0
7734,2025-03-25,5092,1031,1,21,10920,1092.0,9828.0
7735,2025-01-07,5112,1006,4,18,3780,189.0,3591.0
7736,2025-06-28,5264,1047,4,12,2520,126.0,2394.0
7737,2025-04-14,5414,1012,4,9,1890,94.5,1795.5
7738,2025-03-11,5290,1012,2,5,2100,0.0,2100.0
7739,2025-03-24,5088,2018,2,8,3360,168.0,3192.0
7740,2025-05-14,5282,1025,4,2,420,0.0,420.0
7741,2025-03-25,5283,1030,4,17,3570,178.5,3391.5
7742,2025-04-08,5421,2034,1,5,2600,260.0,2340.0
7743,2025-04-13,5298,1047,3,4,1280,0.0,1280.0
7744,2025-02-12,5386,1055,1,14,7280,0.0,7280.0
7745,2025-04-13,5359,1046,1,12,6240,0.0,6240.0
7746,2025-03-28,5104,2031,2,3,1260,0.0,1260.0
7747,2025-02-17,5345,1054,4,12,2520,0.0,2520.0
7748,2025-02-13,5361,1006,4,18,3780,0.0,3780.0
7749,2025-04-15,5484,1029,1,5,2600,0.0,2600.0
7750,2025-05-12,5141,1060,4,16,3360,0.0,3360.0
7751,2025-03-30,5465,1035,1,9,4680,0.0,4680.0
7752,2025-01-04,5227,1055,3,1,320,32.0,288.0
7753,2025-02-01,5477,2035,3,7,2240,224.0,2016.0
7754,2025-05-27,5198,1033,4,14,2940,294.0,2646.0
7755,2025-02-10,5123,2028,1,5,2600,260.0,2340.0
7756,2025-06-15,5412,1035,4,9,1890,0.0,1890.0
7757,2025-05-15,5378,1034,1,1,520,0.0,520.0
7758,2025-01-14,5044,1037,3,6,1920,96.0,1824.0
7759,2025-06-24,5205,2003,3,13,4160,416.0,3744.0
7760,2025-06-01,5354,2009,4,24,5040,504.0,4536.0
7761,2025-05-23,5352,1026,4,11,2310,115.5,2194.5
7762,2025-02-21,5058,1053,1,2,1040,0.0,1040.0
7763,2025-03-12,5264,1051,4,8,1680,0.0,1680.0
7764,2025-03-13,5127,1060,4,25,5250,0.0,5250.0
7765,2025-01-23,5061,2014,3,2,640,0.0,640.0
7766,2025-06-21,5449,1023,4,21,4410,220.5,4189.5
7767,2025-04-02,5025,1045,4,7,1470,147.0,1323.0
7768,2025-06-13,5371,2039,4,19,3990,199.5,3790.5
7769,2025-06-12,5362,1023,4,8,1680,84.0,1596.0
7770,2025-03-20,5035,1007,2,2,840,0.0,840.0
7771,2025-06-14,5339,1025,1,16,8320,0.0,8320.0
7772,2025-02-23,5066,1056,1,3,1560,78.0,1482.0
7773,2025-06-06,5382,2004,4,22,4620,0.0,4620.0
7774,2025-06-25,5470,1048,1,7,3640,182.0,3458.0
7775,2025-03-31,5004,2026,3,16,5120,0.0,5120.0
7776,2025-06-20,5470,1009,3,4,1280,0.0,1280.0
7777,2025-04-16,5486,1005,4,4,840,0.0,840.0
7778,2025-01-18,5309,1005,2,20,8400,0.0,8400.0
7779,2025-06-13,5448,2013,3,18,5760,0.0,5760.0
7780,2025-01-27,5318,1010,1,22,11440,0.0,11440.0
7781,2025-01-05,5142,2040,4,21,4410,0.0,4410.0
7782,2025-02-17,5433,1013,2,8,3360,168.0,3192.0
7783,2025-03-11,5078,2020,1,6,3120,0.0,3120.0
7784,2025-05-23,5001,2005,3,12,3840,0.0,3840.0
7785,2025-04-11,5085,1012,2,17,7140,0.0,7140.0
7786,2025-06-23,5437,1026,4,25,5250,0.0,5250.0
7787,2025-05-04,5238,1009,3,4,1280,0.0,1280.0
7788,2025-02-02,5433,2035,4,24,5040,0.0,5040.0
7789,2025-02-28,5275,2007,4,19,3990,0.0,3990.0
7790,2025-01-20,5141,2024,2,23,9660,966.0,8694.0
7791,2025-04-16,5061,1049,4,24,5040,0.0,5040.0
7792,2025-02-01,5227,2011,4,4,840,42.0,798.0
7793,2025-02-11,5055,1025,1,24,12480,0.0,12480.0
7794,2025-04-01,5354,2027,2,3,1260,126.0,1134.0
7795,2025-01-04,5018,2020,3,22,7040,704.0,6336.0
7796,2025-03-12,5091,2022,2,10,4200,0.0,4200.0
7797,2025-02-24,5358,1023,1,24,12480,0.0,12480.0
7798,2025-01-25,5401,1003,4,19,3990,0.0,3990.0
7799,2025-03-16,5234,2010,2,7,2940,0.0,2940.0
7800,2025-04-18,5160,2034,1,6,3120,0.0,3120.0
7801,2025-01-25,5041,2014,3,5,1600,80.0,1520.0
7802,2025-01-01,5412,1023,3,9,2880,0.0,2880.0
7803,2025-01-16,5097,2040,4,13,2730,0.0,2730.0
7804,2025-04-30,5174,1032,4,12,2520,0.0,2520.0
7805,2025-01-15,5349,1039,4,20,4200,0.0,4200.0
7806,2025-06-26,5032,2032,4,11,2310,0.0,2310.0
7807,2025-06-27,5049,2021,3,3,960,0.0,960.0
7808,2025-05-27,5454,1031,1,25,13000,0.0,13000.0
7809,2025-02-27,5399,1054,1,10,5200,0.0,5200.0
7810,2025-04-13,5368,1031,4,8,1680,0.0,1680.0
7811,2025-01-10,5421,1034,2,10,4200,420.0,3780.0
7812,2025-01-26,5427,2007,2,23,9660,0.0,9660.0
7813,2025-04-15,5472,2005,1,22,11440,0.0,11440.0
7814,2025-01-13,5341,1024,3,9,2880,0.0,2880.0
7815,2025-03-25,5432,2002,1,9,4680,234.0,4446.0
7816,2025-03-22,5318,1051,1,25,13000,0.0,13000.0
7817,2025-06-19,5365,1051,2,17,7140,714.0,6426.0
7818,2025-05-24,5169,2028,2,23,9660,483.0,9177.0
7819,2025-02-02,5413,1011,2,8,3360,0.0,3360.0
7820,2025-03-23,5031,1012,2,19,7980,0.0,7980.0
7821,2025-01-05,5454,2018,2,19,7980,798.0,7182.0
7822,2025-02-05,5113,1038,1,23,11960,0.0,11960.0
7823,2025-06-26,5038,1006,2,6,2520,0.0,2520.0
7824,2025-02-10,5439,1006,4,2,420,21.0,399.0
7825,2025-01-11,5304,1014,3,22,7040,704.0,6336.0
7826,2025-01-28,5338,1028,3,18,5760,576.0,5184.0
7827,2025-05-03,5190,2017,1,23,11960,1196.0,10764.0
7828,2025-01-18,5051,1006,1,6,3120,0.0,3120.0
7829,2025-01-15,5411,1040,1,15,7800,0.0,7800.0
7830,2025-06-03,5162,1023,3,24,7680,0.0,7680.0
7831,2025-01-02,5409,2002,1,25,13000,650.0,12350.0
7832,2025-03-15,5308,1023,4,17,3570,178.5,3391.5
7833,2025-04-07,5061,2015,4,7,1470,73.5,1396.5
7834,2025-03-07,5097,2033,4,25,5250,0.0,5250.0
7835,2025-01-30,5394,2036,4,4,840,84.0,756.0
7836,2025-04-29,5106,1046,1,24,12480,1248.0,11232.0
7837,2025-02-22,5117,1009,3,5,1600,160.0,1440.0
7838,2025-05-12,5242,2018,1,8,4160,208.0,3952.0
7839,2025-06-21,5468,1002,2,18,7560,0.0,7560.0
7840,2025-06-26,5106,1027,2,21,8820,441.0,8379.0
7841,2025-02-11,5025,1037,4,16,3360,0.0,3360.0
7842,2025-05-07,5136,2025,2,7,2940,0.0,2940.0
7843,2025-01-24,5308,2005,3,20,6400,0.0,6400.0
7844,2025-04-08,5161,1022,4,10,2100,210.0,1890.0
7845,2025-03-19,5382,1053,2,15,6300,0.0,6300.0
7846,2025-06-12,5060,2014,4,16,3360,0.0,3360.0
7847,2025-02-23,5381,1050,2,22,9240,0.0,9240.0
7848,2025-03-06,5377,1036,1,25,13000,0.0,13000.0
7849,2025-05-08,5256,1001,4,4,840,0.0,840.0
7850,2025-06-14,5167,2020,1,20,10400,0.0,10400.0
7851,2025-01-26,5241,1011,2,9,3780,0.0,3780.0
7852,2025-01-24,5291,2019,3,17,5440,0.0,5440.0
7853,2025-04-11,5272,2025,4,3,630,63.0,567.0
7854,2025-01-13,5063,1019,3,17,5440,0.0,5440.0
7855,2025-05-11,5337,1053,2,24,10080,0.0,10080.0
7856,2025-03-23,5212,1049,4,19,3990,0.0,3990.0
7857,2025-03-14,5188,1048,4,22,4620,462.0,4158.0
7858,2025-04-30,5303,2027,3,13,4160,0.0,4160.0
7859,2025-04-25,5424,2027,1,18,9360,936.0,8424.0
7860,2025-02-16,5393,1005,2,8,3360,336.0,3024.0
7861,2025-05-11,5206,2026,1,17,8840,0.0,8840.0
7862,2025-06-27,5490,2033,1,22,11440,0.0,11440.0
7863,2025-04-21,5461,1035,1,10,5200,0.0,5200.0
7864,2025-01-03,5153,1043,2,11,4620,0.0,4620.0
7865,2025-01-11,5115,2023,1,20,10400,0.0,10400.0
7866,2025-06-10,5284,1049,4,6,1260,0.0,1260.0
7867,2025-02-25,5380,2002,3,1,320,16.0,304.0
7868,2025-03-21,5462,2032,3,17,5440,544.0,4896.0
7869,2025-06-11,5237,2005,1,5,2600,0.0,2600.0
7870,2025-05-23,5091,1038,3,10,3200,160.0,3040.0
7871,2025-01-20,5197,2006,4,18,3780,0.0,3780.0
7872,2025-06-11,5435,2027,4,8,1680,0.0,1680.0
7873,2025-03-21,5101,1045,3,3,960,0.0,960.0
7874,2025-01-13,5278,1014,1,22,11440,1144.0,10296.0
7875,2025-05-14,5316,2004,1,5,2600,0.0,2600.0
7876,2025-03-15,5415,2038,4,20,4200,0.0,4200.0
7877,2025-03-16,5109,1033,4,24,5040,0.0,5040.0
7878,2025-01-10,5089,2033,2,17,7140,0.0,7140.0
7879,2025-04-03,5102,1003,4,9,1890,0.0,1890.0
7880,2025-01-05,5187,1050,4,19,3990,0.0,3990.0
7881,2025-05-30,5458,1025,2,5,2100,0.0,2100.0
7882,2025-02-01,5325,1032,3,7,2240,224.0,2016.0
7883,2025-06-15,5140,2016,3,11,3520,0.0,3520.0
7884,2025-02-10,5037,2040,4,7,1470,73.5,1396.5
7885,2025-04-26,5477,1055,2,23,9660,0.0,9660.0
7886,2025-04-19,5434,1007,2,24,10080,504.0,9576.0
7887,2025-05-06,5183,2030,3,9,2880,0.0,2880.0
7888,2025-02-19,5386,1026,2,23,9660,483.0,9177.0
7889,2025-01-09,5367,1005,4,6,1260,0.0,1260.0
7890,2025-01-31,5236,1049,1,10,5200,520.0,4680.0
7891,2025-04-05,5219,2035,2,21,8820,882.0,7938.0
7892,2025-02-18,5464,1030,2,12,5040,504.0,4536.0
7893,2025-03-14,5186,1021,4,20,4200,0.0,4200.0
7894,2025-04-19,5310,1039,2,17,7140,0.0,7140.0
7895,2025-06-10,5138,2003,1,23,11960,1196.0,10764.0
7896,2025-06-02,5495,2024,2,10,4200,210.0,3990.0
7897,2025-05-10,5211,1015,4,15,3150,157.5,2992.5
7898,2025-05-11,5181,1013,1,13,6760,0.0,6760.0
7899,2025-04-05,5253,1015,3,18,5760,0.0,5760.0
7900,2025-01-28,5093,1056,3,3,960,48.0,912.0
7901,2025-04-09,5008,1025,3,1,320,32.0,288.0
7902,2025-06-26,5184,1001,2,19,7980,399.0,7581.0
7903,2025-01-17,5421,2002,1,25,13000,0.0,13000.0
7904,2025-06-10,5056,1019,1,21,10920,546.0,10374.0
7905,2025-01-25,5360,2028,2,23,9660,0.0,9660.0
7906,2025-03-22,5301,1058,3,25,8000,0.0,8000.0
7907,2025-01-28,5329,1030,2,24,10080,0.0,10080.0
7908,2025-06-15,5208,1033,4,21,4410,0.0,4410.0
7909,2025-01-31,5007,1055,3,8,2560,0.0,2560.0
7910,2025-03-22,5445,2006,4,3,630,0.0,630.0
7911,2025-05-21,5133,2010,2,5,2100,105.0,1995.0
7912,2025-04-01,5227,1021,4,8,1680,168.0,1512.0
7913,2025-06-30,5384,1041,2,25,10500,0.0,10500.0
7914,2025-05-08,5264,1052,4,8,1680,0.0,1680.0
7915,2025-04-20,5026,1035,2,20,8400,0.0,8400.0
7916,2025-06-12,5397,1042,3,15,4800,240.0,4560.0
7917,2025-03-21,5097,1024,1,10,5200,260.0,4940.0
7918,2025-04-10,5433,2020,4,21,4410,0.0,4410.0
7919,2025-02-27,5187,1059,4,19,3990,399.0,3591.0
7920,2025-04-13,5456,1057,3,14,4480,448.0,4032.0
7921,2025-06-09,5079,2009,3,18,5760,0.0,5760.0
7922,2025-02-07,5357,2027,3,7,2240,0.0,2240.0
7923,2025-02-09,5483,1009,1,16,8320,0.0,8320.0
7924,2025-05-21,5029,1007,2,6,2520,0.0,2520.0
7925,2025-03-03,5370,2003,4,9,1890,0.0,1890.0
7926,2025-02-08,5102,1047,1,4,2080,104.0,1976.0
7927,2025-06-27,5314,1018,1,21,10920,1092.0,9828.0
7928,2025-06-13,5043,1020,4,13,2730,136.5,2593.5
7929,2025-06-01,5044,2024,4,15,3150,157.5,2992.5
7930,2025-01-11,5227,1001,1,15,7800,0.0,7800.0
7931,2025-05-24,5476,1059,3,24,7680,0.0,7680.0
7932,2025-02-24,5139,1038,2,12,5040,504.0,4536.0
7933,2025-05-19,5126,2040,4,17,3570,178.5,3391.5
7934,2025-06-01,5417,1059,1,21,10920,0.0,10920.0
7935,2025-04-06,5216,1038,4,14,2940,0.0,2940.0
7936,2025-03-23,5413,1055,1,2,1040,0.0,1040.0
7937,2025-02-12,5302,2007,3,20,6400,0.0,6400.0
7938,2025-06-09,5340,1055,2,23,9660,0.0,9660.0
7939,2025-05-18,5444,2014,2,23,9660,0.0,9660.0
7940,2025-03-18,5090,2005,4,23,4830,0.0,4830.0
7941,2025-02-11,5097,1007,4,11,2310,115.5,2194.5
7942,2025-01-03,5281,2017,3,21,6720,672.0,6048.0
7943,2025-03-20,5105,2007,4,9,1890,94.5,1795.5
7944,2025-01-03,5232,1005,2,7,2940,0.0,2940.0
7945,2025-04-04,5146,1040,1,18,9360,0.0,9360.0
7946,2025-04-15,5274,1001,1,10,5200,520.0,4680.0
7947,2025-06-23,5271,1047,4,24,5040,252.0,4788.0
7948,2025-01-30,5161,1007,3,23,7360,368.0,6992.0
7949,2025-05-30,5264,2029,2,23,9660,0.0,9660.0
7950,2025-01-04,5286,2037,3,2,640,0.0,640.0
7951,2025-03-10,5481,2006,4,10,2100,0.0,2100.0
7952,2025-04-16,5407,1036,3,11,3520,176.0,3344.0
7953,2025-01-20,5323,1057,4,9,1890,0.0,1890.0
7954,2025-06-09,5198,2029,3,20,6400,0.0,6400.0
7955,2025-04-19,5336,1047,1,7,3640,0.0,3640.0
7956,2025-05-06,5332,1006,1,10,5200,0.0,5200.0
7957,2025-03-15,5327,1024,2,3,1260,126.0,1134.0
7958,2025-06-02,5134,1030,3,9,2880,0.0,2880.0
7959,2025-06-26,5124,1033,3,4,1280,0.0,1280.0
7960,2025-02-17,5218,1014,2,5,2100,105.0,1995.0
7961,2025-03-12,5368,1006,2,21,8820,441.0,8379.0
7962,2025-05-07,5439,2019,1,8,4160,0.0,4160.0
7963,2025-06-01,5385,1024,1,20,10400,0.0,10400.0
7964,2025-01-25,5008,2025,1,19,9880,0.0,9880.0
7965,2025-01-04,5254,1051,2,24,10080,0.0,10080.0
7966,2025-03-04,5368,1043,4,5,1050,52.5,997.5
7967,2025-02-27,5421,1028,1,3,1560,0.0,1560.0
7968,2025-06-21,5036,1045,3,13,4160,208.0,3952.0
7969,2025-06-05,5468,1013,1,2,1040,0.0,1040.0
7970,2025-05-04,5261,2005,2,23,9660,0.0,9660.0
7971,2025-02-12,5220,2006,4,21,4410,0.0,4410.0
7972,2025-02-24,5288,1050,4,6,1260,126.0,1134.0
7973,2025-02-23,5268,1010,2,21,8820,0.0,8820.0
7974,2025-04-11,5062,2037,1,8,4160,0.0,4160.0
7975,2025-06-07,5178,1038,2,4,1680,0.0,1680.0
7976,2025-04-08,5480,2001,3,4,1280,0.0,1280.0
7977,2025-01-22,5279,2037,1,23,11960,0.0,11960.0
7978,2025-05-15,5001,1040,4,10,2100,105.0,1995.0
7979,2025-01-01,5280,1029,2,17,7140,357.0,6783.0
7980,2025-06-18,5002,1002,2,12,5040,0.0,5040.0
7981,2025-04-06,5032,1053,1,20,10400,520.0,9880.0
7982,2025-02-10,5422,2033,4,14,2940,0.0,2940.0
7983,2025-03-18,5062,2031,2,21,8820,0.0,8820.0
7984,2025-06-18,5159,2033,4,21,4410,0.0,4410.0
7985,2025-05-13,5143,1009,3,22,7040,352.0,6688.0
7986,2025-03-18,5111,2014,3,10,3200,0.0,3200.0
7987,2025-05-21,5251,1011,3,5,1600,0.0,1600.0
7988,2025-04-04,5147,2039,1,17,8840,884.0,7956.0
7989,2025-06-14,5159,2002,2,2,840,0.0,840.0
7990,2025-05-10,5234,1060,2,25,10500,1050.0,9450.0
7991,2025-05-20,5409,2010,1,1,520,0.0,520.0
7992,2025-05-06,5165,2025,1,10,5200,0.0,5200.0
7993,2025-05-16,5147,1003,3,19,6080,0.0,6080.0
7994,2025-04-04,5280,1055,1,15,7800,0.0,7800.0
7995,2025-01-24,5040,2022,1,23,11960,598.0,11362.0
7996,2025-06-05,5415,1051,4,19,3990,199.5,3790.5
7997,2025-06-24,5108,1013,4,12,2520,0.0,2520.0
7998,2025-06-19,5496,2022,4,3,630,0.0,630.0
7999,2025-03-18,5473,2007,1,25,13000,0.0,13000.0
8000,2025-03-20,5329,2009,3,5,1600,0.0,1600.0
8001,2025-02-14,5443,1036,2,21,8820,0.0,8820.0
8002,2025-02-11,5377,1055,2,21,8820,0.0,8820.0
8003,2025-06-16,5482,1010,1,16,8320,416.0,7904.0
8004,2025-04-13,5020,1058,2,10,4200,0.0,4200.0
8005,2025-04-29,5215,1008,2,13,5460,0.0,5460.0
8006,2025-01-20,5490,2037,1,16,8320,832.0,7488.0
8007,2025-02-28,5464,2021,2,7,2940,0.0,2940.0
8008,2025-06-06,5260,1008,4,20,4200,420.0,3780.0
8009,2025-02-15,5059,2009,2,15,6300,630.0,5670.0
8010,2025-06-22,5210,1049,3,13,4160,0.0,4160.0
8011,2025-04-03,5127,2017,3,1,320,0.0,320.0
8012,2025-04-03,5397,1052,2,16,6720,0.0,6720.0
8013,2025-06-07,5199,1049,3,8,2560,0.0,2560.0
8014,2025-05-05,5470,1007,2,25,10500,525.0,9975.0
8015,2025-06-11,5084,1055,2,11,4620,0.0,4620.0
8016,2025-05-05,5457,1053,4,23,4830,0.0,4830.0
8017,2025-03-14,5179,2006,1,15,7800,0.0,7800.0
8018,2025-04-24,5123,2033,4,14,2940,294.0,2646.0
8019,2025-06-30,5151,1048,1,21,10920,0.0,10920.0
8020,2025-05-15,5011,2031,2,22,9240,0.0,9240.0
8021,2025-04-06,5389,1037,1,8,4160,0.0,4160.0
8022,2025-04-29,5369,2035,3,11,3520,0.0,3520.0
8023,2025-02-27,5141,2024,2,8,3360,0.0,3360.0
8024,2025-05-21,5090,1048,4,16,3360,0.0,3360.0
8025,2025-04-21,5243,1019,2,4,1680,0.0,1680.0
8026,2025-02-10,5363,1041,4,23,4830,0.0,4830.0
8027,2025-04-11,5467,1028,1,17,8840,0.0,8840.0
8028,2025-05-11,5360,2027,3,13,4160,416.0,3744.0
8029,2025-01-26,5051,2025,3,25,8000,0.0,8000.0
8030,2025-03-24,5248,1043,4,23,4830,241.5,4588.5
8031,2025-01-28,5134,2022,4,22,4620,231.0,4389.0
8032,2025-06-24,5051,1031,1,11,5720,286.0,5434.0
8033,2025-05-25,5309,1019,2,24,10080,0.0,10080.0
8034,2025-03-25,5043,1053,2,1,420,0.0,420.0
8035,2025-04-25,5400,1060,3,6,1920,192.0,1728.0
8036,2025-04-05,5289,1011,3,6,1920,192.0,1728.0
8037,2025-06-19,5290,2039,4,24,5040,0.0,5040.0
8038,2025-02-12,5095,1046,2,17,7140,714.0,6426.0
8039,2025-04-02,5315,1016,4,15,3150,315.0,2835.0
8040,2025-02-11,5328,1023,3,14,4480,224.0,4256.0
8041,2025-06-06,5246,1018,4,23,4830,0.0,4830.0
8042,2025-03-29,5255,1052,1,8,4160,0.0,4160.0
8043,2025-01-03,5277,2025,1,7,3640,0.0,3640.0
8044,2025-01-13,5103,1025,4,13,2730,0.0,2730.0
8045,2025-04-14,5424,1005,4,9,1890,94.5,1795.5
8046,2025-02-01,5461,1017,1,25,13000,0.0,13000.0
8047,2025-01-04,5312,1013,3,16,5120,512.0,4608.0
8048,2025-04-03,5005,2036,3,20,6400,320.0,6080.0
8049,2025-02-26,5263,1058,2,14,5880,294.0,5586.0
8050,2025-05-25,5317,2035,4,10,2100,0.0,2100.0
8051,2025-01-23,5354,1038,1,16,8320,0.0,8320.0
8052,2025-05-20,5195,2010,3,22,7040,0.0,7040.0
8053,2025-04-25,5011,1041,3,19,6080,0.0,6080.0
8054,2025-06-05,5471,1016,1,2,1040,104.0,936.0
8055,2025-02-24,5432,1051,3,5,1600,160.0,1440.0
8056,2025-04-30,5261,1056,2,4,1680,0.0,1680.0
8057,2025-05-22,5154,1048,1,10,5200,520.0,4680.0
8058,2025-01-07,5486,1051,4,15,3150,315.0,2835.0
8059,2025-01-11,5167,1046,3,5,1600,0.0,1600.0
8060,2025-01-25,5119,1008,1,14,7280,0.0,7280.0
8061,2025-06-29,5121,1026,3,22,7040,0.0,7040.0
8062,2025-03-30,5214,1048,3,1,320,0.0,320.0
8063,2025-06-18,5500,2002,2,25,10500,1050.0,9450.0
8064,2025-02-25,5448,1030,1,5,2600,0.0,2600.0
8065,2025-03-03,5418,2025,3,13,4160,208.0,3952.0
8066,2025-03-04,5248,1053,1,8,4160,0.0,4160.0
8067,2025-05-03,5215,2024,4,15,3150,0.0,3150.0
8068,2025-02-08,5240,2033,1,24,12480,0.0,12480.0
8069,2025-04-26,5440,2031,2,12,5040,0.0,5040.0
8070,2025-05-29,5355,2014,4,15,3150,0.0,3150.0
8071,2025-02-19,5207,1012,4,3,630,0.0,630.0
8072,2025-02-02,5315,1032,2,23,9660,0.0,9660.0
8073,2025-01-20,5488,1042,4,8,1680,168.0,1512.0
8074,2025-04-13,5444,2008,4,11,2310,0.0,2310.0
8075,2025-06-18,5412,1026,3,1,320,0.0,320.0
8076,2025-05-25,5478,1033,3,12,3840,0.0,3840.0
8077,2025-04-15,5264,1045,3,11,3520,0.0,3520.0
8078,2025-05-18,5020,2039,3,16,5120,512.0,4608.0
8079,2025-03-01,5280,1057,2,19,7980,0.0,7980.0
8080,2025-01-14,5133,1010,4,25,5250,262.5,4987.5
8081,2025-01-11,5244,2032,1,15,7800,0.0,7800.0
8082,2025-03-02,5131,2017,3,24,7680,0.0,7680.0
8083,2025-06-01,5014,2015,1,12,6240,312.0,5928.0
8084,2025-04-06,5489,1049,2,11,4620,0.0,4620.0
8085,2025-03-12,5046,1003,2,5,2100,0.0,2100.0
8086,2025-04-23,5084,1009,2,19,7980,399.0,7581.0
8087,2025-04-23,5451,1025,3,5,1600,0.0,1600.0
8088,2025-01-08,5360,1018,1,23,11960,598.0,11362.0
8089,2025-06-20,5373,1036,4,24,5040,0.0,5040.0
8090,2025-03-28,5345,2028,1,1,520,26.0,494.0
8091,2025-03-31,5173,1006,2,4,1680,0.0,1680.0
8092,2025-03-05,5490,1038,4,10,2100,105.0,1995.0
8093,2025-04-17,5189,1060,4,13,2730,273.0,2457.0
8094,2025-05-01,5481,2020,2,2,840,84.0,756.0
8095,2025-05-10,5306,1039,4,6,1260,0.0,1260.0
8096,2025-06-15,5366,1030,4,15,3150,0.0,3150.0
8097,2025-06-25,5186,1022,3,2,640,0.0,640.0
8098,2025-06-26,5341,2011,4,13,2730,136.5,2593.5
8099,2025-04-16,5156,1054,3,20,6400,640.0,5760.0
8100,2025-03-05,5166,2009,2,8,3360,0.0,3360.0
8101,2025-01-07,5386,2002,1,22,11440,0.0,11440.0
8102,2025-02-24,5388,1005,1,6,3120,0.0,3120.0
8103,2025-05-03,5356,1012,1,19,9880,494.0,9386.0
8104,2025-01-11,5403,1028,2,9,3780,0.0,3780.0
8105,2025-03-17,5208,1045,3,5,1600,0.0,1600.0
8106,2025-02-06,5165,2030,4,16,3360,0.0,3360.0
8107,2025-03-27,5078,2028,4,7,1470,0.0,1470.0
8108,2025-01-12,5309,1055,4,21,4410,0.0,4410.0
8109,2025-02-14,5270,1054,3,24,7680,0.0,7680.0
8110,2025-06-13,5356,2002,1,3,1560,78.0,1482.0
8111,2025-03-18,5299,2009,1,11,5720,0.0,5720.0
8112,2025-05-15,5477,2008,2,16,6720,672.0,6048.0
8113,2025-01-22,5340,2012,1,4,2080,208.0,1872.0
8114,2025-04-08,5452,2037,4,3,630,0.0,630.0
8115,2025-06-01,5259,2028,4,18,3780,0.0,3780.0
8116,2025-04-19,5210,1053,2,5,2100,105.0,1995.0
8117,2025-06-02,5341,1039,4,6,1260,126.0,1134.0
8118,2025-02-12,5407,1032,3,11,3520,176.0,3344.0
8119,2025-06-07,5230,1039,3,12,3840,192.0,3648.0
8120,2025-03-06,5216,1046,1,15,7800,0.0,7800.0
8121,2025-01-04,5070,2038,2,23,9660,0.0,9660.0
8122,2025-01-29,5458,1056,4,2,420,21.0,399.0
8123,2025-01-02,5072,1041,1,22,11440,0.0,11440.0
8124,2025-05-18,5112,1031,2,23,9660,0.0,9660.0
8125,2025-04-27,5276,2001,3,17,5440,272.0,5168.0
8126,2025-06-07,5141,1029,2,17,7140,0.0,7140.0
8127,2025-01-26,5239,1004,2,19,7980,0.0,7980.0
8128,2025-06-08,5469,2003,4,23,4830,0.0,4830.0
8129,2025-02-10,5136,1001,1,16,8320,0.0,8320.0
8130,2025-04-10,5147,2037,4,21,4410,441.0,3969.0
8131,2025-05-21,5173,2022,4,9,1890,0.0,1890.0
8132,2025-04-30,5397,1047,3,15,4800,0.0,4800.0
8133,2025-03-10,5379,2005,2,10,4200,0.0,4200.0
8134,2025-02-08,5466,1050,2,18,7560,0.0,7560.0
8135,2025-04-07,5416,1023,3,11,3520,176.0,3344.0
8136,2025-06-12,5320,1029,4,9,1890,0.0,1890.0
8137,2025-04-05,5123,2021,2,7,2940,294.0,2646.0
8138,2025-03-21,5372,1019,2,13,5460,0.0,5460.0
8139,2025-06-14,5252,1056,1,16,8320,0.0,8320.0
8140,2025-01-25,5364,1011,1,1,520,52.0,468.0
8141,2025-06-01,5362,2007,3,10,3200,320.0,2880.0
8142,2025-05-15,5423,2017,1,24,12480,0.0,12480.0
8143,2025-05-25,5095,1012,3,25,8000,800.0,7200.0
8144,2025-01-31,5453,1044,3,13,4160,416.0,3744.0
8145,2025-04-10,5438,2025,1,19,9880,0.0,9880.0
8146,2025-04-25,5351,1009,2,12,5040,0.0,5040.0
8147,2025-03-19,5169,1002,4,2,420,0.0,420.0
8148,2025-03-09,5103,1002,3,3,960,96.0,864.0
8149,2025-04-24,5462,1051,3,14,4480,448.0,4032.0
8150,2025-04-19,5092,2031,1,16,8320,0.0,8320.0
8151,2025-04-04,5352,2014,2,4,1680,168.0,1512.0
8152,2025-04-18,5474,2022,2,18,7560,0.0,7560.0
8153,2025-06-17,5105,1010,1,24,12480,0.0,12480.0
8154,2025-04-22,5282,1031,4,2,420,21.0,399.0
8155,2025-06-29,5001,2016,1,20,10400,1040.0,9360.0
8156,2025-02-24,5089,1017,1,16,8320,0.0,8320.0
8157,2025-01-04,5370,2006,2,11,4620,462.0,4158.0
8158,2025-04-28,5395,2018,4,7,1470,147.0,1323.0
8159,2025-02-03,5189,2010,4,18,3780,378.0,3402.0
8160,2025-03-17,5138,2037,1,17,8840,0.0,8840.0
8161,2025-03-22,5034,1027,2,18,7560,0.0,7560.0
8162,2025-04-30,5048,2003,2,25,10500,1050.0,9450.0
8163,2025-02-18,5259,2030,1,9,4680,0.0,4680.0
8164,2025-01-22,5187,2030,3,25,8000,400.0,7600.0
8165,2025-06-21,5125,2011,2,9,3780,0.0,3780.0
8166,2025-05-02,5365,1023,1,15,7800,0.0,7800.0
8167,2025-04-03,5410,1032,2,20,8400,0.0,8400.0
8168,2025-01-23,5489,1040,3,18,5760,0.0,5760.0
8169,2025-02-08,5018,1058,1,24,12480,1248.0,11232.0
8170,2025-04-27,5028,1026,4,13,2730,273.0,2457.0
8171,2025-02-08,5401,1029,1,25,13000,0.0,13000.0
8172,2025-05-21,5330,1019,2,17,7140,0.0,7140.0
8173,2025-01-29,5351,1031,1,3,1560,78.0,1482.0
8174,2025-01-08,5226,2028,4,10,2100,0.0,2100.0
8175,2025-02-16,5459,1055,1,3,1560,0.0,1560.0
8176,2025-04-18,5265,2030,2,6,2520,126.0,2394.0
8177,2025-04-12,5314,1025,3,13,4160,0.0,4160.0
8178,2025-05-20,5441,2024,3,21,6720,0.0,6720.0
8179,2025-05-16,5088,2031,1,16,8320,0.0,8320.0
8180,2025-01-25,5347,2003,4,7,1470,0.0,1470.0
8181,2025-06-29,5459,1015,2,10,4200,210.0,3990.0
8182,2025-04-13,5498,2030,4,25,5250,0.0,5250.0
8183,2025-04-21,5292,2022,1,12,6240,0.0,6240.0
8184,2025-03-13,5083,2015,3,3,960,0.0,960.0
8185,2025-04-08,5156,1044,2,14,5880,588.0,5292.0
8186,2025-04-22,5141,1016,2,17,7140,0.0,7140.0
8187,2025-03-24,5253,1021,2,11,4620,231.0,4389.0
8188,2025-03-18,5379,1057,2,22,9240,0.0,9240.0
8189,2025-02-16,5173,1017,4,16,3360,0.0,3360.0
8190,2025-04-29,5331,2023,3,1,320,32.0,288.0
8191,2025-02-28,5023,1033,2,17,7140,0.0,7140.0
8192,2025-05-16,5099,2012,1,6,3120,0.0,3120.0
8193,2025-06-12,5010,1017,1,3,1560,78.0,1482.0
8194,2025-04-16,5348,1052,2,17,7140,0.0,7140.0
8195,2025-04-09,5455,1008,3,5,1600,160.0,1440.0
8196,2025-01-02,5257,1033,2,10,4200,0.0,4200.0
8197,2025-06-29,5312,2037,2,22,9240,0.0,9240.0
8198,2025-03-23,5293,2037,2,8,3360,0.0,3360.0
8199,2025-05-11,5062,1048,4,8,1680,0.0,1680.0
8200,2025-02-05,5383,2002,4,6,1260,126.0,1134.0
8201,2025-04-11,5251,1054,3,22,7040,704.0,6336.0
8202,2025-06-21,5059,1024,1,9,4680,234.0,4446.0
8203,2025-05-13,5056,1058,3,25,8000,0.0,8000.0
8204,2025-03-20,5405,2024,4,9,1890,189.0,1701.0
8205,2025-03-10,5356,2016,1,11,5720,572.0,5148.0
8206,2025-06-20,5447,1025,4,14,2940,0.0,2940.0
8207,2025-03-16,5489,1024,1,23,11960,0.0,11960.0
8208,2025-03-05,5387,1004,4,18,3780,0.0,3780.0
8209,2025-03-01,5094,1017,2,2,840,84.0,756.0
8210,2025-05-16,5169,1033,3,7,2240,0.0,2240.0
8211,2025-05-22,5451,2038,4,14,2940,147.0,2793.0
8212,2025-06-19,5151,1047,3,14,4480,0.0,4480.0
8213,2025-03-06,5209,1042,2,7,2940,0.0,2940.0
8214,2025-01-02,5278,2030,4,14,2940,294.0,2646.0
8215,2025-05-24,5066,2036,4,18,3780,0.0,3780.0
8216,2025-02-16,5032,2009,3,10,3200,0.0,3200.0
8217,2025-04-12,5266,2011,4,7,1470,0.0,1470.0
8218,2025-04-23,5086,2009,4,2,420,0.0,420.0
8219,2025-02-19,5243,1040,2,13,5460,0.0,5460.0
8220,2025-06-27,5010,2006,1,10,5200,0.0,5200.0
8221,2025-06-13,5044,2033,1,24,12480,624.0,11856.0
8222,2025-06-30,5117,1010,3,15,4800,480.0,4320.0
8223,2025-05-12,5394,2028,4,15,3150,315.0,2835.0
8224,2025-06-12,5127,2022,4,16,3360,0.0,3360.0
8225,2025-02-24,5293,1002,2,19,7980,399.0,7581.0
8226,2025-01-30,5171,2027,1,8,4160,0.0,4160.0
8227,2025-06-01,5144,1034,3,12,3840,384.0,3456.0
8228,2025-02-25,5119,2007,4,3,630,0.0,630.0
8229,2025-03-30,5222,1044,3,4,1280,0.0,1280.0
8230,2025-06-25,5356,2025,1,23,11960,0.0,11960.0
8231,2025-06-06,5423,2020,3,14,4480,0.0,4480.0
8232,2025-01-28,5161,2008,2,7,2940,147.0,2793.0
8233,2025-06-12,5229,2020,4,10,2100,0.0,2100.0
8234,2025-05-09,5375,2005,3,25,8000,0.0,8000.0
8235,2025-06-22,5342,1024,1,3,1560,156.0,1404.0
8236,2025-06-15,5295,1029,4,4,840,0.0,840.0
8237,2025-01-29,5366,1055,3,15,4800,0.0,4800.0
8238,2025-02-02,5207,2024,1,2,1040,0.0,1040.0
8239,2025-04-07,5011,1008,3,17,5440,272.0,5168.0
8240,2025-06-11,5079,1027,1,9,4680,468.0,4212.0
8241,2025-02-09,5117,1030,2,2,840,84.0,756.0
8242,2025-06-17,5181,1041,2,4,1680,0.0,1680.0
8243,2025-05-15,5133,1048,4,12,2520,0.0,2520.0
8244,2025-06-20,5331,1023,2,25,10500,0.0,10500.0
8245,2025-04-23,5170,1027,3,23,7360,0.0,7360.0
8246,2025-02-15,5192,1012,3,5,1600,160.0,1440.0
8247,2025-01-16,5496,1009,3,7,2240,112.0,2128.0
8248,2025-03-25,5452,2028,3,17,5440,544.0,4896.0
8249,2025-01-20,5271,1008,4,12,2520,0.0,2520.0
8250,2025-05-01,5101,2022,4,4,840,84.0,756.0
8251,2025-04-14,5365,1045,4,3,630,31.5,598.5
8252,2025-03-08,5421,1056,4,22,4620,0.0,4620.0
8253,2025-01-02,5166,1011,2,8,3360,0.0,3360.0
8254,2025-05-01,5358,1038,1,17,8840,0.0,8840.0
8255,2025-04-09,5013,2025,4,4,840,84.0,756.0
8256,2025-04-28,5265,1048,4,3,630,31.5,598.5
8257,2025-04-15,5413,2003,3,1,320,16.0,304.0
8258,2025-05-07,5402,1045,2,13,5460,546.0,4914.0
8259,2025-05-27,5084,1004,1,24,12480,0.0,12480.0
8260,2025-03-29,5027,1027,1,4,2080,104.0,1976.0
8261,2025-02-09,5474,2039,4,13,2730,0.0,2730.0
8262,2025-04-18,5331,1026,2,20,8400,0.0,8400.0
8263,2025-05-30,5440,2003,2,3,1260,126.0,1134.0
8264,2025-05-11,5154,1059,1,1,520,26.0,494.0
8265,2025-05-18,5332,1026,3,13,4160,416.0,3744.0
8266,2025-04-15,5189,2040,1,3,1560,156.0,1404.0
8267,2025-06-25,5437,2035,1,3,1560,156.0,1404.0
8268,2025-01-17,5176,1060,1,10,5200,0.0,5200.0
8269,2025-03-07,5376,2017,3,8,2560,0.0,2560.0
8270,2025-02-16,5095,1048,4,7,1470,0.0,1470.0
8271,2025-04-22,5229,1034,3,3,960,0.0,960.0
8272,2025-03-01,5478,2027,1,4,2080,208.0,1872.0
8273,2025-05-17,5323,1008,2,3,1260,63.0,1197.0
8274,2025-03-14,5397,1052,2,5,2100,105.0,1995.0
8275,2025-04-26,5447,2020,1,13,6760,0.0,6760.0
8276,2025-05-30,5120,1014,2,2,840,84.0,756.0
8277,2025-01-18,5179,2038,4,18,3780,0.0,3780.0
8278,2025-06-09,5031,2023,2,11,4620,0.0,4620.0
8279,2025-06-27,5487,2014,3,11,3520,0.0,3520.0
8280,2025-02-15,5456,1030,1,11,5720,0.0,5720.0
8281,2025-03-09,5095,1056,4,16,3360,0.0,3360.0
8282,2025-06-25,5282,2005,4,16,3360,168.0,3192.0
8283,2025-04-16,5249,1003,3,24,7680,0.0,7680.0
8284,2025-05-20,5032,1019,3,2,640,32.0,608.0
8285,2025-04-19,5046,1028,2,3,1260,0.0,1260.0
8286,2025-03-11,5057,1020,1,20,10400,1040.0,9360.0
8287,2025-03-20,5256,1045,2,11,4620,0.0,4620.0
8288,2025-05-24,5494,1037,4,1,210,0.0,210.0
8289,2025-02-26,5021,2014,3,25,8000,400.0,7600.0
8290,2025-04-08,5404,2020,3,10,3200,0.0,3200.0
8291,2025-04-15,5356,1014,2,20,8400,0.0,8400.0
8292,2025-04-23,5165,2030,1,17,8840,0.0,8840.0
8293,2025-04-06,5500,2022,2,25,10500,0.0,10500.0
8294,2025-03-12,5255,2016,2,8,3360,0.0,3360.0
8295,2025-04-28,5098,2015,3,18,5760,288.0,5472.0
8296,2025-01-08,5009,1055,2,18,7560,0.0,7560.0
8297,2025-04-05,5251,2003,3,23,7360,0.0,7360.0
8298,2025-05-03,5427,1026,4,8,1680,84.0,1596.0
8299,2025-01-07,5445,1015,1,23,11960,0.0,11960.0
8300,2025-05-09,5316,1029,2,10,4200,0.0,4200.0
8301,2025-03-25,5455,1038,3,5,1600,0.0,1600.0
8302,2025-06-24,5420,1011,4,1,210,10.5,199.5
8303,2025-03-17,5467,2027,1,2,1040,0.0,1040.0
8304,2025-02-01,5459,1010,4,3,630,0.0,630.0
8305,2025-02-11,5192,2038,1,2,1040,0.0,1040.0
8306,2025-06-15,5087,2013,2,10,4200,0.0,4200.0
8307,2025-06-17,5072,1011,2,4,1680,168.0,1512.0
8308,2025-04-06,5486,2002,2,13,5460,0.0,5460.0
8309,2025-02-09,5204,2005,2,23,9660,483.0,9177.0
8310,2025-03-09,5056,2002,3,17,5440,272.0,5168.0
8311,2025-03-20,5369,2038,1,15,7800,780.0,7020.0
8312,2025-02-03,5149,1021,2,9,3780,189.0,3591.0
8313,2025-05-21,5213,1047,1,3,1560,0.0,1560.0
8314,2025-06-23,5491,2036,1,5,2600,130.0,2470.0
8315,2025-03-31,5107,2002,3,12,3840,0.0,3840.0
8316,2025-01-30,5489,1046,1,1,520,0.0,520.0
8317,2025-02-12,5203,1031,4,23,4830,483.0,4347.0
8318,2025-06-11,5495,1029,4,5,1050,0.0,1050.0
8319,2025-04-10,5129,1049,3,7,2240,112.0,2128.0
8320,2025-03-05,5250,1040,2,22,9240,462.0,8778.0
8321,2025-02-26,5356,2036,4,15,3150,0.0,3150.0
8322,2025-01-07,5075,1056,3,21,6720,0.0,6720.0
8323,2025-04-16,5173,2020,2,6,2520,0.0,2520.0
8324,2025-02-13,5055,1047,1,9,4680,468.0,4212.0
8325,2025-05-30,5454,1014,3,24,7680,0.0,7680.0
8326,2025-04-22,5483,1047,1,14,7280,728.0,6552.0
8327,2025-06-26,5495,2004,1,16,8320,0.0,8320.0
8328,2025-01-28,5377,2026,3,1,320,0.0,320.0
8329,2025-01-11,5120,2035,2,12,5040,252.0,4788.0
8330,2025-02-17,5297,1048,1,25,13000,650.0,12350.0
8331,2025-06-20,5325,2035,3,9,2880,144.0,2736.0
8332,2025-05-13,5382,1055,2,19,7980,0.0,7980.0
8333,2025-06-27,5345,1005,2,14,5880,588.0,5292.0
8334,2025-05-06,5156,1015,1,10,5200,0.0,5200.0
8335,2025-01-06,5469,1024,1,25,13000,1300.0,11700.0
8336,2025-05-06,5465,1040,4,17,3570,357.0,3213.0
8337,2025-06-06,5116,1031,4,5,1050,0.0,1050.0
8338,2025-05-08,5366,1019,1,18,9360,936.0,8424.0
8339,2025-04-05,5254,2027,1,22,11440,0.0,11440.0
8340,2025-05-14,5175,1053,3,24,7680,0.0,7680.0
8341,2025-02-04,5459,2014,2,7,2940,0.0,2940.0
8342,2025-03-18,5179,1055,3,14,4480,0.0,4480.0
8343,2025-03-19,5137,1029,3,14,4480,0.0,4480.0
8344,2025-03-22,5094,1057,2,15,6300,315.0,5985.0
8345,2025-03-17,5089,2037,1,6,3120,156.0,2964.0
8346,2025-02-22,5355,1034,3,11,3520,0.0,3520.0
8347,2025-06-01,5324,1052,1,21,10920,1092.0,9828.0
8348,2025-04-16,5470,1057,4,17,3570,0.0,3570.0
8349,2025-05-31,5266,1009,1,8,4160,0.0,4160.0
8350,2025-05-21,5209,1053,3,8,2560,128.0,2432.0
8351,2025-02-14,5154,2012,3,22,7040,0.0,7040.0
8352,2025-01-19,5397,2012,4,16,3360,336.0,3024.0
8353,2025-05-11,5395,1008,4,4,840,84.0,756.0
8354,2025-03-24,5019,1002,1,11,5720,0.0,5720.0
8355,2025-01-21,5301,2003,3,15,4800,0.0,4800.0
8356,2025-01-27,5295,1033,2,23,9660,0.0,9660.0
8357,2025-03-28,5052,1051,1,11,5720,0.0,5720.0
8358,2025-05-01,5152,1060,3,5,1600,0.0,1600.0
8359,2025-03-26,5488,1027,2,19,7980,0.0,7980.0
8360,2025-03-26,5310,1056,4,11,2310,231.0,2079.0
8361,2025-02-14,5391,2011,2,11,4620,231.0,4389.0
8362,2025-04-30,5490,1031,3,6,1920,0.0,1920.0
8363,2025-06-24,5058,1004,2,13,5460,0.0,5460.0
8364,2025-05-22,5379,1046,3,15,4800,240.0,4560.0
8365,2025-05-26,5084,2015,3,14,4480,0.0,4480.0
8366,2025-03-21,5224,1057,2,19,7980,798.0,7182.0
8367,2025-01-16,5340,1015,1,9,4680,468.0,4212.0
8368,2025-04-21,5049,2020,2,15,6300,630.0,5670.0
8369,2025-06-18,5262,2008,1,21,10920,1092.0,9828.0
8370,2025-05-06,5353,1018,2,21,8820,882.0,7938.0
8371,2025-06-23,5299,1060,3,4,1280,0.0,1280.0
8372,2025-05-23,5316,1015,3,3,960,0.0,960.0
8373,2025-03-10,5427,1057,4,3,630,63.0,567.0
8374,2025-03-16,5138,1014,2,1,420,42.0,378.0
8375,2025-01-02,5473,2033,4,21,4410,441.0,3969.0
8376,2025-03-18,5217,1035,4,8,1680,0.0,1680.0
8377,2025-03-13,5475,1015,3,13,4160,416.0,3744.0
8378,2025-03-24,5102,1042,2,13,5460,546.0,4914.0
8379,2025-01-25,5474,1024,2,24,10080,1008.0,9072.0
8380,2025-04-20,5473,2011,4,15,3150,157.5,2992.5
8381,2025-03-14,5412,2004,4,8,1680,0.0,1680.0
8382,2025-02-02,5303,1034,2,7,2940,0.0,2940.0
8383,2025-06-02,5281,2030,4,25,5250,262.5,4987.5
8384,2025-05-18,5435,1054,3,5,1600,0.0,1600.0
8385,2025-03-18,5106,1009,2,9,3780,0.0,3780.0
8386,2025-02-27,5180,1035,3,15,4800,0.0,4800.0
8387,2025-01-14,5122,1018,1,11,5720,0.0,5720.0
8388,2025-01-15,5121,2010,3,21,6720,336.0,6384.0
8389,2025-04-19,5427,2018,1,3,1560,0.0,1560.0
8390,2025-01-19,5391,1042,3,6,1920,0.0,1920.0
8391,2025-05-26,5256,2024,4,5,1050,0.0,1050.0
8392,2025-03-26,5071,1025,2,1,420,21.0,399.0
8393,2025-05-09,5170,2020,3,21,6720,0.0,6720.0
8394,2025-05-21,5008,1051,1,2,1040,0.0,1040.0
8395,2025-01-04,5027,1044,2,5,2100,0.0,2100.0
8396,2025-05-01,5075,1042,3,23,7360,0.0,7360.0
8397,2025-03-18,5496,2017,1,3,1560,0.0,1560.0
8398,2025-02-21,5324,1026,1,15,7800,0.0,7800.0
8399,2025-02-13,5288,1038,1,8,4160,0.0,4160.0
8400,2025-02-23,5054,1019,2,25,10500,525.0,9975.0
8401,2025-04-11,5019,1030,4,5,1050,0.0,1050.0
8402,2025-01-20,5370,2012,1,6,3120,0.0,3120.0
8403,2025-06-06,5269,1041,1,5,2600,130.0,2470.0
8404,2025-06-22,5354,1038,2,18,7560,0.0,7560.0
8405,2025-06-04,5081,1052,2,25,10500,0.0,10500.0
8406,2025-02-15,5012,2024,4,11,2310,231.0,2079.0
8407,2025-03-18,5196,1036,1,22,11440,0.0,11440.0
8408,2025-02-24,5234,1021,2,5,2100,0.0,2100.0
8409,2025-04-24,5388,2017,4,18,3780,0.0,3780.0
8410,2025-05-31,5137,2023,4,12,2520,126.0,2394.0
8411,2025-03-13,5257,1036,4,11,2310,115.5,2194.5
8412,2025-06-14,5275,2013,2,9,3780,0.0,3780.0
8413,2025-06-12,5097,1024,4,18,3780,378.0,3402.0
8414,2025-03-12,5338,1008,1,24,12480,1248.0,11232.0
8415,2025-04-28,5268,2010,3,16,5120,0.0,5120.0
8416,2025-01-23,5447,1006,4,2,420,42.0,378.0
8417,2025-04-08,5242,2009,1,23,11960,0.0,11960.0
8418,2025-03-31,5006,2005,1,25,13000,0.0,13000.0
8419,2025-01-14,5427,1002,4,3,630,0.0,630.0
8420,2025-02-09,5317,1059,2,18,7560,378.0,7182.0
8421,2025-06-21,5417,1047,3,23,7360,736.0,6624.0
8422,2025-01-14,5434,2019,2,23,9660,966.0,8694.0
8423,2025-01-09,5152,1008,4,9,1890,0.0,1890.0
8424,2025-02-14,5453,1009,2,1,420,0.0,420.0
8425,2025-06-15,5018,2016,1,22,11440,0.0,11440.0
8426,2025-02-15,5278,1013,1,20,10400,0.0,10400.0
8427,2025-04-02,5219,2027,2,4,1680,168.0,1512.0
8428,2025-04-04,5010,1035,3,24,7680,384.0,7296.0
8429,2025-03-25,5175,1019,4,16,3360,0.0,3360.0
8430,2025-05-12,5375,1046,4,6,1260,0.0,1260.0
8431,2025-01-30,5264,2039,4,17,3570,0.0,3570.0
8432,2025-03-12,5255,2015,4,1,210,21.0,189.0
8433,2025-04-22,5196,1027,2,11,4620,231.0,4389.0
8434,2025-01-30,5468,2033,3,13,4160,416.0,3744.0
8435,2025-05-16,5197,2027,2,4,1680,0.0,1680.0
8436,2025-01-05,5319,1033,2,20,8400,840.0,7560.0
8437,2025-05-26,5288,2034,1,17,8840,884.0,7956.0
8438,2025-03-30,5007,2009,1,11,5720,0.0,5720.0
8439,2025-05-06,5265,1026,3,24,7680,768.0,6912.0
8440,2025-02-20,5385,2003,1,21,10920,0.0,10920.0
8441,2025-01-22,5004,1002,3,1,320,0.0,320.0
8442,2025-01-29,5477,1029,3,5,1600,160.0,1440.0
8443,2025-01-01,5460,1031,1,7,3640,364.0,3276.0
8444,2025-01-28,5054,2032,1,20,10400,0.0,10400.0
8445,2025-01-05,5466,1034,3,2,640,0.0,640.0
8446,2025-06-23,5352,1036,2,22,9240,0.0,9240.0
8447,2025-06-02,5047,2001,1,25,13000,0.0,13000.0
8448,2025-02-23,5290,1034,4,2,420,42.0,378.0
8449,2025-03-10,5436,2026,3,18,5760,288.0,5472.0
8450,2025-06-30,5379,1055,2,11,4620,0.0,4620.0
8451,2025-03-06,5205,1005,4,10,2100,0.0,2100.0
8452,2025-05-03,5126,1056,1,18,9360,468.0,8892.0
8453,2025-03-30,5133,1021,3,20,6400,320.0,6080.0
8454,2025-05-26,5171,2033,3,23,7360,0.0,7360.0
8455,2025-03-02,5221,1056,1,17,8840,0.0,8840.0
8456,2025-06-30,5425,2003,3,1,320,16.0,304.0
8457,2025-01-22,5010,1052,2,10,4200,0.0,4200.0
8458,2025-01-17,5101,1020,3,14,4480,224.0,4256.0
8459,2025-02-19,5460,2022,4,23,4830,0.0,4830.0
8460,2025-03-04,5169,1047,4,13,2730,0.0,2730.0
8461,2025-06-18,5210,1030,1,9,4680,234.0,4446.0
8462,2025-02-20,5414,1004,3,24,7680,384.0,7296.0
8463,2025-06-05,5001,2030,3,22,7040,0.0,7040.0
8464,2025-04-08,5416,2038,2,11,4620,0.0,4620.0
8465,2025-06-19,5473,2015,4,23,4830,483.0,4347.0
8466,2025-05-13,5329,1019,2,7,2940,0.0,2940.0
8467,2025-02-02,5082,1032,2,7,2940,0.0,2940.0
8468,2025-06-26,5067,1005,4,1,210,0.0,210.0
8469,2025-04-04,5224,1001,4,9,1890,0.0,1890.0
8470,2025-02-06,5229,1060,1,7,3640,0.0,3640.0
8471,2025-05-15,5149,2018,3,17,5440,544.0,4896.0
8472,2025-01-07,5293,2027,1,13,6760,676.0,6084.0
8473,2025-06-12,5219,2036,2,1,420,0.0,420.0
8474,2025-06-24,5367,1034,2,8,3360,0.0,3360.0
8475,2025-06-15,5208,1003,2,10,4200,420.0,3780.0
8476,2025-02-19,5276,1030,3,18,5760,0.0,5760.0
8477,2025-04-29,5343,1015,1,10,5200,0.0,5200.0
8478,2025-05-13,5496,1049,4,25,5250,0.0,5250.0
8479,2025-06-17,5427,1024,1,1,520,26.0,494.0
8480,2025-03-06,5293,2007,2,2,840,0.0,840.0
8481,2025-05-31,5185,2015,3,9,2880,288.0,2592.0
8482,2025-01-26,5202,1045,2,4,1680,0.0,1680.0
8483,2025-06-12,5017,1051,2,9,3780,0.0,3780.0
8484,2025-05-11,5077,1012,4,12,2520,126.0,2394.0
8485,2025-05-02,5017,2034,4,21,4410,441.0,3969.0
8486,2025-05-30,5312,1031,4,3,630,0.0,630.0
8487,2025-06-19,5364,2034,3,1,320,0.0,320.0
8488,2025-04-30,5215,2019,1,12,6240,0.0,6240.0
8489,2025-01-25,5486,2035,1,25,13000,0.0,13000.0
8490,2025-04-26,5236,2028,4,19,3990,0.0,3990.0
8491,2025-02-14,5141,2034,4,7,1470,147.0,1323.0
8492,2025-05-04,5059,1059,3,9,2880,0.0,2880.0
8493,2025-03-03,5003,1012,2,25,10500,0.0,10500.0
8494,2025-04-26,5004,1039,1,19,9880,0.0,9880.0
8495,2025-01-15,5094,2006,1,1,520,26.0,494.0
8496,2025-03-17,5333,2039,4,8,1680,168.0,1512.0
8497,2025-04-19,5092,2021,1,25,13000,0.0,13000.0
8498,2025-06-16,5428,1023,2,5,2100,0.0,2100.0
8499,2025-02-03,5074,2026,3,12,3840,192.0,3648.0
8500,2025-03-19,5374,1024,2,20,8400,0.0,8400.0
8501,2025-02-17,5245,1007,3,23,7360,0.0,7360.0
8502,2025-03-07,5360,1050,3,23,7360,736.0,6624.0
8503,2025-05-05,5298,2038,1,9,4680,0.0,4680.0
8504,2025-02-17,5243,1033,1,7,3640,182.0,3458.0
8505,2025-05-28,5005,2012,3,17,5440,0.0,5440.0
8506,2025-05-20,5144,1043,4,4,840,84.0,756.0
8507,2025-05-01,5438,2031,1,9,4680,0.0,4680.0
8508,2025-04-11,5374,2036,1,4,2080,0.0,2080.0
8509,2025-06-26,5441,1011,4,25,5250,0.0,5250.0
8510,2025-02-18,5150,1013,3,3,960,0.0,960.0
8511,2025-06-19,5450,2002,3,10,3200,0.0,3200.0
8512,2025-03-06,5340,1038,4,14,2940,0.0,2940.0
8513,2025-02-15,5101,2024,3,8,2560,0.0,2560.0
8514,2025-01-21,5333,1034,4,8,1680,0.0,1680.0
8515,2025-04-11,5165,1036,3,15,4800,0.0,4800.0
8516,2025-04-25,5273,1020,1,11,5720,0.0,5720.0
8517,2025-04-11,5030,2001,3,18,5760,0.0,5760.0
8518,2025-04-19,5028,1025,2,6,2520,0.0,2520.0
8519,2025-04-03,5399,2027,4,21,4410,0.0,4410.0
8520,2025-06-19,5281,1019,2,16,6720,0.0,6720.0
8521,2025-01-08,5186,1047,3,13,4160,0.0,4160.0
8522,2025-01-11,5213,2036,2,13,5460,0.0,5460.0
8523,2025-04-04,5166,2033,3,8,2560,128.0,2432.0
8524,2025-03-21,5046,1027,1,19,9880,0.0,9880.0
8525,2025-03-27,5379,1017,4,4,840,42.0,798.0
8526,2025-03-24,5120,1029,1,2,1040,52.0,988.0
8527,2025-01-25,5255,2013,3,17,5440,0.0,5440.0
8528,2025-06-16,5087,1004,2,14,5880,0.0,5880.0
8529,2025-02-14,5139,1031,1,24,12480,1248.0,11232.0
8530,2025-01-09,5201,2014,3,21,6720,0.0,6720.0
8531,2025-06-13,5251,1001,2,4,1680,0.0,1680.0
8532,2025-06-04,5114,1056,2,2,840,84.0,756.0
8533,2025-05-20,5228,2039,1,17,8840,884.0,7956.0
8534,2025-04-16,5150,1014,4,24,5040,0.0,5040.0
8535,2025-06-24,5398,1037,4,1,210,10.5,199.5
8536,2025-03-20,5348,1003,2,23,9660,483.0,9177.0
8537,2025-04-15,5214,2037,1,15,7800,0.0,7800.0
8538,2025-04-02,5139,1018,1,10,5200,0.0,5200.0
8539,2025-04-21,5110,1016,2,7,2940,0.0,2940.0
8540,2025-06-28,5277,2016,3,17,5440,0.0,5440.0
8541,2025-06-21,5419,2006,2,7,2940,0.0,2940.0
8542,2025-02-06,5332,1025,3,5,1600,80.0,1520.0
8543,2025-06-21,5065,2022,4,13,2730,0.0,2730.0
8544,2025-04-24,5232,2025,2,5,2100,0.0,2100.0
8545,2025-06-06,5456,1052,2,11,4620,0.0,4620.0
8546,2025-06-16,5175,1005,1,6,3120,0.0,3120.0
8547,2025-01-18,5168,2028,1,4,2080,208.0,1872.0
8548,2025-01-06,5440,1058,1,3,1560,0.0,1560.0
8549,2025-03-03,5300,1034,4,20,4200,210.0,3990.0
8550,2025-06-17,5171,1036,3,23,7360,368.0,6992.0
8551,2025-03-15,5281,1035,2,6,2520,126.0,2394.0
8552,2025-01-08,5089,1026,4,9,1890,0.0,1890.0
8553,2025-01-13,5123,2004,4,5,1050,0.0,1050.0
8554,2025-03-30,5472,1012,2,3,1260,63.0,1197.0
8555,2025-03-08,5156,1043,2,1,420,42.0,378.0
8556,2025-01-18,5054,2001,4,18,3780,378.0,3402.0
8557,2025-06-21,5323,1060,2,5,2100,0.0,2100.0
8558,2025-03-08,5176,2013,1,15,7800,0.0,7800.0
8559,2025-04-27,5022,2007,2,6,2520,0.0,2520.0
8560,2025-02-09,5341,1012,3,10,3200,0.0,3200.0
8561,2025-04-24,5134,1018,2,1,420,0.0,420.0
8562,2025-04-07,5271,1040,4,13,2730,0.0,2730.0
8563,2025-02-22,5459,2006,1,11,5720,0.0,5720.0
8564,2025-02-18,5351,2009,4,25,5250,0.0,5250.0
8565,2025-03-05,5011,1001,2,15,6300,0.0,6300.0
8566,2025-05-31,5077,1016,3,21,6720,0.0,6720.0
8567,2025-01-24,5245,2023,2,8,3360,168.0,3192.0
8568,2025-05-23,5374,2029,4,8,1680,168.0,1512.0
8569,2025-05-29,5141,1048,2,12,5040,0.0,5040.0
8570,2025-03-08,5224,1031,3,10,3200,0.0,3200.0
8571,2025-02-26,5080,1035,3,23,7360,736.0,6624.0
8572,2025-06-10,5304,2009,3,5,1600,0.0,1600.0
8573,2025-06-27,5105,2030,4,6,1260,0.0,1260.0
8574,2025-04-05,5403,1055,4,9,1890,189.0,1701.0
8575,2025-03-08,5188,2036,2,13,5460,0.0,5460.0
8576,2025-04-29,5138,2034,4,8,1680,0.0,1680.0
8577,2025-01-23,5490,1002,4,20,4200,0.0,4200.0
8578,2025-04-05,5159,2028,1,3,1560,0.0,1560.0
8579,2025-03-29,5190,2011,4,7,1470,147.0,1323.0
8580,2025-03-29,5041,2008,3,9,2880,0.0,2880.0
8581,2025-04-08,5284,1047,3,8,2560,0.0,2560.0
8582,2025-06-15,5328,1010,1,24,12480,624.0,11856.0
8583,2025-03-10,5331,1015,4,19,3990,0.0,3990.0
8584,2025-03-12,5114,2011,1,1,520,0.0,520.0
8585,2025-01-25,5204,1036,4,20,4200,210.0,3990.0
8586,2025-05-14,5099,1001,3,8,2560,0.0,2560.0
8587,2025-06-24,5460,2007,1,14,7280,0.0,7280.0
8588,2025-01-13,5235,1045,4,23,4830,0.0,4830.0
8589,2025-02-14,5471,2035,1,10,5200,0.0,5200.0
8590,2025-03-12,5368,2016,4,4,840,84.0,756.0
8591,2025-01-12,5454,1042,1,8,4160,0.0,4160.0
8592,2025-05-07,5140,1014,2,22,9240,0.0,9240.0
8593,2025-02-03,5385,1055,4,23,4830,0.0,4830.0
8594,2025-04-03,5308,2015,1,13,6760,0.0,6760.0
8595,2025-05-02,5334,1039,4,13,2730,0.0,2730.0
8596,2025-05-10,5123,2004,3,22,7040,0.0,7040.0
8597,2025-05-17,5154,1045,3,19,6080,608.0,5472.0
8598,2025-01-21,5440,1049,3,18,5760,288.0,5472.0
8599,2025-06-21,5475,1060,2,11,4620,231.0,4389.0
8600,2025-05-02,5126,2040,2,18,7560,0.0,7560.0
8601,2025-02-16,5102,2019,3,4,1280,128.0,1152.0
8602,2025-06-07,5258,1003,1,23,11960,0.0,11960.0
8603,2025-04-30,5385,1041,2,25,10500,525.0,9975.0
8604,2025-01-20,5176,1007,1,17,8840,884.0,7956.0
8605,2025-06-10,5204,2006,4,14,2940,0.0,2940.0
8606,2025-05-29,5081,1002,2,13,5460,0.0,5460.0
8607,2025-01-04,5209,2008,2,19,7980,399.0,7581.0
8608,2025-01-03,5053,1049,4,6,1260,0.0,1260.0
8609,2025-02-06,5181,1053,3,2,640,0.0,640.0
8610,2025-05-09,5237,2008,4,17,3570,0.0,3570.0
8611,2025-04-20,5095,1027,1,13,6760,676.0,6084.0
8612,2025-05-06,5379,1020,2,6,2520,0.0,2520.0
8613,2025-04-09,5037,2008,2,12,5040,0.0,5040.0
8614,2025-01-29,5429,1024,1,2,1040,0.0,1040.0
8615,2025-05-29,5158,2016,3,1,320,0.0,320.0
8616,2025-05-03,5152,1018,2,18,7560,0.0,7560.0
8617,2025-06-23,5240,1003,2,2,840,0.0,840.0
8618,2025-05-13,5128,2013,1,14,7280,0.0,7280.0
8619,2025-06-03,5164,2029,1,11,5720,0.0,5720.0
8620,2025-03-15,5312,1035,2,15,6300,630.0,5670.0
8621,2025-03-10,5144,2017,4,11,2310,0.0,2310.0
8622,2025-06-17,5216,1017,4,20,4200,0.0,4200.0
8623,2025-02-09,5248,2035,3,6,1920,0.0,1920.0
8624,2025-04-26,5481,1013,4,6,1260,0.0,1260.0
8625,2025-06-14,5103,1004,4,7,1470,147.0,1323.0
8626,2025-01-30,5401,2011,2,3,1260,0.0,1260.0
8627,2025-02-09,5134,1009,4,9,1890,0.0,1890.0
8628,2025-06-11,5025,2021,4,8,1680,0.0,1680.0
8629,2025-04-30,5364,2033,2,16,6720,0.0,6720.0
8630,2025-05-19,5214,1038,1,25,13000,650.0,12350.0
8631,2025-02-23,5166,1016,3,22,7040,352.0,6688.0
8632,2025-02-07,5346,1036,2,10,4200,420.0,3780.0
8633,2025-06-08,5449,1008,1,24,12480,624.0,11856.0
8634,2025-06-05,5088,2037,1,14,7280,728.0,6552.0
8635,2025-05-01,5453,1028,1,23,11960,1196.0,10764.0
8636,2025-06-04,5056,2020,3,20,6400,0.0,6400.0
8637,2025-03-14,5477,2002,4,22,4620,0.0,4620.0
8638,2025-06-13,5417,2017,1,25,13000,0.0,13000.0
8639,2025-01-26,5033,2027,1,4,2080,0.0,2080.0
8640,2025-04-21,5389,1006,1,7,3640,0.0,3640.0
8641,2025-03-09,5226,1002,2,2,840,0.0,840.0
8642,2025-06-26,5025,1054,1,3,1560,0.0,1560.0
8643,2025-02-21,5402,1014,3,10,3200,320.0,2880.0
8644,2025-01-24,5450,1051,1,6,3120,0.0,3120.0
8645,2025-04-17,5357,1054,3,2,640,32.0,608.0
8646,2025-01-16,5209,1013,2,10,4200,0.0,4200.0
8647,2025-02-10,5374,1053,4,7,1470,147.0,1323.0
8648,2025-03-28,5296,1022,4,8,1680,0.0,1680.0
8649,2025-05-25,5123,1028,2,14,5880,0.0,5880.0
8650,2025-04-05,5219,1018,4,9,1890,0.0,1890.0
8651,2025-04-08,5030,2011,3,6,1920,96.0,1824.0
8652,2025-01-28,5214,2001,4,11,2310,0.0,2310.0
8653,2025-04-17,5259,1029,4,5,1050,0.0,1050.0
8654,2025-04-09,5240,1017,4,9,1890,94.5,1795.5
8655,2025-05-23,5289,2023,1,20,10400,520.0,9880.0
8656,2025-03-02,5448,1012,4,8,1680,0.0,1680.0
8657,2025-06-17,5192,1055,2,20,8400,840.0,7560.0
8658,2025-01-16,5219,2007,2,18,7560,0.0,7560.0
8659,2025-03-02,5321,1037,1,22,11440,0.0,11440.0
8660,2025-04-03,5026,1014,3,21,6720,0.0,6720.0
8661,2025-03-09,5361,2005,1,25,13000,1300.0,11700.0
8662,2025-02-21,5447,1042,3,3,960,0.0,960.0
8663,2025-06-15,5455,1054,3,24,7680,768.0,6912.0
8664,2025-01-12,5332,1015,4,21,4410,441.0,3969.0
8665,2025-06-21,5395,2024,4,8,1680,84.0,1596.0
8666,2025-06-23,5479,2020,4,11,2310,231.0,2079.0
8667,2025-01-13,5006,1038,1,9,4680,0.0,4680.0
8668,2025-03-01,5336,2024,4,19,3990,0.0,3990.0
8669,2025-04-27,5055,2001,1,16,8320,0.0,8320.0
8670,2025-04-03,5252,2023,1,8,4160,0.0,4160.0
8671,2025-06-22,5421,1001,1,22,11440,0.0,11440.0
8672,2025-03-16,5205,1057,1,9,4680,0.0,4680.0
8673,2025-01-13,5068,1023,2,6,2520,252.0,2268.0
8674,2025-03-24,5122,1011,3,12,3840,384.0,3456.0
8675,2025-04-22,5112,1023,2,19,7980,0.0,7980.0
8676,2025-01-25,5042,1008,3,21,6720,336.0,6384.0
8677,2025-06-21,5155,1030,2,23,9660,0.0,9660.0
8678,2025-01-06,5251,1052,3,2,640,0.0,640.0
8679,2025-06-25,5494,2027,1,12,6240,0.0,6240.0
8680,2025-05-07,5354,1040,2,20,8400,0.0,8400.0
8681,2025-06-03,5088,1013,4,3,630,0.0,630.0
8682,2025-02-20,5138,2001,1,17,8840,884.0,7956.0
8683,2025-05-22,5260,1020,4,8,1680,0.0,1680.0
8684,2025-02-24,5187,1049,3,9,2880,0.0,2880.0
8685,2025-04-14,5032,2021,3,9,2880,288.0,2592.0
8686,2025-06-28,5045,1001,3,15,4800,240.0,4560.0
8687,2025-01-30,5110,2010,4,5,1050,105.0,945.0
8688,2025-05-05,5182,2025,4,13,2730,0.0,2730.0
8689,2025-03-14,5144,1045,2,1,420,0.0,420.0
8690,2025-01-04,5147,2017,2,11,4620,0.0,4620.0
8691,2025-02-25,5276,1051,4,22,4620,0.0,4620.0
8692,2025-04-07,5154,2037,1,6,3120,0.0,3120.0
8693,2025-05-23,5371,2026,3,21,6720,0.0,6720.0
8694,2025-03-27,5106,1011,4,14,2940,147.0,2793.0
8695,2025-03-07,5421,2008,4,4,840,0.0,840.0
8696,2025-02-18,5137,2017,2,13,5460,546.0,4914.0
8697,2025-02-10,5304,2028,1,16,8320,0.0,8320.0
8698,2025-02-24,5145,2030,3,5,1600,0.0,1600.0
8699,2025-03-12,5334,2018,2,9,3780,378.0,3402.0
8700,2025-06-14,5356,2002,3,15,4800,0.0,4800.0
8701,2025-06-14,5496,2025,4,4,840,0.0,840.0
8702,2025-04-04,5305,2015,1,3,1560,156.0,1404.0
8703,2025-02-15,5321,2034,2,3,1260,0.0,1260.0
8704,2025-06-14,5399,2009,1,22,11440,0.0,11440.0
8705,2025-05-01,5439,1033,4,2,420,21.0,399.0
8706,2025-04-22,5054,1056,4,4,840,0.0,840.0
8707,2025-01-13,5231,1051,2,5,2100,0.0,2100.0
8708,2025-04-16,5249,1022,4,18,3780,189.0,3591.0
8709,2025-02-15,5221,1049,3,4,1280,128.0,1152.0
8710,2025-03-18,5312,1054,4,9,1890,0.0,1890.0
8711,2025-04-02,5300,2036,1,18,9360,468.0,8892.0
8712,2025-06-07,5212,1041,2,2,840,0.0,840.0
8713,2025-04-25,5044,1047,1,11,5720,0.0,5720.0
8714,2025-05-24,5470,1022,3,4,1280,0.0,1280.0
8715,2025-05-27,5168,1005,4,10,2100,0.0,2100.0
8716,2025-04-10,5283,1037,1,23,11960,1196.0,10764.0
8717,2025-05-27,5159,1012,4,22,4620,0.0,4620.0
8718,2025-04-06,5366,2033,4,3,630,0.0,630.0
8719,2025-06-22,5213,2020,3,22,7040,0.0,7040.0
8720,2025-06-26,5288,2038,3,25,8000,800.0,7200.0
8721,2025-01-15,5204,1010,3,21,6720,0.0,6720.0
8722,2025-05-29,5446,2015,4,14,2940,0.0,2940.0
8723,2025-01-15,5380,1002,4,15,3150,0.0,3150.0
8724,2025-04-24,5077,2028,1,12,6240,0.0,6240.0
8725,2025-01-25,5238,2032,3,4,1280,0.0,1280.0
8726,2025-03-07,5054,1005,3,4,1280,128.0,1152.0
8727,2025-06-15,5477,1020,4,24,5040,0.0,5040.0
8728,2025-03-21,5324,1032,3,15,4800,0.0,4800.0
8729,2025-03-12,5250,2032,4,18,3780,189.0,3591.0
8730,2025-02-26,5022,1056,4,20,4200,420.0,3780.0
8731,2025-03-22,5365,1031,2,5,2100,105.0,1995.0
8732,2025-06-01,5276,2008,2,21,8820,0.0,8820.0
8733,2025-03-07,5106,1006,2,23,9660,0.0,9660.0
8734,2025-06-14,5402,2031,3,12,3840,0.0,3840.0
8735,2025-05-25,5120,1015,2,8,3360,0.0,3360.0
8736,2025-05-11,5195,2024,3,6,1920,96.0,1824.0
8737,2025-03-13,5049,2023,2,18,7560,0.0,7560.0
8738,2025-01-21,5183,2040,4,2,420,0.0,420.0
8739,2025-03-04,5224,1059,1,24,12480,624.0,11856.0
8740,2025-04-21,5049,2019,4,6,1260,126.0,1134.0
8741,2025-05-22,5244,1001,1,13,6760,338.0,6422.0
8742,2025-02-11,5085,1036,4,19,3990,399.0,3591.0
8743,2025-06-09,5299,1047,1,18,9360,0.0,9360.0
8744,2025-06-23,5089,1043,3,9,2880,0.0,2880.0
8745,2025-05-06,5415,1008,2,18,7560,0.0,7560.0
8746,2025-04-15,5309,1048,1,21,10920,546.0,10374.0
8747,2025-06-23,5424,1060,2,3,1260,0.0,1260.0
8748,2025-02-15,5082,2014,4,2,420,42.0,378.0
8749,2025-05-14,5280,1044,1,1,520,52.0,468.0
8750,2025-03-13,5344,1037,4,1,210,21.0,189.0
8751,2025-06-20,5483,2014,4,2,420,42.0,378.0
8752,2025-05-21,5235,1042,2,12,5040,504.0,4536.0
8753,2025-01-18,5211,1012,1,5,2600,260.0,2340.0
8754,2025-06-14,5153,2032,3,19,6080,608.0,5472.0
8755,2025-04-08,5354,2015,2,25,10500,0.0,10500.0
8756,2025-05-16,5021,2015,1,16,8320,0.0,8320.0
8757,2025-06-12,5095,1053,3,15,4800,240.0,4560.0
8758,2025-01-06,5342,1007,4,3,630,63.0,567.0
8759,2025-02-07,5181,1019,3,8,2560,0.0,2560.0
8760,2025-03-01,5042,1020,1,5,2600,0.0,2600.0
8761,2025-02-12,5297,2025,1,6,3120,156.0,2964.0
8762,2025-03-18,5253,2010,3,7,2240,0.0,2240.0
8763,2025-03-14,5270,2021,4,24,5040,0.0,5040.0
8764,2025-02-27,5396,1020,2,5,2100,0.0,2100.0
8765,2025-06-25,5017,1025,1,16,8320,0.0,8320.0
8766,2025-06-17,5343,2002,1,11,5720,0.0,5720.0
8767,2025-06-26,5117,1016,4,13,2730,136.5,2593.5
8768,2025-01-23,5443,2037,4,17,3570,0.0,3570.0
8769,2025-02-01,5483,1037,4,2,420,21.0,399.0
8770,2025-01-18,5266,1014,2,13,5460,546.0,4914.0
8771,2025-06-26,5087,2030,1,14,7280,364.0,6916.0
8772,2025-06-22,5024,1027,3,11,3520,0.0,3520.0
8773,2025-02-15,5259,1032,2,24,10080,0.0,10080.0
8774,2025-06-21,5119,1041,2,8,3360,336.0,3024.0
8775,2025-03-01,5359,2026,1,6,3120,0.0,3120.0
8776,2025-06-01,5201,1051,4,24,5040,0.0,5040.0
8777,2025-03-25,5313,1028,3,7,2240,0.0,2240.0
8778,2025-04-01,5252,2002,1,23,11960,1196.0,10764.0
8779,2025-02-10,5219,1014,3,9,2880,0.0,2880.0
8780,2025-06-23,5315,1001,4,9,1890,189.0,1701.0
8781,2025-06-16,5360,2022,1,18,9360,468.0,8892.0
8782,2025-01-26,5229,2037,1,4,2080,104.0,1976.0
8783,2025-05-31,5282,2002,2,15,6300,630.0,5670.0
8784,2025-02-14,5304,1046,4,22,4620,0.0,4620.0
8785,2025-01-10,5395,2008,4,22,4620,231.0,4389.0
8786,2025-01-27,5316,2030,3,18,5760,0.0,5760.0
8787,2025-04-09,5097,2002,2,16,6720,0.0,6720.0
8788,2025-06-24,5336,1020,3,20,6400,0.0,6400.0
8789,2025-04-18,5186,2020,1,8,4160,0.0,4160.0
8790,2025-01-28,5289,1035,3,23,7360,0.0,7360.0
8791,2025-06-03,5100,1022,2,22,9240,0.0,9240.0
8792,2025-02-02,5006,1059,1,12,6240,624.0,5616.0
8793,2025-05-02,5264,1006,1,9,4680,234.0,4446.0
8794,2025-04-29,5373,2033,4,15,3150,157.5,2992.5
8795,2025-05-21,5415,2007,1,9,4680,234.0,4446.0
8796,2025-05-21,5180,1030,3,10,3200,160.0,3040.0
8797,2025-02-24,5151,1045,4,25,5250,0.0,5250.0
8798,2025-03-25,5038,1038,4,13,2730,136.5,2593.5
8799,2025-01-22,5364,1029,3,8,2560,256.0,2304.0
8800,2025-05-06,5482,1049,4,15,3150,157.5,2992.5
8801,2025-01-27,5204,2004,3,22,7040,352.0,6688.0
8802,2025-02-04,5092,2010,1,14,7280,728.0,6552.0
8803,2025-05-30,5321,1038,3,18,5760,0.0,5760.0
8804,2025-02-25,5060,2012,2,22,9240,0.0,9240.0
8805,2025-03-15,5368,1046,1,9,4680,468.0,4212.0
8806,2025-02-06,5064,1019,4,14,2940,0.0,2940.0
8807,2025-03-11,5295,2004,4,16,3360,336.0,3024.0
8808,2025-01-12,5272,2035,2,7,2940,147.0,2793.0
8809,2025-03-16,5229,1035,3,25,8000,800.0,7200.0
8810,2025-06-20,5067,1047,4,25,5250,262.5,4987.5
8811,2025-02-10,5471,2021,4,23,4830,0.0,4830.0
8812,2025-06-23,5066,2025,2,7,2940,147.0,2793.0
8813,2025-05-09,5264,1057,1,14,7280,728.0,6552.0
8814,2025-04-30,5005,1041,4,15,3150,0.0,3150.0
8815,2025-04-03,5154,2040,4,5,1050,52.5,997.5
8816,2025-03-12,5319,1023,2,23,9660,483.0,9177.0
8817,2025-01-27,5327,1022,2,3,1260,63.0,1197.0
8818,2025-06-01,5335,2011,3,24,7680,0.0,7680.0
8819,2025-04-22,5255,1014,1,14,7280,0.0,7280.0
8820,2025-04-24,5138,1006,4,11,2310,115.5,2194.5
8821,2025-01-05,5070,2011,1,7,3640,0.0,3640.0
8822,2025-04-12,5002,1038,4,1,210,0.0,210.0
8823,2025-03-02,5223,1029,3,15,4800,0.0,4800.0
8824,2025-02-09,5369,1038,3,9,2880,0.0,2880.0
8825,2025-04-18,5357,1010,4,24,5040,0.0,5040.0
8826,2025-04-06,5045,1010,4,3,630,0.0,630.0
8827,2025-03-16,5314,2014,4,15,3150,0.0,3150.0
8828,2025-02-15,5182,1028,1,20,10400,1040.0,9360.0
8829,2025-04-04,5428,1018,2,7,2940,147.0,2793.0
8830,2025-04-10,5322,1034,3,14,4480,448.0,4032.0
8831,2025-06-28,5428,1001,2,4,1680,84.0,1596.0
8832,2025-02-08,5214,2033,3,17,5440,272.0,5168.0
8833,2025-06-26,5475,1047,4,18,3780,378.0,3402.0
8834,2025-03-07,5153,2006,3,23,7360,0.0,7360.0
8835,2025-01-06,5064,1006,3,18,5760,0.0,5760.0
8836,2025-06-25,5465,1055,2,3,1260,0.0,1260.0
8837,2025-05-02,5140,1040,4,16,3360,168.0,3192.0
8838,2025-02-05,5191,2024,2,4,1680,0.0,1680.0
8839,2025-06-27,5120,1004,4,4,840,84.0,756.0
8840,2025-04-15,5174,2014,1,14,7280,364.0,6916.0
8841,2025-03-15,5052,2014,1,5,2600,130.0,2470.0
8842,2025-03-23,5437,2030,3,7,2240,112.0,2128.0
8843,2025-02-16,5433,1027,1,17,8840,442.0,8398.0
8844,2025-06-15,5364,2038,2,12,5040,0.0,5040.0
8845,2025-05-10,5347,2005,2,13,5460,0.0,5460.0
8846,2025-05-17,5216,1036,1,12,6240,624.0,5616.0
8847,2025-03-07,5145,1013,2,12,5040,252.0,4788.0
8848,2025-03-28,5428,1003,4,3,630,0.0,630.0
8849,2025-03-08,5322,1058,1,23,11960,0.0,11960.0
8850,2025-06-23,5354,2035,2,13,5460,0.0,5460.0
8851,2025-02-11,5140,1007,4,10,2100,210.0,1890.0
8852,2025-01-19,5167,2015,4,17,3570,178.5,3391.5
8853,2025-03-26,5150,2027,3,18,5760,0.0,5760.0
8854,2025-02-25,5456,1029,1,12,6240,0.0,6240.0
8855,2025-06-06,5485,1021,2,25,10500,1050.0,9450.0
8856,2025-02-06,5486,2002,1,24,12480,1248.0,11232.0
8857,2025-01-14,5251,2037,2,5,2100,0.0,2100.0
8858,2025-01-27,5282,1017,2,6,2520,252.0,2268.0
8859,2025-02-21,5272,1025,1,3,1560,0.0,1560.0
8860,2025-06-21,5367,1043,2,15,6300,0.0,6300.0
8861,2025-06-18,5426,2031,4,23,4830,241.5,4588.5
8862,2025-04-22,5390,1006,4,11,2310,0.0,2310.0
8863,2025-01-24,5225,1033,2,20,8400,840.0,7560.0
8864,2025-05-06,5494,1004,3,2,640,64.0,576.0
8865,2025-05-09,5259,2026,1,21,10920,0.0,10920.0
8866,2025-06-19,5297,1036,4,24,5040,504.0,4536.0
8867,2025-04-04,5386,1045,1,10,5200,520.0,4680.0
8868,2025-03-13,5287,1030,4,7,1470,73.5,1396.5
8869,2025-05-12,5274,1032,2,21,8820,441.0,8379.0
8870,2025-02-20,5409,1048,1,20,10400,0.0,10400.0
8871,2025-03-30,5050,2031,3,11,3520,0.0,3520.0
8872,2025-03-05,5020,1029,3,17,5440,0.0,5440.0
8873,2025-04-04,5227,1051,1,21,10920,546.0,10374.0
8874,2025-01-23,5304,2008,4,25,5250,525.0,4725.0
8875,2025-03-04,5159,2038,2,1,420,0.0,420.0
8876,2025-03-26,5011,1018,1,21,10920,0.0,10920.0
8877,2025-03-14,5490,1048,4,13,2730,0.0,2730.0
8878,2025-02-09,5126,1024,2,20,8400,0.0,8400.0
8879,2025-03-20,5237,2037,3,24,7680,0.0,7680.0
8880,2025-03-11,5423,1019,2,1,420,0.0,420.0
8881,2025-05-11,5054,1058,1,14,7280,364.0,6916.0
8882,2025-03-28,5315,1044,3,24,7680,0.0,7680.0
8883,2025-06-13,5189,1022,2,23,9660,966.0,8694.0
8884,2025-03-14,5054,1060,4,13,2730,0.0,2730.0
8885,2025-01-01,5333,1015,3,14,4480,0.0,4480.0
8886,2025-05-13,5476,2015,4,13,2730,0.0,2730.0
8887,2025-06-13,5167,2006,1,5,2600,260.0,2340.0
8888,2025-03-07,5403,1027,3,22,7040,0.0,7040.0
8889,2025-04-04,5281,1022,4,8,1680,0.0,1680.0
8890,2025-01-23,5114,1055,1,7,3640,364.0,3276.0
8891,2025-06-30,5415,2005,2,24,10080,0.0,10080.0
8892,2025-03-19,5433,1012,4,1,210,10.5,199.5
8893,2025-02-09,5049,2032,4,1,210,0.0,210.0
8894,2025-06-05,5382,2011,2,17,7140,0.0,7140.0
8895,2025-02-03,5451,1027,3,14,4480,0.0,4480.0
8896,2025-04-12,5158,1046,3,3,960,0.0,960.0
8897,2025-01-29,5373,2039,2,6,2520,252.0,2268.0
8898,2025-01-22,5152,1013,1,16,8320,0.0,8320.0
8899,2025-05-25,5214,1033,2,24,10080,1008.0,9072.0
8900,2025-02-10,5206,1012,4,12,2520,0.0,2520.0
8901,2025-04-11,5264,2038,4,3,630,0.0,630.0
8902,2025-01-03,5466,1044,3,1,320,0.0,320.0
8903,2025-06-07,5084,2010,2,7,2940,0.0,2940.0
8904,2025-02-04,5488,1028,3,2,640,0.0,640.0
8905,2025-04-09,5406,1057,4,5,1050,52.5,997.5
8906,2025-03-25,5133,1050,2,13,5460,0.0,5460.0
8907,2025-05-03,5322,2029,1,25,13000,0.0,13000.0
8908,2025-03-28,5463,1024,4,10,2100,0.0,2100.0
8909,2025-04-09,5331,1055,3,20,6400,0.0,6400.0
8910,2025-04-29,5020,2006,1,14,7280,728.0,6552.0
8911,2025-05-06,5050,1030,2,19,7980,0.0,7980.0
8912,2025-01-20,5376,1016,3,3,960,0.0,960.0
8913,2025-03-02,5169,2008,4,17,3570,0.0,3570.0
8914,2025-05-30,5111,1027,2,19,7980,0.0,7980.0
8915,2025-03-27,5158,1016,3,2,640,32.0,608.0
8916,2025-03-07,5278,1005,2,22,9240,0.0,9240.0
8917,2025-01-03,5026,2012,4,16,3360,0.0,3360.0
8918,2025-01-21,5287,2037,3,12,3840,192.0,3648.0
8919,2025-06-28,5023,1001,3,2,640,64.0,576.0
8920,2025-06-07,5188,1046,4,23,4830,241.5,4588.5
8921,2025-01-15,5365,2023,2,12,5040,0.0,5040.0
8922,2025-04-08,5313,2012,3,16,5120,0.0,5120.0
8923,2025-03-02,5269,1029,4,16,3360,0.0,3360.0
8924,2025-06-03,5356,1020,3,4,1280,0.0,1280.0
8925,2025-04-09,5287,2015,1,25,13000,650.0,12350.0
8926,2025-03-15,5185,1004,2,25,10500,0.0,10500.0
8927,2025-02-02,5282,1003,3,21,6720,336.0,6384.0
8928,2025-06-21,5211,1012,1,25,13000,0.0,13000.0
8929,2025-01-16,5384,1032,4,11,2310,0.0,2310.0
8930,2025-02-26,5460,1044,3,12,3840,0.0,3840.0
8931,2025-05-04,5301,2020,2,9,3780,0.0,3780.0
8932,2025-06-07,5370,1052,4,5,1050,52.5,997.5
8933,2025-01-11,5342,1022,4,9,1890,0.0,1890.0
8934,2025-02-14,5077,1060,2,24,10080,0.0,10080.0
8935,2025-04-11,5069,1049,3,11,3520,0.0,3520.0
8936,2025-02-08,5428,1002,4,14,2940,0.0,2940.0
8937,2025-03-29,5011,1035,3,24,7680,384.0,7296.0
8938,2025-06-28,5138,2034,1,20,10400,1040.0,9360.0
8939,2025-03-15,5223,1017,4,1,210,10.5,199.5
8940,2025-04-18,5438,1019,2,1,420,0.0,420.0
8941,2025-03-21,5038,2031,2,1,420,42.0,378.0
8942,2025-04-04,5439,1027,4,17,3570,0.0,3570.0
8943,2025-05-01,5056,2028,4,10,2100,0.0,2100.0
8944,2025-03-19,5105,2010,4,19,3990,0.0,3990.0
8945,2025-06-13,5370,2020,3,11,3520,352.0,3168.0
8946,2025-06-13,5304,2024,1,1,520,26.0,494.0
8947,2025-06-16,5269,1012,1,14,7280,728.0,6552.0
8948,2025-05-14,5012,2040,2,17,7140,0.0,7140.0
8949,2025-02-21,5440,2009,4,13,2730,273.0,2457.0
8950,2025-02-21,5475,2030,4,22,4620,231.0,4389.0
8951,2025-04-03,5499,1041,3,1,320,0.0,320.0
8952,2025-03-02,5281,1029,1,16,8320,0.0,8320.0
8953,2025-04-19,5372,1030,2,19,7980,0.0,7980.0
8954,2025-06-20,5081,2013,4,16,3360,0.0,3360.0
8955,2025-03-14,5333,1026,3,16,5120,0.0,5120.0
8956,2025-06-21,5224,1014,1,11,5720,0.0,5720.0
8957,2025-02-14,5429,1011,1,6,3120,0.0,3120.0
8958,2025-02-17,5007,2035,3,12,3840,0.0,3840.0
8959,2025-04-28,5173,1049,3,11,3520,0.0,3520.0
8960,2025-01-14,5287,2004,4,19,3990,399.0,3591.0
8961,2025-01-05,5485,1003,2,19,7980,0.0,7980.0
8962,2025-06-18,5160,1023,1,17,8840,0.0,8840.0
8963,2025-05-30,5401,1030,1,18,9360,0.0,9360.0
8964,2025-05-02,5349,2036,4,24,5040,0.0,5040.0
8965,2025-02-27,5421,1055,4,10,2100,105.0,1995.0
8966,2025-04-01,5067,2002,3,2,640,0.0,640.0
8967,2025-01-06,5308,1023,3,10,3200,0.0,3200.0
8968,2025-02-21,5357,2023,4,24,5040,0.0,5040.0
8969,2025-04-03,5352,1011,3,16,5120,256.0,4864.0
8970,2025-03-04,5450,1054,1,14,7280,0.0,7280.0
8971,2025-05-21,5258,2008,3,4,1280,64.0,1216.0
8972,2025-02-08,5205,1030,2,14,5880,0.0,5880.0
8973,2025-01-25,5243,2013,1,17,8840,0.0,8840.0
8974,2025-06-26,5174,2026,1,14,7280,0.0,7280.0
8975,2025-02-04,5380,2039,4,14,2940,0.0,2940.0
8976,2025-04-12,5106,2019,2,11,4620,0.0,4620.0
8977,2025-01-21,5458,1006,4,7,1470,0.0,1470.0
8978,2025-04-04,5145,2038,1,2,1040,0.0,1040.0
8979,2025-03-13,5365,1031,2,8,3360,168.0,3192.0
8980,2025-05-03,5041,1046,3,1,320,0.0,320.0
8981,2025-03-17,5388,1004,4,17,3570,0.0,3570.0
8982,2025-04-16,5353,1047,1,11,5720,0.0,5720.0
8983,2025-04-27,5130,1010,3,17,5440,272.0,5168.0
8984,2025-05-17,5215,1020,3,7,2240,224.0,2016.0
8985,2025-05-03,5094,2022,1,25,13000,1300.0,11700.0
8986,2025-04-11,5278,1038,4,7,1470,0.0,1470.0
8987,2025-02-28,5356,2031,3,1,320,0.0,320.0
8988,2025-03-27,5118,1054,3,4,1280,0.0,1280.0
8989,2025-02-12,5012,2011,3,21,6720,0.0,6720.0
8990,2025-05-08,5409,2034,3,18,5760,0.0,5760.0
8991,2025-04-29,5350,1011,1,17,8840,884.0,7956.0
8992,2025-02-25,5053,1045,2,8,3360,168.0,3192.0
8993,2025-01-04,5027,2002,1,8,4160,416.0,3744.0
8994,2025-05-26,5457,1017,4,11,2310,0.0,2310.0
8995,2025-04-26,5046,1026,2,11,4620,0.0,4620.0
8996,2025-05-23,5396,1017,1,1,520,0.0,520.0
8997,2025-01-03,5096,1037,3,8,2560,0.0,2560.0
8998,2025-05-05,5425,1025,3,6,1920,0.0,1920.0
8999,2025-02-02,5024,1026,1,6,3120,312.0,2808.0
9000,2025-02-22,5095,1047,1,22,11440,572.0,10868.0
9001,2025-02-12,5262,2024,3,19,6080,0.0,6080.0
9002,2025-02-14,5060,2012,1,22,11440,0.0,11440.0
9003,2025-02-04,5321,1049,4,6,1260,0.0,1260.0
9004,2025-06-12,5234,2003,2,23,9660,966.0,8694.0
9005,2025-03-10,5252,1015,3,15,4800,240.0,4560.0
9006,2025-02-23,5359,2024,2,12,5040,504.0,4536.0
9007,2025-05-06,5488,1005,1,3,1560,0.0,1560.0
9008,2025-04-28,5125,1041,2,24,10080,504.0,9576.0
9009,2025-06-02,5489,1009,4,22,4620,231.0,4389.0
9010,2025-05-13,5325,2008,4,19,3990,0.0,3990.0
9011,2025-01-25,5107,1023,4,23,4830,241.5,4588.5
9012,2025-06-09,5272,1020,4,7,1470,0.0,1470.0
9013,2025-01-22,5349,2027,3,1,320,0.0,320.0
9014,2025-01-14,5128,1036,3,13,4160,416.0,3744.0
9015,2025-03-09,5318,2019,3,12,3840,384.0,3456.0
9016,2025-01-10,5152,1006,3,7,2240,112.0,2128.0
9017,2025-01-03,5141,1052,2,1,420,0.0,420.0
9018,2025-01-30,5206,2010,4,10,2100,0.0,2100.0
9019,2025-06-15,5228,1023,2,13,5460,0.0,5460.0
9020,2025-05-17,5103,2003,1,20,10400,0.0,10400.0
9021,2025-05-10,5384,1053,2,15,6300,0.0,6300.0
9022,2025-01-20,5314,2018,3,16,5120,0.0,5120.0
9023,2025-03-12,5187,1060,3,24,7680,0.0,7680.0
9024,2025-02-02,5258,2006,4,9,1890,94.5,1795.5
9025,2025-04-03,5310,2032,3,9,2880,0.0,2880.0
9026,2025-05-25,5077,1044,4,19,3990,0.0,3990.0
9027,2025-03-06,5377,1050,2,9,3780,0.0,3780.0
9028,2025-03-01,5424,2009,1,13,6760,676.0,6084.0
9029,2025-04-13,5057,1049,2,2,840,0.0,840.0
9030,2025-06-11,5242,1033,4,2,420,0.0,420.0
9031,2025-01-01,5255,2013,2,17,7140,357.0,6783.0
9032,2025-06-10,5340,1052,4,7,1470,0.0,1470.0
9033,2025-05-31,5207,2002,2,19,7980,399.0,7581.0
9034,2025-02-20,5180,1051,3,25,8000,0.0,8000.0
9035,2025-04-14,5485,2016,3,15,4800,0.0,4800.0
9036,2025-05-02,5196,1048,4,23,4830,0.0,4830.0
9037,2025-04-13,5293,1007,2,24,10080,1008.0,9072.0
9038,2025-03-13,5489,1011,4,15,3150,0.0,3150.0
9039,2025-01-18,5408,2014,1,14,7280,728.0,6552.0
9040,2025-04-06,5040,1034,4,9,1890,0.0,1890.0
9041,2025-01-31,5307,2015,1,19,9880,0.0,9880.0
9042,2025-05-24,5096,2011,2,3,1260,126.0,1134.0
9043,2025-03-16,5390,1004,3,3,960,0.0,960.0
9044,2025-04-27,5116,2030,2,22,9240,924.0,8316.0
9045,2025-05-01,5275,1004,1,17,8840,0.0,8840.0
9046,2025-06-06,5290,2040,4,7,1470,0.0,1470.0
9047,2025-02-17,5249,2015,4,13,2730,0.0,2730.0
9048,2025-02-05,5345,1021,1,18,9360,0.0,9360.0
9049,2025-03-10,5059,2007,3,9,2880,0.0,2880.0
9050,2025-06-08,5495,2038,2,3,1260,126.0,1134.0
9051,2025-05-22,5225,2004,3,9,2880,288.0,2592.0
9052,2025-03-20,5152,1020,1,1,520,0.0,520.0
9053,2025-02-20,5159,2025,2,24,10080,504.0,9576.0
9054,2025-03-07,5280,1057,1,14,7280,0.0,7280.0
9055,2025-01-05,5309,1050,4,24,5040,0.0,5040.0
9056,2025-04-09,5204,1014,4,18,3780,189.0,3591.0
9057,2025-03-13,5073,2029,1,23,11960,0.0,11960.0
9058,2025-03-14,5494,1017,2,6,2520,0.0,2520.0
9059,2025-02-15,5436,1029,4,10,2100,105.0,1995.0
9060,2025-04-01,5150,1024,2,3,1260,126.0,1134.0
9061,2025-02-13,5143,1039,2,20,8400,0.0,8400.0
9062,2025-06-04,5330,2017,2,13,5460,0.0,5460.0
9063,2025-04-26,5182,1029,4,5,1050,52.5,997.5
9064,2025-05-21,5453,1026,4,11,2310,0.0,2310.0
9065,2025-03-21,5132,1018,1,3,1560,0.0,1560.0
9066,2025-05-25,5119,2025,1,20,10400,1040.0,9360.0
9067,2025-02-05,5261,2015,1,23,11960,1196.0,10764.0
9068,2025-01-20,5143,1022,1,1,520,0.0,520.0
9069,2025-03-19,5030,2021,1,4,2080,0.0,2080.0
9070,2025-05-15,5325,2022,3,1,320,0.0,320.0
9071,2025-03-07,5027,2003,1,19,9880,0.0,9880.0
9072,2025-05-03,5495,1010,1,5,2600,130.0,2470.0
9073,2025-05-07,5488,1021,1,23,11960,0.0,11960.0
9074,2025-03-31,5003,2013,2,12,5040,0.0,5040.0
9075,2025-01-15,5083,1006,3,5,1600,80.0,1520.0
9076,2025-03-19,5396,2010,1,8,4160,416.0,3744.0
9077,2025-02-02,5492,2034,1,8,4160,0.0,4160.0
9078,2025-03-11,5415,1046,4,4,840,42.0,798.0
9079,2025-06-23,5161,2037,1,23,11960,0.0,11960.0
9080,2025-04-11,5468,2016,2,23,9660,0.0,9660.0
9081,2025-06-12,5111,1037,2,17,7140,0.0,7140.0
9082,2025-05-03,5377,1009,3,19,6080,0.0,6080.0
9083,2025-05-04,5221,2026,1,1,520,52.0,468.0
9084,2025-04-25,5293,1040,1,21,10920,0.0,10920.0
9085,2025-06-01,5353,1058,4,25,5250,0.0,5250.0
9086,2025-01-18,5118,1011,3,18,5760,0.0,5760.0
9087,2025-04-16,5164,2015,3,24,7680,768.0,6912.0
9088,2025-04-05,5485,1051,4,22,4620,0.0,4620.0
9089,2025-01-11,5401,1030,3,21,6720,672.0,6048.0
9090,2025-02-01,5463,1035,4,11,2310,115.5,2194.5
9091,2025-01-28,5408,1004,2,20,8400,0.0,8400.0
9092,2025-03-03,5238,2018,3,3,960,0.0,960.0
9093,2025-06-23,5255,1018,1,9,4680,468.0,4212.0
9094,2025-06-04,5269,1058,4,19,3990,199.5,3790.5
9095,2025-05-09,5467,1050,2,4,1680,84.0,1596.0
9096,2025-01-20,5374,1045,4,13,2730,0.0,2730.0
9097,2025-02-06,5024,2019,1,13,6760,676.0,6084.0
9098,2025-05-28,5341,1010,3,3,960,96.0,864.0
9099,2025-03-24,5008,1021,3,7,2240,112.0,2128.0
9100,2025-05-12,5132,2026,2,24,10080,0.0,10080.0
9101,2025-05-13,5420,2014,3,17,5440,0.0,5440.0
9102,2025-03-17,5050,1001,3,16,5120,0.0,5120.0
9103,2025-06-14,5469,1017,1,9,4680,468.0,4212.0
9104,2025-04-20,5398,2013,3,1,320,0.0,320.0
9105,2025-05-23,5431,1057,2,25,10500,0.0,10500.0
9106,2025-04-14,5272,2011,2,17,7140,714.0,6426.0
9107,2025-04-17,5385,1013,4,20,4200,210.0,3990.0
9108,2025-04-26,5484,1006,4,15,3150,315.0,2835.0
9109,2025-05-01,5491,1056,4,3,630,0.0,630.0
9110,2025-01-18,5401,1021,2,9,3780,378.0,3402.0
9111,2025-04-10,5031,2037,3,24,7680,768.0,6912.0
9112,2025-06-18,5144,2012,1,2,1040,0.0,1040.0
9113,2025-02-26,5008,2040,2,1,420,0.0,420.0
9114,2025-02-25,5475,1032,2,17,7140,0.0,7140.0
9115,2025-03-11,5227,1006,1,13,6760,676.0,6084.0
9116,2025-03-25,5118,2025,2,14,5880,0.0,5880.0
9117,2025-04-13,5467,2026,3,9,2880,0.0,2880.0
9118,2025-04-06,5358,2002,2,13,5460,0.0,5460.0
9119,2025-01-15,5025,1025,4,23,4830,0.0,4830.0
9120,2025-01-19,5050,1006,4,23,4830,0.0,4830.0
9121,2025-03-27,5358,1005,4,11,2310,115.5,2194.5
9122,2025-05-04,5156,1040,2,8,3360,0.0,3360.0
9123,2025-02-18,5225,1019,4,11,2310,0.0,2310.0
9124,2025-04-20,5011,1032,4,22,4620,462.0,4158.0
9125,2025-04-11,5495,1034,4,5,1050,0.0,1050.0
9126,2025-02-11,5143,1040,1,13,6760,0.0,6760.0
9127,2025-03-10,5481,1007,2,5,2100,0.0,2100.0
9128,2025-02-07,5337,2037,3,2,640,0.0,640.0
9129,2025-03-21,5497,1002,2,11,4620,0.0,4620.0
9130,2025-05-11,5176,1016,2,19,7980,0.0,7980.0
9131,2025-01-08,5368,2025,4,16,3360,0.0,3360.0
9132,2025-06-18,5270,1059,1,14,7280,728.0,6552.0
9133,2025-02-15,5380,2017,4,25,5250,262.5,4987.5
9134,2025-02-22,5434,2037,2,13,5460,0.0,5460.0
9135,2025-06-17,5044,1002,4,25,5250,262.5,4987.5
9136,2025-03-05,5294,1013,1,14,7280,364.0,6916.0
9137,2025-01-31,5259,1009,2,23,9660,0.0,9660.0
9138,2025-04-12,5166,1052,2,25,10500,525.0,9975.0
9139,2025-03-05,5352,2003,1,24,12480,1248.0,11232.0
9140,2025-01-03,5360,1059,4,3,630,31.5,598.5
9141,2025-05-18,5070,2019,3,17,5440,0.0,5440.0
9142,2025-03-01,5370,1044,1,10,5200,0.0,5200.0
9143,2025-02-04,5369,2030,1,19,9880,988.0,8892.0
9144,2025-06-11,5002,2016,4,23,4830,0.0,4830.0
9145,2025-01-14,5191,1040,4,13,2730,273.0,2457.0
9146,2025-06-11,5031,1048,4,2,420,0.0,420.0
9147,2025-06-16,5164,1027,4,7,1470,147.0,1323.0
9148,2025-02-01,5419,2006,2,17,7140,0.0,7140.0
9149,2025-03-26,5441,2027,4,25,5250,0.0,5250.0
9150,2025-01-15,5327,1015,3,20,6400,0.0,6400.0
9151,2025-01-30,5496,1004,4,1,210,0.0,210.0
9152,2025-02-06,5428,1005,3,11,3520,0.0,3520.0
9153,2025-04-29,5342,1059,3,17,5440,0.0,5440.0
9154,2025-03-01,5454,1008,2,13,5460,0.0,5460.0
9155,2025-03-08,5042,2019,3,25,8000,0.0,8000.0
9156,2025-05-30,5382,2006,3,18,5760,288.0,5472.0
9157,2025-02-24,5390,2036,1,13,6760,676.0,6084.0
9158,2025-01-18,5444,1043,4,10,2100,105.0,1995.0
9159,2025-01-21,5231,1038,4,21,4410,220.5,4189.5
9160,2025-03-07,5061,1025,1,5,2600,0.0,2600.0
9161,2025-03-29,5493,1010,3,21,6720,0.0,6720.0
9162,2025-05-30,5448,1059,1,3,1560,156.0,1404.0
9163,2025-06-16,5189,2030,2,15,6300,630.0,5670.0
9164,2025-01-03,5046,1053,1,22,11440,0.0,11440.0
9165,2025-04-03,5490,2027,3,18,5760,0.0,5760.0
9166,2025-04-14,5450,1001,1,13,6760,0.0,6760.0
9167,2025-06-23,5133,2030,1,1,520,26.0,494.0
9168,2025-05-20,5091,1016,1,12,6240,0.0,6240.0
9169,2025-06-18,5475,1020,4,2,420,21.0,399.0
9170,2025-04-29,5373,2007,2,25,10500,0.0,10500.0
9171,2025-03-15,5088,1024,2,22,9240,0.0,9240.0
9172,2025-06-05,5368,2034,1,10,5200,0.0,5200.0
9173,2025-04-18,5500,2030,1,15,7800,390.0,7410.0
9174,2025-05-28,5424,1003,4,13,2730,136.5,2593.5
9175,2025-01-06,5171,1005,2,19,7980,399.0,7581.0
9176,2025-01-21,5431,2005,4,17,3570,178.5,3391.5
9177,2025-04-07,5484,1043,2,24,10080,504.0,9576.0
9178,2025-06-28,5224,2007,4,17,3570,178.5,3391.5
9179,2025-01-25,5187,2029,2,13,5460,546.0,4914.0
9180,2025-06-24,5349,1010,3,6,1920,192.0,1728.0
9181,2025-05-04,5473,1008,3,22,7040,704.0,6336.0
9182,2025-02-04,5280,2029,2,7,2940,0.0,2940.0
9183,2025-04-13,5314,1008,1,11,5720,572.0,5148.0
9184,2025-01-13,5455,1057,2,15,6300,0.0,6300.0
9185,2025-06-25,5114,2012,1,18,9360,0.0,9360.0
9186,2025-03-06,5071,1010,2,10,4200,0.0,4200.0
9187,2025-05-18,5248,1058,2,14,5880,0.0,5880.0
9188,2025-04-25,5215,1013,2,4,1680,168.0,1512.0
9189,2025-05-16,5185,2021,3,11,3520,0.0,3520.0
9190,2025-01-28,5235,2031,1,24,12480,624.0,11856.0
9191,2025-03-16,5454,1035,1,14,7280,0.0,7280.0
9192,2025-01-12,5195,1038,4,12,2520,0.0,2520.0
9193,2025-05-19,5351,2020,2,25,10500,525.0,9975.0
9194,2025-05-10,5164,1022,3,25,8000,0.0,8000.0
9195,2025-06-04,5123,1034,2,14,5880,294.0,5586.0
9196,2025-06-27,5051,1004,1,10,5200,260.0,4940.0
9197,2025-03-12,5231,1054,1,21,10920,0.0,10920.0
9198,2025-01-03,5495,2015,2,16,6720,336.0,6384.0
9199,2025-01-04,5306,1015,2,9,3780,0.0,3780.0
9200,2025-04-20,5165,2037,2,13,5460,0.0,5460.0
9201,2025-02-23,5319,1015,2,23,9660,0.0,9660.0
9202,2025-05-03,5228,2013,3,3,960,0.0,960.0
9203,2025-04-26,5270,2018,2,1,420,0.0,420.0
9204,2025-05-08,5070,1003,1,14,7280,0.0,7280.0
9205,2025-06-25,5046,2034,3,25,8000,0.0,8000.0
9206,2025-06-01,5033,1031,3,2,640,0.0,640.0
9207,2025-03-03,5454,2016,2,14,5880,0.0,5880.0
9208,2025-01-04,5248,2007,4,21,4410,0.0,4410.0
9209,2025-03-12,5013,2032,2,21,8820,441.0,8379.0
9210,2025-03-19,5187,1013,4,17,3570,0.0,3570.0
9211,2025-06-27,5078,1010,3,25,8000,400.0,7600.0
9212,2025-03-09,5119,2018,2,6,2520,126.0,2394.0
9213,2025-05-02,5045,1010,4,21,4410,220.5,4189.5
9214,2025-05-23,5205,2031,2,9,3780,0.0,3780.0
9215,2025-05-13,5269,1051,2,2,840,0.0,840.0
9216,2025-03-08,5474,1004,4,15,3150,157.5,2992.5
9217,2025-05-02,5437,1034,3,14,4480,448.0,4032.0
9218,2025-01-23,5158,2019,4,10,2100,0.0,2100.0
9219,2025-06-04,5387,1004,3,14,4480,224.0,4256.0
9220,2025-05-01,5443,1040,4,8,1680,84.0,1596.0
9221,2025-06-07,5031,2012,3,23,7360,0.0,7360.0
9222,2025-05-20,5280,1034,2,22,9240,924.0,8316.0
9223,2025-04-11,5160,1050,4,2,420,0.0,420.0
9224,2025-03-28,5271,1025,2,5,2100,0.0,2100.0
9225,2025-01-17,5226,1059,4,10,2100,210.0,1890.0
9226,2025-05-13,5140,1057,3,15,4800,0.0,4800.0
9227,2025-05-26,5368,2006,4,3,630,63.0,567.0
9228,2025-04-04,5050,1026,4,11,2310,0.0,2310.0
9229,2025-03-19,5297,1022,4,1,210,0.0,210.0
9230,2025-01-28,5258,2006,3,3,960,0.0,960.0
9231,2025-01-17,5411,1057,1,19,9880,988.0,8892.0
9232,2025-04-12,5083,2021,2,4,1680,84.0,1596.0
9233,2025-01-20,5383,2013,4,24,5040,0.0,5040.0
9234,2025-03-13,5130,1053,3,6,1920,192.0,1728.0
9235,2025-03-05,5254,1017,2,4,1680,0.0,1680.0
9236,2025-06-19,5281,2035,2,5,2100,0.0,2100.0
9237,2025-02-26,5074,2039,3,24,7680,0.0,7680.0
9238,2025-04-09,5222,1029,1,14,7280,0.0,7280.0
9239,2025-04-13,5437,1015,3,1,320,0.0,320.0
9240,2025-06-17,5411,1058,2,23,9660,0.0,9660.0
9241,2025-03-05,5347,1026,4,18,3780,0.0,3780.0
9242,2025-01-24,5149,1002,3,18,5760,288.0,5472.0
9243,2025-01-21,5460,1050,1,16,8320,0.0,8320.0
9244,2025-06-16,5177,1002,1,18,9360,936.0,8424.0
9245,2025-02-24,5495,1041,3,11,3520,352.0,3168.0
9246,2025-02-14,5098,2038,4,20,4200,0.0,4200.0
9247,2025-03-09,5180,1033,1,14,7280,0.0,7280.0
9248,2025-01-24,5349,2007,1,4,2080,0.0,2080.0
9249,2025-03-23,5087,1033,3,20,6400,0.0,6400.0
9250,2025-03-31,5195,2035,4,2,420,0.0,420.0
9251,2025-01-17,5237,1015,4,1,210,10.5,199.5
9252,2025-04-04,5403,1052,3,3,960,96.0,864.0
9253,2025-03-21,5102,2025,2,19,7980,0.0,7980.0
9254,2025-05-02,5163,2022,1,20,10400,1040.0,9360.0
9255,2025-06-02,5180,1028,2,22,9240,0.0,9240.0
9256,2025-03-25,5284,2006,2,12,5040,0.0,5040.0
9257,2025-05-08,5017,1014,3,19,6080,0.0,6080.0
9258,2025-02-17,5416,2010,4,16,3360,0.0,3360.0
9259,2025-02-05,5314,1011,4,14,2940,147.0,2793.0
9260,2025-04-19,5151,1001,2,22,9240,0.0,9240.0
9261,2025-05-01,5274,1058,1,8,4160,208.0,3952.0
9262,2025-03-31,5486,2020,4,18,3780,0.0,3780.0
9263,2025-02-22,5209,1018,2,22,9240,924.0,8316.0
9264,2025-03-31,5181,1034,4,7,1470,73.5,1396.5
9265,2025-04-22,5212,2005,4,4,840,0.0,840.0
9266,2025-06-05,5380,1023,3,16,5120,0.0,5120.0
9267,2025-01-08,5437,1052,3,22,7040,352.0,6688.0
9268,2025-06-11,5351,1048,4,22,4620,231.0,4389.0
9269,2025-01-10,5211,1007,2,8,3360,0.0,3360.0
9270,2025-06-29,5474,2002,4,23,4830,241.5,4588.5
9271,2025-04-07,5005,1007,4,16,3360,336.0,3024.0
9272,2025-03-22,5333,1015,3,21,6720,0.0,6720.0
9273,2025-05-11,5292,1037,1,5,2600,0.0,2600.0
9274,2025-06-23,5048,2020,3,18,5760,0.0,5760.0
9275,2025-05-23,5119,2018,1,24,12480,0.0,12480.0
9276,2025-04-05,5038,1024,1,9,4680,234.0,4446.0
9277,2025-04-01,5291,1032,3,23,7360,368.0,6992.0
9278,2025-01-04,5197,2036,3,21,6720,336.0,6384.0
9279,2025-05-10,5133,2006,4,6,1260,0.0,1260.0
9280,2025-01-02,5236,1013,4,18,3780,0.0,3780.0
9281,2025-01-25,5440,1058,1,11,5720,286.0,5434.0
9282,2025-01-30,5499,1048,2,17,7140,714.0,6426.0
9283,2025-04-06,5315,2007,4,20,4200,0.0,4200.0
9284,2025-04-21,5486,1024,4,21,4410,441.0,3969.0
9285,2025-05-28,5415,1001,1,23,11960,0.0,11960.0
9286,2025-01-25,5057,2015,3,3,960,0.0,960.0
9287,2025-03-27,5240,2026,1,25,13000,0.0,13000.0
9288,2025-01-09,5034,1057,4,14,2940,0.0,2940.0
9289,2025-03-01,5424,1059,3,11,3520,0.0,3520.0
9290,2025-04-21,5123,2016,3,4,1280,128.0,1152.0
9291,2025-02-24,5403,2031,1,24,12480,0.0,12480.0
9292,2025-01-29,5183,1019,4,16,3360,168.0,3192.0
9293,2025-03-24,5004,1049,3,19,6080,0.0,6080.0
9294,2025-02-09,5318,1060,3,5,1600,0.0,1600.0
9295,2025-03-12,5467,2034,3,9,2880,0.0,2880.0
9296,2025-05-23,5006,2031,4,9,1890,94.5,1795.5
9297,2025-05-14,5229,2020,1,16,8320,832.0,7488.0
9298,2025-04-02,5492,2019,4,15,3150,157.5,2992.5
9299,2025-03-23,5420,2015,4,7,1470,147.0,1323.0
9300,2025-04-03,5280,2034,3,15,4800,0.0,4800.0
9301,2025-05-15,5497,1013,2,13,5460,546.0,4914.0
9302,2025-02-20,5266,2040,4,12,2520,252.0,2268.0
9303,2025-06-11,5373,2016,3,21,6720,0.0,6720.0
9304,2025-03-21,5463,2003,1,1,520,26.0,494.0
9305,2025-03-11,5225,1041,3,10,3200,0.0,3200.0
9306,2025-04-22,5259,1050,2,6,2520,0.0,2520.0
9307,2025-06-09,5161,1025,1,17,8840,884.0,7956.0
9308,2025-03-18,5289,1029,2,3,1260,126.0,1134.0
9309,2025-05-11,5395,2017,3,25,8000,800.0,7200.0
9310,2025-01-25,5283,1010,2,12,5040,0.0,5040.0
9311,2025-02-02,5012,1034,2,12,5040,252.0,4788.0
9312,2025-02-04,5224,2007,2,3,1260,0.0,1260.0
9313,2025-01-06,5059,2012,3,4,1280,0.0,1280.0
9314,2025-03-15,5079,1005,3,6,1920,0.0,1920.0
9315,2025-02-22,5041,1056,3,25,8000,0.0,8000.0
9316,2025-04-04,5435,1038,2,24,10080,0.0,10080.0
9317,2025-01-10,5427,1007,3,11,3520,352.0,3168.0
9318,2025-01-24,5381,2008,2,17,7140,714.0,6426.0
9319,2025-05-09,5048,1056,3,6,1920,192.0,1728.0
9320,2025-03-23,5447,1020,2,23,9660,483.0,9177.0
9321,2025-06-09,5263,2012,4,15,3150,0.0,3150.0
9322,2025-03-25,5277,2021,4,8,1680,84.0,1596.0
9323,2025-04-01,5071,1010,2,1,420,42.0,378.0
9324,2025-05-12,5017,2008,3,5,1600,0.0,1600.0
9325,2025-06-21,5142,2037,1,21,10920,0.0,10920.0
9326,2025-02-17,5404,1031,1,23,11960,0.0,11960.0
9327,2025-05-05,5010,1010,2,6,2520,126.0,2394.0
9328,2025-05-04,5491,1055,2,10,4200,210.0,3990.0
9329,2025-06-30,5129,1018,4,10,2100,210.0,1890.0
9330,2025-05-17,5354,1044,3,13,4160,416.0,3744.0
9331,2025-06-21,5452,1056,3,4,1280,0.0,1280.0
9332,2025-01-11,5378,1007,2,11,4620,462.0,4158.0
9333,2025-04-17,5267,1060,2,10,4200,210.0,3990.0
9334,2025-03-21,5351,1024,2,14,5880,294.0,5586.0
9335,2025-04-12,5170,2015,2,7,2940,294.0,2646.0
9336,2025-05-16,5034,1038,2,9,3780,0.0,3780.0
9337,2025-01-10,5055,2024,3,1,320,0.0,320.0
9338,2025-05-17,5010,1040,3,25,8000,800.0,7200.0
9339,2025-04-21,5011,2011,1,16,8320,0.0,8320.0
9340,2025-05-03,5396,1047,3,2,640,32.0,608.0
9341,2025-03-18,5393,1010,1,25,13000,0.0,13000.0
9342,2025-04-23,5189,1044,3,10,3200,0.0,3200.0
9343,2025-04-25,5010,2014,3,11,3520,0.0,3520.0
9344,2025-03-27,5070,2007,1,4,2080,208.0,1872.0
9345,2025-02-01,5246,2015,3,14,4480,0.0,4480.0
9346,2025-04-06,5453,1028,2,8,3360,336.0,3024.0
9347,2025-04-20,5020,2021,4,21,4410,441.0,3969.0
9348,2025-02-09,5140,1023,4,2,420,0.0,420.0
9349,2025-02-21,5100,2027,3,8,2560,0.0,2560.0
9350,2025-05-05,5237,1046,4,5,1050,52.5,997.5
9351,2025-01-18,5500,2009,3,17,5440,544.0,4896.0
9352,2025-05-31,5021,1043,4,15,3150,0.0,3150.0
9353,2025-01-03,5063,2036,3,21,6720,336.0,6384.0
9354,2025-01-19,5361,1022,1,19,9880,494.0,9386.0
9355,2025-06-13,5366,2021,4,17,3570,357.0,3213.0
9356,2025-02-13,5350,1038,2,17,7140,0.0,7140.0
9357,2025-03-04,5139,2011,2,1,420,42.0,378.0
9358,2025-03-09,5477,1042,2,22,9240,462.0,8778.0
9359,2025-05-07,5402,2003,4,8,1680,84.0,1596.0
9360,2025-05-19,5444,2017,4,22,4620,0.0,4620.0
9361,2025-06-09,5324,2029,1,17,8840,0.0,8840.0
9362,2025-05-28,5452,2011,2,16,6720,0.0,6720.0
9363,2025-04-28,5091,2039,4,22,4620,231.0,4389.0
9364,2025-04-13,5267,1016,3,7,2240,0.0,2240.0
9365,2025-01-12,5333,1055,1,2,1040,0.0,1040.0
9366,2025-02-05,5108,1050,1,4,2080,0.0,2080.0
9367,2025-04-16,5214,1005,1,4,2080,208.0,1872.0
9368,2025-04-03,5422,2027,3,7,2240,0.0,2240.0
9369,2025-05-14,5435,2002,2,13,5460,0.0,5460.0
9370,2025-04-22,5422,2039,2,25,10500,0.0,10500.0
9371,2025-05-19,5408,1021,1,12,6240,0.0,6240.0
9372,2025-05-28,5046,2029,3,7,2240,224.0,2016.0
9373,2025-02-09,5357,2003,4,20,4200,0.0,4200.0
9374,2025-06-28,5249,1034,3,18,5760,576.0,5184.0
9375,2025-06-26,5259,1035,4,18,3780,378.0,3402.0
9376,2025-05-13,5144,2026,4,12,2520,0.0,2520.0
9377,2025-02-12,5200,1021,4,13,2730,0.0,2730.0
9378,2025-04-20,5493,2012,3,3,960,48.0,912.0
9379,2025-02-12,5135,2015,3,5,1600,0.0,1600.0
9380,2025-03-03,5156,2018,2,3,1260,0.0,1260.0
9381,2025-06-12,5019,2011,2,2,840,0.0,840.0
9382,2025-01-26,5156,2005,1,23,11960,598.0,11362.0
9383,2025-02-25,5480,2019,4,14,2940,294.0,2646.0
9384,2025-03-19,5276,1010,1,20,10400,0.0,10400.0
9385,2025-02-06,5316,1029,2,16,6720,0.0,6720.0
9386,2025-04-25,5399,1048,2,12,5040,252.0,4788.0
9387,2025-05-29,5018,2005,2,13,5460,0.0,5460.0
9388,2025-03-13,5175,1042,3,4,1280,64.0,1216.0
9389,2025-04-24,5012,2011,3,4,1280,0.0,1280.0
9390,2025-05-17,5244,2015,2,14,5880,294.0,5586.0
9391,2025-06-13,5110,2005,2,6,2520,0.0,2520.0
9392,2025-01-26,5292,2018,2,15,6300,0.0,6300.0
9393,2025-01-17,5357,1060,2,1,420,42.0,378.0
9394,2025-01-28,5216,1021,1,15,7800,0.0,7800.0
9395,2025-05-25,5329,2039,3,3,960,0.0,960.0
9396,2025-02-28,5125,1059,3,7,2240,0.0,2240.0
9397,2025-03-02,5050,1026,2,4,1680,0.0,1680.0
9398,2025-04-03,5091,1046,1,6,3120,0.0,3120.0
9399,2025-02-18,5278,1045,3,15,4800,0.0,4800.0
9400,2025-04-29,5428,1036,3,21,6720,336.0,6384.0
9401,2025-02-16,5136,1047,3,15,4800,240.0,4560.0
9402,2025-06-08,5435,2038,2,3,1260,0.0,1260.0
9403,2025-01-02,5036,1029,1,23,11960,1196.0,10764.0
9404,2025-03-26,5241,1020,3,10,3200,160.0,3040.0
9405,2025-04-26,5166,2006,4,9,1890,0.0,1890.0
9406,2025-03-27,5264,1042,1,8,4160,0.0,4160.0
9407,2025-01-16,5185,1054,2,8,3360,336.0,3024.0
9408,2025-02-26,5294,2013,4,16,3360,0.0,3360.0
9409,2025-01-18,5279,1028,2,8,3360,0.0,3360.0
9410,2025-06-05,5473,1037,1,11,5720,0.0,5720.0
9411,2025-05-01,5256,1026,4,16,3360,168.0,3192.0
9412,2025-06-11,5221,1056,1,10,5200,0.0,5200.0
9413,2025-03-09,5195,1018,4,7,1470,147.0,1323.0
9414,2025-01-04,5201,2009,3,5,1600,0.0,1600.0
9415,2025-03-11,5008,2003,4,5,1050,0.0,1050.0
9416,2025-06-04,5237,2025,4,12,2520,126.0,2394.0
9417,2025-05-22,5097,1050,2,1,420,42.0,378.0
9418,2025-06-06,5219,2039,3,19,6080,304.0,5776.0
9419,2025-04-14,5342,2033,1,4,2080,0.0,2080.0
9420,2025-01-27,5336,1015,1,13,6760,676.0,6084.0
9421,2025-01-07,5092,2002,2,12,5040,252.0,4788.0
9422,2025-03-26,5323,1008,1,12,6240,312.0,5928.0
9423,2025-05-18,5450,1019,2,13,5460,0.0,5460.0
9424,2025-01-21,5111,1008,2,1,420,0.0,420.0
9425,2025-03-22,5109,2011,3,3,960,0.0,960.0
9426,2025-06-11,5103,2003,4,7,1470,0.0,1470.0
9427,2025-03-21,5382,1037,4,7,1470,0.0,1470.0
9428,2025-05-20,5105,2031,3,15,4800,0.0,4800.0
9429,2025-03-06,5210,2002,1,1,520,0.0,520.0
9430,2025-06-18,5212,1003,4,1,210,21.0,189.0
9431,2025-03-09,5252,2037,1,12,6240,0.0,6240.0
9432,2025-05-03,5476,2033,2,14,5880,0.0,5880.0
9433,2025-06-08,5476,2006,4,1,210,0.0,210.0
9434,2025-01-15,5396,1044,2,2,840,42.0,798.0
9435,2025-02-08,5125,2025,2,1,420,42.0,378.0
9436,2025-04-23,5367,2028,4,10,2100,0.0,2100.0
9437,2025-03-30,5261,1046,3,17,5440,272.0,5168.0
9438,2025-03-26,5245,2034,2,17,7140,0.0,7140.0
9439,2025-02-25,5261,2018,2,11,4620,462.0,4158.0
9440,2025-04-18,5062,1023,1,9,4680,0.0,4680.0
9441,2025-02-26,5097,1045,2,9,3780,189.0,3591.0
9442,2025-04-20,5469,1039,2,7,2940,0.0,2940.0
9443,2025-06-12,5459,1028,1,16,8320,832.0,7488.0
9444,2025-05-17,5243,2029,1,11,5720,572.0,5148.0
9445,2025-05-23,5072,2026,3,12,3840,0.0,3840.0
9446,2025-06-03,5168,2036,4,25,5250,525.0,4725.0
9447,2025-01-31,5123,1053,3,16,5120,0.0,5120.0
9448,2025-02-15,5379,1043,4,8,1680,84.0,1596.0
9449,2025-01-16,5368,2037,1,21,10920,0.0,10920.0
9450,2025-01-24,5201,1016,2,17,7140,714.0,6426.0
9451,2025-06-26,5018,2015,2,21,8820,882.0,7938.0
9452,2025-03-21,5068,2008,2,9,3780,0.0,3780.0
9453,2025-02-10,5430,1033,3,4,1280,0.0,1280.0
9454,2025-03-21,5015,2005,2,4,1680,0.0,1680.0
9455,2025-03-27,5167,2027,1,17,8840,442.0,8398.0
9456,2025-03-15,5111,1011,1,8,4160,0.0,4160.0
9457,2025-03-28,5038,2039,2,8,3360,0.0,3360.0
9458,2025-02-19,5047,1059,2,23,9660,0.0,9660.0
9459,2025-01-25,5020,1050,3,19,6080,608.0,5472.0
9460,2025-05-10,5456,2027,1,14,7280,0.0,7280.0
9461,2025-01-13,5348,1034,3,13,4160,416.0,3744.0
9462,2025-04-10,5261,1014,1,20,10400,0.0,10400.0
9463,2025-01-24,5354,2037,3,13,4160,416.0,3744.0
9464,2025-04-01,5164,2016,4,23,4830,0.0,4830.0
9465,2025-06-06,5207,2039,2,12,5040,252.0,4788.0
9466,2025-01-25,5071,2034,1,23,11960,0.0,11960.0
9467,2025-04-10,5398,1045,1,12,6240,0.0,6240.0
9468,2025-06-26,5090,1024,3,5,1600,0.0,1600.0
9469,2025-04-26,5092,2027,3,16,5120,0.0,5120.0
9470,2025-03-29,5482,1044,2,21,8820,882.0,7938.0
9471,2025-05-21,5102,1035,2,5,2100,0.0,2100.0
9472,2025-03-31,5035,2034,3,8,2560,128.0,2432.0
9473,2025-05-01,5001,1026,1,10,5200,0.0,5200.0
9474,2025-02-13,5315,1039,1,11,5720,572.0,5148.0
9475,2025-02-21,5299,2021,1,2,1040,104.0,936.0
9476,2025-04-12,5378,1006,2,4,1680,0.0,1680.0
9477,2025-06-30,5463,1001,4,14,2940,0.0,2940.0
9478,2025-05-12,5127,2021,3,14,4480,0.0,4480.0
9479,2025-01-14,5356,2030,3,15,4800,0.0,4800.0
9480,2025-03-20,5468,2002,4,17,3570,0.0,3570.0
9481,2025-06-11,5159,1041,1,21,10920,0.0,10920.0
9482,2025-01-20,5326,2039,4,24,5040,0.0,5040.0
9483,2025-06-10,5222,1007,3,12,3840,192.0,3648.0
9484,2025-04-19,5212,2021,1,3,1560,0.0,1560.0
9485,2025-04-03,5193,2019,3,11,3520,0.0,3520.0
9486,2025-01-24,5252,1039,2,10,4200,0.0,4200.0
9487,2025-05-28,5254,2040,4,9,1890,0.0,1890.0
9488,2025-04-22,5466,1017,2,13,5460,546.0,4914.0
9489,2025-01-02,5045,1035,4,7,1470,147.0,1323.0
9490,2025-04-19,5376,2007,1,13,6760,0.0,6760.0
9491,2025-02-04,5024,2032,4,8,1680,0.0,1680.0
9492,2025-01-23,5324,1033,3,14,4480,448.0,4032.0
9493,2025-01-29,5186,1035,2,15,6300,315.0,5985.0
9494,2025-03-26,5330,1044,4,22,4620,0.0,4620.0
9495,2025-03-10,5485,2029,2,9,3780,378.0,3402.0
9496,2025-01-11,5420,1007,2,7,2940,0.0,2940.0
9497,2025-06-27,5126,1051,4,18,3780,0.0,3780.0
9498,2025-05-23,5015,2004,4,21,4410,0.0,4410.0
9499,2025-04-30,5441,1049,3,5,1600,80.0,1520.0
9500,2025-04-08,5449,2032,4,23,4830,0.0,4830.0
9501,2025-02-22,5064,1018,2,5,2100,105.0,1995.0
9502,2025-02-08,5314,2017,3,25,8000,0.0,8000.0
9503,2025-04-13,5212,1009,4,6,1260,126.0,1134.0
9504,2025-04-27,5044,2036,1,5,2600,130.0,2470.0
9505,2025-03-08,5368,2019,2,25,10500,0.0,10500.0
9506,2025-01-26,5263,1023,3,7,2240,224.0,2016.0
9507,2025-06-08,5067,1008,2,21,8820,882.0,7938.0
9508,2025-01-29,5417,2022,2,9,3780,378.0,3402.0
9509,2025-02-06,5284,2022,2,4,1680,0.0,1680.0
9510,2025-02-11,5434,1018,3,12,3840,0.0,3840.0
9511,2025-02-21,5291,1060,2,18,7560,0.0,7560.0
9512,2025-01-04,5308,2011,4,1,210,0.0,210.0
9513,2025-02-01,5291,1004,2,18,7560,756.0,6804.0
9514,2025-06-13,5352,1003,3,20,6400,640.0,5760.0
9515,2025-01-09,5393,1015,2,10,4200,420.0,3780.0
9516,2025-05-05,5205,2023,3,7,2240,112.0,2128.0
9517,2025-01-18,5117,2025,4,21,4410,0.0,4410.0
9518,2025-06-19,5388,1027,3,24,7680,0.0,7680.0
9519,2025-05-09,5291,2015,2,12,5040,252.0,4788.0
9520,2025-01-04,5065,1020,1,6,3120,156.0,2964.0
9521,2025-01-04,5132,1006,1,23,11960,1196.0,10764.0
9522,2025-02-25,5452,2024,4,2,420,21.0,399.0
9523,2025-05-14,5483,1060,1,15,7800,0.0,7800.0
9524,2025-01-21,5470,1041,4,21,4410,0.0,4410.0
9525,2025-06-18,5229,2023,4,21,4410,441.0,3969.0
9526,2025-03-16,5185,1013,1,11,5720,286.0,5434.0
9527,2025-05-14,5277,2023,3,13,4160,416.0,3744.0
9528,2025-06-22,5389,1057,4,8,1680,0.0,1680.0
9529,2025-03-10,5464,2019,1,2,1040,52.0,988.0
9530,2025-04-22,5447,1050,4,17,3570,0.0,3570.0
9531,2025-03-20,5268,1012,1,14,7280,728.0,6552.0
9532,2025-02-10,5333,2015,1,2,1040,0.0,1040.0
9533,2025-06-13,5173,2025,1,8,4160,208.0,3952.0
9534,2025-02-25,5098,1032,4,11,2310,0.0,2310.0
9535,2025-02-05,5384,1018,2,11,4620,462.0,4158.0
9536,2025-05-29,5195,1012,1,22,11440,572.0,10868.0
9537,2025-01-31,5491,2020,3,2,640,0.0,640.0
9538,2025-05-04,5018,1030,4,7,1470,147.0,1323.0
9539,2025-03-24,5112,2001,2,3,1260,0.0,1260.0
9540,2025-04-23,5439,1005,2,5,2100,210.0,1890.0
9541,2025-04-02,5298,1021,2,12,5040,504.0,4536.0
9542,2025-04-24,5420,2036,1,7,3640,364.0,3276.0
9543,2025-06-04,5375,2006,4,7,1470,0.0,1470.0
9544,2025-06-26,5380,2035,3,16,5120,0.0,5120.0
9545,2025-02-14,5270,1057,2,25,10500,0.0,10500.0
9546,2025-02-17,5446,1023,2,23,9660,0.0,9660.0
9547,2025-05-19,5041,2014,2,5,2100,210.0,1890.0
9548,2025-02-08,5182,2030,2,25,10500,1050.0,9450.0
9549,2025-05-08,5296,1017,4,17,3570,0.0,3570.0
9550,2025-02-08,5417,1004,1,13,6760,676.0,6084.0
9551,2025-05-16,5250,2029,3,20,6400,320.0,6080.0
9552,2025-04-02,5424,1017,4,22,4620,462.0,4158.0
9553,2025-05-05,5479,1045,3,10,3200,0.0,3200.0
9554,2025-05-24,5293,1015,1,8,4160,0.0,4160.0
9555,2025-06-03,5234,1025,4,5,1050,52.5,997.5
9556,2025-01-23,5260,2026,2,20,8400,0.0,8400.0
9557,2025-03-14,5369,2040,1,22,11440,1144.0,10296.0
9558,2025-03-19,5005,1058,3,10,3200,320.0,2880.0
9559,2025-06-16,5171,1031,4,4,840,0.0,840.0
9560,2025-01-14,5443,2021,3,14,4480,0.0,4480.0
9561,2025-06-12,5339,1036,3,25,8000,800.0,7200.0
9562,2025-06-14,5303,2033,1,2,1040,0.0,1040.0
9563,2025-03-29,5479,2029,2,11,4620,462.0,4158.0
9564,2025-03-10,5297,1040,1,20,10400,0.0,10400.0
9565,2025-02-24,5094,1021,3,18,5760,576.0,5184.0
9566,2025-03-27,5436,2020,2,8,3360,168.0,3192.0
9567,2025-05-05,5465,1041,1,9,4680,0.0,4680.0
9568,2025-03-17,5162,1013,2,14,5880,0.0,5880.0
9569,2025-04-22,5442,1004,2,14,5880,0.0,5880.0
9570,2025-02-25,5149,1046,4,10,2100,105.0,1995.0
9571,2025-03-18,5040,2005,3,18,5760,0.0,5760.0
9572,2025-01-09,5380,2020,2,23,9660,0.0,9660.0
9573,2025-06-27,5333,2039,1,23,11960,598.0,11362.0
9574,2025-05-31,5473,2005,4,4,840,0.0,840.0
9575,2025-02-14,5487,2007,1,24,12480,1248.0,11232.0
9576,2025-06-08,5040,2022,2,13,5460,0.0,5460.0
9577,2025-03-05,5218,1044,3,15,4800,240.0,4560.0
9578,2025-02-11,5222,1018,2,14,5880,588.0,5292.0
9579,2025-04-24,5306,1023,2,20,8400,0.0,8400.0
9580,2025-02-21,5044,2019,4,25,5250,0.0,5250.0
9581,2025-02-13,5129,1019,4,6,1260,0.0,1260.0
9582,2025-04-25,5472,2036,2,10,4200,0.0,4200.0
9583,2025-05-02,5052,2005,3,1,320,16.0,304.0
9584,2025-01-03,5310,1007,2,12,5040,504.0,4536.0
9585,2025-06-12,5415,1034,2,2,840,0.0,840.0
9586,2025-03-21,5347,2015,3,8,2560,0.0,2560.0
9587,2025-06-10,5155,1028,2,24,10080,0.0,10080.0
9588,2025-03-29,5138,1027,2,4,1680,0.0,1680.0
9589,2025-02-18,5007,2023,2,5,2100,0.0,2100.0
9590,2025-03-19,5367,1034,3,19,6080,0.0,6080.0
9591,2025-04-05,5090,1006,4,2,420,0.0,420.0
9592,2025-03-11,5482,2040,1,5,2600,0.0,2600.0
9593,2025-04-28,5274,1013,4,25,5250,0.0,5250.0
9594,2025-05-16,5368,1017,4,21,4410,0.0,4410.0
9595,2025-03-07,5474,1003,4,6,1260,63.0,1197.0
9596,2025-06-23,5111,1007,2,7,2940,0.0,2940.0
9597,2025-02-01,5486,2010,4,12,2520,0.0,2520.0
9598,2025-01-17,5014,1016,1,11,5720,572.0,5148.0
9599,2025-01-29,5443,1012,1,11,5720,286.0,5434.0
9600,2025-01-06,5428,2025,3,19,6080,0.0,6080.0
9601,2025-05-26,5050,1034,2,2,840,0.0,840.0
9602,2025-03-29,5042,2017,2,23,9660,0.0,9660.0
9603,2025-06-15,5379,1025,3,12,3840,384.0,3456.0
9604,2025-01-23,5243,2014,4,7,1470,0.0,1470.0
9605,2025-02-25,5318,1036,4,13,2730,136.5,2593.5
9606,2025-02-19,5439,1050,2,8,3360,168.0,3192.0
9607,2025-01-16,5057,1025,4,19,3990,399.0,3591.0
9608,2025-06-07,5153,1016,4,24,5040,0.0,5040.0
9609,2025-02-25,5122,1033,2,5,2100,0.0,2100.0
9610,2025-03-02,5286,1030,4,20,4200,0.0,4200.0
9611,2025-02-16,5259,2036,2,8,3360,336.0,3024.0
9612,2025-02-23,5491,1050,1,21,10920,1092.0,9828.0
9613,2025-05-18,5275,2020,3,14,4480,448.0,4032.0
9614,2025-05-19,5173,2002,1,21,10920,0.0,10920.0
9615,2025-02-13,5440,1040,2,17,7140,357.0,6783.0
9616,2025-01-26,5392,1020,4,21,4410,0.0,4410.0
9617,2025-04-25,5373,1023,3,14,4480,0.0,4480.0
9618,2025-04-25,5472,1040,4,4,840,42.0,798.0
9619,2025-01-18,5015,1005,3,17,5440,0.0,5440.0
9620,2025-05-25,5236,2020,1,20,10400,0.0,10400.0
9621,2025-02-10,5186,1059,2,19,7980,798.0,7182.0
9622,2025-02-23,5411,1020,2,4,1680,0.0,1680.0
9623,2025-06-09,5373,2011,3,23,7360,0.0,7360.0
9624,2025-01-26,5068,1055,2,24,10080,504.0,9576.0
9625,2025-06-19,5401,1037,3,1,320,0.0,320.0
9626,2025-03-16,5389,1058,2,14,5880,588.0,5292.0
9627,2025-05-30,5291,1055,4,12,2520,252.0,2268.0
9628,2025-01-22,5274,1020,3,25,8000,400.0,7600.0
9629,2025-02-12,5411,2032,2,3,1260,0.0,1260.0
9630,2025-05-01,5268,2014,1,3,1560,156.0,1404.0
9631,2025-01-12,5177,1012,3,4,1280,0.0,1280.0
9632,2025-04-25,5285,1032,1,13,6760,0.0,6760.0
9633,2025-02-07,5232,1032,4,15,3150,157.5,2992.5
9634,2025-04-06,5260,2013,3,14,4480,448.0,4032.0
9635,2025-06-16,5109,2011,3,25,8000,0.0,8000.0
9636,2025-01-29,5243,1051,3,14,4480,0.0,4480.0
9637,2025-06-17,5065,1013,3,6,1920,192.0,1728.0
9638,2025-03-28,5425,2040,3,18,5760,576.0,5184.0
9639,2025-02-06,5498,1020,2,9,3780,0.0,3780.0
9640,2025-01-29,5162,2036,1,25,13000,0.0,13000.0
9641,2025-03-31,5003,2019,2,17,7140,0.0,7140.0
9642,2025-06-01,5362,1021,3,10,3200,320.0,2880.0
9643,2025-02-02,5090,1045,1,12,6240,0.0,6240.0
9644,2025-03-28,5336,1050,4,19,3990,0.0,3990.0
9645,2025-06-23,5108,2004,2,14,5880,294.0,5586.0
9646,2025-06-22,5066,2014,1,10,5200,260.0,4940.0
9647,2025-01-06,5216,2010,1,11,5720,0.0,5720.0
9648,2025-02-02,5082,1052,2,19,7980,0.0,7980.0
9649,2025-04-10,5169,2027,1,21,10920,546.0,10374.0
9650,2025-05-28,5439,1040,4,3,630,31.5,598.5
9651,2025-04-20,5134,1057,3,9,2880,144.0,2736.0
9652,2025-05-23,5359,1011,2,19,7980,399.0,7581.0
9653,2025-04-09,5391,2016,2,10,4200,420.0,3780.0
9654,2025-01-13,5327,2007,3,18,5760,0.0,5760.0
9655,2025-01-08,5017,1032,1,2,1040,52.0,988.0
9656,2025-05-08,5139,2025,1,1,520,0.0,520.0
9657,2025-01-02,5024,1016,1,4,2080,208.0,1872.0
9658,2025-03-22,5115,2020,1,21,10920,1092.0,9828.0
9659,2025-04-26,5323,1036,3,14,4480,0.0,4480.0
9660,2025-03-04,5135,1050,1,2,1040,52.0,988.0
9661,2025-06-08,5386,2003,4,17,3570,0.0,3570.0
9662,2025-06-15,5390,2001,1,18,9360,468.0,8892.0
9663,2025-04-05,5473,2021,1,10,5200,260.0,4940.0
9664,2025-04-26,5123,2038,1,19,9880,988.0,8892.0
9665,2025-05-16,5482,2030,2,9,3780,0.0,3780.0
9666,2025-02-27,5359,1023,3,24,7680,384.0,7296.0
9667,2025-03-01,5400,2018,4,22,4620,0.0,4620.0
9668,2025-06-09,5339,1008,2,18,7560,378.0,7182.0
9669,2025-02-16,5163,1023,1,23,11960,598.0,11362.0
9670,2025-01-30,5071,2039,2,18,7560,0.0,7560.0
9671,2025-05-29,5092,2004,3,11,3520,352.0,3168.0
9672,2025-02-03,5193,1030,3,10,3200,0.0,3200.0
9673,2025-04-10,5081,1058,4,17,3570,0.0,3570.0
9674,2025-02-22,5251,1040,2,9,3780,0.0,3780.0
9675,2025-03-18,5456,1047,2,23,9660,0.0,9660.0
9676,2025-04-18,5236,2012,2,2,840,42.0,798.0
9677,2025-04-17,5246,1036,2,11,4620,0.0,4620.0
9678,2025-01-29,5350,1041,2,8,3360,336.0,3024.0
9679,2025-03-19,5469,1045,2,10,4200,210.0,3990.0
9680,2025-05-05,5462,1004,3,3,960,96.0,864.0
9681,2025-02-02,5476,1023,4,16,3360,0.0,3360.0
9682,2025-04-24,5122,2040,2,4,1680,168.0,1512.0
9683,2025-01-08,5275,1056,3,17,5440,272.0,5168.0
9684,2025-04-13,5457,2030,1,14,7280,364.0,6916.0
9685,2025-05-25,5480,2002,4,12,2520,0.0,2520.0
9686,2025-02-16,5202,2021,4,4,840,42.0,798.0
9687,2025-04-19,5143,1008,2,5,2100,0.0,2100.0
9688,2025-06-25,5373,1033,2,24,10080,1008.0,9072.0
9689,2025-04-01,5013,2032,2,18,7560,378.0,7182.0
9690,2025-05-27,5427,1029,1,22,11440,0.0,11440.0
9691,2025-06-07,5239,2002,3,12,3840,0.0,3840.0
9692,2025-06-04,5403,2027,4,23,4830,483.0,4347.0
9693,2025-04-23,5285,2012,2,3,1260,0.0,1260.0
9694,2025-01-26,5197,2033,1,12,6240,0.0,6240.0
9695,2025-06-14,5367,1010,4,16,3360,0.0,3360.0
9696,2025-06-02,5423,2003,4,22,4620,462.0,4158.0
9697,2025-03-31,5115,2026,4,12,2520,0.0,2520.0
9698,2025-02-09,5489,1022,2,10,4200,0.0,4200.0
9699,2025-03-04,5098,2037,2,21,8820,441.0,8379.0
9700,2025-06-01,5358,2036,4,11,2310,0.0,2310.0
9701,2025-02-11,5318,1040,3,22,7040,0.0,7040.0
9702,2025-03-06,5331,2027,3,15,4800,480.0,4320.0
9703,2025-04-26,5074,2030,2,11,4620,0.0,4620.0
9704,2025-06-05,5187,1021,1,3,1560,78.0,1482.0
9705,2025-04-23,5024,2025,4,7,1470,73.5,1396.5
9706,2025-02-22,5291,2004,4,7,1470,0.0,1470.0
9707,2025-05-22,5273,2030,1,3,1560,78.0,1482.0
9708,2025-02-26,5198,1020,4,20,4200,0.0,4200.0
9709,2025-02-28,5166,2021,3,14,4480,0.0,4480.0
9710,2025-04-17,5056,1011,2,23,9660,0.0,9660.0
9711,2025-04-12,5414,1049,2,15,6300,0.0,6300.0
9712,2025-03-11,5055,1051,1,5,2600,130.0,2470.0
9713,2025-05-20,5078,1046,3,14,4480,0.0,4480.0
9714,2025-03-20,5059,1038,2,7,2940,147.0,2793.0
9715,2025-01-12,5441,2024,4,13,2730,136.5,2593.5
9716,2025-05-18,5014,2034,3,13,4160,0.0,4160.0
9717,2025-05-05,5069,2034,1,15,7800,0.0,7800.0
9718,2025-06-30,5355,2037,2,20,8400,840.0,7560.0
9719,2025-05-02,5268,2008,2,14,5880,294.0,5586.0
9720,2025-01-11,5200,2017,4,3,630,0.0,630.0
9721,2025-04-06,5422,2024,2,14,5880,294.0,5586.0
9722,2025-05-31,5223,1008,4,23,4830,483.0,4347.0
9723,2025-03-29,5167,1005,3,13,4160,0.0,4160.0
9724,2025-05-22,5218,2035,3,10,3200,320.0,2880.0
9725,2025-05-07,5318,2037,1,13,6760,0.0,6760.0
9726,2025-01-11,5412,1028,3,11,3520,352.0,3168.0
9727,2025-04-03,5178,2029,4,6,1260,126.0,1134.0
9728,2025-01-31,5242,1022,2,8,3360,0.0,3360.0
9729,2025-05-10,5373,2033,4,21,4410,220.5,4189.5
9730,2025-06-07,5085,1052,4,9,1890,189.0,1701.0
9731,2025-06-14,5044,1034,1,17,8840,0.0,8840.0
9732,2025-02-20,5161,1026,4,21,4410,0.0,4410.0
9733,2025-06-25,5334,1059,2,21,8820,0.0,8820.0
9734,2025-04-02,5188,2028,1,19,9880,988.0,8892.0
9735,2025-02-09,5334,1049,3,8,2560,128.0,2432.0
9736,2025-02-26,5032,1035,2,9,3780,378.0,3402.0
9737,2025-01-12,5308,1027,4,6,1260,126.0,1134.0
9738,2025-02-20,5296,2029,3,1,320,0.0,320.0
9739,2025-06-29,5239,2037,3,22,7040,704.0,6336.0
9740,2025-03-10,5376,1023,1,15,7800,390.0,7410.0
9741,2025-03-31,5071,2007,1,24,12480,0.0,12480.0
9742,2025-05-31,5362,2037,2,3,1260,0.0,1260.0
9743,2025-06-28,5094,2009,1,21,10920,0.0,10920.0
9744,2025-03-31,5101,2005,1,13,6760,0.0,6760.0
9745,2025-05-08,5288,2031,2,3,1260,0.0,1260.0
9746,2025-03-18,5184,1043,3,16,5120,0.0,5120.0
9747,2025-05-14,5372,1040,4,4,840,42.0,798.0
9748,2025-02-14,5218,1032,4,4,840,0.0,840.0
9749,2025-02-27,5397,2028,2,15,6300,315.0,5985.0
9750,2025-01-02,5364,1030,4,23,4830,0.0,4830.0
9751,2025-02-28,5114,1048,4,1,210,10.5,199.5
9752,2025-04-12,5068,2012,1,2,1040,0.0,1040.0
9753,2025-03-05,5128,1006,4,7,1470,0.0,1470.0
9754,2025-02-17,5500,1054,1,9,4680,234.0,4446.0
9755,2025-03-14,5390,1035,1,17,8840,0.0,8840.0
9756,2025-04-07,5495,1059,1,19,9880,0.0,9880.0
9757,2025-03-23,5047,1058,1,22,11440,572.0,10868.0
9758,2025-06-15,5414,1025,1,9,4680,0.0,4680.0
9759,2025-02-09,5481,1017,1,21,10920,1092.0,9828.0
9760,2025-01-01,5052,1036,3,7,2240,0.0,2240.0
9761,2025-03-04,5403,2009,1,7,3640,364.0,3276.0
9762,2025-03-06,5275,1014,4,7,1470,0.0,1470.0
9763,2025-04-22,5048,2033,3,25,8000,400.0,7600.0
9764,2025-03-11,5498,1031,4,11,2310,115.5,2194.5
9765,2025-03-06,5109,1033,1,23,11960,1196.0,10764.0
9766,2025-05-02,5074,2033,2,3,1260,0.0,1260.0
9767,2025-02-26,5230,1048,1,20,10400,1040.0,9360.0
9768,2025-03-03,5178,2006,4,13,2730,0.0,2730.0
9769,2025-05-13,5240,1050,4,15,3150,157.5,2992.5
9770,2025-02-24,5101,1020,2,6,2520,0.0,2520.0
9771,2025-03-05,5413,2029,2,3,1260,0.0,1260.0
9772,2025-04-01,5245,2001,4,6,1260,0.0,1260.0
9773,2025-04-11,5406,1010,2,4,1680,0.0,1680.0
9774,2025-02-15,5429,1007,1,17,8840,0.0,8840.0
9775,2025-06-18,5044,1002,1,10,5200,520.0,4680.0
9776,2025-01-10,5189,1021,3,3,960,0.0,960.0
9777,2025-06-27,5449,1005,4,8,1680,168.0,1512.0
9778,2025-02-27,5179,2003,3,1,320,16.0,304.0
9779,2025-04-29,5225,1051,1,18,9360,0.0,9360.0
9780,2025-04-08,5018,1022,2,23,9660,483.0,9177.0
9781,2025-01-19,5211,1057,1,1,520,0.0,520.0
9782,2025-01-01,5436,1002,4,1,210,0.0,210.0
9783,2025-06-30,5418,1056,1,15,7800,390.0,7410.0
9784,2025-02-13,5449,1044,3,9,2880,0.0,2880.0
9785,2025-03-29,5426,1050,3,10,3200,160.0,3040.0
9786,2025-06-18,5277,1058,3,22,7040,352.0,6688.0
9787,2025-01-12,5085,1058,4,14,2940,294.0,2646.0
9788,2025-02-02,5327,1047,1,15,7800,0.0,7800.0
9789,2025-02-27,5309,1024,1,10,5200,260.0,4940.0
9790,2025-05-25,5042,1008,2,17,7140,0.0,7140.0
9791,2025-03-28,5029,2033,1,22,11440,1144.0,10296.0
9792,2025-04-27,5458,1034,3,11,3520,0.0,3520.0
9793,2025-04-03,5218,1051,2,2,840,0.0,840.0
9794,2025-01-05,5265,1022,2,20,8400,0.0,8400.0
9795,2025-03-09,5447,2001,3,20,6400,0.0,6400.0
9796,2025-06-14,5399,2009,3,21,6720,672.0,6048.0
9797,2025-04-21,5449,2002,1,4,2080,0.0,2080.0
9798,2025-01-10,5330,2019,4,8,1680,0.0,1680.0
9799,2025-02-11,5321,1037,2,14,5880,0.0,5880.0
9800,2025-06-29,5029,1017,4,9,1890,94.5,1795.5
9801,2025-06-08,5104,1022,2,16,6720,0.0,6720.0
9802,2025-02-19,5217,2029,1,16,8320,416.0,7904.0
9803,2025-06-16,5274,2011,4,4,840,0.0,840.0
9804,2025-04-12,5071,2008,2,2,840,84.0,756.0
9805,2025-01-25,5097,1039,1,3,1560,0.0,1560.0
9806,2025-04-18,5132,1044,3,7,2240,224.0,2016.0
9807,2025-02-27,5328,1005,4,4,840,0.0,840.0
9808,2025-03-01,5313,2014,1,9,4680,0.0,4680.0
9809,2025-02-24,5127,2010,3,10,3200,0.0,3200.0
9810,2025-02-09,5259,1009,3,19,6080,0.0,6080.0
9811,2025-03-18,5206,2006,1,6,3120,156.0,2964.0
9812,2025-01-23,5412,2026,4,22,4620,0.0,4620.0
9813,2025-04-16,5054,1059,4,8,1680,168.0,1512.0
9814,2025-02-20,5367,2012,3,16,5120,0.0,5120.0
9815,2025-02-25,5283,1060,3,14,4480,448.0,4032.0
9816,2025-04-23,5165,1009,3,11,3520,176.0,3344.0
9817,2025-02-01,5059,1003,3,23,7360,368.0,6992.0
9818,2025-01-28,5013,2037,1,20,10400,0.0,10400.0
9819,2025-03-12,5356,2008,3,8,2560,256.0,2304.0
9820,2025-01-03,5216,1019,2,23,9660,0.0,9660.0
9821,2025-06-06,5325,1013,1,16,8320,0.0,8320.0
9822,2025-03-09,5380,1014,1,19,9880,0.0,9880.0
9823,2025-03-09,5361,2019,3,5,1600,0.0,1600.0
9824,2025-02-13,5016,2010,4,23,4830,0.0,4830.0
9825,2025-01-16,5217,1058,4,23,4830,0.0,4830.0
9826,2025-03-02,5171,2017,2,6,2520,0.0,2520.0
9827,2025-04-04,5405,1055,4,19,3990,399.0,3591.0
9828,2025-06-23,5439,2018,1,10,5200,520.0,4680.0
9829,2025-05-01,5106,1035,4,4,840,0.0,840.0
9830,2025-01-17,5391,1053,1,4,2080,0.0,2080.0
9831,2025-04-28,5154,2002,1,23,11960,0.0,11960.0
9832,2025-03-10,5364,2011,4,20,4200,0.0,4200.0
9833,2025-03-02,5403,2014,4,21,4410,0.0,4410.0
9834,2025-05-01,5446,2032,1,13,6760,338.0,6422.0
9835,2025-03-30,5373,1013,1,4,2080,0.0,2080.0
9836,2025-06-18,5260,1027,4,1,210,10.5,199.5
9837,2025-06-29,5249,2005,4,11,2310,0.0,2310.0
9838,2025-05-03,5145,1003,1,14,7280,0.0,7280.0
9839,2025-06-16,5360,2026,3,7,2240,112.0,2128.0
9840,2025-06-09,5426,1013,1,5,2600,260.0,2340.0
9841,2025-01-04,5369,1039,1,17,8840,0.0,8840.0
9842,2025-05-14,5345,1001,4,8,1680,168.0,1512.0
9843,2025-01-24,5274,1022,2,13,5460,273.0,5187.0
9844,2025-02-03,5075,1035,3,21,6720,336.0,6384.0
9845,2025-04-24,5162,1045,4,18,3780,189.0,3591.0
9846,2025-02-19,5121,1005,1,2,1040,104.0,936.0
9847,2025-03-16,5488,2014,4,1,210,0.0,210.0
9848,2025-06-14,5235,2039,2,1,420,0.0,420.0
9849,2025-05-25,5435,1020,1,9,4680,0.0,4680.0
9850,2025-01-20,5173,1051,4,1,210,0.0,210.0
9851,2025-03-19,5152,2031,2,18,7560,0.0,7560.0
9852,2025-05-22,5196,1003,2,18,7560,756.0,6804.0
9853,2025-01-26,5022,1014,2,10,4200,210.0,3990.0
9854,2025-04-09,5071,1037,3,6,1920,192.0,1728.0
9855,2025-01-24,5019,1004,1,15,7800,0.0,7800.0
9856,2025-02-08,5235,1004,4,13,2730,0.0,2730.0
9857,2025-02-17,5226,2021,3,20,6400,0.0,6400.0
9858,2025-01-20,5469,2036,4,3,630,63.0,567.0
9859,2025-05-31,5102,1016,3,16,5120,0.0,5120.0
9860,2025-02-04,5142,1057,4,2,420,0.0,420.0
9861,2025-05-15,5093,1028,1,7,3640,182.0,3458.0
9862,2025-05-03,5036,1048,4,22,4620,462.0,4158.0
9863,2025-01-07,5360,1006,1,16,8320,0.0,8320.0
9864,2025-03-02,5176,1025,3,1,320,0.0,320.0
9865,2025-02-28,5050,1032,4,3,630,0.0,630.0
9866,2025-01-21,5031,1047,1,22,11440,572.0,10868.0
9867,2025-06-04,5285,2006,4,13,2730,0.0,2730.0
9868,2025-01-21,5388,1008,4,10,2100,0.0,2100.0
9869,2025-01-05,5051,2019,2,22,9240,924.0,8316.0
9870,2025-03-28,5335,1029,2,19,7980,0.0,7980.0
9871,2025-01-09,5487,1007,3,25,8000,0.0,8000.0
9872,2025-02-16,5493,2012,1,3,1560,78.0,1482.0
9873,2025-06-26,5437,2028,2,10,4200,0.0,4200.0
9874,2025-06-10,5418,1010,3,6,1920,192.0,1728.0
9875,2025-06-14,5217,1015,3,11,3520,352.0,3168.0
9876,2025-04-06,5231,1041,3,16,5120,0.0,5120.0
9877,2025-02-17,5100,1028,2,13,5460,0.0,5460.0
9878,2025-03-07,5388,1047,4,14,2940,0.0,2940.0
9879,2025-06-17,5429,1012,3,19,6080,0.0,6080.0
9880,2025-02-20,5380,1014,4,9,1890,0.0,1890.0
9881,2025-01-15,5386,1059,3,6,1920,192.0,1728.0
9882,2025-01-09,5468,1038,2,7,2940,294.0,2646.0
9883,2025-01-18,5006,1028,1,17,8840,0.0,8840.0
9884,2025-05-06,5487,1001,1,10,5200,0.0,5200.0
9885,2025-02-08,5279,1043,2,1,420,21.0,399.0
9886,2025-05-25,5255,2025,2,2,840,0.0,840.0
9887,2025-05-20,5072,2032,1,24,12480,624.0,11856.0
9888,2025-06-19,5387,1028,4,15,3150,315.0,2835.0
9889,2025-02-18,5317,1038,2,19,7980,0.0,7980.0
9890,2025-02-22,5358,1045,2,12,5040,0.0,5040.0
9891,2025-05-11,5125,2001,1,7,3640,182.0,3458.0
9892,2025-06-17,5276,2040,4,6,1260,0.0,1260.0
9893,2025-04-22,5339,1042,2,24,10080,504.0,9576.0
9894,2025-06-18,5313,2001,2,17,7140,714.0,6426.0
9895,2025-02-28,5238,1009,3,14,4480,448.0,4032.0
9896,2025-04-28,5393,1031,3,3,960,96.0,864.0
9897,2025-05-14,5231,2029,1,20,10400,0.0,10400.0
9898,2025-04-30,5193,1036,2,10,4200,210.0,3990.0
9899,2025-04-09,5038,2022,3,17,5440,0.0,5440.0
9900,2025-03-08,5156,2004,2,9,3780,189.0,3591.0
9901,2025-06-08,5288,1008,2,24,10080,0.0,10080.0
9902,2025-02-07,5133,1044,2,9,3780,0.0,3780.0
9903,2025-04-12,5054,1054,3,7,2240,0.0,2240.0
9904,2025-04-13,5428,1047,2,19,7980,0.0,7980.0
9905,2025-05-16,5426,2019,1,23,11960,0.0,11960.0
9906,2025-05-17,5004,1045,2,10,4200,0.0,4200.0
9907,2025-04-02,5292,2033,4,4,840,0.0,840.0
9908,2025-03-29,5076,1031,4,2,420,42.0,378.0
9909,2025-04-05,5296,1008,3,23,7360,0.0,7360.0
9910,2025-04-24,5359,2021,1,14,7280,728.0,6552.0
9911,2025-05-30,5444,1047,4,12,2520,252.0,2268.0
9912,2025-01-17,5002,1041,1,8,4160,0.0,4160.0
9913,2025-03-02,5255,1053,3,11,3520,0.0,3520.0
9914,2025-03-25,5170,2013,3,20,6400,0.0,6400.0
9915,2025-04-16,5004,1024,1,4,2080,208.0,1872.0
9916,2025-05-27,5265,1026,4,8,1680,0.0,1680.0
9917,2025-02-12,5040,2040,1,11,5720,286.0,5434.0
9918,2025-06-15,5256,2019,2,15,6300,0.0,6300.0
9919,2025-01-12,5098,2027,2,24,10080,0.0,10080.0
9920,2025-04-25,5491,1024,3,1,320,0.0,320.0
9921,2025-06-11,5240,1014,3,6,1920,0.0,1920.0
9922,2025-02-22,5058,2014,1,5,2600,0.0,2600.0
9923,2025-06-11,5107,1031,1,7,3640,0.0,3640.0
9924,2025-05-02,5413,2016,1,9,4680,468.0,4212.0
9925,2025-04-30,5264,2026,4,3,630,63.0,567.0
9926,2025-05-02,5268,1030,1,23,11960,0.0,11960.0
9927,2025-02-21,5305,2029,1,20,10400,1040.0,9360.0
9928,2025-06-30,5378,2038,3,22,7040,352.0,6688.0
9929,2025-03-02,5033,2036,3,3,960,96.0,864.0
9930,2025-02-20,5156,1032,2,9,3780,0.0,3780.0
9931,2025-06-27,5210,2017,2,15,6300,0.0,6300.0
9932,2025-06-03,5280,1060,3,15,4800,480.0,4320.0
9933,2025-03-29,5245,2011,1,6,3120,0.0,3120.0
9934,2025-03-19,5185,1017,2,2,840,84.0,756.0
9935,2025-05-17,5448,2004,1,7,3640,0.0,3640.0
9936,2025-05-23,5468,1028,1,13,6760,0.0,6760.0
9937,2025-06-25,5316,1011,2,17,7140,0.0,7140.0
9938,2025-03-12,5066,2039,3,9,2880,0.0,2880.0
9939,2025-01-12,5473,2036,2,17,7140,0.0,7140.0
9940,2025-03-18,5490,1018,4,3,630,0.0,630.0
9941,2025-03-03,5182,1020,3,8,2560,256.0,2304.0
9942,2025-04-11,5363,2032,1,22,11440,0.0,11440.0
9943,2025-01-13,5491,1025,3,18,5760,288.0,5472.0
9944,2025-03-05,5235,1031,4,24,5040,0.0,5040.0
9945,2025-04-11,5447,1035,1,2,1040,52.0,988.0
9946,2025-06-20,5373,1016,2,16,6720,336.0,6384.0
9947,2025-03-19,5128,1012,3,14,4480,0.0,4480.0
9948,2025-06-02,5452,1058,3,3,960,48.0,912.0
9949,2025-06-25,5201,1005,2,18,7560,0.0,7560.0
9950,2025-03-17,5404,1003,4,25,5250,262.5,4987.5
9951,2025-05-27,5338,1007,1,25,13000,0.0,13000.0
9952,2025-04-16,5004,1059,2,1,420,0.0,420.0
9953,2025-03-21,5294,1038,3,9,2880,288.0,2592.0
9954,2025-02-18,5116,2005,2,20,8400,0.0,8400.0
9955,2025-04-14,5201,1048,1,24,12480,0.0,12480.0
9956,2025-04-26,5141,2035,4,11,2310,0.0,2310.0
9957,2025-01-31,5038,1034,1,3,1560,78.0,1482.0
9958,2025-05-16,5462,1008,2,11,4620,462.0,4158.0
9959,2025-06-05,5427,1033,2,4,1680,0.0,1680.0
9960,2025-01-03,5262,2009,4,1,210,10.5,199.5
9961,2025-05-13,5235,2034,1,15,7800,780.0,7020.0
9962,2025-04-23,5481,2016,1,25,13000,0.0,13000.0
9963,2025-03-01,5331,2031,1,4,2080,0.0,2080.0
9964,2025-04-10,5410,1024,4,23,4830,0.0,4830.0
9965,2025-03-17,5213,1053,3,24,7680,0.0,7680.0
9966,2025-04-16,5273,2022,4,11,2310,115.5,2194.5
9967,2025-01-31,5181,2034,2,25,10500,525.0,9975.0
9968,2025-04-01,5348,2028,1,14,7280,364.0,6916.0
9969,2025-05-04,5088,1034,3,19,6080,608.0,5472.0
9970,2025-02-16,5372,1002,1,10,5200,0.0,5200.0
9971,2025-01-18,5237,2017,1,10,5200,0.0,5200.0
9972,2025-03-27,5026,1003,2,21,8820,882.0,7938.0
9973,2025-01-02,5325,1004,1,14,7280,0.0,7280.0
9974,2025-03-09,5312,1045,1,22,11440,1144.0,10296.0
9975,2025-04-30,5121,2023,2,23,9660,0.0,9660.0
9976,2025-02-16,5332,2038,3,22,7040,704.0,6336.0
9977,2025-02-19,5312,1002,1,3,1560,78.0,1482.0
9978,2025-02-10,5270,1001,2,25,10500,1050.0,9450.0
9979,2025-02-10,5325,1045,2,16,6720,336.0,6384.0
9980,2025-05-11,5038,1058,4,18,3780,189.0,3591.0
9981,2025-05-11,5430,1058,1,17,8840,442.0,8398.0
9982,2025-06-01,5277,1005,2,21,8820,882.0,7938.0
9983,2025-06-13,5086,2020,3,8,2560,128.0,2432.0
9984,2025-02-26,5107,2031,3,7,2240,224.0,2016.0
9985,2025-06-03,5151,2002,2,3,1260,63.0,1197.0
9986,2025-04-04,5355,1024,1,25,13000,650.0,12350.0
9987,2025-06-28,5190,2001,3,7,2240,112.0,2128.0
9988,2025-02-28,5260,2003,1,22,11440,0.0,11440.0
9989,2025-04-18,5065,1021,4,6,1260,0.0,1260.0
9990,2025-01-21,5274,2026,1,14,7280,0.0,7280.0
9991,2025-06-17,5448,1054,4,15,3150,0.0,3150.0
9992,2025-06-20,5381,2038,2,5,2100,210.0,1890.0
9993,2025-05-06,5106,2019,4,25,5250,0.0,5250.0
9994,2025-01-12,5482,1006,4,18,3780,0.0,3780.0
9995,2025-06-16,5258,1035,4,3,630,31.5,598.5
9996,2025-04-14,5274,1031,2,14,5880,0.0,5880.0
9997,2025-01-02,5341,2033,1,12,6240,312.0,5928.0
9998,2025-05-06,5082,2003,4,11,2310,231.0,2079.0
9999,2025-04-12,5489,1002,2,19,7980,0.0,7980.0
10000,2025-01-06,5067,2026,2,15,6300,0.0,6300.0
10001,2025-02-24,5480,1047,4,9,1890,189.0,1701.0
10002,2025-06-08,5209,1008,1,23,11960,0.0,11960.0
10003,2025-03-13,5338,2038,3,11,3520,176.0,3344.0
10004,2025-06-09,5140,1005,2,21,8820,0.0,8820.0
10005,2025-01-08,5314,2017,1,4,2080,104.0,1976.0
10006,2025-05-11,5168,2039,1,12,6240,312.0,5928.0
10007,2025-01-23,5404,1025,1,10,5200,260.0,4940.0
10008,2025-04-11,5398,2010,4,19,3990,199.5,3790.5
10009,2025-02-13,5211,1059,2,13,5460,0.0,5460.0
10010,2025-03-24,5276,1013,4,6,1260,126.0,1134.0
10011,2025-02-20,5447,1019,4,9,1890,94.5,1795.5
10012,2025-02-07,5109,1021,2,16,6720,0.0,6720.0
10013,2025-03-27,5204,1053,4,1,210,0.0,210.0
10014,2025-04-05,5059,2025,2,24,10080,1008.0,9072.0
10015,2025-06-26,5097,2019,2,6,2520,0.0,2520.0
10016,2025-04-12,5487,1045,1,3,1560,0.0,1560.0
10017,2025-06-03,5442,2023,3,4,1280,0.0,1280.0
10018,2025-03-11,5112,2036,3,5,1600,80.0,1520.0
10019,2025-03-08,5038,1035,2,12,5040,0.0,5040.0
10020,2025-01-22,5498,1020,4,19,3990,399.0,3591.0
10021,2025-01-26,5278,2030,2,19,7980,0.0,7980.0
10022,2025-03-15,5374,2025,2,16,6720,672.0,6048.0
10023,2025-05-24,5425,1014,1,15,7800,0.0,7800.0
10024,2025-06-20,5422,1028,1,15,7800,0.0,7800.0
10025,2025-05-20,5030,2031,1,11,5720,0.0,5720.0
10026,2025-03-09,5476,1018,1,10,5200,0.0,5200.0
10027,2025-04-27,5172,1060,4,6,1260,0.0,1260.0
10028,2025-01-26,5066,1006,4,6,1260,126.0,1134.0
10029,2025-06-13,5032,1037,3,24,7680,0.0,7680.0
10030,2025-02-06,5443,2033,4,11,2310,231.0,2079.0
10031,2025-04-24,5177,1015,3,16,5120,512.0,4608.0
10032,2025-02-02,5356,2038,3,1,320,0.0,320.0
10033,2025-04-04,5430,1003,2,16,6720,672.0,6048.0
10034,2025-03-11,5326,1013,3,6,1920,96.0,1824.0
10035,2025-04-02,5074,2018,1,16,8320,0.0,8320.0
10036,2025-02-27,5059,2035,4,14,2940,0.0,2940.0
10037,2025-01-03,5301,1011,1,14,7280,0.0,7280.0
10038,2025-02-18,5030,1058,4,18,3780,0.0,3780.0
10039,2025-05-14,5488,1029,4,18,3780,0.0,3780.0
10040,2025-04-27,5349,1021,2,14,5880,294.0,5586.0
10041,2025-05-11,5456,2011,3,14,4480,0.0,4480.0
10042,2025-03-19,5229,1020,3,1,320,0.0,320.0
10043,2025-03-07,5261,1035,3,8,2560,128.0,2432.0
10044,2025-06-08,5027,1058,4,4,840,0.0,840.0
10045,2025-03-25,5122,1008,3,25,8000,800.0,7200.0
10046,2025-02-06,5408,1049,4,6,1260,63.0,1197.0
10047,2025-02-04,5482,2023,3,12,3840,0.0,3840.0
10048,2025-03-27,5275,1009,1,25,13000,0.0,13000.0
10049,2025-05-19,5213,1050,2,12,5040,0.0,5040.0
10050,2025-06-24,5203,2003,4,15,3150,157.5,2992.5
10051,2025-04-14,5395,1034,4,8,1680,168.0,1512.0
10052,2025-02-28,5020,2035,1,3,1560,78.0,1482.0
10053,2025-01-16,5406,2005,1,18,9360,0.0,9360.0
10054,2025-01-20,5356,1031,3,17,5440,0.0,5440.0
10055,2025-04-01,5290,1011,1,25,13000,650.0,12350.0
10056,2025-05-21,5276,1002,2,10,4200,210.0,3990.0
10057,2025-05-22,5301,1055,1,9,4680,0.0,4680.0
10058,2025-06-17,5374,1024,3,18,5760,0.0,5760.0
10059,2025-04-12,5432,2016,4,25,5250,525.0,4725.0
10060,2025-06-04,5419,2039,3,1,320,0.0,320.0
10061,2025-02-14,5355,2015,4,4,840,42.0,798.0
10062,2025-01-17,5030,2034,3,19,6080,0.0,6080.0
10063,2025-01-20,5403,1057,4,2,420,21.0,399.0
10064,2025-06-20,5223,1025,3,15,4800,240.0,4560.0
10065,2025-03-03,5198,2017,2,20,8400,0.0,8400.0
10066,2025-06-13,5132,1049,4,3,630,0.0,630.0
10067,2025-04-11,5338,1002,1,17,8840,884.0,7956.0
10068,2025-01-30,5135,1005,4,16,3360,0.0,3360.0
10069,2025-04-16,5258,1011,1,25,13000,0.0,13000.0
10070,2025-04-05,5098,1023,3,21,6720,0.0,6720.0
10071,2025-04-21,5480,1015,2,18,7560,378.0,7182.0
10072,2025-05-28,5263,2031,2,2,840,42.0,798.0
10073,2025-03-21,5095,1005,1,16,8320,0.0,8320.0
10074,2025-05-04,5490,2029,3,16,5120,256.0,4864.0
10075,2025-04-16,5261,1027,2,15,6300,315.0,5985.0
10076,2025-05-17,5011,2016,2,9,3780,0.0,3780.0
10077,2025-04-06,5053,1037,4,19,3990,0.0,3990.0
10078,2025-02-21,5477,2032,3,13,4160,208.0,3952.0
10079,2025-04-18,5469,2022,2,24,10080,1008.0,9072.0
10080,2025-03-14,5135,1031,3,11,3520,0.0,3520.0
10081,2025-01-19,5426,1020,1,5,2600,0.0,2600.0
10082,2025-06-06,5252,1034,4,18,3780,0.0,3780.0
10083,2025-01-02,5415,2013,4,22,4620,0.0,4620.0
10084,2025-06-13,5425,2009,1,9,4680,234.0,4446.0
10085,2025-03-10,5098,1039,1,6,3120,156.0,2964.0
10086,2025-06-14,5056,1012,3,20,6400,0.0,6400.0
10087,2025-04-16,5096,1007,3,2,640,0.0,640.0
10088,2025-01-06,5151,1019,2,11,4620,231.0,4389.0
10089,2025-03-03,5309,2040,4,18,3780,189.0,3591.0
10090,2025-02-26,5246,2008,4,19,3990,199.5,3790.5
10091,2025-02-11,5046,1044,3,17,5440,272.0,5168.0
10092,2025-02-06,5361,1050,2,20,8400,420.0,7980.0
10093,2025-01-03,5457,2035,4,13,2730,0.0,2730.0
10094,2025-01-21,5274,1011,1,8,4160,0.0,4160.0
10095,2025-04-15,5053,2016,4,20,4200,420.0,3780.0
10096,2025-04-25,5440,1044,3,18,5760,0.0,5760.0
10097,2025-02-02,5058,2025,3,6,1920,0.0,1920.0
10098,2025-06-23,5133,1002,1,16,8320,0.0,8320.0
10099,2025-04-23,5222,2015,2,25,10500,0.0,10500.0
10100,2025-06-19,5408,1057,3,13,4160,208.0,3952.0
10101,2025-03-22,5175,2004,2,11,4620,462.0,4158.0
10102,2025-05-15,5293,2006,4,22,4620,462.0,4158.0
10103,2025-05-10,5341,1014,1,23,11960,0.0,11960.0
10104,2025-05-11,5357,1019,2,13,5460,0.0,5460.0
10105,2025-06-24,5171,1046,3,22,7040,0.0,7040.0
10106,2025-01-18,5407,1038,4,10,2100,210.0,1890.0
10107,2025-06-14,5090,2029,2,21,8820,0.0,8820.0
10108,2025-01-10,5462,1042,3,23,7360,0.0,7360.0
10109,2025-05-25,5085,1045,3,6,1920,0.0,1920.0
10110,2025-03-15,5280,1050,1,12,6240,0.0,6240.0
10111,2025-03-01,5071,2027,2,1,420,0.0,420.0
10112,2025-04-08,5373,1047,4,22,4620,231.0,4389.0
10113,2025-05-16,5259,2018,2,11,4620,0.0,4620.0
10114,2025-05-02,5130,2037,2,8,3360,0.0,3360.0
10115,2025-02-23,5419,1043,3,23,7360,368.0,6992.0
10116,2025-05-02,5421,2033,3,13,4160,0.0,4160.0
10117,2025-02-03,5348,1028,2,7,2940,0.0,2940.0
10118,2025-04-28,5496,1021,4,8,1680,0.0,1680.0
10119,2025-04-25,5347,1012,4,9,1890,0.0,1890.0
10120,2025-04-27,5101,1016,2,14,5880,588.0,5292.0
10121,2025-04-19,5040,1038,3,9,2880,0.0,2880.0
10122,2025-06-24,5093,2038,1,9,4680,0.0,4680.0
10123,2025-05-24,5235,1006,1,21,10920,0.0,10920.0
10124,2025-05-23,5439,1003,1,6,3120,0.0,3120.0
10125,2025-02-14,5385,1040,1,2,1040,52.0,988.0
10126,2025-05-02,5271,2029,1,3,1560,0.0,1560.0
10127,2025-05-07,5434,1020,4,20,4200,0.0,4200.0
10128,2025-01-08,5236,1015,3,23,7360,0.0,7360.0
10129,2025-01-04,5268,1023,4,5,1050,52.5,997.5
10130,2025-06-10,5429,1053,3,14,4480,448.0,4032.0
10131,2025-03-29,5487,1045,3,7,2240,0.0,2240.0
10132,2025-06-14,5166,2040,4,19,3990,399.0,3591.0
10133,2025-01-12,5344,1052,1,24,12480,0.0,12480.0
10134,2025-06-02,5025,2040,2,12,5040,0.0,5040.0
10135,2025-01-28,5058,1014,3,13,4160,416.0,3744.0
10136,2025-02-06,5187,2039,2,17,7140,0.0,7140.0
10137,2025-03-23,5198,1001,2,13,5460,0.0,5460.0
10138,2025-05-04,5021,2035,4,8,1680,0.0,1680.0
10139,2025-05-18,5281,1042,3,5,1600,0.0,1600.0
10140,2025-04-09,5096,1012,1,12,6240,312.0,5928.0
10141,2025-04-16,5128,2004,3,7,2240,224.0,2016.0
10142,2025-04-04,5118,1047,3,11,3520,0.0,3520.0
10143,2025-05-17,5064,1039,3,12,3840,0.0,3840.0
10144,2025-06-12,5478,2013,4,22,4620,0.0,4620.0
10145,2025-04-29,5414,1052,1,5,2600,130.0,2470.0
10146,2025-04-14,5391,1059,1,4,2080,208.0,1872.0
10147,2025-05-21,5233,1015,1,7,3640,0.0,3640.0
10148,2025-03-03,5173,1017,2,10,4200,0.0,4200.0
10149,2025-01-19,5020,1035,3,22,7040,704.0,6336.0
10150,2025-04-16,5171,1021,1,21,10920,0.0,10920.0
10151,2025-04-20,5007,2028,4,8,1680,168.0,1512.0
10152,2025-03-08,5322,1017,3,4,1280,0.0,1280.0
10153,2025-03-14,5161,1053,2,8,3360,168.0,3192.0
10154,2025-02-03,5284,2034,3,15,4800,480.0,4320.0
10155,2025-01-31,5341,2016,3,13,4160,416.0,3744.0
10156,2025-03-24,5441,1032,3,7,2240,0.0,2240.0
10157,2025-01-05,5373,1046,3,16,5120,0.0,5120.0
10158,2025-04-29,5288,1009,4,15,3150,0.0,3150.0
10159,2025-06-06,5198,2021,3,21,6720,336.0,6384.0
10160,2025-05-16,5228,1055,2,16,6720,336.0,6384.0
10161,2025-06-17,5191,2026,4,20,4200,0.0,4200.0
10162,2025-06-30,5130,2007,1,8,4160,0.0,4160.0
10163,2025-02-22,5126,2038,1,4,2080,0.0,2080.0
10164,2025-01-03,5423,1052,3,18,5760,288.0,5472.0
10165,2025-05-16,5339,2017,2,5,2100,0.0,2100.0
10166,2025-06-27,5281,2029,4,3,630,0.0,630.0
10167,2025-02-17,5206,2039,2,15,6300,0.0,6300.0
10168,2025-03-01,5239,1026,2,10,4200,420.0,3780.0
10169,2025-04-09,5277,1037,4,6,1260,0.0,1260.0
10170,2025-06-28,5062,2016,3,20,6400,0.0,6400.0
10171,2025-01-19,5279,1017,4,18,3780,378.0,3402.0
10172,2025-05-17,5112,2023,4,8,1680,0.0,1680.0
10173,2025-05-13,5243,2007,2,18,7560,0.0,7560.0
10174,2025-04-10,5227,2039,1,1,520,26.0,494.0
10175,2025-03-03,5456,2001,1,12,6240,0.0,6240.0
10176,2025-03-23,5490,2032,1,24,12480,1248.0,11232.0
10177,2025-03-08,5287,1023,1,1,520,0.0,520.0
10178,2025-02-18,5483,2020,4,18,3780,189.0,3591.0
10179,2025-03-21,5241,2035,2,22,9240,0.0,9240.0
10180,2025-02-03,5051,1027,4,21,4410,220.5,4189.5
10181,2025-02-23,5468,1045,4,4,840,84.0,756.0
10182,2025-06-03,5036,1016,1,11,5720,572.0,5148.0
10183,2025-04-20,5059,1039,1,4,2080,104.0,1976.0
10184,2025-02-23,5077,2006,4,12,2520,0.0,2520.0
10185,2025-03-31,5189,2025,1,21,10920,0.0,10920.0
10186,2025-05-04,5139,1051,4,14,2940,0.0,2940.0
10187,2025-04-08,5056,1033,2,6,2520,252.0,2268.0
10188,2025-05-06,5347,1025,3,1,320,0.0,320.0
10189,2025-03-11,5279,2021,2,18,7560,0.0,7560.0
10190,2025-03-09,5078,1058,4,17,3570,357.0,3213.0
10191,2025-01-14,5071,1004,1,3,1560,78.0,1482.0
10192,2025-01-26,5088,1055,3,4,1280,0.0,1280.0
10193,2025-01-31,5408,2004,2,3,1260,0.0,1260.0
10194,2025-02-25,5201,2014,3,7,2240,0.0,2240.0
10195,2025-02-18,5338,1006,1,23,11960,598.0,11362.0
10196,2025-02-24,5268,1020,1,12,6240,0.0,6240.0
10197,2025-05-31,5215,1032,1,10,5200,260.0,4940.0
10198,2025-04-13,5162,1018,4,23,4830,241.5,4588.5
10199,2025-03-21,5300,1052,4,16,3360,168.0,3192.0
10200,2025-04-02,5290,1031,4,21,4410,0.0,4410.0
10201,2025-06-16,5233,1055,1,12,6240,0.0,6240.0
10202,2025-05-29,5067,1051,3,10,3200,160.0,3040.0
10203,2025-04-02,5058,1007,1,9,4680,0.0,4680.0
10204,2025-01-16,5166,2022,3,21,6720,0.0,6720.0
10205,2025-02-14,5345,2007,2,21,8820,0.0,8820.0
10206,2025-01-24,5277,1043,2,24,10080,0.0,10080.0
10207,2025-03-04,5268,1057,3,10,3200,160.0,3040.0
10208,2025-03-25,5480,1021,2,15,6300,630.0,5670.0
10209,2025-01-26,5123,1004,2,19,7980,0.0,7980.0
10210,2025-06-16,5267,1038,3,24,7680,0.0,7680.0
10211,2025-01-31,5036,1056,3,15,4800,0.0,4800.0
10212,2025-03-18,5076,2002,3,1,320,32.0,288.0
10213,2025-06-29,5210,1058,4,18,3780,0.0,3780.0
10214,2025-02-27,5255,2024,3,22,7040,352.0,6688.0
10215,2025-06-26,5101,2028,4,16,3360,0.0,3360.0
10216,2025-03-20,5101,2034,1,19,9880,0.0,9880.0
10217,2025-05-02,5014,2014,4,5,1050,52.5,997.5
10218,2025-05-28,5346,1060,1,15,7800,0.0,7800.0
10219,2025-05-08,5313,1047,4,17,3570,0.0,3570.0
10220,2025-05-04,5309,1007,3,4,1280,64.0,1216.0
10221,2025-03-22,5429,1026,4,24,5040,0.0,5040.0
10222,2025-02-09,5360,1033,2,11,4620,0.0,4620.0
10223,2025-06-27,5211,1018,1,19,9880,0.0,9880.0
10224,2025-03-08,5329,2010,3,14,4480,0.0,4480.0
10225,2025-06-04,5410,1058,3,2,640,0.0,640.0
10226,2025-04-13,5036,2034,3,2,640,64.0,576.0
10227,2025-02-05,5228,1023,1,5,2600,260.0,2340.0
10228,2025-06-25,5274,1053,2,10,4200,0.0,4200.0
10229,2025-06-21,5425,1003,3,19,6080,0.0,6080.0
10230,2025-06-28,5255,2021,1,5,2600,260.0,2340.0
10231,2025-01-20,5059,2033,4,5,1050,52.5,997.5
10232,2025-05-06,5301,2039,3,2,640,0.0,640.0
10233,2025-05-02,5230,2002,2,14,5880,294.0,5586.0
10234,2025-04-26,5337,1003,4,18,3780,0.0,3780.0
10235,2025-05-27,5409,2021,4,8,1680,0.0,1680.0
10236,2025-02-05,5374,2032,3,15,4800,480.0,4320.0
10237,2025-03-26,5210,2003,3,11,3520,352.0,3168.0
10238,2025-01-11,5021,1011,1,15,7800,780.0,7020.0
10239,2025-01-11,5015,2023,2,19,7980,0.0,7980.0
10240,2025-03-20,5036,1044,3,15,4800,0.0,4800.0
10241,2025-06-10,5029,2033,1,15,7800,0.0,7800.0
10242,2025-05-03,5498,1049,2,6,2520,0.0,2520.0
10243,2025-03-01,5342,2005,4,9,1890,94.5,1795.5
10244,2025-04-18,5215,2036,1,3,1560,0.0,1560.0
10245,2025-02-08,5030,2038,1,10,5200,260.0,4940.0
10246,2025-02-06,5452,2002,2,20,8400,840.0,7560.0
10247,2025-01-27,5229,1031,3,16,5120,256.0,4864.0
10248,2025-04-27,5295,1049,2,16,6720,0.0,6720.0
10249,2025-02-15,5044,2011,3,8,2560,0.0,2560.0
10250,2025-04-14,5101,2034,1,23,11960,0.0,11960.0
10251,2025-04-19,5347,2013,3,25,8000,0.0,8000.0
10252,2025-05-07,5230,1036,3,7,2240,112.0,2128.0
10253,2025-04-21,5175,1009,3,11,3520,0.0,3520.0
10254,2025-05-30,5304,2006,1,5,2600,0.0,2600.0
10255,2025-03-19,5054,2038,1,2,1040,0.0,1040.0
10256,2025-04-09,5098,2014,1,1,520,0.0,520.0
10257,2025-03-25,5030,1014,4,24,5040,0.0,5040.0
10258,2025-01-14,5179,1045,4,25,5250,0.0,5250.0
10259,2025-01-11,5202,1012,2,22,9240,462.0,8778.0
10260,2025-02-23,5271,1041,3,23,7360,0.0,7360.0
10261,2025-02-10,5314,2040,1,9,4680,0.0,4680.0
10262,2025-01-27,5334,2034,2,15,6300,0.0,6300.0
10263,2025-03-08,5258,2037,1,15,7800,0.0,7800.0
10264,2025-01-19,5250,1043,2,19,7980,399.0,7581.0
10265,2025-02-12,5074,1043,1,24,12480,624.0,11856.0
10266,2025-06-24,5268,2028,2,21,8820,0.0,8820.0
10267,2025-06-02,5107,2037,4,21,4410,0.0,4410.0
10268,2025-02-06,5068,1048,4,13,2730,273.0,2457.0
10269,2025-05-23,5168,1046,2,6,2520,252.0,2268.0
10270,2025-05-16,5245,2015,1,8,4160,0.0,4160.0
10271,2025-04-13,5365,1030,4,8,1680,84.0,1596.0
10272,2025-02-08,5029,2005,2,18,7560,0.0,7560.0
10273,2025-04-26,5210,2019,2,13,5460,0.0,5460.0
10274,2025-04-22,5098,2013,4,16,3360,336.0,3024.0
10275,2025-03-07,5118,1029,1,25,13000,650.0,12350.0
10276,2025-05-30,5013,2002,1,4,2080,0.0,2080.0
10277,2025-01-27,5333,1020,4,22,4620,231.0,4389.0
10278,2025-04-12,5431,2037,1,2,1040,104.0,936.0
10279,2025-06-12,5466,2018,3,13,4160,0.0,4160.0
10280,2025-01-12,5472,1015,4,4,840,0.0,840.0
10281,2025-02-25,5400,2038,2,2,840,0.0,840.0
10282,2025-05-06,5115,1058,2,17,7140,0.0,7140.0
10283,2025-04-13,5142,1024,4,1,210,0.0,210.0
10284,2025-01-29,5252,1037,2,21,8820,0.0,8820.0
10285,2025-02-26,5434,2009,4,15,3150,157.5,2992.5
10286,2025-02-03,5169,2005,3,6,1920,96.0,1824.0
10287,2025-05-23,5366,1002,4,9,1890,94.5,1795.5
10288,2025-06-28,5029,2014,3,4,1280,0.0,1280.0
10289,2025-02-08,5274,1020,1,3,1560,78.0,1482.0
10290,2025-05-04,5373,2010,4,21,4410,441.0,3969.0
10291,2025-01-30,5005,2010,2,16,6720,0.0,6720.0
10292,2025-01-15,5085,2011,1,20,10400,1040.0,9360.0
10293,2025-03-07,5424,1013,2,25,10500,0.0,10500.0
10294,2025-05-17,5100,1033,3,14,4480,0.0,4480.0
10295,2025-05-16,5184,1019,1,6,3120,0.0,3120.0
10296,2025-04-10,5061,1014,2,12,5040,0.0,5040.0
10297,2025-01-03,5425,1032,4,13,2730,136.5,2593.5
10298,2025-06-04,5034,2026,4,15,3150,0.0,3150.0
10299,2025-03-18,5023,2002,1,2,1040,52.0,988.0
10300,2025-04-27,5304,2013,3,5,1600,80.0,1520.0
10301,2025-05-23,5031,2035,1,25,13000,0.0,13000.0
10302,2025-04-11,5450,2007,3,20,6400,0.0,6400.0
10303,2025-04-11,5089,1016,1,3,1560,0.0,1560.0
10304,2025-01-22,5113,2024,1,14,7280,0.0,7280.0
10305,2025-01-09,5338,2035,3,18,5760,0.0,5760.0
10306,2025-03-02,5417,1033,2,8,3360,0.0,3360.0
10307,2025-02-20,5373,1060,4,10,2100,210.0,1890.0
10308,2025-02-25,5229,2021,1,1,520,0.0,520.0
10309,2025-01-12,5415,1031,2,24,10080,1008.0,9072.0
10310,2025-06-23,5397,2040,4,9,1890,0.0,1890.0
10311,2025-04-08,5308,1034,4,12,2520,0.0,2520.0
10312,2025-05-19,5206,1032,4,5,1050,0.0,1050.0
10313,2025-02-28,5125,2015,4,5,1050,0.0,1050.0
10314,2025-01-13,5389,1013,2,25,10500,0.0,10500.0
10315,2025-04-21,5310,1033,3,13,4160,0.0,4160.0
10316,2025-02-15,5009,1039,4,17,3570,357.0,3213.0
10317,2025-01-30,5172,2003,3,2,640,32.0,608.0
10318,2025-06-13,5140,1019,1,20,10400,0.0,10400.0
10319,2025-06-12,5309,2035,3,2,640,32.0,608.0
10320,2025-05-28,5390,2025,4,2,420,0.0,420.0
10321,2025-01-08,5256,1024,1,20,10400,520.0,9880.0
10322,2025-03-06,5130,2034,1,17,8840,0.0,8840.0
10323,2025-02-19,5452,1014,2,24,10080,504.0,9576.0
10324,2025-03-23,5008,2014,2,21,8820,441.0,8379.0
10325,2025-01-07,5073,2019,1,23,11960,598.0,11362.0
10326,2025-04-27,5316,1049,2,20,8400,0.0,8400.0
10327,2025-05-16,5165,1010,2,10,4200,0.0,4200.0
10328,2025-04-24,5334,1001,4,19,3990,0.0,3990.0
10329,2025-05-25,5367,2019,2,19,7980,399.0,7581.0
10330,2025-01-22,5302,1028,3,22,7040,0.0,7040.0
10331,2025-03-01,5092,1043,4,7,1470,73.5,1396.5
10332,2025-03-26,5026,1034,4,17,3570,0.0,3570.0
10333,2025-03-28,5295,1004,1,20,10400,0.0,10400.0
10334,2025-04-30,5107,1009,4,14,2940,0.0,2940.0
10335,2025-04-13,5310,2015,4,3,630,0.0,630.0
10336,2025-06-27,5143,1046,3,15,4800,240.0,4560.0
10337,2025-05-06,5349,1046,3,17,5440,0.0,5440.0
10338,2025-05-25,5086,1038,3,14,4480,224.0,4256.0
10339,2025-03-31,5349,2036,4,18,3780,189.0,3591.0
10340,2025-06-21,5040,1010,1,22,11440,0.0,11440.0
10341,2025-01-02,5173,1060,2,2,840,0.0,840.0
10342,2025-05-05,5360,2001,3,16,5120,0.0,5120.0
10343,2025-06-11,5069,1005,4,12,2520,0.0,2520.0
10344,2025-01-28,5287,2015,4,4,840,0.0,840.0
10345,2025-03-29,5060,1038,1,10,5200,0.0,5200.0
10346,2025-06-25,5263,2031,3,20,6400,0.0,6400.0
10347,2025-03-05,5062,2028,3,14,4480,448.0,4032.0
10348,2025-03-20,5243,1053,2,8,3360,0.0,3360.0
10349,2025-05-08,5029,1004,2,20,8400,420.0,7980.0
10350,2025-04-13,5291,2011,3,19,6080,0.0,6080.0
10351,2025-03-07,5010,1024,1,11,5720,286.0,5434.0
10352,2025-03-21,5294,2010,2,18,7560,378.0,7182.0
10353,2025-01-12,5478,1025,3,25,8000,0.0,8000.0
10354,2025-01-12,5197,1038,2,22,9240,0.0,9240.0
10355,2025-02-15,5236,2006,4,11,2310,115.5,2194.5
10356,2025-04-11,5197,2034,1,23,11960,0.0,11960.0
10357,2025-01-02,5076,2006,1,9,4680,234.0,4446.0
10358,2025-02-24,5361,2002,1,2,1040,0.0,1040.0
10359,2025-04-27,5235,2027,3,4,1280,128.0,1152.0
10360,2025-04-13,5359,2002,2,12,5040,0.0,5040.0
10361,2025-03-04,5405,1010,2,18,7560,0.0,7560.0
10362,2025-01-29,5315,1032,2,2,840,42.0,798.0
10363,2025-02-05,5091,1053,2,8,3360,336.0,3024.0
10364,2025-04-17,5451,2010,3,17,5440,0.0,5440.0
10365,2025-04-22,5144,2009,2,21,8820,441.0,8379.0
10366,2025-05-25,5427,1008,1,20,10400,0.0,10400.0
10367,2025-03-21,5026,1016,1,19,9880,988.0,8892.0
10368,2025-04-18,5470,1006,2,13,5460,0.0,5460.0
10369,2025-02-15,5423,1009,4,6,1260,0.0,1260.0
10370,2025-03-12,5208,2034,1,24,12480,0.0,12480.0
10371,2025-02-18,5429,2036,1,5,2600,0.0,2600.0
10372,2025-01-02,5258,1050,4,21,4410,220.5,4189.5
10373,2025-02-21,5140,2026,2,19,7980,0.0,7980.0
10374,2025-05-20,5419,1057,1,17,8840,0.0,8840.0
10375,2025-02-27,5449,2008,2,21,8820,882.0,7938.0
10376,2025-04-05,5137,2002,2,20,8400,0.0,8400.0
10377,2025-05-21,5443,1016,1,13,6760,0.0,6760.0
10378,2025-04-15,5076,2037,4,24,5040,504.0,4536.0
10379,2025-05-16,5281,1048,4,18,3780,378.0,3402.0
10380,2025-05-29,5146,2032,3,11,3520,352.0,3168.0
10381,2025-02-26,5117,1022,3,1,320,0.0,320.0
10382,2025-01-19,5486,1022,4,23,4830,483.0,4347.0
10383,2025-05-21,5248,1044,4,5,1050,0.0,1050.0
10384,2025-03-05,5374,1033,4,9,1890,0.0,1890.0
10385,2025-01-24,5206,2005,3,4,1280,64.0,1216.0
10386,2025-02-09,5028,2018,2,3,1260,63.0,1197.0
10387,2025-06-23,5285,1050,2,7,2940,147.0,2793.0
10388,2025-04-20,5244,1043,4,16,3360,0.0,3360.0
10389,2025-04-30,5172,1043,1,17,8840,884.0,7956.0
10390,2025-04-13,5124,1045,2,23,9660,966.0,8694.0
10391,2025-01-31,5451,1050,2,12,5040,504.0,4536.0
10392,2025-03-09,5420,1023,3,18,5760,288.0,5472.0
10393,2025-02-24,5314,1001,4,24,5040,504.0,4536.0
10394,2025-01-16,5270,2013,2,19,7980,0.0,7980.0
10395,2025-03-14,5158,2019,3,18,5760,288.0,5472.0
10396,2025-05-30,5272,2014,2,2,840,0.0,840.0
10397,2025-01-08,5184,2012,4,6,1260,0.0,1260.0
10398,2025-03-18,5079,1058,2,3,1260,63.0,1197.0
10399,2025-05-29,5270,1043,3,15,4800,0.0,4800.0
10400,2025-05-07,5323,1037,2,16,6720,336.0,6384.0
10401,2025-05-01,5218,1013,4,9,1890,189.0,1701.0
10402,2025-01-22,5100,2014,3,20,6400,320.0,6080.0
10403,2025-05-09,5424,2039,1,10,5200,520.0,4680.0
10404,2025-01-27,5309,1056,3,4,1280,64.0,1216.0
10405,2025-05-19,5324,2003,2,1,420,0.0,420.0
10406,2025-05-05,5166,1006,3,18,5760,0.0,5760.0
10407,2025-06-12,5434,2007,3,9,2880,288.0,2592.0
10408,2025-05-05,5095,1030,4,3,630,0.0,630.0
10409,2025-05-04,5236,2037,3,16,5120,0.0,5120.0
10410,2025-06-10,5446,1050,1,12,6240,0.0,6240.0
10411,2025-06-11,5019,1033,2,23,9660,966.0,8694.0
10412,2025-06-30,5331,1022,4,17,3570,178.5,3391.5
10413,2025-01-30,5458,1012,3,12,3840,0.0,3840.0
10414,2025-06-29,5444,1030,4,4,840,0.0,840.0
10415,2025-06-24,5360,1003,2,16,6720,0.0,6720.0
10416,2025-06-10,5359,1029,2,13,5460,546.0,4914.0
10417,2025-03-31,5310,1057,3,22,7040,0.0,7040.0
10418,2025-02-23,5203,1039,4,13,2730,0.0,2730.0
10419,2025-01-19,5354,1028,4,4,840,0.0,840.0
10420,2025-03-12,5238,1034,2,1,420,0.0,420.0
10421,2025-01-09,5005,1053,1,18,9360,936.0,8424.0
10422,2025-05-24,5413,2022,2,20,8400,0.0,8400.0
10423,2025-05-18,5350,2031,2,8,3360,0.0,3360.0
10424,2025-06-27,5098,2029,1,16,8320,0.0,8320.0
10425,2025-05-28,5377,2030,3,4,1280,0.0,1280.0
10426,2025-03-13,5349,2028,3,25,8000,0.0,8000.0
10427,2025-02-16,5372,1055,4,22,4620,0.0,4620.0
10428,2025-05-01,5368,1004,1,16,8320,832.0,7488.0
10429,2025-02-07,5427,1047,1,4,2080,208.0,1872.0
10430,2025-03-04,5339,1040,2,7,2940,0.0,2940.0
10431,2025-01-12,5353,1023,3,16,5120,0.0,5120.0
10432,2025-01-07,5228,2032,3,22,7040,0.0,7040.0
10433,2025-05-03,5255,2031,3,23,7360,736.0,6624.0
10434,2025-04-11,5391,1033,3,22,7040,704.0,6336.0
10435,2025-01-27,5154,1012,2,4,1680,0.0,1680.0
10436,2025-01-25,5199,1013,1,20,10400,0.0,10400.0
10437,2025-01-09,5041,1055,1,4,2080,104.0,1976.0
10438,2025-04-10,5236,2006,4,24,5040,0.0,5040.0
10439,2025-02-09,5461,2012,2,24,10080,0.0,10080.0
10440,2025-02-16,5114,1031,3,22,7040,0.0,7040.0
10441,2025-05-06,5234,2034,3,2,640,0.0,640.0
10442,2025-01-26,5068,1044,4,20,4200,0.0,4200.0
10443,2025-02-19,5428,2015,2,23,9660,483.0,9177.0
10444,2025-02-15,5459,1031,2,21,8820,0.0,8820.0
10445,2025-04-14,5340,2005,2,23,9660,0.0,9660.0
10446,2025-05-10,5436,2005,3,13,4160,416.0,3744.0
10447,2025-05-24,5077,1027,4,20,4200,0.0,4200.0
10448,2025-03-03,5425,2012,3,12,3840,0.0,3840.0
10449,2025-01-01,5057,1025,1,10,5200,0.0,5200.0
10450,2025-01-24,5361,1008,4,1,210,0.0,210.0
10451,2025-01-27,5170,1005,3,5,1600,0.0,1600.0
10452,2025-06-09,5006,1054,3,25,8000,400.0,7600.0
10453,2025-03-08,5064,1036,1,4,2080,0.0,2080.0
10454,2025-01-20,5489,1047,4,11,2310,0.0,2310.0
10455,2025-02-20,5313,2004,2,11,4620,0.0,4620.0
10456,2025-01-25,5430,1059,4,22,4620,0.0,4620.0
10457,2025-03-09,5431,1039,4,9,1890,189.0,1701.0
10458,2025-01-04,5384,1041,3,5,1600,0.0,1600.0
10459,2025-01-24,5204,2012,3,5,1600,0.0,1600.0
10460,2025-05-04,5453,1004,2,24,10080,0.0,10080.0
10461,2025-04-16,5494,1052,4,15,3150,315.0,2835.0
10462,2025-01-28,5450,1057,2,23,9660,966.0,8694.0
10463,2025-06-10,5490,1021,4,11,2310,115.5,2194.5
10464,2025-05-02,5111,2010,4,8,1680,168.0,1512.0
10465,2025-01-01,5268,2010,2,3,1260,126.0,1134.0
10466,2025-04-25,5397,2012,3,23,7360,736.0,6624.0
10467,2025-01-13,5044,2023,3,18,5760,288.0,5472.0
10468,2025-01-23,5326,2031,4,23,4830,241.5,4588.5
10469,2025-03-30,5334,2011,4,19,3990,0.0,3990.0
10470,2025-02-21,5163,2036,4,5,1050,0.0,1050.0
10471,2025-01-12,5105,2034,1,12,6240,0.0,6240.0
10472,2025-02-18,5078,2028,1,13,6760,676.0,6084.0
10473,2025-01-17,5320,1011,4,25,5250,0.0,5250.0
10474,2025-01-24,5346,1004,2,10,4200,420.0,3780.0
10475,2025-04-15,5486,1031,3,8,2560,0.0,2560.0
10476,2025-03-20,5324,1060,3,15,4800,240.0,4560.0
10477,2025-05-24,5401,1003,1,23,11960,598.0,11362.0
10478,2025-04-08,5397,1058,3,11,3520,0.0,3520.0
10479,2025-06-17,5008,1017,4,6,1260,0.0,1260.0
10480,2025-03-10,5326,2019,1,5,2600,130.0,2470.0
10481,2025-06-01,5372,1015,4,17,3570,178.5,3391.5
10482,2025-01-06,5061,1020,2,4,1680,0.0,1680.0
10483,2025-05-05,5168,1004,3,25,8000,400.0,7600.0
10484,2025-01-31,5182,1015,2,10,4200,210.0,3990.0
10485,2025-05-25,5493,2018,1,11,5720,286.0,5434.0
10486,2025-01-26,5125,1038,2,21,8820,0.0,8820.0
10487,2025-02-08,5093,1043,2,5,2100,0.0,2100.0
10488,2025-03-01,5453,1044,2,15,6300,0.0,6300.0
10489,2025-06-19,5096,2027,4,6,1260,126.0,1134.0
10490,2025-02-24,5079,1012,3,14,4480,448.0,4032.0
10491,2025-03-19,5111,1058,1,13,6760,0.0,6760.0
10492,2025-05-05,5447,2016,2,16,6720,672.0,6048.0
10493,2025-06-25,5480,1029,2,7,2940,0.0,2940.0
10494,2025-03-06,5113,1007,3,7,2240,224.0,2016.0
10495,2025-04-07,5395,2036,3,7,2240,0.0,2240.0
10496,2025-06-06,5442,2027,2,7,2940,0.0,2940.0
10497,2025-05-12,5358,2038,2,7,2940,147.0,2793.0
10498,2025-01-06,5186,2011,4,14,2940,294.0,2646.0
10499,2025-06-16,5339,2017,4,9,1890,94.5,1795.5
10500,2025-04-18,5221,1013,2,21,8820,0.0,8820.0
10501,2025-03-14,5256,2005,2,4,1680,0.0,1680.0
10502,2025-05-03,5134,1058,4,18,3780,0.0,3780.0
10503,2025-03-12,5345,1038,1,18,9360,468.0,8892.0
10504,2025-02-04,5411,2034,1,18,9360,0.0,9360.0
10505,2025-06-19,5365,1023,2,7,2940,0.0,2940.0
10506,2025-05-17,5348,2007,1,8,4160,208.0,3952.0
10507,2025-05-01,5487,1047,2,16,6720,0.0,6720.0
10508,2025-06-04,5328,2013,3,18,5760,0.0,5760.0
10509,2025-03-02,5120,1015,4,11,2310,0.0,2310.0
10510,2025-03-23,5151,1042,2,23,9660,0.0,9660.0
10511,2025-04-28,5244,1020,2,10,4200,0.0,4200.0
10512,2025-04-11,5401,1019,4,8,1680,84.0,1596.0
10513,2025-06-16,5035,2016,1,11,5720,0.0,5720.0
10514,2025-01-01,5432,1052,4,24,5040,0.0,5040.0
10515,2025-06-23,5326,1021,4,1,210,10.5,199.5
10516,2025-05-01,5170,1025,2,24,10080,504.0,9576.0
10517,2025-04-19,5415,1030,2,8,3360,336.0,3024.0
10518,2025-02-17,5022,1036,3,16,5120,512.0,4608.0
10519,2025-06-26,5223,1023,2,5,2100,0.0,2100.0
10520,2025-01-20,5396,2015,1,22,11440,1144.0,10296.0
10521,2025-03-22,5383,1005,3,6,1920,192.0,1728.0
10522,2025-01-12,5198,1036,2,9,3780,0.0,3780.0
10523,2025-01-05,5436,2021,3,7,2240,0.0,2240.0
10524,2025-02-23,5431,2011,4,17,3570,178.5,3391.5
10525,2025-06-19,5038,2006,3,15,4800,0.0,4800.0
10526,2025-02-14,5062,1036,1,20,10400,0.0,10400.0
10527,2025-02-21,5122,1015,2,9,3780,0.0,3780.0
10528,2025-03-20,5455,1009,3,25,8000,800.0,7200.0
10529,2025-06-09,5116,2002,4,23,4830,241.5,4588.5
10530,2025-04-20,5397,1031,3,25,8000,400.0,7600.0
10531,2025-01-22,5229,1015,2,6,2520,252.0,2268.0
10532,2025-04-25,5058,1054,2,10,4200,0.0,4200.0
10533,2025-02-11,5134,1039,3,17,5440,544.0,4896.0
10534,2025-05-06,5167,2038,4,25,5250,525.0,4725.0
10535,2025-06-11,5459,1034,2,15,6300,0.0,6300.0
10536,2025-01-26,5195,1050,4,20,4200,0.0,4200.0
10537,2025-04-03,5126,2025,1,6,3120,0.0,3120.0
10538,2025-06-27,5421,2020,2,9,3780,0.0,3780.0
10539,2025-01-21,5159,2018,3,20,6400,640.0,5760.0
10540,2025-05-14,5233,1010,4,16,3360,336.0,3024.0
10541,2025-02-18,5336,2029,4,12,2520,126.0,2394.0
10542,2025-03-22,5129,2031,2,17,7140,0.0,7140.0
10543,2025-01-20,5072,2005,1,16,8320,416.0,7904.0
10544,2025-05-15,5124,2016,2,24,10080,504.0,9576.0
10545,2025-03-03,5196,1054,4,19,3990,199.5,3790.5
10546,2025-06-26,5138,1029,4,22,4620,0.0,4620.0
10547,2025-02-17,5361,1039,2,25,10500,0.0,10500.0
10548,2025-01-11,5364,2035,2,20,8400,840.0,7560.0
10549,2025-02-04,5285,2009,1,9,4680,234.0,4446.0
10550,2025-05-25,5146,1059,3,4,1280,0.0,1280.0
10551,2025-06-01,5371,2032,1,12,6240,0.0,6240.0
10552,2025-06-07,5054,2026,2,25,10500,0.0,10500.0
10553,2025-03-29,5155,1019,1,24,12480,0.0,12480.0
10554,2025-02-11,5115,1005,2,2,840,42.0,798.0
10555,2025-05-04,5380,2033,2,10,4200,0.0,4200.0
10556,2025-02-03,5183,1039,1,24,12480,0.0,12480.0
10557,2025-06-19,5342,1043,4,7,1470,147.0,1323.0
10558,2025-05-12,5126,2023,4,9,1890,94.5,1795.5
10559,2025-04-22,5018,1003,4,24,5040,0.0,5040.0
10560,2025-03-06,5355,1040,4,25,5250,262.5,4987.5
10561,2025-04-12,5257,1034,4,12,2520,0.0,2520.0
10562,2025-02-11,5286,2022,4,7,1470,147.0,1323.0
10563,2025-03-05,5083,1055,4,19,3990,399.0,3591.0
10564,2025-04-21,5380,2040,2,22,9240,0.0,9240.0
10565,2025-01-16,5217,1033,3,5,1600,0.0,1600.0
10566,2025-04-16,5379,1054,4,15,3150,0.0,3150.0
10567,2025-02-04,5361,1030,2,10,4200,420.0,3780.0
10568,2025-01-17,5125,1030,3,11,3520,0.0,3520.0
10569,2025-03-21,5115,2014,4,3,630,0.0,630.0
10570,2025-01-31,5095,1036,4,5,1050,0.0,1050.0
10571,2025-02-17,5174,1049,2,12,5040,0.0,5040.0
10572,2025-02-05,5310,2036,3,2,640,0.0,640.0
10573,2025-05-11,5373,1001,4,19,3990,199.5,3790.5
10574,2025-01-26,5389,2024,3,3,960,48.0,912.0
10575,2025-02-17,5129,1002,4,19,3990,0.0,3990.0
10576,2025-04-26,5009,1031,4,3,630,0.0,630.0
10577,2025-03-05,5312,1041,3,16,5120,0.0,5120.0
10578,2025-01-02,5389,2005,4,21,4410,441.0,3969.0
10579,2025-04-07,5334,2003,1,18,9360,0.0,9360.0
10580,2025-04-30,5167,1040,2,10,4200,0.0,4200.0
10581,2025-06-05,5199,1029,3,19,6080,0.0,6080.0
10582,2025-01-20,5052,1009,2,17,7140,0.0,7140.0
10583,2025-06-10,5270,2037,2,4,1680,0.0,1680.0
10584,2025-05-09,5372,2027,2,14,5880,294.0,5586.0
10585,2025-01-05,5228,2034,3,2,640,0.0,640.0
10586,2025-03-16,5403,1048,2,5,2100,105.0,1995.0
10587,2025-04-24,5311,1048,4,18,3780,0.0,3780.0
10588,2025-02-07,5168,1005,2,24,10080,0.0,10080.0
10589,2025-03-09,5440,2031,1,21,10920,0.0,10920.0
10590,2025-05-12,5339,2003,1,25,13000,650.0,12350.0
10591,2025-01-23,5014,1042,1,16,8320,0.0,8320.0
10592,2025-06-19,5148,2040,4,13,2730,0.0,2730.0
10593,2025-02-16,5012,1050,2,21,8820,0.0,8820.0
10594,2025-05-22,5333,1049,2,8,3360,168.0,3192.0
10595,2025-02-18,5087,1018,3,1,320,32.0,288.0
10596,2025-03-03,5049,1025,3,13,4160,208.0,3952.0
10597,2025-02-09,5425,2019,2,1,420,21.0,399.0
10598,2025-04-26,5299,2031,1,3,1560,156.0,1404.0
10599,2025-01-12,5265,1013,3,1,320,0.0,320.0
10600,2025-04-26,5439,2030,1,1,520,0.0,520.0
10601,2025-01-09,5240,1057,3,10,3200,0.0,3200.0
10602,2025-02-06,5377,1010,3,15,4800,0.0,4800.0
10603,2025-03-03,5357,1045,2,4,1680,84.0,1596.0
10604,2025-03-03,5082,2013,2,1,420,21.0,399.0
10605,2025-03-10,5457,1059,4,24,5040,252.0,4788.0
10606,2025-06-12,5146,2013,1,12,6240,0.0,6240.0
10607,2025-02-10,5165,2011,1,4,2080,104.0,1976.0
10608,2025-06-20,5471,2034,3,15,4800,0.0,4800.0
10609,2025-06-15,5115,1001,4,3,630,0.0,630.0
10610,2025-06-27,5192,1053,4,21,4410,0.0,4410.0
10611,2025-02-25,5456,1035,1,6,3120,312.0,2808.0
10612,2025-03-01,5260,2021,2,11,4620,462.0,4158.0
10613,2025-02-23,5492,2019,4,10,2100,0.0,2100.0
10614,2025-04-29,5331,2008,1,8,4160,0.0,4160.0
10615,2025-04-25,5459,2028,3,16,5120,0.0,5120.0
10616,2025-06-26,5075,1049,1,22,11440,1144.0,10296.0
10617,2025-06-04,5378,1034,1,6,3120,156.0,2964.0
10618,2025-03-30,5089,1050,2,15,6300,0.0,6300.0
10619,2025-04-17,5299,1057,2,1,420,0.0,420.0
10620,2025-03-26,5148,2038,1,7,3640,0.0,3640.0
10621,2025-06-15,5412,1051,4,10,2100,105.0,1995.0
10622,2025-02-09,5445,1014,2,6,2520,0.0,2520.0
10623,2025-01-01,5285,2002,1,5,2600,260.0,2340.0
10624,2025-01-03,5413,1012,4,8,1680,0.0,1680.0
10625,2025-02-24,5109,1009,3,1,320,16.0,304.0
10626,2025-01-12,5444,2038,4,19,3990,399.0,3591.0
10627,2025-06-07,5210,2026,3,12,3840,192.0,3648.0
10628,2025-04-01,5303,1050,1,17,8840,0.0,8840.0
10629,2025-02-04,5374,1019,2,22,9240,0.0,9240.0
10630,2025-01-24,5347,1045,3,25,8000,0.0,8000.0
10631,2025-02-12,5277,1041,2,17,7140,714.0,6426.0
10632,2025-03-17,5385,1049,2,17,7140,0.0,7140.0
10633,2025-04-19,5376,2039,2,20,8400,840.0,7560.0
10634,2025-04-16,5015,1016,2,1,420,21.0,399.0
10635,2025-06-20,5105,1055,3,11,3520,176.0,3344.0
10636,2025-03-24,5051,2002,2,1,420,0.0,420.0
10637,2025-06-07,5138,1026,1,5,2600,0.0,2600.0
10638,2025-02-12,5092,1046,2,8,3360,0.0,3360.0
10639,2025-06-24,5259,1043,2,1,420,21.0,399.0
10640,2025-03-17,5139,2016,1,21,10920,546.0,10374.0
10641,2025-04-21,5309,1041,1,9,4680,234.0,4446.0
10642,2025-02-11,5114,2038,2,12,5040,0.0,5040.0
10643,2025-02-15,5357,2033,1,9,4680,0.0,4680.0
10644,2025-05-27,5464,2004,3,22,7040,0.0,7040.0
10645,2025-04-23,5206,2037,3,8,2560,128.0,2432.0
10646,2025-05-14,5461,1032,2,12,5040,504.0,4536.0
10647,2025-01-24,5298,1030,2,6,2520,126.0,2394.0
10648,2025-02-17,5418,2017,4,7,1470,0.0,1470.0
10649,2025-02-20,5078,1026,2,15,6300,630.0,5670.0
10650,2025-03-19,5397,2004,4,11,2310,231.0,2079.0
10651,2025-02-13,5480,1054,1,1,520,0.0,520.0
10652,2025-02-24,5015,2004,3,23,7360,0.0,7360.0
10653,2025-05-25,5470,2037,3,16,5120,512.0,4608.0
10654,2025-05-31,5493,1007,3,23,7360,736.0,6624.0
10655,2025-06-10,5237,1002,3,25,8000,800.0,7200.0
10656,2025-06-26,5011,1059,4,5,1050,0.0,1050.0
10657,2025-06-30,5249,1033,3,10,3200,0.0,3200.0
10658,2025-01-30,5264,2012,4,6,1260,0.0,1260.0
10659,2025-01-01,5498,1034,1,15,7800,780.0,7020.0
10660,2025-02-13,5179,2013,4,18,3780,0.0,3780.0
10661,2025-05-01,5421,1009,1,21,10920,546.0,10374.0
10662,2025-03-03,5308,1041,2,23,9660,966.0,8694.0
10663,2025-06-03,5453,2036,1,20,10400,0.0,10400.0
10664,2025-03-22,5053,1043,3,11,3520,0.0,3520.0
10665,2025-06-01,5209,2019,2,2,840,0.0,840.0
10666,2025-01-23,5136,2005,2,14,5880,0.0,5880.0
10667,2025-03-10,5273,1019,1,5,2600,260.0,2340.0
10668,2025-06-07,5292,1010,4,11,2310,0.0,2310.0
10669,2025-02-19,5060,1024,4,4,840,0.0,840.0
10670,2025-01-26,5388,2040,2,15,6300,0.0,6300.0
10671,2025-03-27,5049,1050,4,1,210,21.0,189.0
10672,2025-01-27,5465,1043,4,20,4200,0.0,4200.0
10673,2025-02-10,5269,2039,3,4,1280,0.0,1280.0
10674,2025-04-05,5258,2035,3,16,5120,512.0,4608.0
10675,2025-02-28,5368,1034,3,8,2560,0.0,2560.0
10676,2025-01-11,5128,1040,2,7,2940,0.0,2940.0
10677,2025-04-20,5263,1018,1,4,2080,208.0,1872.0
10678,2025-01-24,5481,2031,3,24,7680,0.0,7680.0
10679,2025-04-18,5151,2026,4,13,2730,273.0,2457.0
10680,2025-04-16,5444,1053,4,11,2310,231.0,2079.0
10681,2025-02-14,5458,2025,3,6,1920,0.0,1920.0
10682,2025-02-27,5012,1004,3,2,640,0.0,640.0
10683,2025-01-16,5360,1030,4,2,420,0.0,420.0
10684,2025-02-02,5066,1005,4,21,4410,0.0,4410.0
10685,2025-04-28,5293,1050,4,7,1470,73.5,1396.5
10686,2025-01-13,5402,2028,1,4,2080,104.0,1976.0
10687,2025-02-26,5406,2001,2,2,840,42.0,798.0
10688,2025-04-21,5002,1014,1,1,520,26.0,494.0
10689,2025-05-21,5479,1001,4,9,1890,0.0,1890.0
10690,2025-02-19,5453,1032,2,25,10500,525.0,9975.0
10691,2025-02-08,5233,1060,2,25,10500,525.0,9975.0
10692,2025-04-20,5192,1041,2,6,2520,126.0,2394.0
10693,2025-02-10,5491,2009,1,1,520,0.0,520.0
10694,2025-03-22,5494,2037,4,4,840,42.0,798.0
10695,2025-01-07,5059,2002,1,8,4160,416.0,3744.0
10696,2025-01-02,5181,1016,4,5,1050,0.0,1050.0
10697,2025-04-11,5166,2034,2,8,3360,0.0,3360.0
10698,2025-06-18,5112,1054,4,24,5040,0.0,5040.0
10699,2025-01-15,5151,2021,2,5,2100,105.0,1995.0
10700,2025-01-02,5258,2015,3,6,1920,0.0,1920.0
10701,2025-05-21,5203,1044,4,13,2730,0.0,2730.0
10702,2025-01-01,5102,2012,3,9,2880,0.0,2880.0
10703,2025-06-08,5381,2019,4,8,1680,0.0,1680.0
10704,2025-02-21,5223,1055,1,17,8840,0.0,8840.0
10705,2025-01-07,5039,1019,1,22,11440,0.0,11440.0
10706,2025-06-12,5429,1007,2,20,8400,840.0,7560.0
10707,2025-03-30,5026,1013,2,13,5460,0.0,5460.0
10708,2025-01-28,5266,2034,1,15,7800,0.0,7800.0
10709,2025-01-11,5344,2022,3,16,5120,256.0,4864.0
10710,2025-06-30,5484,2027,3,17,5440,272.0,5168.0
10711,2025-05-19,5196,2038,2,18,7560,0.0,7560.0
10712,2025-03-02,5360,1056,4,8,1680,0.0,1680.0
10713,2025-04-15,5260,2035,3,9,2880,288.0,2592.0
10714,2025-06-21,5469,1051,4,18,3780,0.0,3780.0
10715,2025-04-02,5219,1011,4,23,4830,483.0,4347.0
10716,2025-03-18,5382,1051,2,1,420,0.0,420.0
10717,2025-05-16,5394,2027,3,18,5760,288.0,5472.0
10718,2025-06-13,5163,1044,3,23,7360,736.0,6624.0
10719,2025-05-17,5398,2032,2,25,10500,525.0,9975.0
10720,2025-03-08,5344,1032,1,12,6240,0.0,6240.0
10721,2025-05-22,5402,1031,3,4,1280,128.0,1152.0
10722,2025-06-09,5288,1040,4,18,3780,378.0,3402.0
10723,2025-05-29,5060,1024,2,23,9660,966.0,8694.0
10724,2025-06-26,5366,2038,4,3,630,0.0,630.0
10725,2025-02-21,5098,1012,1,23,11960,598.0,11362.0
10726,2025-03-01,5123,2032,2,19,7980,798.0,7182.0
10727,2025-02-22,5287,2027,3,16,5120,0.0,5120.0
10728,2025-06-04,5009,2028,1,24,12480,1248.0,11232.0
10729,2025-02-23,5245,2029,2,18,7560,378.0,7182.0
10730,2025-06-27,5123,1045,4,9,1890,94.5,1795.5
10731,2025-05-15,5441,1002,1,6,3120,312.0,2808.0
10732,2025-06-01,5252,1002,1,1,520,0.0,520.0
10733,2025-04-11,5050,2010,1,3,1560,156.0,1404.0
10734,2025-04-16,5170,2005,2,24,10080,0.0,10080.0
10735,2025-02-24,5476,2030,2,11,4620,0.0,4620.0
10736,2025-06-28,5463,2010,2,7,2940,0.0,2940.0
10737,2025-03-06,5094,2006,1,10,5200,0.0,5200.0
10738,2025-01-13,5022,1005,1,4,2080,0.0,2080.0
10739,2025-05-09,5121,1027,1,19,9880,494.0,9386.0
10740,2025-02-13,5196,1054,4,7,1470,147.0,1323.0
10741,2025-06-07,5166,1020,1,4,2080,0.0,2080.0
10742,2025-05-07,5278,2025,2,17,7140,0.0,7140.0
10743,2025-02-17,5143,1013,1,10,5200,0.0,5200.0
10744,2025-01-12,5099,2040,3,1,320,0.0,320.0
10745,2025-04-20,5483,1018,1,22,11440,0.0,11440.0
10746,2025-04-12,5254,2028,1,8,4160,208.0,3952.0
10747,2025-06-30,5292,1051,2,4,1680,0.0,1680.0
10748,2025-06-13,5365,1052,2,5,2100,0.0,2100.0
10749,2025-06-15,5450,2033,4,21,4410,0.0,4410.0
10750,2025-03-09,5148,1015,4,22,4620,0.0,4620.0
10751,2025-06-19,5225,1030,4,11,2310,0.0,2310.0
10752,2025-06-27,5050,1022,1,17,8840,0.0,8840.0
10753,2025-03-17,5189,1006,1,6,3120,0.0,3120.0
10754,2025-03-19,5450,1058,3,1,320,16.0,304.0
10755,2025-02-04,5243,2025,1,13,6760,0.0,6760.0
10756,2025-01-18,5191,2001,2,15,6300,0.0,6300.0
10757,2025-05-23,5144,1019,2,1,420,0.0,420.0
10758,2025-06-25,5081,2016,2,22,9240,0.0,9240.0
10759,2025-05-15,5216,1004,2,10,4200,0.0,4200.0
10760,2025-02-17,5482,1014,4,13,2730,0.0,2730.0
10761,2025-03-31,5402,1047,4,12,2520,0.0,2520.0
10762,2025-02-23,5282,2032,2,4,1680,168.0,1512.0
10763,2025-05-18,5434,2025,4,18,3780,378.0,3402.0
10764,2025-04-09,5140,2036,3,20,6400,640.0,5760.0
10765,2025-04-01,5158,2006,2,5,2100,210.0,1890.0
10766,2025-04-24,5456,1016,4,1,210,0.0,210.0
10767,2025-06-22,5355,2032,4,14,2940,294.0,2646.0
10768,2025-02-24,5166,2036,2,20,8400,840.0,7560.0
10769,2025-03-15,5128,1009,3,10,3200,0.0,3200.0
10770,2025-04-30,5038,1057,3,6,1920,96.0,1824.0
10771,2025-04-15,5122,2038,4,16,3360,0.0,3360.0
10772,2025-03-27,5309,1027,3,25,8000,800.0,7200.0
10773,2025-04-09,5250,2015,2,23,9660,0.0,9660.0
10774,2025-03-25,5177,1019,2,8,3360,0.0,3360.0
10775,2025-05-31,5187,2023,1,20,10400,0.0,10400.0
10776,2025-04-21,5380,2027,4,23,4830,0.0,4830.0
10777,2025-02-13,5018,1035,2,8,3360,336.0,3024.0
10778,2025-01-30,5281,1056,3,6,1920,0.0,1920.0
10779,2025-03-03,5228,1044,1,14,7280,0.0,7280.0
10780,2025-05-20,5463,2015,4,9,1890,0.0,1890.0
10781,2025-04-10,5329,1048,1,6,3120,156.0,2964.0
10782,2025-04-01,5110,1053,3,22,7040,0.0,7040.0
10783,2025-05-12,5361,1039,3,12,3840,0.0,3840.0
10784,2025-03-28,5104,1059,3,12,3840,384.0,3456.0
10785,2025-06-14,5168,1025,4,17,3570,0.0,3570.0
10786,2025-02-23,5461,2024,2,7,2940,0.0,2940.0
10787,2025-03-21,5129,1053,1,20,10400,0.0,10400.0
10788,2025-03-27,5463,2038,1,10,5200,520.0,4680.0
10789,2025-05-27,5411,1009,3,24,7680,768.0,6912.0
10790,2025-06-30,5324,1017,2,13,5460,0.0,5460.0
10791,2025-01-16,5262,1020,3,5,1600,0.0,1600.0
10792,2025-01-31,5335,2005,1,14,7280,0.0,7280.0
10793,2025-01-30,5388,1013,4,11,2310,0.0,2310.0
10794,2025-03-04,5086,2036,1,11,5720,572.0,5148.0
10795,2025-02-26,5008,2040,2,3,1260,126.0,1134.0
10796,2025-01-16,5380,1007,2,23,9660,483.0,9177.0
10797,2025-02-08,5283,2039,1,5,2600,0.0,2600.0
10798,2025-03-05,5353,1021,3,17,5440,0.0,5440.0
10799,2025-05-22,5287,1037,3,23,7360,0.0,7360.0
10800,2025-06-03,5147,1003,1,14,7280,728.0,6552.0
10801,2025-03-23,5099,1047,3,21,6720,0.0,6720.0
10802,2025-04-14,5254,2016,2,12,5040,0.0,5040.0
10803,2025-03-09,5396,1016,3,20,6400,320.0,6080.0
10804,2025-02-15,5325,2018,1,21,10920,0.0,10920.0
10805,2025-06-22,5384,1031,4,13,2730,0.0,2730.0
10806,2025-02-17,5358,1009,2,5,2100,0.0,2100.0
10807,2025-06-30,5014,1004,4,19,3990,199.5,3790.5
10808,2025-03-14,5365,1025,3,14,4480,224.0,4256.0
10809,2025-01-05,5129,2020,2,17,7140,0.0,7140.0
10810,2025-02-07,5137,1035,3,23,7360,736.0,6624.0
10811,2025-02-12,5176,2030,4,7,1470,0.0,1470.0
10812,2025-02-13,5293,1031,1,16,8320,416.0,7904.0
10813,2025-04-04,5410,1007,3,15,4800,0.0,4800.0
10814,2025-03-07,5013,2014,2,11,4620,0.0,4620.0
10815,2025-05-29,5096,2037,2,4,1680,84.0,1596.0
10816,2025-02-06,5382,1030,2,6,2520,126.0,2394.0
10817,2025-01-17,5405,1021,3,21,6720,0.0,6720.0
10818,2025-04-06,5284,1053,2,18,7560,0.0,7560.0
10819,2025-05-07,5172,2018,1,4,2080,0.0,2080.0
10820,2025-01-19,5184,2004,2,23,9660,0.0,9660.0
10821,2025-01-06,5202,1003,3,23,7360,0.0,7360.0
10822,2025-05-26,5060,2004,3,16,5120,0.0,5120.0
10823,2025-04-14,5096,2026,2,23,9660,483.0,9177.0
10824,2025-01-17,5106,2034,3,23,7360,0.0,7360.0
10825,2025-04-15,5128,1043,1,23,11960,0.0,11960.0
10826,2025-01-10,5155,2027,3,16,5120,0.0,5120.0
10827,2025-06-18,5086,2005,2,1,420,42.0,378.0
10828,2025-04-17,5160,2018,3,16,5120,0.0,5120.0
10829,2025-05-05,5111,1025,4,15,3150,0.0,3150.0
10830,2025-05-05,5037,2040,2,7,2940,0.0,2940.0
10831,2025-02-10,5430,1048,1,21,10920,0.0,10920.0
10832,2025-06-14,5100,2001,4,4,840,0.0,840.0
10833,2025-02-06,5059,1051,3,12,3840,192.0,3648.0
10834,2025-01-05,5252,1028,3,3,960,96.0,864.0
10835,2025-04-21,5393,1048,3,5,1600,0.0,1600.0
10836,2025-05-26,5140,1052,2,1,420,21.0,399.0
10837,2025-01-01,5044,1029,1,18,9360,468.0,8892.0
10838,2025-03-03,5371,1001,2,17,7140,357.0,6783.0
10839,2025-04-21,5304,2005,3,12,3840,0.0,3840.0
10840,2025-02-01,5394,1044,4,5,1050,0.0,1050.0
10841,2025-05-11,5274,2019,3,25,8000,800.0,7200.0
10842,2025-06-29,5079,1011,2,1,420,0.0,420.0
10843,2025-06-16,5332,2013,4,4,840,0.0,840.0
10844,2025-03-08,5478,2026,4,12,2520,252.0,2268.0
10845,2025-01-22,5019,2020,2,2,840,42.0,798.0
10846,2025-05-23,5018,1042,2,16,6720,0.0,6720.0
10847,2025-02-11,5079,2026,4,20,4200,210.0,3990.0
10848,2025-04-02,5329,2008,3,8,2560,0.0,2560.0
10849,2025-06-19,5376,2036,3,3,960,0.0,960.0
10850,2025-02-24,5185,1017,2,25,10500,0.0,10500.0
10851,2025-03-13,5369,1040,2,17,7140,714.0,6426.0
10852,2025-01-16,5125,2030,3,13,4160,0.0,4160.0
10853,2025-06-29,5319,2035,2,25,10500,1050.0,9450.0
10854,2025-03-04,5465,1017,2,22,9240,0.0,9240.0
10855,2025-01-08,5393,1054,1,4,2080,208.0,1872.0
10856,2025-01-21,5497,1015,1,12,6240,0.0,6240.0
10857,2025-02-27,5069,2017,2,23,9660,0.0,9660.0
10858,2025-06-05,5482,1057,1,3,1560,0.0,1560.0
10859,2025-03-12,5420,2027,3,7,2240,0.0,2240.0
10860,2025-05-08,5433,2035,3,4,1280,0.0,1280.0
10861,2025-01-06,5426,1024,2,9,3780,0.0,3780.0
10862,2025-06-13,5346,2011,2,11,4620,462.0,4158.0
10863,2025-03-26,5416,1043,3,7,2240,0.0,2240.0
10864,2025-03-10,5403,1030,3,21,6720,0.0,6720.0
10865,2025-04-11,5233,1003,1,24,12480,0.0,12480.0
10866,2025-03-13,5332,2018,1,8,4160,0.0,4160.0
10867,2025-06-25,5230,1013,1,1,520,52.0,468.0
10868,2025-06-17,5166,1037,2,19,7980,0.0,7980.0
10869,2025-01-15,5404,2012,4,2,420,21.0,399.0
10870,2025-06-06,5082,1032,1,1,520,0.0,520.0
10871,2025-01-17,5204,2008,3,22,7040,704.0,6336.0
10872,2025-03-22,5449,1032,3,19,6080,304.0,5776.0
10873,2025-02-02,5146,1011,2,1,420,0.0,420.0
10874,2025-03-30,5075,2026,4,14,2940,294.0,2646.0
10875,2025-02-11,5134,1004,1,15,7800,390.0,7410.0
10876,2025-04-10,5451,2030,1,1,520,0.0,520.0
10877,2025-02-02,5313,1050,1,9,4680,0.0,4680.0
10878,2025-04-28,5112,2002,4,2,420,0.0,420.0
10879,2025-04-25,5040,1044,2,22,9240,924.0,8316.0
10880,2025-06-04,5063,1042,3,12,3840,0.0,3840.0
10881,2025-04-13,5374,1019,2,3,1260,63.0,1197.0
10882,2025-04-11,5479,1038,4,16,3360,0.0,3360.0
10883,2025-02-25,5350,1006,2,18,7560,0.0,7560.0
10884,2025-05-21,5126,2030,4,8,1680,84.0,1596.0
10885,2025-03-16,5290,2013,2,3,1260,63.0,1197.0
10886,2025-05-17,5165,1011,1,19,9880,988.0,8892.0
10887,2025-01-07,5244,1015,4,4,840,0.0,840.0
10888,2025-06-09,5077,1039,3,15,4800,0.0,4800.0
10889,2025-01-11,5081,2018,2,8,3360,0.0,3360.0
10890,2025-02-07,5300,1051,2,3,1260,0.0,1260.0
10891,2025-02-21,5208,1006,1,25,13000,1300.0,11700.0
10892,2025-06-16,5152,2026,2,3,1260,0.0,1260.0
10893,2025-03-19,5293,1057,1,6,3120,312.0,2808.0
10894,2025-01-31,5418,1011,4,13,2730,273.0,2457.0
10895,2025-03-09,5071,1003,2,23,9660,0.0,9660.0
10896,2025-06-01,5224,1014,4,15,3150,0.0,3150.0
10897,2025-02-15,5431,1038,2,4,1680,84.0,1596.0
10898,2025-03-25,5040,1013,2,7,2940,0.0,2940.0
10899,2025-04-02,5069,1007,3,17,5440,544.0,4896.0
10900,2025-04-08,5385,2017,3,6,1920,192.0,1728.0
10901,2025-04-09,5456,2036,1,25,13000,1300.0,11700.0
10902,2025-04-10,5007,1044,3,20,6400,0.0,6400.0
10903,2025-01-09,5353,2020,4,11,2310,0.0,2310.0
10904,2025-05-24,5445,2023,4,3,630,63.0,567.0
10905,2025-01-30,5474,1024,3,14,4480,448.0,4032.0
10906,2025-02-23,5304,2018,4,19,3990,0.0,3990.0
10907,2025-03-13,5204,1029,2,24,10080,0.0,10080.0
10908,2025-05-22,5379,2029,2,17,7140,0.0,7140.0
10909,2025-03-12,5369,2027,3,16,5120,0.0,5120.0
10910,2025-06-27,5040,1017,4,20,4200,0.0,4200.0
10911,2025-05-12,5121,1042,1,25,13000,0.0,13000.0
10912,2025-03-07,5062,1005,2,15,6300,0.0,6300.0
10913,2025-06-25,5439,1041,4,10,2100,105.0,1995.0
10914,2025-04-01,5002,1024,3,1,320,0.0,320.0
10915,2025-02-06,5146,1019,3,1,320,0.0,320.0
10916,2025-06-21,5375,1016,4,16,3360,168.0,3192.0
10917,2025-03-12,5043,1054,3,20,6400,640.0,5760.0
10918,2025-06-17,5087,1001,4,8,1680,84.0,1596.0
10919,2025-02-17,5453,1022,2,24,10080,0.0,10080.0
10920,2025-04-21,5324,1003,4,22,4620,231.0,4389.0
10921,2025-04-16,5132,1038,2,21,8820,0.0,8820.0
10922,2025-04-19,5098,2010,2,5,2100,0.0,2100.0
10923,2025-06-22,5181,1011,2,12,5040,0.0,5040.0
10924,2025-01-04,5187,2025,4,3,630,0.0,630.0
10925,2025-05-12,5493,2036,2,15,6300,630.0,5670.0
10926,2025-04-29,5046,2006,3,3,960,48.0,912.0
10927,2025-01-22,5251,1059,1,13,6760,0.0,6760.0
10928,2025-03-29,5379,2017,1,20,10400,1040.0,9360.0
10929,2025-04-21,5010,1013,1,23,11960,0.0,11960.0
10930,2025-03-19,5312,1040,4,24,5040,0.0,5040.0
10931,2025-02-12,5188,1058,3,9,2880,144.0,2736.0
10932,2025-04-03,5003,2016,2,23,9660,0.0,9660.0
10933,2025-01-19,5042,1040,3,6,1920,192.0,1728.0
10934,2025-05-26,5333,1039,3,6,1920,192.0,1728.0
10935,2025-03-26,5495,2035,2,23,9660,0.0,9660.0
10936,2025-06-13,5014,1053,3,21,6720,672.0,6048.0
10937,2025-06-03,5369,1023,3,11,3520,352.0,3168.0
10938,2025-03-12,5164,2030,2,9,3780,0.0,3780.0
10939,2025-03-17,5325,1003,3,22,7040,704.0,6336.0
10940,2025-03-28,5092,1044,3,21,6720,0.0,6720.0
10941,2025-02-06,5095,1022,2,24,10080,1008.0,9072.0
10942,2025-03-26,5355,1046,1,17,8840,0.0,8840.0
10943,2025-03-10,5006,1024,3,20,6400,320.0,6080.0
10944,2025-06-16,5222,1055,3,17,5440,544.0,4896.0
10945,2025-05-27,5224,2030,3,8,2560,128.0,2432.0
10946,2025-06-25,5452,1036,2,11,4620,0.0,4620.0
10947,2025-06-22,5476,1054,4,18,3780,0.0,3780.0
10948,2025-02-16,5234,2005,1,20,10400,0.0,10400.0
10949,2025-04-15,5447,2015,1,2,1040,104.0,936.0
10950,2025-04-25,5277,2021,2,19,7980,399.0,7581.0
10951,2025-06-20,5173,2001,2,23,9660,966.0,8694.0
10952,2025-03-25,5200,1027,3,23,7360,0.0,7360.0
10953,2025-02-08,5393,1024,1,11,5720,0.0,5720.0
10954,2025-01-07,5486,2026,3,9,2880,288.0,2592.0
10955,2025-01-25,5344,1058,1,6,3120,0.0,3120.0
10956,2025-01-01,5383,1048,4,7,1470,0.0,1470.0
10957,2025-03-26,5315,1058,4,25,5250,0.0,5250.0
10958,2025-05-24,5226,1029,2,21,8820,0.0,8820.0
10959,2025-02-03,5442,1008,1,4,2080,0.0,2080.0
10960,2025-01-03,5359,2036,4,11,2310,0.0,2310.0
10961,2025-04-27,5464,1060,1,5,2600,0.0,2600.0
10962,2025-06-21,5156,1035,2,23,9660,483.0,9177.0
10963,2025-06-13,5437,1048,1,21,10920,0.0,10920.0
10964,2025-02-10,5209,2011,1,6,3120,0.0,3120.0
10965,2025-06-27,5413,1011,1,9,4680,468.0,4212.0
10966,2025-02-08,5119,1048,2,21,8820,0.0,8820.0
10967,2025-04-07,5270,1013,4,25,5250,525.0,4725.0
10968,2025-06-16,5049,1037,3,6,1920,96.0,1824.0
10969,2025-04-24,5377,1060,2,24,10080,0.0,10080.0
10970,2025-01-21,5283,1039,4,3,630,63.0,567.0
10971,2025-01-17,5276,1055,1,14,7280,0.0,7280.0
10972,2025-06-05,5133,2016,2,10,4200,0.0,4200.0
10973,2025-01-01,5227,1009,2,18,7560,756.0,6804.0
10974,2025-03-18,5257,1034,2,12,5040,0.0,5040.0
10975,2025-03-08,5031,2036,4,17,3570,0.0,3570.0
10976,2025-03-11,5009,1059,1,1,520,0.0,520.0
10977,2025-06-04,5086,1046,3,11,3520,176.0,3344.0
10978,2025-02-27,5151,1041,2,2,840,0.0,840.0
10979,2025-05-19,5423,1059,3,17,5440,272.0,5168.0
10980,2025-04-27,5156,1049,2,24,10080,0.0,10080.0
10981,2025-02-21,5347,1020,2,7,2940,0.0,2940.0
10982,2025-04-27,5077,1012,1,7,3640,0.0,3640.0
10983,2025-04-22,5090,2034,2,3,1260,126.0,1134.0
10984,2025-03-14,5481,1023,3,4,1280,0.0,1280.0
10985,2025-01-16,5075,2026,2,25,10500,0.0,10500.0
10986,2025-01-15,5382,1058,2,15,6300,0.0,6300.0
10987,2025-02-08,5469,1023,4,13,2730,136.5,2593.5
10988,2025-04-06,5202,1058,4,22,4620,0.0,4620.0
10989,2025-06-24,5305,1047,2,11,4620,0.0,4620.0
10990,2025-03-06,5211,2039,4,3,630,0.0,630.0
10991,2025-06-24,5365,2012,3,16,5120,0.0,5120.0
10992,2025-01-12,5341,2038,2,2,840,0.0,840.0
10993,2025-02-11,5090,1043,3,4,1280,0.0,1280.0
10994,2025-06-20,5371,1022,4,18,3780,189.0,3591.0
10995,2025-06-04,5268,1011,4,11,2310,0.0,2310.0
10996,2025-05-13,5194,2029,3,1,320,16.0,304.0
10997,2025-05-10,5250,1058,4,25,5250,0.0,5250.0
10998,2025-05-13,5246,2033,3,1,320,32.0,288.0
10999,2025-02-14,5114,2024,3,11,3520,0.0,3520.0
11000,2025-01-03,5215,1053,3,16,5120,0.0,5120.0
11001,2025-03-18,5469,1016,2,22,9240,0.0,9240.0
11002,2025-05-08,5055,1051,1,19,9880,0.0,9880.0
11003,2025-02-27,5214,2023,4,25,5250,262.5,4987.5
11004,2025-03-25,5437,2022,4,22,4620,231.0,4389.0
11005,2025-05-10,5059,1009,1,10,5200,520.0,4680.0
11006,2025-01-05,5270,1023,2,7,2940,147.0,2793.0
11007,2025-01-23,5465,1037,2,2,840,42.0,798.0
11008,2025-02-19,5048,2012,3,12,3840,384.0,3456.0
11009,2025-03-21,5040,1010,1,22,11440,572.0,10868.0
11010,2025-01-09,5159,2014,1,9,4680,0.0,4680.0
11011,2025-05-08,5342,1057,1,9,4680,0.0,4680.0
11012,2025-03-18,5383,2030,3,9,2880,0.0,2880.0
11013,2025-01-14,5442,2002,3,7,2240,0.0,2240.0
11014,2025-01-09,5322,1053,3,12,3840,0.0,3840.0
11015,2025-02-04,5417,1031,3,3,960,48.0,912.0
11016,2025-05-11,5183,1032,1,10,5200,520.0,4680.0
11017,2025-06-11,5188,1037,4,3,630,0.0,630.0
11018,2025-02-18,5316,2036,3,21,6720,0.0,6720.0
11019,2025-05-23,5304,1036,1,6,3120,0.0,3120.0
11020,2025-01-08,5317,1005,2,4,1680,84.0,1596.0
11021,2025-03-12,5036,1029,1,11,5720,572.0,5148.0
11022,2025-01-06,5426,1044,4,10,2100,0.0,2100.0
11023,2025-03-27,5145,2034,4,20,4200,0.0,4200.0
11024,2025-04-27,5105,1006,1,19,9880,494.0,9386.0
11025,2025-04-13,5021,2004,3,5,1600,80.0,1520.0
11026,2025-03-10,5023,1001,1,7,3640,364.0,3276.0
11027,2025-03-31,5036,2022,4,9,1890,0.0,1890.0
11028,2025-01-08,5064,2004,2,5,2100,0.0,2100.0
11029,2025-04-29,5092,1020,4,7,1470,73.5,1396.5
11030,2025-04-12,5295,2022,3,16,5120,0.0,5120.0
11031,2025-01-19,5017,2012,2,7,2940,0.0,2940.0
11032,2025-05-15,5137,1019,1,24,12480,0.0,12480.0
11033,2025-02-14,5350,1048,4,25,5250,0.0,5250.0
11034,2025-05-23,5058,1042,2,3,1260,0.0,1260.0
11035,2025-03-18,5325,2027,1,7,3640,364.0,3276.0
11036,2025-04-12,5353,2009,2,24,10080,1008.0,9072.0
11037,2025-04-15,5288,2014,1,15,7800,0.0,7800.0
11038,2025-04-13,5250,1019,4,18,3780,189.0,3591.0
11039,2025-02-05,5093,1034,2,2,840,0.0,840.0
11040,2025-05-04,5132,2004,3,1,320,32.0,288.0
11041,2025-01-01,5226,2020,2,5,2100,105.0,1995.0
11042,2025-01-18,5410,2003,3,22,7040,0.0,7040.0
11043,2025-04-28,5001,1018,2,10,4200,0.0,4200.0
11044,2025-02-24,5324,2038,3,22,7040,704.0,6336.0
11045,2025-03-15,5179,1038,4,9,1890,189.0,1701.0
11046,2025-05-29,5216,2002,1,3,1560,0.0,1560.0
11047,2025-06-06,5457,1050,1,8,4160,0.0,4160.0
11048,2025-04-09,5237,2037,2,8,3360,336.0,3024.0
11049,2025-06-24,5373,1029,2,3,1260,63.0,1197.0
11050,2025-03-05,5079,1040,1,1,520,52.0,468.0
11051,2025-06-10,5076,1044,4,20,4200,0.0,4200.0
11052,2025-06-14,5440,1037,2,22,9240,0.0,9240.0
11053,2025-06-07,5016,1048,2,6,2520,126.0,2394.0
11054,2025-03-01,5474,1020,4,23,4830,483.0,4347.0
11055,2025-05-28,5439,2037,3,16,5120,0.0,5120.0
11056,2025-05-19,5290,2012,1,5,2600,0.0,2600.0
11057,2025-03-30,5354,1024,2,21,8820,882.0,7938.0
11058,2025-05-26,5377,1058,2,13,5460,546.0,4914.0
11059,2025-02-09,5183,1026,2,14,5880,588.0,5292.0
11060,2025-03-05,5404,1026,3,22,7040,0.0,7040.0
11061,2025-02-27,5448,1043,2,8,3360,0.0,3360.0
11062,2025-04-16,5475,2002,1,17,8840,0.0,8840.0
11063,2025-04-09,5416,1008,4,10,2100,0.0,2100.0
11064,2025-01-17,5194,1045,3,19,6080,0.0,6080.0
11065,2025-03-27,5006,1042,4,11,2310,115.5,2194.5
11066,2025-06-02,5460,1030,1,11,5720,286.0,5434.0
11067,2025-05-24,5042,1018,3,21,6720,0.0,6720.0
11068,2025-05-17,5135,1018,1,21,10920,0.0,10920.0
11069,2025-03-26,5168,2011,1,7,3640,182.0,3458.0
11070,2025-01-14,5116,2014,3,3,960,48.0,912.0
11071,2025-03-12,5460,2040,2,25,10500,0.0,10500.0
11072,2025-03-06,5439,2007,4,1,210,0.0,210.0
11073,2025-06-24,5391,1013,1,2,1040,0.0,1040.0
11074,2025-03-05,5038,2036,2,9,3780,0.0,3780.0
11075,2025-03-23,5324,1038,3,1,320,0.0,320.0
11076,2025-04-20,5451,1006,4,10,2100,0.0,2100.0
11077,2025-01-16,5160,1035,1,22,11440,0.0,11440.0
11078,2025-06-19,5496,2029,4,18,3780,0.0,3780.0
11079,2025-05-21,5252,2011,1,15,7800,0.0,7800.0
11080,2025-04-18,5138,1014,2,20,8400,0.0,8400.0
11081,2025-02-08,5438,2010,1,5,2600,0.0,2600.0
11082,2025-04-15,5233,2032,1,25,13000,0.0,13000.0
11083,2025-05-29,5299,2020,2,25,10500,1050.0,9450.0
11084,2025-04-04,5113,1031,3,15,4800,0.0,4800.0
11085,2025-06-23,5228,1036,4,15,3150,0.0,3150.0
11086,2025-06-14,5388,2003,2,8,3360,336.0,3024.0
11087,2025-02-10,5250,1024,2,12,5040,504.0,4536.0
11088,2025-01-09,5348,1023,4,20,4200,210.0,3990.0
11089,2025-02-08,5115,1017,3,10,3200,0.0,3200.0
11090,2025-04-23,5067,1038,3,22,7040,704.0,6336.0
11091,2025-04-18,5231,1059,4,14,2940,147.0,2793.0
11092,2025-01-14,5411,2024,4,2,420,0.0,420.0
11093,2025-04-17,5007,1013,3,6,1920,0.0,1920.0
11094,2025-01-23,5460,1030,2,14,5880,0.0,5880.0
11095,2025-03-24,5062,2025,2,3,1260,0.0,1260.0
11096,2025-02-11,5183,1029,1,3,1560,0.0,1560.0
11097,2025-06-05,5328,1029,2,13,5460,273.0,5187.0
11098,2025-02-11,5465,1003,4,12,2520,0.0,2520.0
11099,2025-04-15,5146,1013,2,5,2100,0.0,2100.0
11100,2025-01-18,5134,1017,2,22,9240,0.0,9240.0
11101,2025-04-14,5417,1024,4,3,630,31.5,598.5
11102,2025-06-18,5456,1016,2,22,9240,0.0,9240.0
11103,2025-06-05,5096,1034,3,7,2240,224.0,2016.0
11104,2025-03-05,5151,2037,2,11,4620,0.0,4620.0
11105,2025-01-20,5414,2005,4,17,3570,178.5,3391.5
11106,2025-06-22,5163,2020,1,22,11440,0.0,11440.0
11107,2025-02-22,5108,1049,2,1,420,42.0,378.0
11108,2025-04-30,5356,1031,2,3,1260,63.0,1197.0
11109,2025-03-24,5127,2030,3,15,4800,480.0,4320.0
11110,2025-02-07,5043,1048,2,11,4620,231.0,4389.0
11111,2025-04-22,5058,2002,1,1,520,52.0,468.0
11112,2025-06-24,5319,2010,3,13,4160,0.0,4160.0
11113,2025-04-05,5095,2025,4,8,1680,168.0,1512.0
11114,2025-06-16,5190,1045,4,8,1680,0.0,1680.0
11115,2025-01-30,5491,1041,2,10,4200,0.0,4200.0
11116,2025-02-08,5366,2021,4,16,3360,168.0,3192.0
11117,2025-02-21,5253,1032,1,15,7800,0.0,7800.0
11118,2025-03-20,5342,1002,1,25,13000,0.0,13000.0
11119,2025-03-04,5241,2028,1,22,11440,572.0,10868.0
11120,2025-05-31,5212,1049,2,22,9240,0.0,9240.0
11121,2025-03-12,5350,2022,4,25,5250,525.0,4725.0
11122,2025-02-26,5210,1020,4,3,630,0.0,630.0
11123,2025-01-23,5167,2030,2,14,5880,0.0,5880.0
11124,2025-06-24,5491,2030,1,20,10400,0.0,10400.0
11125,2025-01-30,5264,1037,1,19,9880,0.0,9880.0
11126,2025-04-02,5463,1053,1,17,8840,0.0,8840.0
11127,2025-04-17,5050,1006,2,23,9660,0.0,9660.0
11128,2025-03-21,5229,2011,1,1,520,26.0,494.0
11129,2025-06-12,5224,2038,1,13,6760,0.0,6760.0
11130,2025-03-06,5270,2039,1,6,3120,312.0,2808.0
11131,2025-03-23,5448,2025,2,4,1680,0.0,1680.0
11132,2025-04-16,5421,2024,2,16,6720,0.0,6720.0
11133,2025-05-06,5076,1035,1,17,8840,884.0,7956.0
11134,2025-01-23,5357,1040,2,11,4620,0.0,4620.0
11135,2025-03-22,5446,1056,1,17,8840,0.0,8840.0
11136,2025-02-18,5030,2013,2,1,420,42.0,378.0
11137,2025-01-24,5243,2024,4,21,4410,0.0,4410.0
11138,2025-02-23,5151,1039,4,19,3990,199.5,3790.5
11139,2025-03-13,5273,1036,4,14,2940,294.0,2646.0
11140,2025-04-16,5213,1020,3,20,6400,0.0,6400.0
11141,2025-05-12,5372,1050,4,8,1680,168.0,1512.0
11142,2025-03-12,5219,1002,1,2,1040,0.0,1040.0
11143,2025-05-19,5115,1036,4,20,4200,420.0,3780.0
11144,2025-06-15,5438,2035,4,1,210,21.0,189.0
11145,2025-04-24,5077,1011,1,11,5720,286.0,5434.0
11146,2025-03-11,5473,1036,4,16,3360,0.0,3360.0
11147,2025-02-20,5431,1020,3,4,1280,0.0,1280.0
11148,2025-04-18,5323,1026,2,22,9240,924.0,8316.0
11149,2025-02-28,5206,1046,1,24,12480,624.0,11856.0
11150,2025-06-17,5444,1037,1,13,6760,676.0,6084.0
11151,2025-03-02,5140,1014,1,18,9360,0.0,9360.0
11152,2025-04-23,5218,2004,1,21,10920,0.0,10920.0
11153,2025-02-28,5059,1032,4,10,2100,105.0,1995.0
11154,2025-06-22,5279,2028,4,11,2310,0.0,2310.0
11155,2025-03-29,5468,2004,2,8,3360,0.0,3360.0
11156,2025-03-10,5340,1013,1,24,12480,0.0,12480.0
11157,2025-06-30,5372,1044,3,20,6400,0.0,6400.0
11158,2025-02-08,5372,2023,1,10,5200,520.0,4680.0
11159,2025-05-29,5182,2028,1,4,2080,0.0,2080.0
11160,2025-06-22,5460,1029,2,13,5460,273.0,5187.0
11161,2025-01-23,5056,1032,1,22,11440,1144.0,10296.0
11162,2025-03-17,5092,2005,1,17,8840,442.0,8398.0
11163,2025-06-29,5257,1036,4,8,1680,168.0,1512.0
11164,2025-01-04,5358,1046,3,25,8000,0.0,8000.0
11165,2025-02-18,5309,2013,1,18,9360,936.0,8424.0
11166,2025-05-17,5470,1025,4,5,1050,0.0,1050.0
11167,2025-04-05,5124,1002,2,11,4620,0.0,4620.0
11168,2025-02-07,5313,2019,3,6,1920,0.0,1920.0
11169,2025-05-11,5381,2040,3,14,4480,448.0,4032.0
11170,2025-05-18,5444,1028,3,23,7360,0.0,7360.0
11171,2025-03-08,5308,1055,3,1,320,16.0,304.0
11172,2025-04-27,5118,2019,1,12,6240,624.0,5616.0
11173,2025-03-25,5202,1034,2,14,5880,588.0,5292.0
11174,2025-05-19,5333,2034,4,7,1470,0.0,1470.0
11175,2025-05-19,5221,1033,1,17,8840,884.0,7956.0
11176,2025-01-12,5431,1006,4,18,3780,0.0,3780.0
11177,2025-02-02,5067,1012,2,21,8820,0.0,8820.0
11178,2025-03-28,5040,1030,3,20,6400,0.0,6400.0
11179,2025-01-04,5157,1058,4,19,3990,399.0,3591.0
11180,2025-02-13,5293,1014,3,10,3200,0.0,3200.0
11181,2025-05-02,5348,2012,2,7,2940,0.0,2940.0
11182,2025-02-24,5402,1015,4,9,1890,189.0,1701.0
11183,2025-05-04,5437,2009,2,9,3780,189.0,3591.0
11184,2025-01-29,5010,1041,1,15,7800,390.0,7410.0
11185,2025-02-13,5489,1023,4,9,1890,0.0,1890.0
11186,2025-01-17,5070,2009,1,11,5720,286.0,5434.0
11187,2025-02-17,5204,2005,4,20,4200,0.0,4200.0
11188,2025-06-28,5220,1060,2,18,7560,0.0,7560.0
11189,2025-02-22,5153,1025,1,22,11440,0.0,11440.0
11190,2025-05-18,5217,1015,3,23,7360,0.0,7360.0
11191,2025-05-29,5424,2005,1,5,2600,0.0,2600.0
11192,2025-02-15,5353,2008,2,10,4200,210.0,3990.0
11193,2025-01-13,5292,1043,3,1,320,0.0,320.0
11194,2025-06-06,5298,1025,3,5,1600,80.0,1520.0
11195,2025-06-13,5028,1020,2,23,9660,966.0,8694.0
11196,2025-03-11,5006,1039,2,17,7140,714.0,6426.0
11197,2025-02-27,5380,1056,2,5,2100,210.0,1890.0
11198,2025-01-29,5167,1024,4,10,2100,105.0,1995.0
11199,2025-05-24,5306,1025,3,24,7680,0.0,7680.0
11200,2025-05-05,5024,2039,1,22,11440,0.0,11440.0
11201,2025-05-16,5380,1017,1,1,520,0.0,520.0
11202,2025-04-06,5428,1026,4,19,3990,0.0,3990.0
11203,2025-02-15,5437,1019,4,3,630,0.0,630.0
11204,2025-05-29,5480,1019,3,4,1280,128.0,1152.0
11205,2025-05-12,5369,2029,2,11,4620,231.0,4389.0
11206,2025-02-17,5385,2029,2,22,9240,924.0,8316.0
11207,2025-05-13,5391,2032,2,16,6720,336.0,6384.0
11208,2025-02-06,5465,2023,3,6,1920,0.0,1920.0
11209,2025-06-22,5380,1004,2,3,1260,0.0,1260.0
11210,2025-01-06,5298,1032,3,14,4480,0.0,4480.0
11211,2025-06-09,5201,2003,1,12,6240,0.0,6240.0
11212,2025-04-12,5351,1019,3,20,6400,0.0,6400.0
11213,2025-04-28,5432,2004,1,18,9360,0.0,9360.0
11214,2025-05-12,5341,1014,3,4,1280,0.0,1280.0
11215,2025-05-02,5033,1004,4,18,3780,378.0,3402.0
11216,2025-01-27,5067,1033,2,8,3360,336.0,3024.0
11217,2025-05-22,5483,2031,2,8,3360,0.0,3360.0
11218,2025-05-27,5406,1042,3,18,5760,0.0,5760.0
11219,2025-05-16,5171,1024,1,23,11960,0.0,11960.0
11220,2025-06-29,5080,1055,4,9,1890,0.0,1890.0
11221,2025-05-21,5078,2039,3,17,5440,0.0,5440.0
11222,2025-04-14,5419,1004,2,6,2520,252.0,2268.0
11223,2025-03-18,5466,2027,2,8,3360,0.0,3360.0
11224,2025-03-06,5481,2014,4,13,2730,136.5,2593.5
11225,2025-01-03,5161,2038,3,8,2560,0.0,2560.0
11226,2025-04-11,5304,1028,1,23,11960,0.0,11960.0
11227,2025-01-15,5105,1055,1,7,3640,0.0,3640.0
11228,2025-06-14,5241,2008,2,20,8400,420.0,7980.0
11229,2025-03-12,5107,2004,3,6,1920,0.0,1920.0
11230,2025-04-10,5337,2029,4,13,2730,0.0,2730.0
11231,2025-06-30,5114,1010,3,11,3520,0.0,3520.0
11232,2025-03-22,5095,2013,1,13,6760,0.0,6760.0
11233,2025-02-21,5466,1024,3,13,4160,416.0,3744.0
11234,2025-01-22,5244,2022,1,3,1560,0.0,1560.0
11235,2025-03-15,5053,1056,3,16,5120,0.0,5120.0
11236,2025-03-04,5235,1056,1,21,10920,0.0,10920.0
11237,2025-03-12,5328,1037,2,24,10080,504.0,9576.0
11238,2025-06-10,5197,1044,4,1,210,10.5,199.5
11239,2025-04-06,5099,2029,1,23,11960,0.0,11960.0
11240,2025-05-06,5354,1056,2,22,9240,462.0,8778.0
11241,2025-05-04,5065,2030,4,25,5250,525.0,4725.0
11242,2025-03-05,5406,1009,4,22,4620,0.0,4620.0
11243,2025-01-12,5136,1010,1,15,7800,780.0,7020.0
11244,2025-01-02,5095,1031,4,25,5250,0.0,5250.0
11245,2025-05-27,5328,2035,3,10,3200,320.0,2880.0
11246,2025-03-21,5109,2033,1,1,520,52.0,468.0
11247,2025-01-01,5411,1026,2,21,8820,882.0,7938.0
11248,2025-01-03,5393,2005,2,22,9240,462.0,8778.0
11249,2025-06-11,5327,2018,1,13,6760,338.0,6422.0
11250,2025-03-19,5418,1002,1,10,5200,0.0,5200.0
11251,2025-02-22,5425,2018,2,20,8400,0.0,8400.0
11252,2025-03-23,5420,1035,2,9,3780,0.0,3780.0
11253,2025-03-22,5374,1005,1,22,11440,572.0,10868.0
11254,2025-04-04,5308,1014,4,16,3360,336.0,3024.0
11255,2025-06-20,5378,1059,1,25,13000,650.0,12350.0
11256,2025-01-15,5476,1012,1,11,5720,0.0,5720.0
11257,2025-03-16,5201,2040,2,6,2520,0.0,2520.0
11258,2025-04-17,5083,1002,2,3,1260,63.0,1197.0
11259,2025-01-19,5256,1058,4,20,4200,0.0,4200.0
11260,2025-03-22,5133,1029,3,4,1280,0.0,1280.0
11261,2025-03-16,5366,1007,4,11,2310,0.0,2310.0
11262,2025-04-20,5026,2016,1,19,9880,0.0,9880.0
11263,2025-01-11,5214,1012,1,25,13000,0.0,13000.0
11264,2025-06-13,5128,1059,4,17,3570,0.0,3570.0
11265,2025-01-02,5462,1043,1,4,2080,0.0,2080.0
11266,2025-01-20,5132,1010,3,10,3200,0.0,3200.0
11267,2025-02-19,5067,2024,4,3,630,0.0,630.0
11268,2025-05-05,5155,2019,3,2,640,0.0,640.0
11269,2025-04-28,5115,2007,1,18,9360,0.0,9360.0
11270,2025-06-17,5223,1003,1,14,7280,728.0,6552.0
11271,2025-01-17,5396,2022,2,18,7560,378.0,7182.0
11272,2025-06-29,5478,2001,2,10,4200,210.0,3990.0
11273,2025-03-17,5267,2027,4,10,2100,0.0,2100.0
11274,2025-05-28,5014,2031,1,22,11440,1144.0,10296.0
11275,2025-03-17,5382,1003,3,1,320,32.0,288.0
11276,2025-04-16,5419,2039,1,11,5720,0.0,5720.0
11277,2025-02-12,5111,1025,3,17,5440,272.0,5168.0
11278,2025-03-05,5041,1025,3,22,7040,352.0,6688.0
11279,2025-03-26,5474,1021,2,2,840,0.0,840.0
11280,2025-06-08,5367,2034,2,15,6300,0.0,6300.0
11281,2025-06-25,5457,1056,4,13,2730,136.5,2593.5
11282,2025-05-01,5410,1053,4,2,420,0.0,420.0
11283,2025-01-26,5199,2007,4,10,2100,210.0,1890.0
11284,2025-04-18,5186,1017,2,9,3780,0.0,3780.0
11285,2025-06-28,5467,1005,4,23,4830,0.0,4830.0
11286,2025-06-10,5057,1022,3,10,3200,320.0,2880.0
11287,2025-02-27,5234,1021,2,21,8820,0.0,8820.0
11288,2025-03-25,5027,1018,1,16,8320,0.0,8320.0
11289,2025-06-10,5201,1017,3,16,5120,0.0,5120.0
11290,2025-01-07,5119,1026,4,20,4200,0.0,4200.0
11291,2025-06-19,5467,2033,1,14,7280,0.0,7280.0
11292,2025-01-15,5365,1038,2,23,9660,483.0,9177.0
11293,2025-01-02,5255,1038,1,8,4160,0.0,4160.0
11294,2025-06-16,5392,1057,1,20,10400,0.0,10400.0
11295,2025-06-29,5296,1056,2,12,5040,0.0,5040.0
11296,2025-04-06,5196,1022,3,3,960,96.0,864.0
11297,2025-05-28,5205,1004,1,6,3120,0.0,3120.0
11298,2025-03-01,5165,1060,3,3,960,0.0,960.0
11299,2025-01-02,5156,2037,2,19,7980,0.0,7980.0
11300,2025-01-20,5418,1028,4,13,2730,273.0,2457.0
11301,2025-04-04,5470,1039,4,18,3780,0.0,3780.0
11302,2025-06-27,5081,2010,4,12,2520,0.0,2520.0
11303,2025-03-12,5125,1053,4,9,1890,0.0,1890.0
11304,2025-01-27,5171,1009,3,24,7680,768.0,6912.0
11305,2025-05-13,5462,2038,4,2,420,0.0,420.0
11306,2025-01-30,5125,2035,2,25,10500,0.0,10500.0
11307,2025-05-09,5429,1020,1,9,4680,0.0,4680.0
11308,2025-02-19,5407,1052,3,6,1920,0.0,1920.0
11309,2025-03-10,5379,2006,1,11,5720,0.0,5720.0
11310,2025-02-09,5412,1004,3,1,320,16.0,304.0
11311,2025-03-25,5322,1041,2,3,1260,126.0,1134.0
11312,2025-06-24,5143,1005,1,18,9360,936.0,8424.0
11313,2025-03-20,5400,2020,4,7,1470,0.0,1470.0
11314,2025-01-10,5388,1045,4,5,1050,0.0,1050.0
11315,2025-04-18,5099,2030,1,25,13000,0.0,13000.0
11316,2025-02-25,5267,1034,4,24,5040,504.0,4536.0
11317,2025-02-04,5114,1045,3,14,4480,224.0,4256.0
11318,2025-03-31,5462,2015,3,15,4800,0.0,4800.0
11319,2025-02-22,5377,2040,4,4,840,0.0,840.0
11320,2025-02-24,5052,1040,4,10,2100,105.0,1995.0
11321,2025-01-02,5162,1009,1,13,6760,0.0,6760.0
11322,2025-04-21,5436,1045,1,22,11440,572.0,10868.0
11323,2025-01-12,5032,2032,3,7,2240,0.0,2240.0
11324,2025-04-08,5187,2039,3,15,4800,0.0,4800.0
11325,2025-04-26,5192,1052,3,19,6080,608.0,5472.0
11326,2025-02-07,5330,2026,3,16,5120,512.0,4608.0
11327,2025-05-14,5035,1046,4,15,3150,0.0,3150.0
11328,2025-05-16,5473,1001,4,13,2730,0.0,2730.0
11329,2025-06-26,5486,2021,2,10,4200,420.0,3780.0
11330,2025-03-26,5251,1015,2,16,6720,0.0,6720.0
11331,2025-04-18,5499,1055,2,14,5880,0.0,5880.0
11332,2025-01-16,5343,2005,4,25,5250,525.0,4725.0
11333,2025-03-13,5482,2022,3,6,1920,0.0,1920.0
11334,2025-03-20,5364,1029,1,10,5200,0.0,5200.0
11335,2025-06-02,5261,1058,2,21,8820,0.0,8820.0
11336,2025-01-04,5125,2016,3,5,1600,0.0,1600.0
11337,2025-05-29,5165,1035,2,21,8820,0.0,8820.0
11338,2025-02-25,5216,1036,4,12,2520,0.0,2520.0
11339,2025-01-31,5392,1007,3,20,6400,0.0,6400.0
11340,2025-02-12,5110,1049,4,9,1890,0.0,1890.0
11341,2025-02-16,5195,2018,3,12,3840,0.0,3840.0
11342,2025-01-26,5300,2010,4,10,2100,0.0,2100.0
11343,2025-04-15,5480,2040,4,8,1680,0.0,1680.0
11344,2025-04-17,5300,1031,2,5,2100,105.0,1995.0
11345,2025-05-02,5084,2034,3,19,6080,0.0,6080.0
11346,2025-04-20,5077,2039,2,18,7560,0.0,7560.0
11347,2025-05-10,5096,2028,1,20,10400,0.0,10400.0
11348,2025-03-08,5335,2016,2,4,1680,168.0,1512.0
11349,2025-04-13,5500,2014,3,11,3520,0.0,3520.0
11350,2025-02-27,5319,1023,2,7,2940,0.0,2940.0
11351,2025-05-05,5087,1003,3,10,3200,0.0,3200.0
11352,2025-03-06,5496,1039,4,21,4410,0.0,4410.0
11353,2025-06-16,5152,2013,1,13,6760,676.0,6084.0
11354,2025-05-23,5166,1013,2,13,5460,273.0,5187.0
11355,2025-04-17,5319,1050,3,15,4800,0.0,4800.0
11356,2025-01-15,5259,1032,2,10,4200,0.0,4200.0
11357,2025-04-07,5191,1011,2,14,5880,294.0,5586.0
11358,2025-04-15,5107,1024,4,14,2940,294.0,2646.0
11359,2025-02-20,5176,1056,4,6,1260,0.0,1260.0
11360,2025-03-24,5446,1017,1,6,3120,312.0,2808.0
11361,2025-02-06,5236,1044,3,8,2560,128.0,2432.0
11362,2025-01-06,5278,1031,2,20,8400,0.0,8400.0
11363,2025-06-26,5062,2031,3,7,2240,0.0,2240.0
11364,2025-04-01,5233,1052,2,2,840,84.0,756.0
11365,2025-04-01,5114,2034,3,3,960,0.0,960.0
11366,2025-01-28,5188,1054,2,5,2100,210.0,1890.0
11367,2025-05-12,5260,1007,1,10,5200,0.0,5200.0
11368,2025-04-06,5293,2039,3,15,4800,0.0,4800.0
11369,2025-02-24,5140,1001,1,3,1560,0.0,1560.0
11370,2025-06-20,5195,1024,2,18,7560,0.0,7560.0
11371,2025-02-03,5497,1031,1,16,8320,832.0,7488.0
11372,2025-04-26,5063,1038,2,24,10080,0.0,10080.0
11373,2025-06-27,5303,1060,4,17,3570,0.0,3570.0
11374,2025-06-28,5319,1049,1,18,9360,468.0,8892.0
11375,2025-03-22,5146,1048,3,14,4480,0.0,4480.0
11376,2025-04-05,5216,1037,3,25,8000,800.0,7200.0
11377,2025-03-19,5444,1029,2,3,1260,63.0,1197.0
11378,2025-01-13,5326,2019,4,16,3360,168.0,3192.0
11379,2025-05-19,5331,2001,1,2,1040,0.0,1040.0
11380,2025-06-12,5119,2026,4,11,2310,0.0,2310.0
11381,2025-05-18,5127,2009,2,11,4620,231.0,4389.0
11382,2025-01-24,5035,1026,1,14,7280,728.0,6552.0
11383,2025-06-17,5410,2016,2,25,10500,0.0,10500.0
11384,2025-05-26,5150,1007,3,12,3840,0.0,3840.0
11385,2025-03-20,5165,1011,3,18,5760,0.0,5760.0
11386,2025-06-30,5240,1047,2,12,5040,0.0,5040.0
11387,2025-01-04,5487,1052,3,23,7360,368.0,6992.0
11388,2025-06-07,5488,2029,2,25,10500,525.0,9975.0
11389,2025-03-18,5117,2003,3,2,640,0.0,640.0
11390,2025-03-18,5398,1057,2,5,2100,0.0,2100.0
11391,2025-03-13,5085,1010,1,19,9880,988.0,8892.0
11392,2025-01-16,5085,2007,1,20,10400,0.0,10400.0
11393,2025-05-15,5326,1010,3,25,8000,400.0,7600.0
11394,2025-05-22,5112,1037,2,13,5460,546.0,4914.0
11395,2025-06-11,5477,1007,4,1,210,0.0,210.0
11396,2025-02-04,5015,1034,1,4,2080,104.0,1976.0
11397,2025-05-30,5326,2012,3,15,4800,0.0,4800.0
11398,2025-05-19,5219,1005,4,20,4200,210.0,3990.0
11399,2025-04-07,5500,1023,1,19,9880,0.0,9880.0
11400,2025-05-02,5032,1003,4,24,5040,0.0,5040.0
11401,2025-06-28,5401,1025,4,1,210,0.0,210.0
11402,2025-03-16,5021,2038,3,3,960,96.0,864.0
11403,2025-05-28,5275,1005,2,4,1680,168.0,1512.0
11404,2025-03-14,5049,1058,4,6,1260,0.0,1260.0
11405,2025-06-09,5171,1023,3,1,320,16.0,304.0
11406,2025-02-17,5079,1040,1,6,3120,312.0,2808.0
11407,2025-06-21,5317,2029,2,23,9660,966.0,8694.0
11408,2025-06-01,5179,1058,3,7,2240,224.0,2016.0
11409,2025-04-10,5500,1028,2,4,1680,0.0,1680.0
11410,2025-05-19,5164,1022,4,7,1470,0.0,1470.0
11411,2025-06-15,5195,1005,1,8,4160,416.0,3744.0
11412,2025-03-14,5012,2016,4,20,4200,0.0,4200.0
11413,2025-01-18,5488,1001,3,17,5440,0.0,5440.0
11414,2025-02-07,5195,1036,4,16,3360,336.0,3024.0
11415,2025-01-26,5041,1054,4,5,1050,52.5,997.5
11416,2025-03-04,5367,2018,3,14,4480,0.0,4480.0
11417,2025-02-19,5336,1004,3,16,5120,0.0,5120.0
11418,2025-06-25,5194,1031,1,4,2080,0.0,2080.0
11419,2025-01-14,5342,1023,1,11,5720,572.0,5148.0
11420,2025-04-09,5010,1010,4,25,5250,0.0,5250.0
11421,2025-03-01,5270,1041,4,17,3570,0.0,3570.0
11422,2025-02-06,5350,1013,1,10,5200,260.0,4940.0
11423,2025-03-07,5308,1047,2,4,1680,0.0,1680.0
11424,2025-01-20,5288,1006,2,2,840,0.0,840.0
11425,2025-01-26,5080,2016,1,25,13000,650.0,12350.0
11426,2025-04-03,5079,1025,1,16,8320,0.0,8320.0
11427,2025-02-03,5458,1001,3,5,1600,0.0,1600.0
11428,2025-04-11,5412,1025,1,2,1040,52.0,988.0
11429,2025-03-02,5246,2039,2,12,5040,0.0,5040.0
11430,2025-01-26,5439,1052,1,12,6240,0.0,6240.0
11431,2025-06-08,5299,2016,1,13,6760,676.0,6084.0
11432,2025-04-01,5389,1028,2,16,6720,0.0,6720.0
11433,2025-03-15,5019,2003,1,8,4160,208.0,3952.0
11434,2025-02-13,5349,2018,4,12,2520,0.0,2520.0
11435,2025-06-03,5368,2021,1,4,2080,0.0,2080.0
11436,2025-03-19,5119,1011,2,9,3780,378.0,3402.0
11437,2025-01-16,5027,2025,3,17,5440,0.0,5440.0
11438,2025-01-22,5029,2029,1,8,4160,0.0,4160.0
11439,2025-05-16,5071,1043,4,9,1890,0.0,1890.0
11440,2025-02-10,5498,1004,3,21,6720,672.0,6048.0
11441,2025-03-05,5384,1055,2,12,5040,0.0,5040.0
11442,2025-03-05,5227,1004,1,19,9880,0.0,9880.0
11443,2025-06-21,5336,2032,1,8,4160,416.0,3744.0
11444,2025-01-09,5270,1040,3,14,4480,0.0,4480.0
11445,2025-02-13,5171,2021,3,14,4480,0.0,4480.0
11446,2025-02-05,5082,1005,4,2,420,21.0,399.0
11447,2025-03-08,5179,1060,3,17,5440,0.0,5440.0
11448,2025-05-02,5113,1023,2,3,1260,126.0,1134.0
11449,2025-03-27,5176,2010,3,21,6720,672.0,6048.0
11450,2025-03-27,5161,2001,4,20,4200,210.0,3990.0
11451,2025-03-22,5416,2017,3,9,2880,288.0,2592.0
11452,2025-04-27,5387,1036,3,19,6080,304.0,5776.0
11453,2025-02-23,5233,2001,2,1,420,42.0,378.0
11454,2025-06-06,5337,2012,3,25,8000,0.0,8000.0
11455,2025-01-16,5055,1010,4,10,2100,210.0,1890.0
11456,2025-01-29,5098,2001,2,18,7560,0.0,7560.0
11457,2025-05-13,5452,2037,3,17,5440,0.0,5440.0
11458,2025-01-06,5465,2021,2,16,6720,672.0,6048.0
11459,2025-06-26,5043,2032,2,13,5460,0.0,5460.0
11460,2025-05-16,5454,2029,2,10,4200,210.0,3990.0
11461,2025-05-28,5215,2006,1,7,3640,182.0,3458.0
11462,2025-03-06,5452,2031,4,8,1680,0.0,1680.0
11463,2025-05-24,5161,1048,2,23,9660,966.0,8694.0
11464,2025-05-15,5494,1045,2,24,10080,0.0,10080.0
11465,2025-04-22,5378,1055,4,8,1680,84.0,1596.0
11466,2025-03-17,5339,2010,2,2,840,84.0,756.0
11467,2025-04-06,5208,1013,1,7,3640,0.0,3640.0
11468,2025-02-27,5430,1002,4,5,1050,105.0,945.0
11469,2025-01-08,5096,2029,1,4,2080,0.0,2080.0
11470,2025-03-20,5336,2032,1,12,6240,0.0,6240.0
11471,2025-04-23,5007,1015,4,1,210,21.0,189.0
11472,2025-04-02,5303,1049,1,18,9360,0.0,9360.0
11473,2025-06-11,5413,1036,1,12,6240,0.0,6240.0
11474,2025-05-05,5051,1002,1,3,1560,156.0,1404.0
11475,2025-03-16,5413,2024,4,3,630,0.0,630.0
11476,2025-01-22,5353,2039,4,24,5040,0.0,5040.0
11477,2025-06-14,5222,2030,4,2,420,42.0,378.0
11478,2025-06-21,5391,1048,1,19,9880,0.0,9880.0
11479,2025-05-11,5172,1035,4,13,2730,273.0,2457.0
11480,2025-04-01,5245,2034,3,6,1920,192.0,1728.0
11481,2025-05-30,5219,1005,1,16,8320,0.0,8320.0
11482,2025-05-31,5433,2009,1,20,10400,0.0,10400.0
11483,2025-05-14,5206,2010,4,12,2520,0.0,2520.0
11484,2025-06-14,5077,1021,2,6,2520,0.0,2520.0
11485,2025-03-28,5121,1044,1,4,2080,208.0,1872.0
11486,2025-06-02,5265,1026,1,7,3640,0.0,3640.0
11487,2025-01-21,5398,1022,4,4,840,42.0,798.0
11488,2025-05-10,5461,1002,3,1,320,0.0,320.0
11489,2025-06-26,5077,2004,2,5,2100,0.0,2100.0
11490,2025-04-15,5419,1005,3,3,960,96.0,864.0
11491,2025-04-08,5287,1058,4,10,2100,0.0,2100.0
11492,2025-01-21,5358,1054,3,19,6080,0.0,6080.0
11493,2025-01-05,5265,2019,2,12,5040,252.0,4788.0
11494,2025-05-17,5198,1024,2,1,420,0.0,420.0
11495,2025-04-29,5010,1030,1,14,7280,0.0,7280.0
11496,2025-06-09,5031,1012,2,21,8820,882.0,7938.0
11497,2025-01-10,5083,2010,3,20,6400,0.0,6400.0
11498,2025-03-18,5217,2022,3,10,3200,0.0,3200.0
11499,2025-05-03,5454,1003,1,15,7800,0.0,7800.0
11500,2025-03-20,5132,2018,2,20,8400,0.0,8400.0
11501,2025-03-30,5165,2028,1,17,8840,442.0,8398.0
11502,2025-04-17,5234,2020,2,24,10080,504.0,9576.0
11503,2025-01-24,5182,2011,3,20,6400,0.0,6400.0
11504,2025-02-10,5193,1036,1,14,7280,0.0,7280.0
11505,2025-04-06,5401,2015,4,19,3990,0.0,3990.0
11506,2025-04-09,5058,1042,2,20,8400,0.0,8400.0
11507,2025-04-14,5229,1046,4,5,1050,0.0,1050.0
11508,2025-01-23,5318,2020,1,1,520,0.0,520.0
11509,2025-03-08,5160,2020,2,3,1260,0.0,1260.0
11510,2025-01-17,5107,1007,1,22,11440,0.0,11440.0
11511,2025-03-11,5142,2020,1,2,1040,0.0,1040.0
11512,2025-02-04,5461,2025,2,1,420,0.0,420.0
11513,2025-06-26,5431,1028,4,10,2100,210.0,1890.0
11514,2025-05-06,5367,1035,2,11,4620,231.0,4389.0
11515,2025-05-24,5371,1039,4,5,1050,0.0,1050.0
11516,2025-06-04,5184,1044,4,9,1890,0.0,1890.0
11517,2025-06-15,5146,2006,2,11,4620,0.0,4620.0
11518,2025-01-24,5473,1054,4,24,5040,0.0,5040.0
11519,2025-04-15,5204,1002,3,16,5120,0.0,5120.0
11520,2025-06-21,5040,1024,1,1,520,52.0,468.0
11521,2025-01-26,5451,2019,2,18,7560,0.0,7560.0
11522,2025-06-23,5062,1005,4,14,2940,147.0,2793.0
11523,2025-04-16,5245,1056,4,18,3780,378.0,3402.0
11524,2025-01-12,5070,1004,2,24,10080,0.0,10080.0
11525,2025-05-06,5190,2009,2,11,4620,462.0,4158.0
11526,2025-04-14,5322,1050,4,14,2940,0.0,2940.0
11527,2025-04-11,5252,1060,2,5,2100,210.0,1890.0
11528,2025-02-28,5346,1013,1,25,13000,0.0,13000.0
11529,2025-03-09,5349,1031,1,2,1040,104.0,936.0
11530,2025-06-02,5092,1027,3,17,5440,0.0,5440.0
11531,2025-04-19,5385,2033,4,7,1470,0.0,1470.0
11532,2025-02-21,5279,2028,3,13,4160,0.0,4160.0
11533,2025-02-01,5034,1001,2,7,2940,0.0,2940.0
11534,2025-05-11,5166,2035,2,22,9240,0.0,9240.0
11535,2025-04-14,5123,1055,1,20,10400,0.0,10400.0
11536,2025-06-25,5473,2027,1,9,4680,0.0,4680.0
11537,2025-02-08,5255,1028,3,20,6400,0.0,6400.0
11538,2025-02-25,5316,2008,3,12,3840,0.0,3840.0
11539,2025-03-23,5361,1037,4,8,1680,0.0,1680.0
11540,2025-05-11,5003,2037,3,12,3840,0.0,3840.0
11541,2025-06-19,5365,1001,4,25,5250,0.0,5250.0
11542,2025-06-18,5088,1013,4,10,2100,210.0,1890.0
11543,2025-05-28,5401,1003,2,12,5040,0.0,5040.0
11544,2025-02-24,5228,1019,4,4,840,42.0,798.0
11545,2025-02-17,5400,1035,1,17,8840,884.0,7956.0
11546,2025-05-27,5302,1034,1,11,5720,0.0,5720.0
11547,2025-06-09,5068,2027,1,18,9360,936.0,8424.0
11548,2025-06-05,5002,1037,4,7,1470,147.0,1323.0
11549,2025-04-16,5437,2016,4,11,2310,231.0,2079.0
11550,2025-02-09,5483,2002,4,12,2520,0.0,2520.0
11551,2025-06-08,5009,1042,4,22,4620,0.0,4620.0
11552,2025-03-04,5245,1059,4,3,630,63.0,567.0
11553,2025-05-25,5267,1016,1,20,10400,0.0,10400.0
11554,2025-05-21,5126,2006,4,10,2100,210.0,1890.0
11555,2025-02-17,5049,2012,1,5,2600,0.0,2600.0
11556,2025-01-10,5300,2019,3,23,7360,736.0,6624.0
11557,2025-02-26,5397,2022,1,5,2600,260.0,2340.0
11558,2025-04-18,5139,1020,1,22,11440,0.0,11440.0
11559,2025-01-20,5347,1017,1,17,8840,0.0,8840.0
11560,2025-06-10,5277,2012,1,17,8840,442.0,8398.0
11561,2025-06-21,5365,1008,2,4,1680,0.0,1680.0
11562,2025-06-13,5225,1044,4,4,840,0.0,840.0
11563,2025-06-15,5497,1043,2,6,2520,0.0,2520.0
11564,2025-02-05,5294,2005,1,16,8320,0.0,8320.0
11565,2025-01-01,5267,1012,3,2,640,64.0,576.0
11566,2025-03-22,5137,2003,3,10,3200,160.0,3040.0
11567,2025-02-20,5227,2020,4,4,840,42.0,798.0
11568,2025-03-06,5332,1005,4,24,5040,0.0,5040.0
11569,2025-03-22,5364,1018,2,15,6300,0.0,6300.0
11570,2025-01-13,5400,2036,1,23,11960,1196.0,10764.0
11571,2025-06-04,5189,1053,2,2,840,0.0,840.0
11572,2025-03-20,5478,2036,3,1,320,0.0,320.0
11573,2025-04-24,5495,1053,2,3,1260,0.0,1260.0
11574,2025-06-24,5311,1034,4,10,2100,210.0,1890.0
11575,2025-03-18,5044,1003,1,3,1560,0.0,1560.0
11576,2025-03-13,5274,1029,2,17,7140,0.0,7140.0
11577,2025-06-13,5352,2010,4,22,4620,0.0,4620.0
11578,2025-05-31,5135,1060,2,8,3360,0.0,3360.0
11579,2025-03-07,5338,2035,3,24,7680,384.0,7296.0
11580,2025-03-08,5202,1054,2,19,7980,0.0,7980.0
11581,2025-04-11,5162,2032,1,14,7280,364.0,6916.0
11582,2025-03-06,5481,2009,3,25,8000,400.0,7600.0
11583,2025-01-13,5461,1004,1,25,13000,1300.0,11700.0
11584,2025-03-24,5481,1011,2,8,3360,0.0,3360.0
11585,2025-04-21,5030,2032,4,5,1050,0.0,1050.0
11586,2025-01-03,5090,2033,3,24,7680,768.0,6912.0
11587,2025-02-02,5003,1030,4,2,420,0.0,420.0
11588,2025-01-26,5196,1044,2,24,10080,0.0,10080.0
11589,2025-06-27,5209,2005,3,10,3200,320.0,2880.0
11590,2025-02-28,5157,1014,3,9,2880,288.0,2592.0
11591,2025-06-15,5092,2011,1,5,2600,0.0,2600.0
11592,2025-01-02,5104,1037,1,23,11960,0.0,11960.0
11593,2025-06-18,5205,1049,2,6,2520,126.0,2394.0
11594,2025-06-02,5207,1003,2,1,420,42.0,378.0
11595,2025-03-17,5477,1002,2,19,7980,0.0,7980.0
11596,2025-02-09,5477,1016,2,10,4200,0.0,4200.0
11597,2025-05-24,5428,1019,3,22,7040,0.0,7040.0
11598,2025-01-11,5312,1027,2,23,9660,483.0,9177.0
11599,2025-01-27,5089,1039,3,12,3840,192.0,3648.0
11600,2025-02-18,5046,2017,2,23,9660,966.0,8694.0
11601,2025-03-24,5011,1035,4,16,3360,0.0,3360.0
11602,2025-03-04,5190,2039,2,20,8400,0.0,8400.0
11603,2025-04-19,5440,1009,2,17,7140,0.0,7140.0
11604,2025-06-11,5343,1015,3,7,2240,0.0,2240.0
11605,2025-03-08,5023,2020,4,13,2730,0.0,2730.0
11606,2025-04-14,5310,1012,4,10,2100,105.0,1995.0
11607,2025-04-20,5437,1058,2,13,5460,0.0,5460.0
11608,2025-06-27,5322,2026,1,22,11440,1144.0,10296.0
11609,2025-05-16,5069,2040,4,25,5250,262.5,4987.5
11610,2025-01-14,5054,1028,4,2,420,0.0,420.0
11611,2025-04-03,5422,1006,4,10,2100,0.0,2100.0
11612,2025-05-13,5305,2005,1,23,11960,1196.0,10764.0
11613,2025-02-04,5249,2034,1,25,13000,0.0,13000.0
11614,2025-06-28,5461,1023,1,17,8840,442.0,8398.0
11615,2025-03-01,5153,2021,1,3,1560,0.0,1560.0
11616,2025-05-14,5420,1054,3,6,1920,192.0,1728.0
11617,2025-04-06,5367,2032,3,22,7040,0.0,7040.0
11618,2025-06-07,5114,2015,4,16,3360,0.0,3360.0
11619,2025-03-14,5337,1051,2,10,4200,0.0,4200.0
11620,2025-06-14,5226,1007,3,17,5440,272.0,5168.0
11621,2025-06-01,5415,1043,3,7,2240,0.0,2240.0
11622,2025-05-14,5336,1052,2,19,7980,0.0,7980.0
11623,2025-06-29,5006,2023,2,2,840,0.0,840.0
11624,2025-06-15,5256,2013,1,7,3640,364.0,3276.0
11625,2025-05-29,5129,1005,2,2,840,0.0,840.0
11626,2025-02-03,5112,2015,3,9,2880,0.0,2880.0
11627,2025-02-06,5052,1014,4,23,4830,0.0,4830.0
11628,2025-02-09,5202,2037,2,20,8400,0.0,8400.0
11629,2025-03-10,5266,1056,2,17,7140,714.0,6426.0
11630,2025-05-14,5117,2036,4,16,3360,336.0,3024.0
11631,2025-06-22,5387,1037,1,8,4160,208.0,3952.0
11632,2025-02-24,5106,2029,3,2,640,32.0,608.0
11633,2025-06-29,5463,2039,3,23,7360,0.0,7360.0
11634,2025-03-14,5346,1057,3,13,4160,208.0,3952.0
11635,2025-04-22,5467,2023,3,16,5120,0.0,5120.0
11636,2025-01-21,5237,2034,4,9,1890,0.0,1890.0
11637,2025-02-15,5217,1006,2,19,7980,0.0,7980.0
11638,2025-03-12,5113,2039,3,18,5760,0.0,5760.0
11639,2025-06-25,5167,1009,4,20,4200,0.0,4200.0
11640,2025-06-14,5487,2038,2,3,1260,63.0,1197.0
11641,2025-02-20,5325,1045,3,9,2880,0.0,2880.0
11642,2025-03-21,5034,2002,1,9,4680,0.0,4680.0
11643,2025-05-03,5139,1002,2,7,2940,147.0,2793.0
11644,2025-04-04,5186,1034,1,16,8320,0.0,8320.0
11645,2025-03-13,5217,2024,2,24,10080,1008.0,9072.0
11646,2025-03-13,5207,2034,3,17,5440,0.0,5440.0
11647,2025-01-13,5046,2014,2,11,4620,0.0,4620.0
11648,2025-01-24,5290,1057,3,10,3200,0.0,3200.0
11649,2025-01-24,5022,1031,3,10,3200,0.0,3200.0
11650,2025-03-25,5134,2029,1,9,4680,0.0,4680.0
11651,2025-06-12,5422,2001,3,22,7040,0.0,7040.0
11652,2025-03-07,5441,2029,1,22,11440,572.0,10868.0
11653,2025-03-23,5317,2011,2,23,9660,0.0,9660.0
11654,2025-05-22,5392,1051,1,11,5720,286.0,5434.0
11655,2025-03-11,5041,1008,1,15,7800,390.0,7410.0
11656,2025-04-05,5407,2017,3,5,1600,0.0,1600.0
11657,2025-01-31,5161,1002,1,19,9880,0.0,9880.0
11658,2025-06-02,5240,2021,1,22,11440,1144.0,10296.0
11659,2025-01-09,5151,1059,4,17,3570,0.0,3570.0
11660,2025-04-20,5056,1057,3,17,5440,0.0,5440.0
11661,2025-02-06,5155,2028,3,2,640,0.0,640.0
11662,2025-06-28,5179,2004,1,8,4160,0.0,4160.0
11663,2025-01-02,5003,1009,3,7,2240,0.0,2240.0
11664,2025-06-26,5018,1059,1,14,7280,0.0,7280.0
11665,2025-01-19,5157,1023,3,10,3200,160.0,3040.0
11666,2025-05-19,5181,1046,4,17,3570,0.0,3570.0
11667,2025-04-24,5478,1051,4,19,3990,199.5,3790.5
11668,2025-04-26,5284,1041,4,17,3570,0.0,3570.0
11669,2025-06-27,5167,1012,1,5,2600,260.0,2340.0
11670,2025-06-20,5382,1035,2,1,420,21.0,399.0
11671,2025-04-10,5139,1001,1,17,8840,884.0,7956.0
11672,2025-02-23,5111,2015,3,15,4800,0.0,4800.0
11673,2025-06-05,5353,2001,2,13,5460,273.0,5187.0
11674,2025-06-19,5239,2040,4,3,630,0.0,630.0
11675,2025-03-20,5256,2034,3,11,3520,352.0,3168.0
11676,2025-02-01,5284,1012,2,13,5460,0.0,5460.0
11677,2025-03-30,5172,2019,3,6,1920,0.0,1920.0
11678,2025-04-13,5298,1024,3,16,5120,512.0,4608.0
11679,2025-01-27,5492,2033,3,4,1280,128.0,1152.0
11680,2025-01-29,5446,1012,3,21,6720,336.0,6384.0
11681,2025-02-28,5065,2018,4,23,4830,0.0,4830.0
11682,2025-02-04,5490,2028,1,7,3640,0.0,3640.0
11683,2025-06-23,5173,1023,3,21,6720,0.0,6720.0
11684,2025-02-23,5369,1029,1,3,1560,78.0,1482.0
11685,2025-02-07,5226,1056,1,21,10920,546.0,10374.0
11686,2025-01-30,5081,2016,1,24,12480,624.0,11856.0
11687,2025-01-02,5337,1005,1,17,8840,0.0,8840.0
11688,2025-06-07,5074,1016,3,10,3200,320.0,2880.0
11689,2025-05-12,5146,2004,3,5,1600,160.0,1440.0
11690,2025-01-20,5001,1046,2,9,3780,0.0,3780.0
11691,2025-05-13,5149,2016,2,20,8400,840.0,7560.0
11692,2025-04-18,5053,1025,3,1,320,32.0,288.0
11693,2025-03-15,5087,2002,2,4,1680,0.0,1680.0
11694,2025-01-10,5170,2030,3,9,2880,144.0,2736.0
11695,2025-05-26,5204,2007,2,1,420,0.0,420.0
11696,2025-05-29,5074,1051,2,19,7980,0.0,7980.0
11697,2025-05-23,5274,1013,1,20,10400,0.0,10400.0
11698,2025-01-03,5223,1022,4,13,2730,0.0,2730.0
11699,2025-05-06,5168,2031,3,9,2880,0.0,2880.0
11700,2025-01-20,5154,2024,2,12,5040,504.0,4536.0
11701,2025-02-03,5490,2001,4,10,2100,0.0,2100.0
11702,2025-01-03,5034,1007,3,12,3840,0.0,3840.0
11703,2025-06-10,5010,2030,2,12,5040,0.0,5040.0
11704,2025-06-16,5244,1020,1,11,5720,286.0,5434.0
11705,2025-01-25,5040,1024,4,14,2940,147.0,2793.0
11706,2025-06-30,5215,2040,1,6,3120,0.0,3120.0
11707,2025-06-24,5186,2019,3,22,7040,0.0,7040.0
11708,2025-02-27,5152,2015,4,1,210,0.0,210.0
11709,2025-04-15,5124,1060,3,11,3520,0.0,3520.0
11710,2025-02-15,5065,1026,3,19,6080,304.0,5776.0
11711,2025-01-08,5362,2017,3,7,2240,224.0,2016.0
11712,2025-05-09,5028,2019,1,22,11440,0.0,11440.0
11713,2025-04-12,5211,2034,2,3,1260,126.0,1134.0
11714,2025-01-29,5375,1015,2,23,9660,0.0,9660.0
11715,2025-03-26,5019,1019,4,23,4830,0.0,4830.0
11716,2025-04-13,5243,1012,1,2,1040,0.0,1040.0
11717,2025-06-25,5468,2020,1,7,3640,364.0,3276.0
11718,2025-01-22,5133,1007,3,20,6400,0.0,6400.0
11719,2025-02-06,5219,1050,3,14,4480,0.0,4480.0
11720,2025-06-05,5357,1027,3,11,3520,352.0,3168.0
11721,2025-05-15,5183,2017,4,23,4830,241.5,4588.5
11722,2025-03-19,5285,2021,4,20,4200,0.0,4200.0
11723,2025-04-17,5039,2010,2,15,6300,0.0,6300.0
11724,2025-05-30,5395,2012,1,6,3120,0.0,3120.0
11725,2025-05-11,5202,2015,3,14,4480,224.0,4256.0
11726,2025-04-22,5161,1012,1,7,3640,0.0,3640.0
11727,2025-06-12,5387,2033,3,22,7040,0.0,7040.0
11728,2025-02-21,5433,1007,3,5,1600,160.0,1440.0
11729,2025-06-09,5345,1057,3,20,6400,0.0,6400.0
11730,2025-06-28,5279,1045,2,19,7980,0.0,7980.0
11731,2025-02-09,5086,2030,3,9,2880,144.0,2736.0
11732,2025-01-05,5083,1026,3,2,640,32.0,608.0
11733,2025-03-16,5326,1057,3,7,2240,0.0,2240.0
11734,2025-06-18,5144,1009,4,14,2940,0.0,2940.0
11735,2025-04-22,5364,2020,1,22,11440,1144.0,10296.0
11736,2025-01-05,5052,1015,2,6,2520,0.0,2520.0
11737,2025-05-24,5128,1012,2,17,7140,0.0,7140.0
11738,2025-05-19,5443,1054,2,7,2940,0.0,2940.0
11739,2025-02-03,5467,1058,2,4,1680,0.0,1680.0
11740,2025-05-26,5414,2015,2,11,4620,0.0,4620.0
11741,2025-04-27,5281,1018,2,7,2940,0.0,2940.0
11742,2025-04-17,5291,1035,2,21,8820,0.0,8820.0
11743,2025-02-08,5132,2015,1,7,3640,0.0,3640.0
11744,2025-02-24,5379,1010,3,24,7680,0.0,7680.0
11745,2025-04-13,5314,1035,3,9,2880,0.0,2880.0
11746,2025-02-10,5303,1038,3,2,640,32.0,608.0
11747,2025-05-02,5351,1002,1,21,10920,1092.0,9828.0
11748,2025-02-22,5387,1041,3,24,7680,0.0,7680.0
11749,2025-01-16,5189,2031,2,16,6720,336.0,6384.0
11750,2025-02-15,5483,2032,1,2,1040,104.0,936.0
11751,2025-06-22,5430,2011,4,22,4620,0.0,4620.0
11752,2025-05-18,5256,1018,1,5,2600,130.0,2470.0
11753,2025-01-23,5133,1029,3,14,4480,224.0,4256.0
11754,2025-06-02,5491,2033,1,14,7280,0.0,7280.0
11755,2025-03-24,5428,1050,4,16,3360,336.0,3024.0
11756,2025-05-09,5037,1055,2,5,2100,0.0,2100.0
11757,2025-06-27,5108,2038,2,23,9660,483.0,9177.0
11758,2025-02-12,5226,1010,2,3,1260,126.0,1134.0
11759,2025-05-25,5498,1018,3,6,1920,192.0,1728.0
11760,2025-03-29,5220,2017,4,16,3360,0.0,3360.0
11761,2025-03-22,5093,1049,4,13,2730,273.0,2457.0
11762,2025-05-04,5253,2026,4,5,1050,52.5,997.5
11763,2025-02-13,5299,2001,4,7,1470,0.0,1470.0
11764,2025-02-12,5314,2015,2,21,8820,882.0,7938.0
11765,2025-01-05,5065,2021,3,25,8000,800.0,7200.0
11766,2025-01-06,5149,2002,1,11,5720,572.0,5148.0
11767,2025-04-09,5135,1017,3,24,7680,768.0,6912.0
11768,2025-06-09,5240,2009,4,11,2310,115.5,2194.5
11769,2025-03-23,5433,1004,1,7,3640,0.0,3640.0
11770,2025-03-19,5338,1019,4,5,1050,105.0,945.0
11771,2025-06-18,5397,1031,3,12,3840,0.0,3840.0
11772,2025-04-03,5264,2005,1,15,7800,390.0,7410.0
11773,2025-05-06,5135,1023,3,2,640,32.0,608.0
11774,2025-06-03,5223,1001,3,5,1600,0.0,1600.0
11775,2025-01-20,5117,2003,3,10,3200,0.0,3200.0
11776,2025-05-05,5374,2036,1,5,2600,260.0,2340.0
11777,2025-03-05,5446,1058,2,10,4200,0.0,4200.0
11778,2025-03-13,5130,2033,2,10,4200,0.0,4200.0
11779,2025-03-15,5078,1051,2,7,2940,147.0,2793.0
11780,2025-02-03,5356,2024,1,22,11440,0.0,11440.0
11781,2025-04-21,5190,2007,4,16,3360,0.0,3360.0
11782,2025-06-02,5140,2014,1,18,9360,468.0,8892.0
11783,2025-03-05,5122,1005,4,24,5040,0.0,5040.0
11784,2025-05-10,5312,1056,2,18,7560,0.0,7560.0
11785,2025-03-20,5236,1048,2,14,5880,588.0,5292.0
11786,2025-05-19,5068,1032,1,4,2080,0.0,2080.0
11787,2025-05-12,5141,1018,1,12,6240,624.0,5616.0
11788,2025-03-31,5466,1042,1,24,12480,0.0,12480.0
11789,2025-02-28,5243,1002,1,25,13000,0.0,13000.0
11790,2025-05-16,5119,1036,2,18,7560,756.0,6804.0
11791,2025-04-19,5369,1037,2,20,8400,840.0,7560.0
11792,2025-04-03,5231,2027,4,13,2730,0.0,2730.0
11793,2025-03-12,5047,1058,1,21,10920,0.0,10920.0
11794,2025-05-25,5336,1026,4,6,1260,0.0,1260.0
11795,2025-04-18,5098,1024,3,9,2880,0.0,2880.0
11796,2025-01-06,5269,1035,1,23,11960,0.0,11960.0
11797,2025-05-29,5034,2019,2,8,3360,0.0,3360.0
11798,2025-02-06,5408,1007,4,10,2100,0.0,2100.0
11799,2025-04-22,5359,1052,4,7,1470,0.0,1470.0
11800,2025-01-31,5130,2025,2,13,5460,273.0,5187.0
11801,2025-06-28,5012,2006,3,1,320,16.0,304.0
11802,2025-06-07,5010,2037,3,3,960,0.0,960.0
11803,2025-04-16,5243,2004,3,13,4160,208.0,3952.0
11804,2025-03-21,5015,1053,2,12,5040,0.0,5040.0
11805,2025-01-08,5057,1017,3,3,960,96.0,864.0
11806,2025-02-23,5436,2027,3,8,2560,256.0,2304.0
11807,2025-04-26,5076,2038,1,4,2080,0.0,2080.0
11808,2025-03-14,5409,1023,4,9,1890,189.0,1701.0
11809,2025-02-03,5344,2003,2,2,840,84.0,756.0
11810,2025-02-12,5207,1051,2,19,7980,0.0,7980.0
11811,2025-03-20,5369,2010,2,10,4200,0.0,4200.0
11812,2025-03-05,5072,2035,1,8,4160,0.0,4160.0
11813,2025-06-14,5224,1046,1,10,5200,0.0,5200.0
11814,2025-01-03,5015,2035,2,19,7980,0.0,7980.0
11815,2025-03-05,5049,2006,1,18,9360,468.0,8892.0
11816,2025-05-19,5340,1018,2,18,7560,0.0,7560.0
11817,2025-02-07,5075,1018,2,5,2100,210.0,1890.0
11818,2025-02-03,5116,2009,1,13,6760,676.0,6084.0
11819,2025-06-20,5489,1052,4,24,5040,504.0,4536.0
11820,2025-03-06,5382,1006,1,4,2080,0.0,2080.0
11821,2025-05-03,5337,2036,2,21,8820,0.0,8820.0
11822,2025-02-27,5370,1022,3,2,640,0.0,640.0
11823,2025-04-13,5179,1058,3,6,1920,0.0,1920.0
11824,2025-03-01,5459,2011,2,10,4200,0.0,4200.0
11825,2025-02-10,5371,1019,2,23,9660,0.0,9660.0
11826,2025-02-02,5274,1037,2,21,8820,882.0,7938.0
11827,2025-03-22,5120,2013,3,22,7040,352.0,6688.0
11828,2025-03-02,5361,1023,1,13,6760,676.0,6084.0
11829,2025-04-19,5080,2016,3,23,7360,736.0,6624.0
11830,2025-04-28,5482,2007,2,2,840,0.0,840.0
11831,2025-04-07,5390,1029,4,16,3360,0.0,3360.0
11832,2025-05-09,5213,1017,3,15,4800,0.0,4800.0
11833,2025-03-24,5408,2030,1,9,4680,0.0,4680.0
11834,2025-02-21,5347,1010,2,11,4620,0.0,4620.0
11835,2025-04-02,5396,2038,3,15,4800,240.0,4560.0
11836,2025-06-12,5499,1033,1,21,10920,0.0,10920.0
11837,2025-03-11,5272,1036,3,20,6400,0.0,6400.0
11838,2025-02-14,5285,2031,3,24,7680,0.0,7680.0
11839,2025-05-21,5376,1004,1,5,2600,130.0,2470.0
11840,2025-04-09,5056,1023,3,6,1920,0.0,1920.0
11841,2025-03-28,5496,1055,4,24,5040,0.0,5040.0
11842,2025-05-02,5484,1057,4,25,5250,0.0,5250.0
11843,2025-05-19,5153,1035,3,17,5440,0.0,5440.0
11844,2025-02-03,5277,1004,4,11,2310,0.0,2310.0
11845,2025-02-26,5402,1001,1,15,7800,0.0,7800.0
11846,2025-06-19,5147,1036,3,1,320,16.0,304.0
11847,2025-02-09,5161,2039,4,14,2940,147.0,2793.0
11848,2025-04-10,5138,1033,4,5,1050,0.0,1050.0
11849,2025-01-08,5126,1023,4,9,1890,0.0,1890.0
11850,2025-02-03,5013,1048,1,17,8840,0.0,8840.0
11851,2025-01-08,5109,2022,1,14,7280,0.0,7280.0
11852,2025-05-01,5347,1027,1,22,11440,1144.0,10296.0
11853,2025-06-30,5103,2006,4,17,3570,178.5,3391.5
11854,2025-06-04,5263,1016,1,6,3120,312.0,2808.0
11855,2025-05-31,5300,1022,4,14,2940,0.0,2940.0
11856,2025-06-08,5012,2007,2,1,420,0.0,420.0
11857,2025-06-23,5260,1050,2,8,3360,336.0,3024.0
11858,2025-01-11,5002,1051,3,5,1600,0.0,1600.0
11859,2025-04-28,5449,1008,2,10,4200,210.0,3990.0
11860,2025-06-22,5051,1052,2,18,7560,0.0,7560.0
11861,2025-03-05,5292,2039,1,16,8320,0.0,8320.0
11862,2025-04-09,5353,1010,4,10,2100,105.0,1995.0
11863,2025-01-22,5151,1058,3,24,7680,0.0,7680.0
11864,2025-02-20,5353,2029,4,14,2940,294.0,2646.0
11865,2025-02-20,5444,2005,3,11,3520,0.0,3520.0
11866,2025-06-14,5119,2035,4,7,1470,73.5,1396.5
11867,2025-05-21,5065,1044,2,9,3780,0.0,3780.0
11868,2025-03-12,5032,2014,1,24,12480,624.0,11856.0
11869,2025-05-16,5468,1014,4,10,2100,105.0,1995.0
11870,2025-03-01,5318,1016,2,16,6720,336.0,6384.0
11871,2025-05-22,5238,1017,3,14,4480,0.0,4480.0
11872,2025-02-05,5491,2004,3,23,7360,0.0,7360.0
11873,2025-06-03,5486,1016,2,1,420,21.0,399.0
11874,2025-05-04,5022,1028,1,23,11960,0.0,11960.0
11875,2025-04-29,5204,1048,1,13,6760,0.0,6760.0
11876,2025-05-29,5451,1030,1,12,6240,0.0,6240.0
11877,2025-03-21,5182,1045,1,22,11440,0.0,11440.0
11878,2025-03-25,5132,1009,1,20,10400,0.0,10400.0
11879,2025-04-15,5477,2024,4,24,5040,0.0,5040.0
11880,2025-02-20,5099,1016,1,6,3120,156.0,2964.0
11881,2025-05-19,5470,1048,3,12,3840,0.0,3840.0
11882,2025-05-26,5284,2005,3,23,7360,0.0,7360.0
11883,2025-01-12,5102,1038,4,22,4620,0.0,4620.0
11884,2025-03-28,5462,1016,2,23,9660,0.0,9660.0
11885,2025-01-21,5458,1012,1,8,4160,0.0,4160.0
11886,2025-01-03,5279,2009,2,1,420,0.0,420.0
11887,2025-03-12,5351,1006,1,6,3120,156.0,2964.0
11888,2025-05-05,5129,1009,4,18,3780,0.0,3780.0
11889,2025-05-26,5093,1001,4,14,2940,294.0,2646.0
11890,2025-06-23,5005,1038,2,11,4620,0.0,4620.0
11891,2025-02-02,5122,2020,1,15,7800,780.0,7020.0
11892,2025-01-01,5462,1048,3,22,7040,704.0,6336.0
11893,2025-05-09,5293,2024,4,4,840,0.0,840.0
11894,2025-06-02,5433,2006,3,21,6720,672.0,6048.0
11895,2025-05-08,5369,2030,4,10,2100,0.0,2100.0
11896,2025-04-14,5360,2027,3,11,3520,352.0,3168.0
11897,2025-01-11,5437,2038,4,11,2310,0.0,2310.0
11898,2025-01-26,5022,1060,3,10,3200,160.0,3040.0
11899,2025-02-21,5043,2019,2,7,2940,0.0,2940.0
11900,2025-01-23,5228,1010,3,9,2880,0.0,2880.0
11901,2025-03-01,5167,1046,4,24,5040,504.0,4536.0
11902,2025-01-29,5234,1021,1,24,12480,624.0,11856.0
11903,2025-05-04,5317,2012,4,19,3990,0.0,3990.0
11904,2025-04-10,5427,1052,1,25,13000,0.0,13000.0
11905,2025-05-16,5034,2030,3,21,6720,336.0,6384.0
11906,2025-05-12,5179,2035,4,13,2730,0.0,2730.0
11907,2025-05-08,5473,1033,1,16,8320,0.0,8320.0
11908,2025-02-08,5462,1060,1,18,9360,0.0,9360.0
11909,2025-04-17,5197,2020,4,18,3780,0.0,3780.0
11910,2025-02-06,5143,2015,4,22,4620,462.0,4158.0
11911,2025-03-18,5313,1032,2,7,2940,147.0,2793.0
11912,2025-02-23,5444,1025,3,16,5120,0.0,5120.0
11913,2025-01-28,5234,1014,4,24,5040,504.0,4536.0
11914,2025-06-12,5346,2008,4,18,3780,0.0,3780.0
11915,2025-03-10,5435,1009,2,1,420,0.0,420.0
11916,2025-02-21,5374,1005,2,6,2520,126.0,2394.0
11917,2025-02-09,5191,2035,4,4,840,0.0,840.0
11918,2025-02-26,5269,1029,2,12,5040,0.0,5040.0
11919,2025-05-01,5408,1041,2,4,1680,0.0,1680.0
11920,2025-03-07,5248,1027,4,2,420,0.0,420.0
11921,2025-06-30,5379,2017,2,6,2520,0.0,2520.0
11922,2025-03-04,5441,1033,3,19,6080,0.0,6080.0
11923,2025-05-13,5470,2035,4,16,3360,0.0,3360.0
11924,2025-02-17,5187,1001,1,8,4160,0.0,4160.0
11925,2025-04-11,5421,1028,1,2,1040,0.0,1040.0
11926,2025-06-06,5141,2022,2,12,5040,0.0,5040.0
11927,2025-02-25,5156,1053,1,6,3120,0.0,3120.0
11928,2025-04-21,5068,1038,2,2,840,0.0,840.0
11929,2025-02-08,5211,1054,1,9,4680,0.0,4680.0
11930,2025-04-27,5190,1012,4,10,2100,210.0,1890.0
11931,2025-03-13,5429,2010,1,6,3120,156.0,2964.0
11932,2025-01-23,5483,2006,3,16,5120,0.0,5120.0
11933,2025-04-21,5204,1001,4,24,5040,0.0,5040.0
11934,2025-05-27,5376,2037,2,12,5040,252.0,4788.0
11935,2025-04-08,5298,1026,2,10,4200,420.0,3780.0
11936,2025-01-27,5201,2010,3,7,2240,224.0,2016.0
11937,2025-01-19,5130,1049,3,21,6720,0.0,6720.0
11938,2025-02-05,5277,2013,2,15,6300,0.0,6300.0
11939,2025-01-28,5316,2011,2,10,4200,0.0,4200.0
11940,2025-04-24,5400,1051,1,25,13000,0.0,13000.0
11941,2025-01-17,5326,2023,2,9,3780,378.0,3402.0
11942,2025-04-23,5428,2037,3,2,640,32.0,608.0
11943,2025-06-04,5228,1056,1,4,2080,104.0,1976.0
11944,2025-06-01,5349,2025,1,6,3120,312.0,2808.0
11945,2025-06-08,5026,1035,2,6,2520,0.0,2520.0
11946,2025-01-21,5043,1004,2,18,7560,756.0,6804.0
11947,2025-01-13,5499,1007,1,23,11960,598.0,11362.0
11948,2025-06-20,5393,1030,3,1,320,16.0,304.0
11949,2025-04-16,5374,2033,1,10,5200,520.0,4680.0
11950,2025-02-03,5420,1039,3,21,6720,0.0,6720.0
11951,2025-05-26,5409,2003,3,1,320,0.0,320.0
11952,2025-03-15,5181,2017,3,16,5120,512.0,4608.0
11953,2025-06-13,5040,1016,1,10,5200,0.0,5200.0
11954,2025-02-18,5158,1029,1,19,9880,0.0,9880.0
11955,2025-02-28,5356,1021,2,13,5460,273.0,5187.0
11956,2025-01-26,5369,2025,2,25,10500,0.0,10500.0
11957,2025-02-13,5342,2015,3,3,960,48.0,912.0
11958,2025-05-09,5459,1002,4,19,3990,0.0,3990.0
11959,2025-05-05,5002,2012,2,4,1680,0.0,1680.0
11960,2025-06-22,5017,1054,2,12,5040,0.0,5040.0
11961,2025-06-18,5200,2032,4,3,630,0.0,630.0
11962,2025-01-18,5466,1025,4,22,4620,0.0,4620.0
11963,2025-05-12,5341,1040,2,16,6720,336.0,6384.0
11964,2025-04-30,5132,2001,1,21,10920,1092.0,9828.0
11965,2025-03-09,5113,1046,4,16,3360,336.0,3024.0
11966,2025-05-25,5267,2012,4,20,4200,0.0,4200.0
11967,2025-06-13,5195,2025,3,12,3840,0.0,3840.0
11968,2025-04-07,5198,1004,3,20,6400,0.0,6400.0
11969,2025-01-19,5160,1059,4,8,1680,0.0,1680.0
11970,2025-01-21,5343,1042,1,12,6240,624.0,5616.0
11971,2025-02-25,5450,2036,2,21,8820,882.0,7938.0
11972,2025-05-13,5087,1013,2,15,6300,0.0,6300.0
11973,2025-05-22,5147,1023,2,7,2940,147.0,2793.0
11974,2025-05-04,5170,1049,4,15,3150,315.0,2835.0
11975,2025-04-01,5495,2032,4,14,2940,0.0,2940.0
11976,2025-04-12,5089,1009,4,13,2730,136.5,2593.5
11977,2025-05-12,5219,1025,3,5,1600,80.0,1520.0
11978,2025-06-11,5353,1036,1,22,11440,1144.0,10296.0
11979,2025-01-25,5366,2021,3,20,6400,640.0,5760.0
11980,2025-02-20,5382,1010,4,12,2520,0.0,2520.0
11981,2025-01-06,5326,1016,3,8,2560,0.0,2560.0
11982,2025-02-11,5034,2012,1,24,12480,1248.0,11232.0
11983,2025-05-17,5434,1010,1,20,10400,520.0,9880.0
11984,2025-05-02,5414,1055,3,1,320,32.0,288.0
11985,2025-02-05,5421,2032,4,13,2730,136.5,2593.5
11986,2025-02-15,5318,2035,1,4,2080,0.0,2080.0
11987,2025-02-06,5462,1006,3,24,7680,0.0,7680.0
11988,2025-01-27,5031,1024,1,10,5200,0.0,5200.0
11989,2025-06-19,5036,1034,4,11,2310,115.5,2194.5
11990,2025-05-31,5499,1052,1,5,2600,260.0,2340.0
11991,2025-01-05,5066,2023,1,1,520,26.0,494.0
11992,2025-02-18,5373,2033,3,13,4160,416.0,3744.0
11993,2025-05-29,5112,2040,2,2,840,0.0,840.0
11994,2025-05-22,5077,2037,2,3,1260,126.0,1134.0
11995,2025-03-24,5282,1025,4,10,2100,210.0,1890.0
11996,2025-05-17,5294,1035,4,21,4410,0.0,4410.0
11997,2025-06-25,5313,1004,3,3,960,0.0,960.0
11998,2025-02-19,5148,2003,2,23,9660,0.0,9660.0
11999,2025-05-28,5123,2006,4,15,3150,315.0,2835.0
12000,2025-03-22,5462,1028,2,22,9240,0.0,9240.0
12001,2025-04-21,5056,1038,1,7,3640,0.0,3640.0
12002,2025-05-05,5241,1036,1,7,3640,0.0,3640.0
12003,2025-01-19,5120,1034,1,19,9880,988.0,8892.0
12004,2025-01-09,5252,1051,2,11,4620,231.0,4389.0
12005,2025-04-22,5273,1059,2,14,5880,0.0,5880.0
12006,2025-05-08,5388,1053,3,1,320,0.0,320.0
12007,2025-02-07,5203,1022,2,19,7980,0.0,7980.0
12008,2025-04-10,5089,1019,3,25,8000,0.0,8000.0
12009,2025-06-26,5130,2014,4,21,4410,0.0,4410.0
12010,2025-03-25,5182,1019,2,10,4200,0.0,4200.0
12011,2025-06-15,5261,1018,4,12,2520,126.0,2394.0
12012,2025-06-07,5287,1040,2,25,10500,525.0,9975.0
12013,2025-05-28,5429,2021,3,5,1600,0.0,1600.0
12014,2025-05-11,5241,2025,3,18,5760,0.0,5760.0
12015,2025-06-16,5332,1032,3,19,6080,0.0,6080.0
12016,2025-04-05,5026,1006,1,10,5200,260.0,4940.0
12017,2025-03-11,5480,2003,4,14,2940,0.0,2940.0
12018,2025-02-15,5118,1037,4,10,2100,105.0,1995.0
12019,2025-02-27,5353,1011,1,18,9360,0.0,9360.0
12020,2025-04-29,5257,1012,4,11,2310,115.5,2194.5
12021,2025-02-17,5132,1018,4,22,4620,0.0,4620.0
12022,2025-04-08,5025,1028,1,24,12480,0.0,12480.0
12023,2025-01-04,5268,1004,2,23,9660,0.0,9660.0
12024,2025-05-28,5246,2019,4,1,210,0.0,210.0
12025,2025-04-27,5272,2021,2,17,7140,0.0,7140.0
12026,2025-04-10,5138,1022,1,2,1040,0.0,1040.0
12027,2025-04-20,5403,1019,3,16,5120,0.0,5120.0
12028,2025-06-25,5255,1045,2,12,5040,504.0,4536.0
12029,2025-01-05,5247,1019,4,25,5250,0.0,5250.0
12030,2025-06-27,5349,1007,3,15,4800,0.0,4800.0
12031,2025-06-25,5260,1036,3,14,4480,224.0,4256.0
12032,2025-02-20,5118,2001,2,18,7560,0.0,7560.0
12033,2025-06-10,5471,1014,1,15,7800,0.0,7800.0
12034,2025-02-26,5167,1051,1,23,11960,598.0,11362.0
12035,2025-01-10,5390,2023,1,24,12480,1248.0,11232.0
12036,2025-03-06,5348,1043,3,20,6400,0.0,6400.0
12037,2025-02-17,5115,1020,1,21,10920,0.0,10920.0
12038,2025-05-29,5342,1058,2,6,2520,0.0,2520.0
12039,2025-06-24,5294,2009,2,8,3360,0.0,3360.0
12040,2025-06-09,5105,1035,2,10,4200,420.0,3780.0
12041,2025-03-28,5150,2023,2,3,1260,63.0,1197.0
12042,2025-01-28,5115,2036,2,1,420,42.0,378.0
12043,2025-05-11,5225,1018,1,16,8320,0.0,8320.0
12044,2025-04-04,5053,1059,1,18,9360,936.0,8424.0
12045,2025-01-08,5431,1013,2,21,8820,882.0,7938.0
12046,2025-04-09,5114,1033,1,20,10400,0.0,10400.0
12047,2025-05-10,5401,2014,4,9,1890,94.5,1795.5
12048,2025-05-25,5312,1021,4,7,1470,0.0,1470.0
12049,2025-02-11,5331,1034,1,13,6760,0.0,6760.0
12050,2025-04-13,5123,1014,2,14,5880,294.0,5586.0
12051,2025-06-03,5170,2022,4,5,1050,52.5,997.5
12052,2025-05-15,5203,2014,2,24,10080,0.0,10080.0
12053,2025-06-08,5073,2033,1,8,4160,0.0,4160.0
12054,2025-02-04,5103,2005,3,6,1920,0.0,1920.0
12055,2025-02-07,5466,1057,1,7,3640,0.0,3640.0
12056,2025-01-19,5331,2034,2,21,8820,0.0,8820.0
12057,2025-02-17,5461,1029,1,7,3640,182.0,3458.0
12058,2025-01-16,5359,2004,2,7,2940,0.0,2940.0
12059,2025-01-16,5497,2038,4,17,3570,357.0,3213.0
12060,2025-06-02,5359,2039,1,23,11960,0.0,11960.0
12061,2025-02-18,5356,1026,4,9,1890,94.5,1795.5
12062,2025-06-09,5459,2032,2,9,3780,0.0,3780.0
12063,2025-06-15,5457,1006,1,21,10920,0.0,10920.0
12064,2025-01-31,5460,2012,1,19,9880,0.0,9880.0
12065,2025-01-05,5047,1055,1,11,5720,286.0,5434.0
12066,2025-04-24,5036,1001,4,25,5250,262.5,4987.5
12067,2025-01-18,5396,1030,3,1,320,16.0,304.0
12068,2025-05-03,5495,1022,2,1,420,42.0,378.0
12069,2025-05-05,5469,1031,4,10,2100,105.0,1995.0
12070,2025-01-20,5238,2019,4,8,1680,0.0,1680.0
12071,2025-06-18,5296,1018,4,14,2940,0.0,2940.0
12072,2025-04-07,5247,1006,3,11,3520,176.0,3344.0
12073,2025-01-25,5202,1058,1,24,12480,624.0,11856.0
12074,2025-01-08,5307,2030,1,23,11960,0.0,11960.0
12075,2025-06-08,5076,2040,1,19,9880,0.0,9880.0
12076,2025-06-05,5064,1014,4,1,210,0.0,210.0
12077,2025-05-15,5118,1060,4,3,630,0.0,630.0
12078,2025-04-13,5281,2008,2,8,3360,0.0,3360.0
12079,2025-05-16,5412,1023,4,3,630,63.0,567.0
12080,2025-06-02,5301,2014,4,5,1050,52.5,997.5
12081,2025-04-01,5118,2038,3,9,2880,144.0,2736.0
12082,2025-05-10,5315,1048,1,14,7280,0.0,7280.0
12083,2025-06-16,5127,1039,4,7,1470,73.5,1396.5
12084,2025-03-05,5242,1017,4,21,4410,0.0,4410.0
12085,2025-02-12,5488,2028,4,23,4830,0.0,4830.0
12086,2025-05-23,5452,2031,4,10,2100,210.0,1890.0
12087,2025-04-22,5333,2013,1,12,6240,0.0,6240.0
12088,2025-04-19,5144,2011,4,12,2520,0.0,2520.0
12089,2025-01-17,5246,1020,4,12,2520,0.0,2520.0
12090,2025-01-02,5061,1039,2,23,9660,0.0,9660.0
12091,2025-06-18,5439,1039,4,23,4830,0.0,4830.0
12092,2025-01-26,5278,2017,3,9,2880,0.0,2880.0
12093,2025-03-08,5064,1033,3,5,1600,0.0,1600.0
12094,2025-03-30,5039,1020,4,3,630,31.5,598.5
12095,2025-01-24,5404,1014,2,10,4200,0.0,4200.0
12096,2025-04-16,5026,2023,2,12,5040,252.0,4788.0
12097,2025-06-12,5433,1032,1,23,11960,1196.0,10764.0
12098,2025-02-16,5138,1030,2,7,2940,0.0,2940.0
12099,2025-03-09,5113,1046,2,11,4620,0.0,4620.0
12100,2025-03-09,5188,2036,1,9,4680,0.0,4680.0
12101,2025-05-20,5327,1059,1,23,11960,598.0,11362.0
12102,2025-05-30,5493,1058,3,5,1600,160.0,1440.0
12103,2025-03-20,5309,1053,2,20,8400,420.0,7980.0
12104,2025-03-10,5043,1055,1,7,3640,0.0,3640.0
12105,2025-05-13,5180,2033,2,2,840,0.0,840.0
12106,2025-01-04,5162,2025,2,23,9660,0.0,9660.0
12107,2025-01-21,5465,1018,1,25,13000,650.0,12350.0
12108,2025-03-08,5228,1050,4,3,630,0.0,630.0
12109,2025-02-13,5412,1043,4,22,4620,0.0,4620.0
12110,2025-05-29,5086,1052,2,21,8820,0.0,8820.0
12111,2025-02-24,5424,1038,3,15,4800,240.0,4560.0
12112,2025-01-01,5014,1058,3,21,6720,0.0,6720.0
12113,2025-04-09,5108,2008,3,15,4800,0.0,4800.0
12114,2025-02-03,5117,2014,1,15,7800,0.0,7800.0
12115,2025-04-27,5042,2019,3,19,6080,608.0,5472.0
12116,2025-06-30,5253,1058,1,17,8840,0.0,8840.0
12117,2025-06-27,5306,1044,2,13,5460,0.0,5460.0
12118,2025-04-12,5142,2039,4,4,840,84.0,756.0
12119,2025-03-07,5326,1038,4,15,3150,157.5,2992.5
12120,2025-03-26,5327,1043,1,9,4680,0.0,4680.0
12121,2025-03-24,5248,1015,1,17,8840,884.0,7956.0
12122,2025-05-02,5194,1058,4,15,3150,0.0,3150.0
12123,2025-03-20,5204,2011,4,10,2100,210.0,1890.0
12124,2025-01-01,5224,1022,1,13,6760,338.0,6422.0
12125,2025-03-08,5187,2020,3,1,320,0.0,320.0
12126,2025-04-20,5402,1043,3,20,6400,0.0,6400.0
12127,2025-03-22,5377,1039,3,22,7040,352.0,6688.0
12128,2025-01-10,5343,1005,3,1,320,16.0,304.0
12129,2025-01-10,5159,2007,1,19,9880,0.0,9880.0
12130,2025-06-10,5350,2010,1,8,4160,0.0,4160.0
12131,2025-02-09,5348,1030,4,6,1260,0.0,1260.0
12132,2025-03-19,5129,1006,2,14,5880,0.0,5880.0
12133,2025-01-12,5001,1023,2,16,6720,0.0,6720.0
12134,2025-01-18,5051,2035,3,11,3520,176.0,3344.0
12135,2025-05-04,5426,1022,3,8,2560,128.0,2432.0
12136,2025-06-10,5193,2029,4,17,3570,357.0,3213.0
12137,2025-06-10,5030,1040,1,8,4160,0.0,4160.0
12138,2025-05-12,5407,1038,2,19,7980,0.0,7980.0
12139,2025-03-04,5132,2024,3,9,2880,0.0,2880.0
12140,2025-03-27,5350,1016,2,5,2100,105.0,1995.0
12141,2025-04-16,5187,1051,3,24,7680,768.0,6912.0
12142,2025-06-25,5080,2029,2,18,7560,378.0,7182.0
12143,2025-01-07,5335,1035,2,15,6300,0.0,6300.0
12144,2025-01-19,5331,1056,3,14,4480,0.0,4480.0
12145,2025-05-08,5135,2001,1,3,1560,0.0,1560.0
12146,2025-04-10,5305,2015,2,2,840,0.0,840.0
12147,2025-04-11,5109,2036,4,19,3990,399.0,3591.0
12148,2025-05-23,5196,1008,1,20,10400,0.0,10400.0
12149,2025-05-15,5285,1055,2,23,9660,0.0,9660.0
12150,2025-02-11,5016,1035,3,19,6080,0.0,6080.0
12151,2025-05-31,5183,1050,3,21,6720,672.0,6048.0
12152,2025-05-06,5397,1002,2,1,420,0.0,420.0
12153,2025-06-14,5364,1044,3,20,6400,0.0,6400.0
12154,2025-06-09,5408,1060,1,25,13000,1300.0,11700.0
12155,2025-04-20,5115,2004,1,10,5200,520.0,4680.0
12156,2025-06-29,5009,2009,1,24,12480,0.0,12480.0
12157,2025-04-28,5308,1021,3,10,3200,0.0,3200.0
12158,2025-04-02,5141,2030,3,19,6080,304.0,5776.0
12159,2025-03-21,5497,1002,4,4,840,0.0,840.0
12160,2025-06-26,5162,1054,3,21,6720,0.0,6720.0
12161,2025-06-10,5193,2030,3,2,640,0.0,640.0
12162,2025-06-29,5325,1001,3,24,7680,0.0,7680.0
12163,2025-01-20,5385,2003,3,6,1920,192.0,1728.0
12164,2025-02-08,5303,2021,4,2,420,21.0,399.0
12165,2025-05-03,5048,2006,3,15,4800,0.0,4800.0
12166,2025-06-12,5211,1007,4,16,3360,0.0,3360.0
12167,2025-04-10,5315,1047,4,19,3990,199.5,3790.5
12168,2025-01-10,5474,2017,3,7,2240,0.0,2240.0
12169,2025-05-23,5149,2039,4,9,1890,0.0,1890.0
12170,2025-05-17,5328,2033,2,22,9240,462.0,8778.0
12171,2025-02-28,5243,2004,3,17,5440,0.0,5440.0
12172,2025-05-27,5491,2026,2,6,2520,0.0,2520.0
12173,2025-01-16,5129,1042,3,20,6400,0.0,6400.0
12174,2025-06-16,5328,1044,1,17,8840,0.0,8840.0
12175,2025-06-22,5202,2039,3,3,960,0.0,960.0
12176,2025-02-21,5313,1040,3,12,3840,0.0,3840.0
12177,2025-05-07,5246,1040,4,24,5040,0.0,5040.0
12178,2025-03-13,5209,1043,4,24,5040,0.0,5040.0
12179,2025-03-01,5186,1046,1,16,8320,0.0,8320.0
12180,2025-01-01,5459,2021,1,4,2080,208.0,1872.0
12181,2025-01-04,5291,2031,2,8,3360,168.0,3192.0
12182,2025-01-09,5281,2012,1,9,4680,0.0,4680.0
12183,2025-01-23,5439,2010,2,24,10080,0.0,10080.0
12184,2025-01-22,5059,1022,4,18,3780,0.0,3780.0
12185,2025-03-06,5433,1028,3,14,4480,0.0,4480.0
12186,2025-04-11,5059,1055,1,10,5200,0.0,5200.0
12187,2025-03-18,5236,1057,3,2,640,64.0,576.0
12188,2025-06-14,5173,1005,3,1,320,0.0,320.0
12189,2025-04-20,5460,1007,4,15,3150,0.0,3150.0
12190,2025-02-16,5465,1053,2,1,420,0.0,420.0
12191,2025-03-23,5101,1020,2,25,10500,525.0,9975.0
12192,2025-05-05,5287,1005,1,9,4680,234.0,4446.0
12193,2025-04-28,5107,2029,2,21,8820,0.0,8820.0
12194,2025-02-24,5257,1047,4,4,840,42.0,798.0
12195,2025-05-24,5295,1003,3,13,4160,208.0,3952.0
12196,2025-01-09,5348,2021,3,12,3840,192.0,3648.0
12197,2025-02-02,5112,2009,3,25,8000,400.0,7600.0
12198,2025-01-20,5076,1051,4,4,840,0.0,840.0
12199,2025-03-14,5330,2015,2,19,7980,0.0,7980.0
12200,2025-04-12,5225,2013,3,10,3200,0.0,3200.0
12201,2025-06-27,5297,2003,1,13,6760,0.0,6760.0
12202,2025-03-14,5246,2003,2,9,3780,0.0,3780.0
12203,2025-02-15,5440,2026,3,19,6080,0.0,6080.0
12204,2025-02-21,5459,2003,1,13,6760,0.0,6760.0
12205,2025-03-14,5160,2005,4,4,840,0.0,840.0
12206,2025-03-05,5301,1054,2,25,10500,0.0,10500.0
12207,2025-04-14,5148,1060,3,11,3520,0.0,3520.0
12208,2025-06-02,5205,1055,3,15,4800,240.0,4560.0
12209,2025-04-22,5217,1012,2,11,4620,462.0,4158.0
12210,2025-04-15,5416,1019,4,17,3570,0.0,3570.0
12211,2025-04-06,5475,1021,4,16,3360,168.0,3192.0
12212,2025-03-22,5349,1039,1,12,6240,0.0,6240.0
12213,2025-01-19,5126,2040,4,16,3360,0.0,3360.0
12214,2025-06-07,5321,1047,2,21,8820,441.0,8379.0
12215,2025-01-14,5115,1008,2,11,4620,462.0,4158.0
12216,2025-01-22,5242,2009,2,17,7140,714.0,6426.0
12217,2025-04-16,5269,1028,1,7,3640,0.0,3640.0
12218,2025-06-23,5132,2004,4,3,630,0.0,630.0
12219,2025-02-20,5314,1055,3,8,2560,0.0,2560.0
12220,2025-03-17,5365,1005,3,20,6400,0.0,6400.0
12221,2025-01-31,5020,2014,2,19,7980,0.0,7980.0
12222,2025-03-20,5150,1010,4,6,1260,126.0,1134.0
12223,2025-06-02,5138,1044,2,23,9660,0.0,9660.0
12224,2025-02-19,5003,1045,4,8,1680,84.0,1596.0
12225,2025-02-16,5401,1005,3,13,4160,0.0,4160.0
12226,2025-05-14,5211,1018,2,23,9660,0.0,9660.0
12227,2025-01-02,5165,2026,1,1,520,0.0,520.0
12228,2025-02-27,5009,2038,2,3,1260,126.0,1134.0
12229,2025-01-26,5209,1021,3,8,2560,0.0,2560.0
12230,2025-06-02,5113,2017,3,6,1920,0.0,1920.0
12231,2025-02-18,5407,2011,4,16,3360,0.0,3360.0
12232,2025-06-01,5443,2028,4,22,4620,0.0,4620.0
12233,2025-05-24,5319,1042,3,3,960,0.0,960.0
12234,2025-01-20,5439,1019,1,16,8320,0.0,8320.0
12235,2025-06-19,5157,1060,4,20,4200,420.0,3780.0
12236,2025-01-23,5486,1016,2,20,8400,420.0,7980.0
12237,2025-01-08,5442,1004,1,22,11440,0.0,11440.0
12238,2025-05-22,5428,1036,4,10,2100,0.0,2100.0
12239,2025-01-06,5306,2039,2,23,9660,0.0,9660.0
12240,2025-04-25,5354,2023,1,12,6240,312.0,5928.0
12241,2025-04-03,5165,1011,1,7,3640,0.0,3640.0
12242,2025-02-14,5077,2035,3,1,320,0.0,320.0
12243,2025-02-05,5309,2017,2,13,5460,546.0,4914.0
12244,2025-06-06,5492,1060,3,10,3200,160.0,3040.0
12245,2025-06-26,5324,1035,3,5,1600,0.0,1600.0
12246,2025-05-22,5452,1023,4,9,1890,189.0,1701.0
12247,2025-05-23,5451,2012,3,22,7040,0.0,7040.0
12248,2025-02-28,5305,2025,4,12,2520,0.0,2520.0
12249,2025-01-01,5127,1001,4,11,2310,0.0,2310.0
12250,2025-06-18,5262,1049,2,7,2940,0.0,2940.0
12251,2025-06-13,5217,2016,1,21,10920,0.0,10920.0
12252,2025-01-20,5365,2006,2,11,4620,462.0,4158.0
12253,2025-06-12,5120,2036,1,5,2600,130.0,2470.0
12254,2025-01-01,5362,1004,2,14,5880,0.0,5880.0
12255,2025-02-08,5273,2006,2,13,5460,0.0,5460.0
12256,2025-05-09,5032,1014,2,21,8820,441.0,8379.0
12257,2025-06-16,5327,1055,1,14,7280,0.0,7280.0
12258,2025-01-25,5237,2038,4,9,1890,0.0,1890.0
12259,2025-03-29,5269,1060,1,5,2600,0.0,2600.0
12260,2025-01-14,5432,1036,3,8,2560,256.0,2304.0
12261,2025-05-31,5164,1037,1,20,10400,520.0,9880.0
12262,2025-05-03,5020,1049,3,9,2880,0.0,2880.0
12263,2025-02-27,5177,1008,4,25,5250,525.0,4725.0
12264,2025-06-03,5141,1010,3,11,3520,176.0,3344.0
12265,2025-05-17,5011,2037,1,18,9360,0.0,9360.0
12266,2025-05-07,5332,1050,4,16,3360,0.0,3360.0
12267,2025-06-01,5388,1001,2,1,420,0.0,420.0
12268,2025-05-20,5301,1017,3,16,5120,256.0,4864.0
12269,2025-02-18,5383,2032,1,7,3640,182.0,3458.0
12270,2025-02-13,5082,1045,2,16,6720,0.0,6720.0
12271,2025-01-29,5057,1017,3,14,4480,0.0,4480.0
12272,2025-05-08,5301,1031,1,15,7800,0.0,7800.0
12273,2025-06-09,5467,1008,3,1,320,0.0,320.0
12274,2025-01-04,5032,2010,3,17,5440,0.0,5440.0
12275,2025-01-12,5219,1057,4,15,3150,0.0,3150.0
12276,2025-01-18,5265,2040,4,14,2940,147.0,2793.0
12277,2025-02-26,5011,1038,3,4,1280,0.0,1280.0
12278,2025-02-14,5321,2012,4,6,1260,126.0,1134.0
12279,2025-06-18,5266,2014,3,23,7360,0.0,7360.0
12280,2025-01-06,5260,1033,1,22,11440,1144.0,10296.0
12281,2025-04-12,5275,1036,2,12,5040,252.0,4788.0
12282,2025-06-23,5450,2024,3,5,1600,0.0,1600.0
12283,2025-01-09,5085,2020,2,8,3360,0.0,3360.0
12284,2025-01-23,5282,1015,4,4,840,0.0,840.0
12285,2025-04-28,5222,2032,1,6,3120,156.0,2964.0
12286,2025-05-09,5212,2024,1,14,7280,364.0,6916.0
12287,2025-05-02,5057,1011,2,14,5880,0.0,5880.0
12288,2025-06-05,5393,2015,4,15,3150,0.0,3150.0
12289,2025-02-08,5047,1007,4,1,210,10.5,199.5
12290,2025-02-23,5136,1016,1,22,11440,0.0,11440.0
12291,2025-04-22,5475,1022,3,21,6720,0.0,6720.0
12292,2025-01-13,5231,1031,2,18,7560,756.0,6804.0
12293,2025-01-03,5048,1047,2,9,3780,0.0,3780.0
12294,2025-05-28,5398,1049,1,10,5200,0.0,5200.0
12295,2025-05-11,5138,1044,1,25,13000,0.0,13000.0
12296,2025-03-09,5307,1002,2,3,1260,126.0,1134.0
12297,2025-01-01,5439,2018,1,4,2080,104.0,1976.0
12298,2025-04-11,5045,2028,2,12,5040,252.0,4788.0
12299,2025-03-04,5103,2018,4,8,1680,0.0,1680.0
12300,2025-03-29,5039,1043,2,15,6300,0.0,6300.0
12301,2025-01-23,5434,1027,1,3,1560,78.0,1482.0
12302,2025-06-01,5219,1038,2,15,6300,0.0,6300.0
12303,2025-05-04,5160,2028,4,6,1260,126.0,1134.0
12304,2025-05-26,5468,1003,1,10,5200,520.0,4680.0
12305,2025-02-20,5071,2011,3,4,1280,64.0,1216.0
12306,2025-06-07,5241,1048,3,2,640,64.0,576.0
12307,2025-01-12,5262,2026,3,1,320,0.0,320.0
12308,2025-03-04,5272,1030,3,4,1280,128.0,1152.0
12309,2025-02-25,5174,2033,1,17,8840,0.0,8840.0
12310,2025-04-06,5234,1005,4,19,3990,0.0,3990.0
12311,2025-02-01,5310,1014,1,19,9880,494.0,9386.0
12312,2025-06-16,5123,1046,2,25,10500,525.0,9975.0
12313,2025-06-07,5184,1060,4,23,4830,0.0,4830.0
12314,2025-05-24,5076,2023,3,17,5440,0.0,5440.0
12315,2025-05-24,5221,2003,3,1,320,16.0,304.0
12316,2025-03-28,5144,2029,4,19,3990,399.0,3591.0
12317,2025-06-29,5214,1053,4,18,3780,0.0,3780.0
12318,2025-02-04,5197,1049,4,16,3360,0.0,3360.0
12319,2025-01-22,5026,1038,3,4,1280,64.0,1216.0
12320,2025-06-01,5230,2040,3,24,7680,0.0,7680.0
12321,2025-06-05,5280,2036,1,12,6240,624.0,5616.0
12322,2025-05-02,5439,2015,4,7,1470,0.0,1470.0
12323,2025-02-18,5202,2016,1,18,9360,936.0,8424.0
12324,2025-06-24,5439,2017,2,19,7980,0.0,7980.0
12325,2025-01-09,5019,2021,1,11,5720,286.0,5434.0
12326,2025-02-16,5062,1008,3,17,5440,0.0,5440.0
12327,2025-04-16,5201,2033,3,11,3520,0.0,3520.0
12328,2025-06-12,5189,1016,4,17,3570,178.5,3391.5
12329,2025-04-28,5090,2029,3,19,6080,304.0,5776.0
12330,2025-04-07,5453,2030,4,25,5250,0.0,5250.0
12331,2025-01-17,5010,1020,4,3,630,0.0,630.0
12332,2025-02-15,5017,2009,4,16,3360,168.0,3192.0
12333,2025-06-09,5203,1053,3,7,2240,0.0,2240.0
12334,2025-06-05,5473,1042,4,9,1890,0.0,1890.0
12335,2025-04-21,5369,2029,1,1,520,26.0,494.0
12336,2025-04-04,5190,1004,3,4,1280,0.0,1280.0
12337,2025-01-25,5496,2021,3,22,7040,352.0,6688.0
12338,2025-03-30,5216,2019,3,21,6720,0.0,6720.0
12339,2025-04-17,5193,1046,3,17,5440,0.0,5440.0
12340,2025-06-15,5042,1003,1,1,520,0.0,520.0
12341,2025-03-13,5382,2024,1,21,10920,0.0,10920.0
12342,2025-04-03,5138,1006,1,15,7800,780.0,7020.0
12343,2025-03-15,5083,1027,3,15,4800,0.0,4800.0
12344,2025-03-27,5186,1033,4,24,5040,504.0,4536.0
12345,2025-05-12,5458,2008,2,22,9240,462.0,8778.0
12346,2025-01-18,5037,1019,3,6,1920,0.0,1920.0
12347,2025-04-06,5144,2027,2,2,840,0.0,840.0
12348,2025-01-08,5024,2026,2,1,420,0.0,420.0
12349,2025-01-04,5055,2018,4,10,2100,0.0,2100.0
12350,2025-06-07,5431,1027,2,19,7980,399.0,7581.0
12351,2025-01-21,5237,1024,2,21,8820,441.0,8379.0
12352,2025-05-09,5033,1043,1,25,13000,1300.0,11700.0
12353,2025-03-29,5037,2028,3,16,5120,0.0,5120.0
12354,2025-02-09,5302,1060,1,3,1560,156.0,1404.0
12355,2025-01-25,5201,1036,1,13,6760,0.0,6760.0
12356,2025-06-30,5233,1057,1,12,6240,0.0,6240.0
12357,2025-03-07,5035,1045,1,12,6240,0.0,6240.0
12358,2025-04-03,5237,1016,4,17,3570,0.0,3570.0
12359,2025-01-29,5156,1053,2,25,10500,0.0,10500.0
12360,2025-06-24,5330,1014,1,24,12480,0.0,12480.0
12361,2025-01-09,5059,1010,3,21,6720,0.0,6720.0
12362,2025-02-18,5025,1013,1,10,5200,0.0,5200.0
12363,2025-05-25,5262,1058,1,12,6240,0.0,6240.0
12364,2025-05-15,5232,1006,4,6,1260,63.0,1197.0
12365,2025-01-12,5453,2026,3,24,7680,0.0,7680.0
12366,2025-04-01,5381,2002,1,10,5200,0.0,5200.0
12367,2025-06-06,5462,2017,1,17,8840,884.0,7956.0
12368,2025-02-18,5337,1025,4,7,1470,73.5,1396.5
12369,2025-05-04,5445,1058,1,1,520,52.0,468.0
12370,2025-01-04,5204,1060,4,15,3150,0.0,3150.0
12371,2025-02-02,5085,1020,4,8,1680,0.0,1680.0
12372,2025-02-11,5185,2032,3,24,7680,0.0,7680.0
12373,2025-03-07,5481,1039,2,11,4620,0.0,4620.0
12374,2025-03-29,5368,1050,4,24,5040,0.0,5040.0
12375,2025-03-21,5492,1049,3,19,6080,0.0,6080.0
12376,2025-06-27,5422,1036,2,23,9660,0.0,9660.0
12377,2025-03-29,5363,1022,3,3,960,0.0,960.0
12378,2025-05-17,5211,1029,3,18,5760,288.0,5472.0
12379,2025-02-27,5063,2021,1,11,5720,0.0,5720.0
12380,2025-03-24,5430,1049,3,19,6080,304.0,5776.0
12381,2025-02-06,5196,2007,3,17,5440,0.0,5440.0
12382,2025-01-08,5219,1058,4,5,1050,0.0,1050.0
12383,2025-05-25,5335,1056,1,10,5200,260.0,4940.0
12384,2025-04-05,5096,1057,1,23,11960,1196.0,10764.0
12385,2025-03-10,5128,2030,4,1,210,10.5,199.5
12386,2025-04-22,5166,2011,2,13,5460,0.0,5460.0
12387,2025-03-11,5069,1045,1,8,4160,416.0,3744.0
12388,2025-01-17,5457,1003,4,9,1890,189.0,1701.0
12389,2025-03-01,5123,1055,4,20,4200,420.0,3780.0
12390,2025-03-19,5225,1037,4,18,3780,0.0,3780.0
12391,2025-03-09,5084,1016,2,3,1260,0.0,1260.0
12392,2025-01-23,5333,2028,4,10,2100,105.0,1995.0
12393,2025-04-23,5134,1060,2,13,5460,0.0,5460.0
12394,2025-02-06,5256,1013,3,5,1600,0.0,1600.0
12395,2025-01-19,5142,2027,1,5,2600,0.0,2600.0
12396,2025-01-27,5036,2007,1,4,2080,0.0,2080.0
12397,2025-03-11,5221,2019,4,25,5250,0.0,5250.0
12398,2025-01-28,5382,2010,3,4,1280,0.0,1280.0
12399,2025-05-01,5344,2036,2,25,10500,0.0,10500.0
12400,2025-05-17,5061,1058,3,17,5440,0.0,5440.0
12401,2025-06-22,5481,2015,4,9,1890,0.0,1890.0
12402,2025-03-24,5129,2012,3,19,6080,0.0,6080.0
12403,2025-05-19,5363,1025,1,1,520,0.0,520.0
12404,2025-01-18,5379,2003,4,10,2100,0.0,2100.0
12405,2025-02-03,5200,2038,4,15,3150,157.5,2992.5
12406,2025-01-29,5221,1044,2,21,8820,0.0,8820.0
12407,2025-02-03,5315,1040,2,8,3360,0.0,3360.0
12408,2025-05-24,5409,1042,3,12,3840,0.0,3840.0
12409,2025-04-02,5177,2012,2,4,1680,168.0,1512.0
12410,2025-02-27,5168,2019,1,11,5720,0.0,5720.0
12411,2025-02-01,5225,2034,2,19,7980,0.0,7980.0
12412,2025-06-16,5461,1019,2,19,7980,0.0,7980.0
12413,2025-01-14,5300,1046,1,5,2600,0.0,2600.0
12414,2025-02-15,5292,2005,2,22,9240,924.0,8316.0
12415,2025-06-02,5143,1057,4,14,2940,147.0,2793.0
12416,2025-06-16,5317,1005,2,17,7140,0.0,7140.0
12417,2025-03-03,5059,1039,2,11,4620,462.0,4158.0
12418,2025-02-09,5204,1016,2,17,7140,0.0,7140.0
12419,2025-03-26,5099,1039,3,15,4800,240.0,4560.0
12420,2025-01-01,5193,2031,3,10,3200,0.0,3200.0
12421,2025-01-01,5482,1053,3,1,320,0.0,320.0
12422,2025-06-18,5136,2040,4,8,1680,168.0,1512.0
12423,2025-05-18,5225,1042,2,12,5040,0.0,5040.0
12424,2025-04-17,5173,1050,3,6,1920,96.0,1824.0
12425,2025-06-25,5091,2005,4,3,630,63.0,567.0
12426,2025-04-28,5157,2022,3,23,7360,736.0,6624.0
12427,2025-02-15,5203,1022,3,4,1280,64.0,1216.0
12428,2025-04-03,5382,1043,3,7,2240,0.0,2240.0
12429,2025-03-20,5404,1013,1,3,1560,0.0,1560.0
12430,2025-01-20,5436,1036,4,4,840,84.0,756.0
12431,2025-05-24,5228,1037,2,20,8400,420.0,7980.0
12432,2025-04-30,5191,2029,4,4,840,42.0,798.0
12433,2025-03-11,5145,1017,2,12,5040,252.0,4788.0
12434,2025-01-26,5098,1048,1,3,1560,78.0,1482.0
12435,2025-01-19,5046,2026,4,3,630,0.0,630.0
12436,2025-04-03,5101,1045,1,3,1560,0.0,1560.0
12437,2025-02-20,5070,1023,1,3,1560,78.0,1482.0
12438,2025-05-21,5166,2013,4,24,5040,252.0,4788.0
12439,2025-03-19,5004,1026,3,20,6400,0.0,6400.0
12440,2025-05-06,5054,1043,1,22,11440,0.0,11440.0
12441,2025-01-15,5086,1008,2,20,8400,0.0,8400.0
12442,2025-02-01,5466,2008,3,13,4160,0.0,4160.0
12443,2025-02-12,5260,2015,1,1,520,0.0,520.0
12444,2025-01-27,5046,1044,3,24,7680,0.0,7680.0
12445,2025-03-21,5135,1006,4,12,2520,126.0,2394.0
12446,2025-05-07,5368,1031,4,24,5040,0.0,5040.0
12447,2025-06-29,5475,1050,4,16,3360,0.0,3360.0
12448,2025-03-17,5282,2036,2,2,840,0.0,840.0
12449,2025-02-09,5383,1012,4,3,630,0.0,630.0
12450,2025-03-17,5214,2003,4,12,2520,252.0,2268.0
12451,2025-01-12,5085,1019,3,25,8000,0.0,8000.0
12452,2025-06-09,5451,1005,3,1,320,0.0,320.0
12453,2025-03-26,5178,2009,3,18,5760,0.0,5760.0
12454,2025-01-03,5481,1007,2,4,1680,0.0,1680.0
12455,2025-03-13,5427,2016,1,25,13000,0.0,13000.0
12456,2025-06-18,5093,2026,3,25,8000,0.0,8000.0
12457,2025-04-11,5093,1060,2,4,1680,0.0,1680.0
12458,2025-02-23,5010,1060,3,18,5760,288.0,5472.0
12459,2025-05-29,5313,1015,3,17,5440,544.0,4896.0
12460,2025-06-03,5291,2015,2,24,10080,0.0,10080.0
12461,2025-01-13,5228,1011,2,5,2100,0.0,2100.0
12462,2025-01-27,5112,2032,1,15,7800,0.0,7800.0
12463,2025-04-01,5157,2035,1,6,3120,156.0,2964.0
12464,2025-03-25,5384,2026,1,6,3120,0.0,3120.0
12465,2025-02-14,5469,1037,1,9,4680,468.0,4212.0
12466,2025-04-06,5033,1058,1,10,5200,0.0,5200.0
12467,2025-01-28,5160,1045,1,13,6760,676.0,6084.0
12468,2025-02-25,5075,1007,2,13,5460,0.0,5460.0
12469,2025-04-07,5039,1058,3,6,1920,0.0,1920.0
12470,2025-06-09,5338,1051,3,12,3840,384.0,3456.0
12471,2025-06-17,5211,2004,1,21,10920,0.0,10920.0
12472,2025-03-20,5272,2024,2,3,1260,0.0,1260.0
12473,2025-02-27,5392,1057,4,17,3570,0.0,3570.0
12474,2025-01-17,5318,1030,1,10,5200,520.0,4680.0
12475,2025-02-08,5389,1054,3,7,2240,0.0,2240.0
12476,2025-02-06,5484,1037,3,5,1600,80.0,1520.0
12477,2025-02-27,5108,1051,1,3,1560,78.0,1482.0
12478,2025-02-13,5144,1008,4,8,1680,84.0,1596.0
12479,2025-06-07,5034,1014,3,14,4480,448.0,4032.0
12480,2025-04-19,5207,1011,3,22,7040,352.0,6688.0
12481,2025-03-31,5259,2035,2,23,9660,483.0,9177.0
12482,2025-05-30,5028,2033,2,5,2100,210.0,1890.0
12483,2025-06-27,5122,2026,2,3,1260,63.0,1197.0
12484,2025-02-19,5013,1025,2,19,7980,399.0,7581.0
12485,2025-03-17,5454,2027,1,9,4680,0.0,4680.0
12486,2025-05-03,5158,1017,3,6,1920,192.0,1728.0
12487,2025-01-19,5327,1003,2,3,1260,0.0,1260.0
12488,2025-02-22,5353,2009,3,8,2560,256.0,2304.0
12489,2025-01-21,5053,1022,3,24,7680,0.0,7680.0
12490,2025-05-21,5489,2021,4,12,2520,252.0,2268.0
12491,2025-06-27,5193,2025,1,23,11960,0.0,11960.0
12492,2025-01-06,5399,1006,1,25,13000,0.0,13000.0
12493,2025-04-15,5153,1020,2,3,1260,0.0,1260.0
12494,2025-04-07,5157,1045,2,21,8820,0.0,8820.0
12495,2025-01-18,5057,2018,3,18,5760,0.0,5760.0
12496,2025-04-20,5458,1059,1,23,11960,0.0,11960.0
12497,2025-02-03,5253,1009,2,3,1260,126.0,1134.0
12498,2025-02-01,5076,1034,1,18,9360,468.0,8892.0
12499,2025-02-27,5348,1047,2,10,4200,0.0,4200.0
12500,2025-01-22,5324,2018,3,11,3520,176.0,3344.0
12501,2025-01-04,5089,2031,3,12,3840,0.0,3840.0
12502,2025-04-17,5496,2006,3,4,1280,0.0,1280.0
12503,2025-05-23,5071,2015,3,24,7680,384.0,7296.0
12504,2025-01-25,5277,1050,4,13,2730,273.0,2457.0
12505,2025-02-26,5311,2004,1,9,4680,0.0,4680.0
12506,2025-01-05,5480,1049,3,6,1920,192.0,1728.0
12507,2025-01-15,5215,1037,2,17,7140,0.0,7140.0
12508,2025-02-07,5208,1007,2,22,9240,462.0,8778.0
12509,2025-03-28,5155,2022,1,23,11960,0.0,11960.0
12510,2025-06-04,5332,2006,2,4,1680,0.0,1680.0
12511,2025-03-08,5131,1043,3,4,1280,64.0,1216.0
12512,2025-01-01,5387,1050,3,24,7680,384.0,7296.0
12513,2025-05-07,5389,2040,1,13,6760,676.0,6084.0
12514,2025-05-24,5009,1003,2,1,420,0.0,420.0
12515,2025-04-26,5320,1032,3,10,3200,0.0,3200.0
12516,2025-06-24,5269,2004,2,12,5040,504.0,4536.0
12517,2025-04-03,5212,1055,3,13,4160,0.0,4160.0
12518,2025-06-24,5079,1038,3,14,4480,0.0,4480.0
12519,2025-04-21,5449,1046,1,3,1560,0.0,1560.0
12520,2025-01-11,5185,2027,3,2,640,0.0,640.0
12521,2025-05-28,5102,1051,2,3,1260,126.0,1134.0
12522,2025-01-28,5427,2033,3,12,3840,384.0,3456.0
12523,2025-01-03,5045,2001,4,7,1470,0.0,1470.0
12524,2025-02-11,5369,1055,3,25,8000,800.0,7200.0
12525,2025-05-31,5004,2035,4,12,2520,0.0,2520.0
12526,2025-03-30,5361,1006,1,18,9360,0.0,9360.0
12527,2025-02-25,5318,1017,4,9,1890,0.0,1890.0
12528,2025-01-03,5059,2024,1,12,6240,0.0,6240.0
12529,2025-04-15,5165,1024,4,10,2100,210.0,1890.0
12530,2025-04-26,5131,2032,1,22,11440,1144.0,10296.0
12531,2025-04-21,5182,2034,2,13,5460,273.0,5187.0
12532,2025-02-04,5366,2027,1,9,4680,0.0,4680.0
12533,2025-06-29,5017,1039,3,10,3200,320.0,2880.0
12534,2025-05-21,5345,1020,3,21,6720,0.0,6720.0
12535,2025-01-29,5207,2015,3,7,2240,112.0,2128.0
12536,2025-02-27,5063,1058,4,4,840,42.0,798.0
12537,2025-02-22,5078,1049,1,9,4680,234.0,4446.0
12538,2025-06-05,5027,1016,2,24,10080,0.0,10080.0
12539,2025-03-31,5286,1025,2,17,7140,357.0,6783.0
12540,2025-04-25,5175,1041,1,13,6760,0.0,6760.0
12541,2025-03-24,5075,1036,4,14,2940,294.0,2646.0
12542,2025-04-20,5024,1012,2,21,8820,0.0,8820.0
12543,2025-04-12,5263,1012,2,20,8400,420.0,7980.0
12544,2025-05-06,5376,2032,4,10,2100,105.0,1995.0
12545,2025-04-11,5041,1060,2,1,420,42.0,378.0
12546,2025-02-01,5032,1021,4,8,1680,168.0,1512.0
12547,2025-06-23,5427,1016,1,23,11960,598.0,11362.0
12548,2025-01-17,5266,1047,2,17,7140,714.0,6426.0
12549,2025-06-11,5492,1035,3,10,3200,0.0,3200.0
12550,2025-06-04,5235,2034,1,17,8840,0.0,8840.0
12551,2025-04-25,5427,2016,1,3,1560,0.0,1560.0
12552,2025-03-08,5043,2034,1,5,2600,260.0,2340.0
12553,2025-06-06,5345,1022,2,10,4200,0.0,4200.0
12554,2025-04-17,5092,2040,1,12,6240,624.0,5616.0
12555,2025-06-20,5422,2006,4,16,3360,336.0,3024.0
12556,2025-04-15,5143,1026,2,24,10080,1008.0,9072.0
12557,2025-05-19,5252,1048,4,4,840,84.0,756.0
12558,2025-03-28,5294,2018,2,13,5460,0.0,5460.0
12559,2025-03-20,5475,2009,4,23,4830,483.0,4347.0
12560,2025-03-15,5376,2014,2,23,9660,0.0,9660.0
12561,2025-02-24,5036,1034,4,5,1050,0.0,1050.0
12562,2025-05-04,5290,2005,4,1,210,0.0,210.0
12563,2025-04-20,5439,1023,4,15,3150,0.0,3150.0
12564,2025-02-27,5296,1008,1,24,12480,0.0,12480.0
12565,2025-05-03,5242,2017,3,12,3840,0.0,3840.0
12566,2025-03-11,5118,1004,3,18,5760,0.0,5760.0
12567,2025-06-25,5124,1015,4,1,210,21.0,189.0
12568,2025-04-03,5359,1014,1,18,9360,936.0,8424.0
12569,2025-01-31,5367,1037,3,3,960,0.0,960.0
12570,2025-02-18,5134,1036,2,25,10500,1050.0,9450.0
12571,2025-06-09,5181,1015,2,14,5880,0.0,5880.0
12572,2025-02-04,5285,2001,1,8,4160,416.0,3744.0
12573,2025-04-07,5324,1038,2,10,4200,0.0,4200.0
12574,2025-02-23,5198,1036,1,15,7800,390.0,7410.0
12575,2025-02-16,5459,2035,2,15,6300,630.0,5670.0
12576,2025-01-19,5370,2037,4,6,1260,0.0,1260.0
12577,2025-06-08,5255,1050,1,25,13000,1300.0,11700.0
12578,2025-01-20,5017,2038,4,9,1890,94.5,1795.5
12579,2025-02-23,5085,2025,2,8,3360,168.0,3192.0
12580,2025-02-25,5007,1022,2,1,420,0.0,420.0
12581,2025-05-22,5219,2020,1,21,10920,0.0,10920.0
12582,2025-05-04,5338,2022,3,5,1600,80.0,1520.0
12583,2025-01-15,5338,1015,2,22,9240,0.0,9240.0
12584,2025-01-29,5253,2019,2,10,4200,0.0,4200.0
12585,2025-06-07,5129,2023,1,8,4160,208.0,3952.0
12586,2025-06-21,5272,1029,3,22,7040,0.0,7040.0
12587,2025-02-10,5362,2027,4,12,2520,126.0,2394.0
12588,2025-05-29,5494,1041,3,10,3200,160.0,3040.0
12589,2025-02-26,5292,1046,2,7,2940,0.0,2940.0
12590,2025-06-25,5051,2036,1,15,7800,0.0,7800.0
12591,2025-06-17,5074,1044,1,1,520,26.0,494.0
12592,2025-01-18,5024,1043,1,20,10400,0.0,10400.0
12593,2025-04-14,5451,1010,1,15,7800,0.0,7800.0
12594,2025-04-24,5040,1020,1,15,7800,0.0,7800.0
12595,2025-05-24,5030,1045,1,14,7280,728.0,6552.0
12596,2025-06-12,5138,1050,4,20,4200,210.0,3990.0
12597,2025-06-24,5158,2039,4,2,420,0.0,420.0
12598,2025-03-23,5201,1055,2,16,6720,0.0,6720.0
12599,2025-05-08,5108,1027,4,22,4620,0.0,4620.0
12600,2025-05-31,5141,2011,1,19,9880,494.0,9386.0
12601,2025-02-21,5389,1059,2,11,4620,0.0,4620.0
12602,2025-02-09,5340,1002,1,9,4680,0.0,4680.0
12603,2025-02-02,5117,2029,4,1,210,0.0,210.0
12604,2025-01-04,5355,2026,4,17,3570,0.0,3570.0
12605,2025-03-19,5224,2018,4,7,1470,0.0,1470.0
12606,2025-02-15,5474,2020,1,12,6240,0.0,6240.0
12607,2025-06-26,5427,1056,3,11,3520,176.0,3344.0
12608,2025-06-23,5455,2023,2,24,10080,0.0,10080.0
12609,2025-02-25,5465,2011,3,17,5440,0.0,5440.0
12610,2025-05-13,5372,2017,4,1,210,0.0,210.0
12611,2025-02-21,5304,2039,4,22,4620,231.0,4389.0
12612,2025-06-02,5276,2027,4,4,840,42.0,798.0
12613,2025-05-24,5429,1004,3,24,7680,0.0,7680.0
12614,2025-05-30,5099,2006,1,8,4160,0.0,4160.0
12615,2025-01-02,5300,2013,4,21,4410,0.0,4410.0
12616,2025-05-20,5347,1055,4,16,3360,336.0,3024.0
12617,2025-02-17,5219,1051,4,19,3990,199.5,3790.5
12618,2025-03-10,5111,1021,4,22,4620,0.0,4620.0
12619,2025-05-26,5349,2013,1,24,12480,0.0,12480.0
12620,2025-06-09,5184,1023,2,7,2940,147.0,2793.0
12621,2025-01-04,5423,1037,2,13,5460,0.0,5460.0
12622,2025-05-12,5255,1042,3,8,2560,128.0,2432.0
12623,2025-01-04,5285,2037,3,3,960,0.0,960.0
12624,2025-02-08,5163,2009,1,20,10400,0.0,10400.0
12625,2025-05-28,5345,2005,1,20,10400,1040.0,9360.0
12626,2025-01-20,5039,1042,2,21,8820,0.0,8820.0
12627,2025-01-26,5320,2030,4,6,1260,0.0,1260.0
12628,2025-03-30,5165,1007,2,4,1680,168.0,1512.0
12629,2025-02-03,5151,2012,3,6,1920,0.0,1920.0
12630,2025-06-28,5199,2038,3,23,7360,0.0,7360.0
12631,2025-02-10,5446,1008,3,14,4480,0.0,4480.0
12632,2025-05-01,5367,1010,3,2,640,0.0,640.0
12633,2025-06-28,5146,2022,1,8,4160,208.0,3952.0
12634,2025-03-23,5438,1054,2,12,5040,0.0,5040.0
12635,2025-02-04,5193,2009,3,13,4160,0.0,4160.0
12636,2025-03-11,5378,2007,3,13,4160,0.0,4160.0
12637,2025-04-01,5137,1045,3,3,960,0.0,960.0
12638,2025-06-08,5211,1002,4,6,1260,0.0,1260.0
12639,2025-01-10,5136,1017,2,14,5880,0.0,5880.0
12640,2025-03-02,5449,2025,4,7,1470,0.0,1470.0
12641,2025-01-28,5112,1023,3,24,7680,0.0,7680.0
12642,2025-03-08,5220,1047,2,4,1680,0.0,1680.0
12643,2025-01-10,5406,1027,2,9,3780,189.0,3591.0
12644,2025-06-09,5144,1020,4,13,2730,273.0,2457.0
12645,2025-02-13,5371,1020,3,4,1280,0.0,1280.0
12646,2025-06-06,5150,1045,1,9,4680,0.0,4680.0
12647,2025-04-02,5083,2009,4,3,630,0.0,630.0
12648,2025-05-06,5494,1037,4,15,3150,0.0,3150.0
12649,2025-04-19,5330,1043,1,18,9360,0.0,9360.0
12650,2025-01-15,5384,2036,4,8,1680,84.0,1596.0
12651,2025-03-18,5263,1038,1,3,1560,78.0,1482.0
12652,2025-02-24,5456,1056,3,14,4480,0.0,4480.0
12653,2025-03-10,5174,1029,4,8,1680,168.0,1512.0
12654,2025-01-01,5272,1014,2,3,1260,63.0,1197.0
12655,2025-04-20,5145,1060,3,24,7680,0.0,7680.0
12656,2025-05-31,5026,1019,3,24,7680,0.0,7680.0
12657,2025-03-22,5026,2003,4,11,2310,231.0,2079.0
12658,2025-02-20,5460,2001,1,15,7800,0.0,7800.0
12659,2025-06-09,5073,2019,4,11,2310,0.0,2310.0
12660,2025-04-14,5496,2025,1,22,11440,0.0,11440.0
12661,2025-06-11,5223,1058,2,10,4200,0.0,4200.0
12662,2025-01-17,5143,1013,2,19,7980,0.0,7980.0
12663,2025-04-13,5477,2001,3,10,3200,0.0,3200.0
12664,2025-02-03,5447,2011,1,15,7800,390.0,7410.0
12665,2025-01-25,5243,1043,1,5,2600,130.0,2470.0
12666,2025-02-25,5208,1028,4,20,4200,0.0,4200.0
12667,2025-06-24,5174,1028,1,7,3640,364.0,3276.0
12668,2025-01-29,5276,2037,2,1,420,21.0,399.0
12669,2025-06-05,5228,1033,4,19,3990,0.0,3990.0
12670,2025-01-19,5253,1044,4,4,840,0.0,840.0
12671,2025-01-19,5286,2026,1,25,13000,0.0,13000.0
12672,2025-06-10,5176,1021,1,25,13000,650.0,12350.0
12673,2025-01-18,5198,1024,4,11,2310,0.0,2310.0
12674,2025-04-10,5228,1040,3,2,640,0.0,640.0
12675,2025-04-23,5287,2005,1,18,9360,468.0,8892.0
12676,2025-06-02,5142,2021,1,10,5200,0.0,5200.0
12677,2025-04-26,5374,2028,2,3,1260,63.0,1197.0
12678,2025-06-03,5281,2007,2,8,3360,168.0,3192.0
12679,2025-04-05,5302,1052,3,22,7040,0.0,7040.0
12680,2025-06-09,5076,2024,1,16,8320,0.0,8320.0
12681,2025-04-10,5034,2023,3,3,960,0.0,960.0
12682,2025-02-27,5005,1008,3,11,3520,0.0,3520.0
12683,2025-06-16,5160,1018,3,6,1920,0.0,1920.0
12684,2025-06-23,5215,2037,1,23,11960,598.0,11362.0
12685,2025-02-10,5460,1024,4,22,4620,0.0,4620.0
12686,2025-01-01,5077,1020,2,17,7140,0.0,7140.0
12687,2025-01-29,5394,1019,1,2,1040,0.0,1040.0
12688,2025-02-04,5354,1043,1,12,6240,0.0,6240.0
12689,2025-04-17,5339,1004,1,24,12480,0.0,12480.0
12690,2025-01-18,5369,1028,3,9,2880,288.0,2592.0
12691,2025-05-04,5036,2026,2,15,6300,315.0,5985.0
12692,2025-04-29,5400,1043,3,4,1280,0.0,1280.0
12693,2025-06-09,5029,1034,1,23,11960,0.0,11960.0
12694,2025-03-04,5217,2031,1,10,5200,520.0,4680.0
12695,2025-02-22,5088,2002,2,23,9660,0.0,9660.0
12696,2025-05-25,5257,1041,2,5,2100,0.0,2100.0
12697,2025-03-06,5472,2037,1,1,520,52.0,468.0
12698,2025-06-29,5291,1033,3,19,6080,304.0,5776.0
12699,2025-05-31,5145,2028,3,1,320,0.0,320.0
12700,2025-03-16,5329,1059,1,25,13000,0.0,13000.0
12701,2025-03-17,5142,2032,4,12,2520,252.0,2268.0
12702,2025-01-04,5243,1041,4,3,630,0.0,630.0
12703,2025-01-18,5042,1031,4,3,630,0.0,630.0
12704,2025-05-12,5292,2022,3,19,6080,0.0,6080.0
12705,2025-03-05,5026,1003,2,17,7140,0.0,7140.0
12706,2025-06-09,5493,1054,4,5,1050,0.0,1050.0
12707,2025-03-03,5044,1005,3,19,6080,0.0,6080.0
12708,2025-01-29,5469,1006,3,24,7680,0.0,7680.0
12709,2025-05-19,5133,2037,1,4,2080,104.0,1976.0
12710,2025-02-17,5313,2040,2,14,5880,0.0,5880.0
12711,2025-02-04,5339,2032,1,4,2080,0.0,2080.0
12712,2025-03-28,5146,1017,2,18,7560,0.0,7560.0
12713,2025-01-31,5306,2031,1,11,5720,572.0,5148.0
12714,2025-03-22,5030,2022,4,3,630,31.5,598.5
12715,2025-05-11,5474,1015,4,8,1680,0.0,1680.0
12716,2025-04-25,5172,1021,4,16,3360,0.0,3360.0
12717,2025-05-04,5442,2012,2,20,8400,420.0,7980.0
12718,2025-01-17,5177,1003,4,4,840,0.0,840.0
12719,2025-04-12,5076,1055,3,5,1600,80.0,1520.0
12720,2025-04-22,5103,2004,1,25,13000,1300.0,11700.0
12721,2025-03-28,5336,1027,4,6,1260,0.0,1260.0
12722,2025-02-15,5179,2005,3,6,1920,0.0,1920.0
12723,2025-02-18,5446,1029,2,12,5040,0.0,5040.0
12724,2025-04-21,5466,2030,3,18,5760,288.0,5472.0
12725,2025-05-14,5134,1039,3,22,7040,0.0,7040.0
12726,2025-02-10,5212,1041,4,7,1470,0.0,1470.0
12727,2025-03-15,5094,2014,2,13,5460,273.0,5187.0
12728,2025-02-15,5223,2035,4,5,1050,105.0,945.0
12729,2025-05-04,5382,1010,2,2,840,0.0,840.0
12730,2025-03-10,5142,2033,4,7,1470,0.0,1470.0
12731,2025-03-02,5230,2013,2,7,2940,147.0,2793.0
12732,2025-06-08,5003,2029,3,5,1600,0.0,1600.0
12733,2025-04-29,5045,2013,2,3,1260,63.0,1197.0
12734,2025-01-14,5392,1022,2,24,10080,0.0,10080.0
12735,2025-06-13,5322,1039,1,21,10920,0.0,10920.0
12736,2025-03-28,5420,1040,1,16,8320,0.0,8320.0
12737,2025-01-20,5339,2001,3,13,4160,208.0,3952.0
12738,2025-06-11,5388,2015,2,6,2520,0.0,2520.0
12739,2025-03-22,5237,2023,1,3,1560,156.0,1404.0
12740,2025-03-27,5286,1037,2,2,840,0.0,840.0
12741,2025-06-23,5457,1010,1,21,10920,0.0,10920.0
12742,2025-02-05,5278,1028,1,16,8320,0.0,8320.0
12743,2025-01-22,5270,1030,2,2,840,0.0,840.0
12744,2025-01-01,5440,1056,3,10,3200,0.0,3200.0
12745,2025-06-06,5167,1053,2,2,840,42.0,798.0
12746,2025-04-05,5164,2009,2,17,7140,0.0,7140.0
12747,2025-04-10,5097,2037,4,12,2520,126.0,2394.0
12748,2025-06-15,5258,1020,4,8,1680,0.0,1680.0
12749,2025-04-05,5472,1003,4,20,4200,420.0,3780.0
12750,2025-01-14,5350,1040,2,14,5880,0.0,5880.0
12751,2025-01-03,5488,1055,4,17,3570,178.5,3391.5
12752,2025-01-02,5491,1022,1,3,1560,78.0,1482.0
12753,2025-03-23,5144,2040,1,6,3120,0.0,3120.0
12754,2025-05-03,5337,2026,3,14,4480,0.0,4480.0
12755,2025-01-31,5490,2037,4,16,3360,336.0,3024.0
12756,2025-04-11,5031,2035,1,25,13000,0.0,13000.0
12757,2025-05-05,5346,1054,2,16,6720,0.0,6720.0
12758,2025-05-08,5149,2021,2,17,7140,714.0,6426.0
12759,2025-04-21,5019,1035,3,21,6720,0.0,6720.0
12760,2025-06-23,5337,2027,3,7,2240,224.0,2016.0
12761,2025-05-26,5168,1010,2,22,9240,0.0,9240.0
12762,2025-06-18,5427,1026,4,20,4200,0.0,4200.0
12763,2025-05-03,5157,2036,2,19,7980,399.0,7581.0
12764,2025-02-02,5324,2026,2,14,5880,588.0,5292.0
12765,2025-04-04,5294,1033,2,9,3780,0.0,3780.0
12766,2025-04-05,5338,1044,2,19,7980,0.0,7980.0
12767,2025-03-22,5268,2028,3,24,7680,0.0,7680.0
12768,2025-06-15,5296,1054,3,15,4800,0.0,4800.0
12769,2025-03-06,5079,1024,2,10,4200,0.0,4200.0
12770,2025-06-20,5142,2031,2,3,1260,0.0,1260.0
12771,2025-04-01,5237,1032,3,12,3840,384.0,3456.0
12772,2025-03-15,5029,2023,3,6,1920,96.0,1824.0
12773,2025-03-14,5280,2039,1,25,13000,0.0,13000.0
12774,2025-01-09,5071,1034,3,15,4800,240.0,4560.0
12775,2025-01-14,5455,2002,4,20,4200,420.0,3780.0
12776,2025-06-26,5151,2023,4,4,840,84.0,756.0
12777,2025-03-08,5434,1058,3,24,7680,768.0,6912.0
12778,2025-05-26,5163,1004,3,20,6400,320.0,6080.0
12779,2025-06-08,5417,2019,1,15,7800,0.0,7800.0
12780,2025-02-25,5128,1007,2,2,840,0.0,840.0
12781,2025-06-12,5389,1054,4,4,840,42.0,798.0
12782,2025-01-05,5089,1031,1,23,11960,598.0,11362.0
12783,2025-03-14,5292,1059,3,6,1920,0.0,1920.0
12784,2025-01-21,5227,2004,3,9,2880,144.0,2736.0
12785,2025-05-04,5492,1017,4,17,3570,357.0,3213.0
12786,2025-04-09,5208,1051,4,20,4200,0.0,4200.0
12787,2025-04-23,5164,1033,4,15,3150,315.0,2835.0
12788,2025-06-16,5102,2015,1,6,3120,0.0,3120.0
12789,2025-06-11,5250,1048,4,17,3570,178.5,3391.5
12790,2025-06-16,5134,2028,2,16,6720,0.0,6720.0
12791,2025-06-10,5496,2028,2,21,8820,0.0,8820.0
12792,2025-02-09,5177,2038,4,21,4410,0.0,4410.0
12793,2025-02-27,5015,1025,3,25,8000,0.0,8000.0
12794,2025-06-20,5218,2036,4,25,5250,525.0,4725.0
12795,2025-04-04,5079,1019,2,10,4200,0.0,4200.0
12796,2025-05-05,5409,2023,3,23,7360,368.0,6992.0
12797,2025-06-15,5042,2017,4,4,840,0.0,840.0
12798,2025-06-17,5086,1012,3,14,4480,0.0,4480.0
12799,2025-05-25,5423,2028,4,3,630,0.0,630.0
12800,2025-03-23,5031,1005,1,5,2600,260.0,2340.0
12801,2025-03-28,5132,2025,3,22,7040,352.0,6688.0
12802,2025-04-07,5019,1007,1,17,8840,884.0,7956.0
12803,2025-04-17,5022,1011,2,19,7980,0.0,7980.0
12804,2025-06-28,5171,2006,1,18,9360,0.0,9360.0
12805,2025-04-18,5042,2030,4,25,5250,525.0,4725.0
12806,2025-03-11,5430,2040,3,8,2560,256.0,2304.0
12807,2025-05-25,5037,2038,4,14,2940,0.0,2940.0
12808,2025-06-13,5307,2023,2,19,7980,399.0,7581.0
12809,2025-01-23,5314,2016,3,3,960,0.0,960.0
12810,2025-03-14,5089,1044,4,14,2940,0.0,2940.0
12811,2025-03-01,5141,2030,4,3,630,63.0,567.0
12812,2025-05-02,5199,1055,2,23,9660,0.0,9660.0
12813,2025-04-22,5228,1023,3,9,2880,0.0,2880.0
12814,2025-02-03,5402,1020,4,12,2520,0.0,2520.0
12815,2025-06-14,5317,1014,4,24,5040,252.0,4788.0
12816,2025-06-16,5490,1053,1,20,10400,1040.0,9360.0
12817,2025-06-15,5003,2016,1,10,5200,520.0,4680.0
12818,2025-04-10,5370,1004,2,12,5040,504.0,4536.0
12819,2025-01-08,5143,1033,3,19,6080,608.0,5472.0
12820,2025-02-17,5479,2030,1,12,6240,0.0,6240.0
12821,2025-01-03,5219,2036,2,23,9660,0.0,9660.0
12822,2025-04-02,5202,2038,2,1,420,42.0,378.0
12823,2025-06-07,5322,2037,2,1,420,0.0,420.0
12824,2025-03-21,5335,1059,2,1,420,0.0,420.0
12825,2025-03-27,5066,2030,4,22,4620,0.0,4620.0
12826,2025-03-28,5466,1046,2,1,420,42.0,378.0
12827,2025-02-04,5061,1060,1,9,4680,0.0,4680.0
12828,2025-05-18,5427,2005,2,7,2940,0.0,2940.0
12829,2025-03-21,5108,2015,2,2,840,42.0,798.0
12830,2025-04-30,5365,1039,3,11,3520,352.0,3168.0
12831,2025-03-21,5478,1031,3,10,3200,320.0,2880.0
12832,2025-05-05,5190,2030,4,17,3570,178.5,3391.5
12833,2025-02-06,5471,2009,4,8,1680,0.0,1680.0
12834,2025-06-09,5495,2012,2,12,5040,504.0,4536.0
12835,2025-02-21,5382,1042,1,18,9360,0.0,9360.0
12836,2025-06-23,5175,1015,3,24,7680,0.0,7680.0
12837,2025-04-29,5442,1023,3,22,7040,0.0,7040.0
12838,2025-06-03,5026,1055,3,22,7040,704.0,6336.0
12839,2025-06-10,5489,1041,4,7,1470,0.0,1470.0
12840,2025-02-25,5460,1043,4,11,2310,0.0,2310.0
12841,2025-04-05,5422,1052,1,6,3120,0.0,3120.0
12842,2025-01-21,5076,1040,4,16,3360,0.0,3360.0
12843,2025-04-20,5266,1035,4,6,1260,0.0,1260.0
12844,2025-02-07,5030,1034,3,19,6080,608.0,5472.0
12845,2025-06-07,5250,2034,2,14,5880,0.0,5880.0
12846,2025-04-03,5169,1033,3,5,1600,0.0,1600.0
12847,2025-05-30,5025,1007,4,9,1890,94.5,1795.5
12848,2025-06-14,5030,2013,1,11,5720,286.0,5434.0
12849,2025-03-23,5106,1007,4,1,210,0.0,210.0
12850,2025-02-22,5240,2036,3,11,3520,0.0,3520.0
12851,2025-06-25,5041,1019,4,20,4200,0.0,4200.0
12852,2025-04-03,5302,1037,4,7,1470,0.0,1470.0
12853,2025-06-21,5497,1007,3,20,6400,0.0,6400.0
12854,2025-04-22,5162,1029,2,24,10080,0.0,10080.0
12855,2025-05-20,5394,1017,4,6,1260,126.0,1134.0
12856,2025-05-12,5121,2022,1,24,12480,1248.0,11232.0
12857,2025-03-27,5089,1056,4,7,1470,0.0,1470.0
12858,2025-04-11,5215,1019,4,11,2310,115.5,2194.5
12859,2025-06-05,5274,2031,2,7,2940,0.0,2940.0
12860,2025-04-18,5068,2013,3,18,5760,0.0,5760.0
12861,2025-03-13,5293,2006,4,1,210,0.0,210.0
12862,2025-01-10,5278,1001,2,7,2940,0.0,2940.0
12863,2025-04-24,5106,2028,4,11,2310,0.0,2310.0
12864,2025-03-01,5468,2006,1,17,8840,0.0,8840.0
12865,2025-01-13,5372,1009,4,16,3360,168.0,3192.0
12866,2025-02-25,5496,2032,4,19,3990,0.0,3990.0
12867,2025-06-25,5316,1060,1,18,9360,936.0,8424.0
12868,2025-04-01,5213,1009,3,9,2880,144.0,2736.0
12869,2025-06-27,5206,1042,4,12,2520,0.0,2520.0
12870,2025-05-23,5210,1028,4,16,3360,0.0,3360.0
12871,2025-05-12,5207,2001,4,6,1260,0.0,1260.0
12872,2025-01-19,5004,1024,1,16,8320,0.0,8320.0
12873,2025-02-11,5244,2034,4,17,3570,357.0,3213.0
12874,2025-03-26,5391,2019,2,1,420,0.0,420.0
12875,2025-04-19,5293,2024,2,2,840,0.0,840.0
12876,2025-04-11,5409,1010,1,15,7800,780.0,7020.0
12877,2025-02-27,5297,1017,1,24,12480,0.0,12480.0
12878,2025-03-20,5379,2028,4,2,420,0.0,420.0
12879,2025-01-08,5340,1031,4,10,2100,0.0,2100.0
12880,2025-02-09,5326,1037,1,20,10400,0.0,10400.0
12881,2025-01-27,5123,1009,2,23,9660,966.0,8694.0
12882,2025-04-02,5319,2006,3,9,2880,288.0,2592.0
12883,2025-06-09,5129,2030,1,7,3640,0.0,3640.0
12884,2025-01-31,5422,1058,4,18,3780,378.0,3402.0
12885,2025-03-14,5477,2035,2,14,5880,0.0,5880.0
12886,2025-05-15,5008,2035,2,18,7560,0.0,7560.0
12887,2025-06-02,5310,2011,3,11,3520,352.0,3168.0
12888,2025-06-02,5278,2037,3,9,2880,288.0,2592.0
12889,2025-06-01,5115,1041,4,21,4410,0.0,4410.0
12890,2025-02-27,5085,1057,1,11,5720,286.0,5434.0
12891,2025-05-13,5331,2010,1,13,6760,0.0,6760.0
12892,2025-02-23,5329,2011,2,24,10080,504.0,9576.0
12893,2025-01-30,5261,1022,2,22,9240,0.0,9240.0
12894,2025-02-03,5195,1023,3,7,2240,224.0,2016.0
12895,2025-01-17,5221,1005,2,16,6720,0.0,6720.0
12896,2025-05-11,5437,2006,1,16,8320,832.0,7488.0
12897,2025-03-15,5155,1006,3,12,3840,0.0,3840.0
12898,2025-06-11,5246,2009,3,6,1920,192.0,1728.0
12899,2025-02-17,5477,2031,2,21,8820,882.0,7938.0
12900,2025-02-02,5498,1039,1,10,5200,260.0,4940.0
12901,2025-03-18,5077,1016,1,24,12480,1248.0,11232.0
12902,2025-01-10,5403,2007,3,2,640,32.0,608.0
12903,2025-06-19,5229,1039,2,10,4200,420.0,3780.0
12904,2025-01-15,5411,2006,1,25,13000,1300.0,11700.0
12905,2025-02-27,5492,1037,2,21,8820,441.0,8379.0
12906,2025-03-02,5435,1040,1,2,1040,0.0,1040.0
12907,2025-05-22,5409,1018,4,7,1470,73.5,1396.5
12908,2025-06-25,5408,2024,2,25,10500,0.0,10500.0
12909,2025-01-24,5097,1033,2,2,840,0.0,840.0
12910,2025-03-09,5399,1046,4,23,4830,0.0,4830.0
12911,2025-03-31,5333,1031,1,23,11960,1196.0,10764.0
12912,2025-01-15,5157,2031,2,23,9660,0.0,9660.0
12913,2025-04-13,5357,1030,4,21,4410,220.5,4189.5
12914,2025-03-14,5051,1011,3,7,2240,0.0,2240.0
12915,2025-01-26,5462,1049,2,21,8820,441.0,8379.0
12916,2025-04-03,5325,1040,2,8,3360,0.0,3360.0
12917,2025-06-20,5084,1011,4,13,2730,0.0,2730.0
12918,2025-02-14,5190,1058,3,6,1920,0.0,1920.0
12919,2025-06-30,5419,1019,2,5,2100,0.0,2100.0
12920,2025-05-26,5097,1026,4,1,210,0.0,210.0
12921,2025-02-25,5305,2031,1,8,4160,208.0,3952.0
12922,2025-06-05,5242,1028,4,24,5040,0.0,5040.0
12923,2025-06-19,5491,1009,3,16,5120,256.0,4864.0
12924,2025-04-22,5474,1043,4,17,3570,0.0,3570.0
12925,2025-04-19,5422,2038,4,13,2730,273.0,2457.0
12926,2025-01-19,5345,1059,2,5,2100,0.0,2100.0
12927,2025-01-26,5146,1017,1,6,3120,156.0,2964.0
12928,2025-02-02,5364,2010,1,20,10400,520.0,9880.0
12929,2025-06-29,5033,1053,3,18,5760,0.0,5760.0
12930,2025-04-15,5186,1040,4,10,2100,105.0,1995.0
12931,2025-01-31,5434,1001,1,12,6240,0.0,6240.0
12932,2025-01-19,5048,1004,3,10,3200,0.0,3200.0
12933,2025-05-06,5120,2035,1,2,1040,0.0,1040.0
12934,2025-06-27,5373,1012,4,22,4620,0.0,4620.0
12935,2025-03-19,5105,1051,4,3,630,0.0,630.0
12936,2025-03-16,5359,1025,1,20,10400,1040.0,9360.0
12937,2025-05-07,5287,2027,1,5,2600,260.0,2340.0
12938,2025-01-07,5138,1032,4,5,1050,52.5,997.5
12939,2025-01-24,5380,1029,1,13,6760,338.0,6422.0
12940,2025-04-20,5438,2023,2,19,7980,0.0,7980.0
12941,2025-06-09,5483,2027,1,2,1040,0.0,1040.0
12942,2025-04-12,5187,2016,2,8,3360,0.0,3360.0
12943,2025-03-28,5102,1043,4,4,840,42.0,798.0
12944,2025-02-03,5048,2010,1,10,5200,260.0,4940.0
12945,2025-01-01,5053,1016,4,1,210,21.0,189.0
12946,2025-03-15,5113,2012,4,13,2730,136.5,2593.5
12947,2025-06-22,5324,2026,2,7,2940,147.0,2793.0
12948,2025-02-02,5035,1047,4,6,1260,0.0,1260.0
12949,2025-05-18,5371,1059,4,6,1260,0.0,1260.0
12950,2025-03-18,5361,1007,4,20,4200,420.0,3780.0
12951,2025-01-25,5036,1042,4,17,3570,357.0,3213.0
12952,2025-06-27,5154,2001,3,4,1280,64.0,1216.0
12953,2025-01-17,5105,1058,2,17,7140,714.0,6426.0
12954,2025-05-01,5425,2033,4,2,420,0.0,420.0
12955,2025-02-02,5292,2035,3,1,320,0.0,320.0
12956,2025-04-04,5287,1013,4,22,4620,0.0,4620.0
12957,2025-02-08,5426,1047,1,23,11960,0.0,11960.0
12958,2025-03-22,5026,1019,1,25,13000,0.0,13000.0
12959,2025-04-25,5408,1013,1,16,8320,0.0,8320.0
12960,2025-04-25,5264,1034,4,1,210,10.5,199.5
12961,2025-03-13,5222,2018,1,17,8840,884.0,7956.0
12962,2025-04-25,5163,2039,3,21,6720,672.0,6048.0
12963,2025-01-30,5083,2029,4,12,2520,126.0,2394.0
12964,2025-03-04,5417,1002,3,7,2240,0.0,2240.0
12965,2025-02-17,5455,1053,4,24,5040,0.0,5040.0
12966,2025-04-30,5038,1028,3,22,7040,352.0,6688.0
12967,2025-05-02,5342,2022,2,14,5880,0.0,5880.0
12968,2025-05-19,5147,1022,2,2,840,84.0,756.0
12969,2025-05-10,5407,2025,2,12,5040,504.0,4536.0
12970,2025-05-27,5084,2040,1,8,4160,416.0,3744.0
12971,2025-02-05,5190,1052,1,7,3640,0.0,3640.0
12972,2025-03-08,5110,1033,4,18,3780,0.0,3780.0
12973,2025-03-28,5037,1013,1,21,10920,0.0,10920.0
12974,2025-06-13,5223,1040,4,21,4410,0.0,4410.0
12975,2025-02-22,5111,2001,4,9,1890,0.0,1890.0
12976,2025-01-12,5275,1043,2,13,5460,0.0,5460.0
12977,2025-05-28,5263,1021,3,21,6720,0.0,6720.0
12978,2025-05-06,5066,2011,4,22,4620,0.0,4620.0
12979,2025-04-12,5097,2018,1,24,12480,1248.0,11232.0
12980,2025-01-19,5215,1023,2,19,7980,0.0,7980.0
12981,2025-04-02,5115,1036,3,25,8000,0.0,8000.0
12982,2025-04-05,5263,1037,4,17,3570,0.0,3570.0
12983,2025-02-13,5155,2038,1,11,5720,0.0,5720.0
12984,2025-02-19,5155,1036,2,11,4620,0.0,4620.0
12985,2025-06-28,5071,1043,2,25,10500,0.0,10500.0
12986,2025-01-24,5087,1035,4,24,5040,504.0,4536.0
12987,2025-03-23,5171,1032,2,1,420,21.0,399.0
12988,2025-04-21,5159,1036,2,2,840,0.0,840.0
12989,2025-03-12,5407,1032,4,3,630,0.0,630.0
12990,2025-01-02,5456,1028,1,5,2600,0.0,2600.0
12991,2025-05-04,5335,2007,2,3,1260,0.0,1260.0
12992,2025-04-27,5162,1034,1,8,4160,0.0,4160.0
12993,2025-05-04,5136,1006,3,6,1920,0.0,1920.0
12994,2025-01-05,5065,1009,3,10,3200,0.0,3200.0
12995,2025-05-02,5225,2016,4,4,840,0.0,840.0
12996,2025-04-18,5349,1049,4,8,1680,0.0,1680.0
12997,2025-04-01,5339,1025,1,9,4680,0.0,4680.0
12998,2025-05-02,5390,2017,4,11,2310,0.0,2310.0
12999,2025-01-18,5246,2040,3,24,7680,384.0,7296.0
13000,2025-06-01,5410,1009,2,12,5040,504.0,4536.0
13001,2025-06-05,5380,2034,1,10,5200,260.0,4940.0
13002,2025-01-12,5216,1042,4,24,5040,252.0,4788.0
13003,2025-03-02,5087,1015,1,8,4160,0.0,4160.0
13004,2025-03-21,5388,2037,1,13,6760,0.0,6760.0
13005,2025-01-27,5125,2007,3,9,2880,0.0,2880.0
13006,2025-06-11,5036,2038,1,23,11960,0.0,11960.0
13007,2025-03-23,5112,2040,3,21,6720,0.0,6720.0
13008,2025-01-12,5069,1010,2,15,6300,0.0,6300.0
13009,2025-04-24,5217,2019,4,17,3570,0.0,3570.0
13010,2025-02-02,5048,2036,3,9,2880,0.0,2880.0
13011,2025-06-17,5307,1006,2,3,1260,0.0,1260.0
13012,2025-05-11,5080,2015,2,8,3360,168.0,3192.0
13013,2025-04-03,5139,1050,4,4,840,84.0,756.0
13014,2025-03-26,5476,1017,1,17,8840,884.0,7956.0
13015,2025-01-31,5372,1013,3,20,6400,320.0,6080.0
13016,2025-03-16,5306,1013,2,21,8820,0.0,8820.0
13017,2025-03-24,5432,2032,3,8,2560,256.0,2304.0
13018,2025-01-14,5278,1001,2,24,10080,0.0,10080.0
13019,2025-06-28,5047,2007,4,11,2310,0.0,2310.0
13020,2025-03-11,5082,2021,4,11,2310,0.0,2310.0
13021,2025-01-18,5040,1037,3,11,3520,176.0,3344.0
13022,2025-01-17,5426,2002,2,18,7560,0.0,7560.0
13023,2025-05-31,5350,2035,1,2,1040,104.0,936.0
13024,2025-02-11,5340,2019,2,24,10080,0.0,10080.0
13025,2025-02-03,5089,1046,1,19,9880,0.0,9880.0
13026,2025-02-22,5212,1028,3,11,3520,176.0,3344.0
13027,2025-01-25,5116,1059,3,20,6400,640.0,5760.0
13028,2025-03-04,5361,1039,1,15,7800,0.0,7800.0
13029,2025-01-08,5458,2016,4,13,2730,136.5,2593.5
13030,2025-01-01,5450,1026,4,2,420,0.0,420.0
13031,2025-04-10,5286,2010,4,10,2100,105.0,1995.0
13032,2025-04-16,5422,2025,2,5,2100,0.0,2100.0
13033,2025-02-25,5071,1036,3,23,7360,0.0,7360.0
13034,2025-01-31,5278,2015,4,2,420,42.0,378.0
13035,2025-04-08,5434,2020,3,10,3200,320.0,2880.0
13036,2025-02-10,5032,1004,3,10,3200,0.0,3200.0
13037,2025-06-16,5495,1029,2,21,8820,441.0,8379.0
13038,2025-01-20,5232,1048,1,7,3640,0.0,3640.0
13039,2025-05-26,5154,2037,2,3,1260,0.0,1260.0
13040,2025-05-22,5405,1014,1,11,5720,286.0,5434.0
13041,2025-05-03,5172,2017,4,8,1680,0.0,1680.0
13042,2025-05-13,5333,1026,2,13,5460,546.0,4914.0
13043,2025-03-22,5272,1007,4,4,840,84.0,756.0
13044,2025-01-26,5495,1011,1,10,5200,260.0,4940.0
13045,2025-02-26,5417,1036,1,3,1560,0.0,1560.0
13046,2025-04-30,5329,1001,4,14,2940,147.0,2793.0
13047,2025-03-27,5181,2003,2,24,10080,1008.0,9072.0
13048,2025-04-04,5242,1050,1,24,12480,624.0,11856.0
13049,2025-01-11,5306,2018,4,16,3360,0.0,3360.0
13050,2025-03-26,5381,1050,2,23,9660,0.0,9660.0
13051,2025-02-15,5488,2010,1,17,8840,0.0,8840.0
13052,2025-04-09,5424,2029,3,19,6080,0.0,6080.0
13053,2025-02-13,5455,2030,3,10,3200,320.0,2880.0
13054,2025-01-05,5272,1013,3,9,2880,0.0,2880.0
13055,2025-02-25,5363,1003,4,9,1890,0.0,1890.0
13056,2025-02-21,5392,1022,2,17,7140,714.0,6426.0
13057,2025-04-11,5259,1008,3,16,5120,0.0,5120.0
13058,2025-01-28,5189,1030,3,6,1920,0.0,1920.0
13059,2025-02-11,5216,1050,1,24,12480,0.0,12480.0
13060,2025-02-21,5152,2005,1,21,10920,546.0,10374.0
13061,2025-05-22,5072,1050,4,15,3150,0.0,3150.0
13062,2025-04-17,5257,2025,2,7,2940,147.0,2793.0
13063,2025-03-24,5482,2040,1,3,1560,78.0,1482.0
13064,2025-05-25,5152,1060,4,6,1260,126.0,1134.0
13065,2025-03-29,5379,2015,1,23,11960,0.0,11960.0
13066,2025-01-31,5377,1046,3,21,6720,0.0,6720.0
13067,2025-02-23,5366,1004,3,17,5440,0.0,5440.0
13068,2025-03-30,5365,2015,2,5,2100,0.0,2100.0
13069,2025-04-23,5479,1017,4,13,2730,0.0,2730.0
13070,2025-02-11,5395,1019,2,12,5040,0.0,5040.0
13071,2025-04-15,5059,1038,2,17,7140,0.0,7140.0
13072,2025-01-24,5407,1012,3,17,5440,544.0,4896.0
13073,2025-02-15,5432,1004,3,13,4160,0.0,4160.0
13074,2025-06-22,5457,2031,2,15,6300,0.0,6300.0
13075,2025-03-15,5058,2017,4,18,3780,0.0,3780.0
13076,2025-01-14,5176,1047,1,1,520,0.0,520.0
13077,2025-05-30,5409,1057,2,9,3780,0.0,3780.0
13078,2025-04-12,5126,2026,1,3,1560,0.0,1560.0
13079,2025-04-29,5077,2023,4,8,1680,84.0,1596.0
13080,2025-05-02,5240,2038,2,11,4620,0.0,4620.0
13081,2025-02-19,5050,2029,4,19,3990,0.0,3990.0
13082,2025-06-16,5012,1058,2,1,420,21.0,399.0
13083,2025-02-22,5413,2032,4,20,4200,0.0,4200.0
13084,2025-02-07,5470,1012,3,11,3520,176.0,3344.0
13085,2025-05-05,5121,2028,1,23,11960,0.0,11960.0
13086,2025-02-05,5410,1032,3,19,6080,0.0,6080.0
13087,2025-03-17,5385,1053,1,11,5720,0.0,5720.0
13088,2025-04-19,5450,1057,1,7,3640,0.0,3640.0
13089,2025-06-10,5375,1026,3,12,3840,384.0,3456.0
13090,2025-02-04,5199,1016,2,7,2940,0.0,2940.0
13091,2025-06-26,5047,2001,3,10,3200,160.0,3040.0
13092,2025-05-11,5019,1016,1,13,6760,676.0,6084.0
13093,2025-03-14,5399,1025,4,23,4830,0.0,4830.0
13094,2025-05-25,5059,1042,1,22,11440,1144.0,10296.0
13095,2025-02-22,5426,1031,1,22,11440,1144.0,10296.0
13096,2025-05-04,5285,1023,1,14,7280,728.0,6552.0
13097,2025-06-18,5102,1026,2,6,2520,126.0,2394.0
13098,2025-01-18,5126,1016,4,21,4410,0.0,4410.0
13099,2025-03-13,5481,2040,4,19,3990,199.5,3790.5
13100,2025-05-25,5041,1007,2,5,2100,0.0,2100.0
13101,2025-06-30,5319,2003,4,24,5040,0.0,5040.0
13102,2025-03-31,5006,2040,4,18,3780,378.0,3402.0
13103,2025-05-23,5059,2024,3,13,4160,208.0,3952.0
13104,2025-01-11,5279,1035,2,16,6720,0.0,6720.0
13105,2025-03-17,5397,1040,4,20,4200,0.0,4200.0
13106,2025-01-06,5280,1047,4,21,4410,220.5,4189.5
13107,2025-05-26,5084,2038,4,12,2520,252.0,2268.0
13108,2025-05-08,5315,1023,3,19,6080,608.0,5472.0
13109,2025-01-26,5105,1019,4,5,1050,0.0,1050.0
13110,2025-05-16,5389,2039,2,7,2940,0.0,2940.0
13111,2025-04-29,5079,1027,1,8,4160,0.0,4160.0
13112,2025-04-15,5464,2002,1,24,12480,0.0,12480.0
13113,2025-02-22,5276,2009,2,19,7980,0.0,7980.0
13114,2025-04-10,5043,1030,1,21,10920,1092.0,9828.0
13115,2025-04-26,5084,1037,4,13,2730,0.0,2730.0
13116,2025-02-05,5086,2012,2,21,8820,0.0,8820.0
13117,2025-06-19,5436,1026,3,4,1280,0.0,1280.0
13118,2025-02-21,5437,2026,4,7,1470,0.0,1470.0
13119,2025-01-12,5091,2002,1,14,7280,728.0,6552.0
13120,2025-05-29,5466,1003,2,16,6720,0.0,6720.0
13121,2025-03-02,5139,2027,1,14,7280,0.0,7280.0
13122,2025-02-07,5037,1054,2,19,7980,798.0,7182.0
13123,2025-05-15,5114,1052,4,23,4830,0.0,4830.0
13124,2025-06-13,5115,2026,3,17,5440,0.0,5440.0
13125,2025-05-02,5494,1007,2,15,6300,315.0,5985.0
13126,2025-05-11,5076,1056,2,10,4200,210.0,3990.0
13127,2025-06-07,5265,1018,2,2,840,0.0,840.0
13128,2025-05-11,5136,1020,4,5,1050,0.0,1050.0
13129,2025-03-13,5088,2024,1,24,12480,0.0,12480.0
13130,2025-05-10,5452,2028,3,19,6080,0.0,6080.0
13131,2025-06-11,5052,2010,1,2,1040,52.0,988.0
13132,2025-05-28,5185,1022,4,21,4410,220.5,4189.5
13133,2025-02-26,5081,2029,4,24,5040,0.0,5040.0
13134,2025-06-27,5161,2038,1,9,4680,0.0,4680.0
13135,2025-03-23,5380,1026,2,14,5880,0.0,5880.0
13136,2025-01-07,5029,1052,3,8,2560,256.0,2304.0
13137,2025-05-28,5442,1041,4,1,210,0.0,210.0
13138,2025-02-04,5137,1028,4,14,2940,0.0,2940.0
13139,2025-04-25,5081,2035,4,1,210,0.0,210.0
13140,2025-03-21,5259,1012,2,17,7140,0.0,7140.0
13141,2025-01-15,5028,1052,2,2,840,84.0,756.0
13142,2025-01-07,5098,1005,4,10,2100,0.0,2100.0
13143,2025-05-06,5410,1038,2,5,2100,0.0,2100.0
13144,2025-01-29,5113,2007,3,7,2240,112.0,2128.0
13145,2025-02-15,5290,1030,1,17,8840,0.0,8840.0
13146,2025-03-14,5081,2014,4,13,2730,0.0,2730.0
13147,2025-05-26,5112,1055,4,25,5250,0.0,5250.0
13148,2025-06-01,5118,2032,1,22,11440,0.0,11440.0
13149,2025-05-04,5269,2002,2,9,3780,0.0,3780.0
13150,2025-03-06,5385,2012,1,4,2080,0.0,2080.0
13151,2025-01-19,5206,2003,2,15,6300,0.0,6300.0
13152,2025-01-25,5408,2013,4,5,1050,0.0,1050.0
13153,2025-02-19,5411,2038,3,19,6080,0.0,6080.0
13154,2025-02-10,5254,1056,2,9,3780,0.0,3780.0
13155,2025-03-13,5388,1010,4,14,2940,0.0,2940.0
13156,2025-03-30,5480,2005,3,2,640,32.0,608.0
13157,2025-02-05,5210,1033,4,14,2940,147.0,2793.0
13158,2025-04-21,5276,1010,2,25,10500,1050.0,9450.0
13159,2025-02-27,5196,1036,2,12,5040,504.0,4536.0
13160,2025-01-15,5030,2039,2,4,1680,84.0,1596.0
13161,2025-03-02,5240,1037,1,4,2080,0.0,2080.0
13162,2025-05-05,5050,1049,1,8,4160,208.0,3952.0
13163,2025-06-07,5250,1053,4,3,630,0.0,630.0
13164,2025-03-27,5164,1017,1,20,10400,0.0,10400.0
13165,2025-06-14,5423,2037,3,17,5440,272.0,5168.0
13166,2025-05-08,5123,1036,3,16,5120,0.0,5120.0
13167,2025-06-29,5291,1059,2,21,8820,882.0,7938.0
13168,2025-05-28,5107,1055,2,3,1260,63.0,1197.0
13169,2025-02-19,5149,1005,4,13,2730,136.5,2593.5
13170,2025-03-12,5080,2012,2,20,8400,0.0,8400.0
13171,2025-02-19,5010,1011,3,20,6400,0.0,6400.0
13172,2025-04-26,5044,2022,2,10,4200,210.0,3990.0
13173,2025-02-12,5013,1026,2,10,4200,0.0,4200.0
13174,2025-05-02,5168,2007,1,1,520,26.0,494.0
13175,2025-05-17,5013,1039,1,9,4680,0.0,4680.0
13176,2025-01-14,5153,2036,2,3,1260,126.0,1134.0
13177,2025-05-07,5161,1012,2,19,7980,798.0,7182.0
13178,2025-02-24,5373,2017,3,9,2880,0.0,2880.0
13179,2025-03-12,5103,2019,2,3,1260,126.0,1134.0
13180,2025-06-19,5175,2024,3,24,7680,768.0,6912.0
13181,2025-04-29,5390,1055,2,25,10500,1050.0,9450.0
13182,2025-04-29,5035,2008,1,22,11440,0.0,11440.0
13183,2025-05-22,5229,2018,4,11,2310,0.0,2310.0
13184,2025-04-21,5338,1023,1,22,11440,0.0,11440.0
13185,2025-02-05,5200,1046,1,2,1040,52.0,988.0
13186,2025-06-26,5440,1001,1,12,6240,312.0,5928.0
13187,2025-03-26,5310,2001,3,10,3200,0.0,3200.0
13188,2025-03-24,5174,1042,2,5,2100,0.0,2100.0
13189,2025-04-04,5492,2037,1,17,8840,884.0,7956.0
13190,2025-01-30,5425,2026,4,20,4200,420.0,3780.0
13191,2025-02-08,5027,2033,1,17,8840,0.0,8840.0
13192,2025-04-23,5008,2032,3,14,4480,224.0,4256.0
13193,2025-01-10,5222,2029,4,18,3780,0.0,3780.0
13194,2025-05-01,5304,1025,2,10,4200,210.0,3990.0
13195,2025-04-07,5385,1007,4,6,1260,126.0,1134.0
13196,2025-06-27,5314,1051,1,1,520,0.0,520.0
13197,2025-04-17,5115,1056,1,3,1560,0.0,1560.0
13198,2025-05-16,5313,1037,4,3,630,0.0,630.0
13199,2025-04-17,5490,2014,2,13,5460,273.0,5187.0
13200,2025-06-24,5114,1004,2,2,840,0.0,840.0
13201,2025-05-23,5265,1032,3,7,2240,0.0,2240.0
13202,2025-03-28,5249,1044,2,7,2940,0.0,2940.0
13203,2025-03-12,5414,1013,2,4,1680,168.0,1512.0
13204,2025-02-04,5204,2033,1,25,13000,650.0,12350.0
13205,2025-06-15,5176,1058,1,8,4160,208.0,3952.0
13206,2025-01-12,5489,1015,3,14,4480,224.0,4256.0
13207,2025-05-18,5177,2006,1,25,13000,0.0,13000.0
13208,2025-04-30,5086,2011,3,16,5120,0.0,5120.0
13209,2025-01-06,5057,2010,3,7,2240,0.0,2240.0
13210,2025-03-02,5194,1015,4,1,210,21.0,189.0
13211,2025-03-18,5321,1055,4,22,4620,231.0,4389.0
13212,2025-06-23,5209,1008,4,22,4620,0.0,4620.0
13213,2025-04-24,5334,1027,2,3,1260,0.0,1260.0
13214,2025-01-27,5304,1045,4,6,1260,0.0,1260.0
13215,2025-02-05,5420,1032,3,25,8000,0.0,8000.0
13216,2025-04-10,5164,2030,3,12,3840,384.0,3456.0
13217,2025-05-12,5083,1002,1,25,13000,1300.0,11700.0
13218,2025-06-02,5364,2015,1,14,7280,0.0,7280.0
13219,2025-06-15,5015,1054,3,19,6080,304.0,5776.0
13220,2025-01-31,5364,1026,2,25,10500,0.0,10500.0
13221,2025-05-09,5489,1036,3,25,8000,400.0,7600.0
13222,2025-05-24,5170,2006,2,12,5040,0.0,5040.0
13223,2025-03-27,5151,1014,1,18,9360,936.0,8424.0
13224,2025-01-13,5268,1004,3,16,5120,512.0,4608.0
13225,2025-02-26,5200,2018,2,2,840,0.0,840.0
13226,2025-06-05,5374,1059,4,17,3570,178.5,3391.5
13227,2025-02-26,5487,1043,4,15,3150,0.0,3150.0
13228,2025-05-10,5215,1003,3,18,5760,0.0,5760.0
13229,2025-04-10,5399,2026,2,22,9240,924.0,8316.0
13230,2025-04-14,5102,1009,3,11,3520,0.0,3520.0
13231,2025-03-10,5191,1026,1,9,4680,234.0,4446.0
13232,2025-04-30,5209,1042,4,16,3360,168.0,3192.0
13233,2025-06-16,5061,2003,2,16,6720,0.0,6720.0
13234,2025-02-02,5225,1047,2,14,5880,588.0,5292.0
13235,2025-03-04,5116,1017,1,13,6760,676.0,6084.0
13236,2025-01-14,5028,2006,1,13,6760,0.0,6760.0
13237,2025-06-21,5424,2011,2,22,9240,924.0,8316.0
13238,2025-06-04,5124,1018,2,17,7140,714.0,6426.0
13239,2025-05-06,5240,2037,4,11,2310,0.0,2310.0
13240,2025-03-25,5328,1059,4,9,1890,0.0,1890.0
13241,2025-03-27,5209,1021,1,1,520,0.0,520.0
13242,2025-06-15,5389,2021,2,25,10500,1050.0,9450.0
13243,2025-01-28,5111,2032,3,2,640,32.0,608.0
13244,2025-03-31,5356,1053,3,18,5760,0.0,5760.0
13245,2025-05-04,5404,1047,2,13,5460,546.0,4914.0
13246,2025-03-27,5331,1020,3,11,3520,352.0,3168.0
13247,2025-04-12,5486,2002,2,18,7560,378.0,7182.0
13248,2025-06-21,5488,1006,2,21,8820,882.0,7938.0
13249,2025-06-14,5335,1056,3,18,5760,0.0,5760.0
13250,2025-05-27,5236,1023,4,2,420,0.0,420.0
13251,2025-06-27,5188,1058,2,11,4620,462.0,4158.0
13252,2025-06-07,5089,1008,2,23,9660,0.0,9660.0
13253,2025-02-28,5393,1059,1,13,6760,0.0,6760.0
13254,2025-01-02,5274,2029,1,8,4160,0.0,4160.0
13255,2025-05-26,5044,2009,4,7,1470,73.5,1396.5
13256,2025-06-27,5384,2026,1,1,520,0.0,520.0
13257,2025-04-19,5220,1052,4,19,3990,0.0,3990.0
13258,2025-03-05,5444,1023,4,11,2310,0.0,2310.0
13259,2025-02-16,5176,1053,2,15,6300,0.0,6300.0
13260,2025-05-03,5149,2038,1,15,7800,390.0,7410.0
13261,2025-03-12,5053,2021,4,9,1890,0.0,1890.0
13262,2025-05-08,5127,2012,3,18,5760,0.0,5760.0
13263,2025-03-23,5242,1012,3,13,4160,208.0,3952.0
13264,2025-05-29,5064,1012,3,25,8000,400.0,7600.0
13265,2025-03-10,5276,2024,1,5,2600,0.0,2600.0
13266,2025-06-05,5016,1010,3,24,7680,0.0,7680.0
13267,2025-02-23,5177,1008,3,11,3520,0.0,3520.0
13268,2025-05-31,5207,1051,3,16,5120,256.0,4864.0
13269,2025-03-27,5039,2026,2,24,10080,0.0,10080.0
13270,2025-03-30,5233,1033,2,3,1260,0.0,1260.0
13271,2025-06-21,5199,1001,4,15,3150,0.0,3150.0
13272,2025-06-05,5128,2001,4,8,1680,168.0,1512.0
13273,2025-06-27,5237,1037,2,22,9240,462.0,8778.0
13274,2025-04-11,5398,1039,3,21,6720,336.0,6384.0
13275,2025-02-09,5477,1010,2,6,2520,0.0,2520.0
13276,2025-05-28,5446,1015,1,16,8320,832.0,7488.0
13277,2025-05-18,5311,1013,2,23,9660,0.0,9660.0
13278,2025-03-01,5072,2009,1,16,8320,416.0,7904.0
13279,2025-02-28,5413,1027,4,1,210,21.0,189.0
13280,2025-04-05,5409,2021,2,22,9240,924.0,8316.0
13281,2025-05-30,5217,1042,1,3,1560,0.0,1560.0
13282,2025-05-30,5114,1002,4,10,2100,0.0,2100.0
13283,2025-02-06,5149,2013,2,13,5460,546.0,4914.0
13284,2025-01-03,5096,2039,4,18,3780,0.0,3780.0
13285,2025-03-09,5485,2002,4,3,630,0.0,630.0
13286,2025-04-28,5343,2012,4,10,2100,0.0,2100.0
13287,2025-02-02,5135,2031,3,9,2880,0.0,2880.0
13288,2025-05-16,5284,2014,2,23,9660,0.0,9660.0
13289,2025-06-04,5421,1038,4,10,2100,210.0,1890.0
13290,2025-05-01,5205,2013,3,17,5440,0.0,5440.0
13291,2025-04-23,5188,1027,3,24,7680,0.0,7680.0
13292,2025-01-25,5446,2013,1,21,10920,0.0,10920.0
13293,2025-01-05,5225,2016,1,7,3640,182.0,3458.0
13294,2025-03-07,5348,1035,1,6,3120,312.0,2808.0
13295,2025-02-18,5043,1048,4,5,1050,0.0,1050.0
13296,2025-04-18,5349,1056,2,4,1680,168.0,1512.0
13297,2025-01-24,5156,2032,4,5,1050,105.0,945.0
13298,2025-01-18,5106,2010,2,9,3780,378.0,3402.0
13299,2025-05-14,5047,1041,2,14,5880,588.0,5292.0
13300,2025-06-27,5234,1022,4,2,420,42.0,378.0
13301,2025-06-02,5418,1036,4,9,1890,94.5,1795.5
13302,2025-02-06,5176,1041,3,23,7360,0.0,7360.0
13303,2025-06-29,5363,1030,4,24,5040,504.0,4536.0
13304,2025-03-04,5012,1045,4,11,2310,0.0,2310.0
13305,2025-01-18,5369,1047,4,2,420,0.0,420.0
13306,2025-04-14,5454,1057,1,18,9360,0.0,9360.0
13307,2025-01-20,5023,2027,1,22,11440,0.0,11440.0
13308,2025-06-29,5045,2005,3,14,4480,448.0,4032.0
13309,2025-03-05,5247,2008,3,25,8000,0.0,8000.0
13310,2025-02-26,5190,1033,4,17,3570,0.0,3570.0
13311,2025-05-05,5133,1027,4,16,3360,0.0,3360.0
13312,2025-01-10,5484,2002,1,3,1560,78.0,1482.0
13313,2025-02-23,5218,2001,2,19,7980,399.0,7581.0
13314,2025-02-27,5073,1009,4,10,2100,0.0,2100.0
13315,2025-06-27,5135,2007,1,10,5200,0.0,5200.0
13316,2025-06-05,5041,1030,4,22,4620,231.0,4389.0
13317,2025-03-04,5222,1014,1,5,2600,0.0,2600.0
13318,2025-01-14,5057,1037,2,22,9240,0.0,9240.0
13319,2025-05-27,5007,1015,2,16,6720,0.0,6720.0
13320,2025-06-29,5468,1044,1,11,5720,572.0,5148.0
13321,2025-02-05,5078,1007,2,2,840,0.0,840.0
13322,2025-04-20,5343,2029,2,20,8400,0.0,8400.0
13323,2025-04-04,5061,1002,1,23,11960,0.0,11960.0
13324,2025-05-05,5342,2039,1,1,520,0.0,520.0
13325,2025-05-03,5075,1036,1,15,7800,0.0,7800.0
13326,2025-02-20,5383,2028,1,11,5720,0.0,5720.0
13327,2025-03-10,5001,1030,4,11,2310,0.0,2310.0
13328,2025-04-09,5436,1049,4,14,2940,147.0,2793.0
13329,2025-01-04,5127,1042,3,22,7040,704.0,6336.0
13330,2025-01-08,5321,2035,1,3,1560,0.0,1560.0
13331,2025-06-19,5443,1019,4,21,4410,220.5,4189.5
13332,2025-03-10,5337,2027,4,16,3360,0.0,3360.0
13333,2025-06-05,5325,1014,1,21,10920,0.0,10920.0
13334,2025-06-14,5464,1022,2,25,10500,525.0,9975.0
13335,2025-06-25,5027,1036,1,25,13000,0.0,13000.0
13336,2025-05-07,5139,1015,3,16,5120,0.0,5120.0
13337,2025-06-03,5161,2034,2,23,9660,0.0,9660.0
13338,2025-05-10,5220,1031,4,6,1260,0.0,1260.0
13339,2025-02-18,5496,2021,3,11,3520,0.0,3520.0
13340,2025-06-13,5338,1018,1,5,2600,130.0,2470.0
13341,2025-02-14,5341,1024,2,10,4200,210.0,3990.0
13342,2025-05-11,5447,1043,2,6,2520,0.0,2520.0
13343,2025-01-08,5223,2022,1,24,12480,0.0,12480.0
13344,2025-05-03,5368,2037,1,25,13000,0.0,13000.0
13345,2025-02-01,5169,1046,2,17,7140,714.0,6426.0
13346,2025-03-09,5283,1024,3,21,6720,672.0,6048.0
13347,2025-04-07,5393,2010,1,16,8320,0.0,8320.0
13348,2025-03-08,5148,1001,1,3,1560,156.0,1404.0
13349,2025-03-26,5411,1056,2,20,8400,0.0,8400.0
13350,2025-02-05,5321,1023,2,15,6300,315.0,5985.0
13351,2025-03-10,5466,1043,2,1,420,21.0,399.0
13352,2025-06-19,5173,2005,4,17,3570,178.5,3391.5
13353,2025-02-27,5335,1048,4,24,5040,0.0,5040.0
13354,2025-02-25,5124,1049,3,2,640,64.0,576.0
13355,2025-01-26,5124,2018,4,22,4620,0.0,4620.0
13356,2025-03-20,5229,1052,2,1,420,21.0,399.0
13357,2025-04-27,5100,1048,4,2,420,42.0,378.0
13358,2025-03-12,5351,1056,4,13,2730,0.0,2730.0
13359,2025-05-10,5140,1044,3,25,8000,0.0,8000.0
13360,2025-06-14,5423,1021,3,25,8000,400.0,7600.0
13361,2025-02-24,5101,1033,3,5,1600,160.0,1440.0
13362,2025-02-07,5147,1028,4,25,5250,0.0,5250.0
13363,2025-06-18,5479,1025,1,9,4680,0.0,4680.0
13364,2025-01-27,5174,2007,4,18,3780,378.0,3402.0
13365,2025-03-11,5315,1027,3,20,6400,640.0,5760.0
13366,2025-04-26,5342,1033,2,19,7980,0.0,7980.0
13367,2025-04-26,5344,2032,4,2,420,42.0,378.0
13368,2025-02-02,5421,1060,1,8,4160,0.0,4160.0
13369,2025-03-09,5451,2030,2,22,9240,924.0,8316.0
13370,2025-01-04,5317,1018,4,9,1890,0.0,1890.0
13371,2025-03-25,5442,2008,4,12,2520,0.0,2520.0
13372,2025-06-28,5408,1025,2,6,2520,0.0,2520.0
13373,2025-06-25,5372,1031,1,17,8840,442.0,8398.0
13374,2025-06-22,5095,1041,2,9,3780,0.0,3780.0
13375,2025-05-24,5087,2023,3,1,320,32.0,288.0
13376,2025-02-27,5426,1041,3,13,4160,208.0,3952.0
13377,2025-06-23,5374,1020,4,17,3570,178.5,3391.5
13378,2025-02-18,5387,1056,4,6,1260,0.0,1260.0
13379,2025-04-21,5175,1041,1,4,2080,0.0,2080.0
13380,2025-06-25,5481,1037,2,24,10080,1008.0,9072.0
13381,2025-02-10,5424,1043,3,12,3840,0.0,3840.0
13382,2025-05-16,5092,2008,4,18,3780,0.0,3780.0
13383,2025-06-08,5045,2007,4,22,4620,0.0,4620.0
13384,2025-02-14,5145,1005,4,2,420,0.0,420.0
13385,2025-01-17,5334,2008,2,22,9240,924.0,8316.0
13386,2025-04-02,5306,1043,4,2,420,42.0,378.0
13387,2025-02-20,5008,2027,1,11,5720,0.0,5720.0
13388,2025-04-06,5074,1055,2,25,10500,0.0,10500.0
13389,2025-01-09,5357,2009,1,23,11960,1196.0,10764.0
13390,2025-04-01,5211,1052,4,21,4410,0.0,4410.0
13391,2025-02-21,5192,2019,2,1,420,0.0,420.0
13392,2025-02-05,5117,1024,1,4,2080,0.0,2080.0
13393,2025-03-07,5105,1004,1,21,10920,546.0,10374.0
13394,2025-03-22,5441,2003,2,14,5880,0.0,5880.0
13395,2025-04-28,5033,1012,2,22,9240,0.0,9240.0
13396,2025-03-13,5115,1011,4,13,2730,0.0,2730.0
13397,2025-04-11,5225,1041,2,5,2100,0.0,2100.0
13398,2025-06-24,5324,1039,1,16,8320,0.0,8320.0
13399,2025-02-22,5336,1048,4,12,2520,252.0,2268.0
13400,2025-03-21,5001,1005,1,19,9880,0.0,9880.0
13401,2025-06-01,5359,2004,3,23,7360,368.0,6992.0
13402,2025-05-16,5423,1003,2,19,7980,399.0,7581.0
13403,2025-01-04,5466,1021,1,22,11440,1144.0,10296.0
13404,2025-05-31,5055,1028,4,17,3570,178.5,3391.5
13405,2025-03-11,5347,2035,3,15,4800,0.0,4800.0
13406,2025-01-18,5078,1005,3,22,7040,352.0,6688.0
13407,2025-06-05,5053,1021,3,24,7680,0.0,7680.0
13408,2025-06-24,5314,1052,2,5,2100,210.0,1890.0
13409,2025-03-30,5019,2023,1,14,7280,364.0,6916.0
13410,2025-02-03,5204,1011,3,25,8000,800.0,7200.0
13411,2025-01-17,5468,2018,2,21,8820,441.0,8379.0
13412,2025-06-21,5387,1008,2,17,7140,0.0,7140.0
13413,2025-02-05,5283,1057,3,12,3840,384.0,3456.0
13414,2025-05-03,5249,2027,3,2,640,64.0,576.0
13415,2025-04-04,5312,1011,2,18,7560,0.0,7560.0
13416,2025-02-08,5192,1013,1,22,11440,572.0,10868.0
13417,2025-01-17,5289,1002,4,25,5250,262.5,4987.5
13418,2025-06-05,5089,1022,1,8,4160,0.0,4160.0
13419,2025-06-28,5124,2002,2,12,5040,252.0,4788.0
13420,2025-05-08,5260,2037,2,6,2520,0.0,2520.0
13421,2025-05-10,5450,1053,2,4,1680,0.0,1680.0
13422,2025-05-01,5401,1060,2,1,420,0.0,420.0
13423,2025-02-05,5207,2023,1,3,1560,78.0,1482.0
13424,2025-06-30,5209,2010,2,7,2940,294.0,2646.0
13425,2025-02-17,5129,1021,4,11,2310,231.0,2079.0
13426,2025-02-24,5220,1053,3,16,5120,512.0,4608.0
13427,2025-04-28,5142,1020,3,19,6080,608.0,5472.0
13428,2025-03-28,5471,1033,1,21,10920,546.0,10374.0
13429,2025-02-11,5012,1049,3,6,1920,96.0,1824.0
13430,2025-03-06,5047,2005,1,9,4680,468.0,4212.0
13431,2025-02-07,5272,2026,2,11,4620,0.0,4620.0
13432,2025-05-03,5051,2034,1,1,520,0.0,520.0
13433,2025-06-22,5359,1051,2,23,9660,483.0,9177.0
13434,2025-04-24,5067,1034,3,16,5120,0.0,5120.0
13435,2025-01-11,5192,1060,3,23,7360,0.0,7360.0
13436,2025-01-05,5424,2040,2,22,9240,462.0,8778.0
13437,2025-01-17,5141,2004,2,25,10500,0.0,10500.0
13438,2025-03-09,5058,1033,3,6,1920,0.0,1920.0
13439,2025-01-21,5177,2001,2,25,10500,0.0,10500.0
13440,2025-05-19,5473,1023,3,6,1920,0.0,1920.0
13441,2025-01-31,5192,2014,4,1,210,21.0,189.0
13442,2025-04-10,5382,1031,2,20,8400,420.0,7980.0
13443,2025-02-07,5001,1044,3,15,4800,240.0,4560.0
13444,2025-03-18,5350,1023,4,1,210,10.5,199.5
13445,2025-01-15,5390,2035,1,3,1560,78.0,1482.0
13446,2025-04-14,5198,1034,3,16,5120,512.0,4608.0
13447,2025-02-06,5262,1052,3,25,8000,0.0,8000.0
13448,2025-05-30,5331,1030,2,13,5460,546.0,4914.0
13449,2025-06-14,5456,1015,1,20,10400,0.0,10400.0
13450,2025-06-01,5186,1003,2,22,9240,0.0,9240.0
13451,2025-05-18,5268,2003,3,1,320,0.0,320.0
13452,2025-04-01,5235,2008,3,16,5120,0.0,5120.0
13453,2025-06-11,5191,2028,3,11,3520,0.0,3520.0
13454,2025-02-11,5124,1004,3,6,1920,0.0,1920.0
13455,2025-04-10,5256,2040,1,15,7800,390.0,7410.0
13456,2025-06-27,5017,2015,3,2,640,32.0,608.0
13457,2025-01-14,5318,2016,3,5,1600,0.0,1600.0
13458,2025-03-31,5033,2034,3,5,1600,0.0,1600.0
13459,2025-05-20,5054,2015,2,16,6720,0.0,6720.0
13460,2025-03-04,5238,1016,3,20,6400,0.0,6400.0
13461,2025-03-28,5168,2032,3,5,1600,0.0,1600.0
13462,2025-06-07,5277,1004,3,16,5120,256.0,4864.0
13463,2025-04-13,5020,1020,3,5,1600,0.0,1600.0
13464,2025-06-19,5375,2002,2,21,8820,441.0,8379.0
13465,2025-03-17,5298,1028,3,12,3840,0.0,3840.0
13466,2025-05-26,5183,1003,3,2,640,64.0,576.0
13467,2025-04-22,5336,2006,2,4,1680,0.0,1680.0
13468,2025-04-16,5191,2033,2,11,4620,0.0,4620.0
13469,2025-03-04,5111,1021,1,7,3640,364.0,3276.0
13470,2025-02-10,5466,1016,3,13,4160,0.0,4160.0
13471,2025-04-24,5448,1013,3,13,4160,208.0,3952.0
13472,2025-03-01,5137,2001,2,3,1260,126.0,1134.0
13473,2025-02-12,5084,1017,4,7,1470,0.0,1470.0
13474,2025-06-28,5432,2017,4,23,4830,0.0,4830.0
13475,2025-06-26,5057,1021,2,3,1260,0.0,1260.0
13476,2025-05-25,5279,1028,4,12,2520,0.0,2520.0
13477,2025-01-02,5082,1028,2,20,8400,420.0,7980.0
13478,2025-06-03,5055,1052,4,25,5250,262.5,4987.5
13479,2025-04-25,5395,2002,1,13,6760,0.0,6760.0
13480,2025-04-19,5192,2017,2,20,8400,0.0,8400.0
13481,2025-06-02,5025,1002,4,22,4620,462.0,4158.0
13482,2025-05-17,5182,1032,3,20,6400,0.0,6400.0
13483,2025-04-01,5429,2027,4,1,210,0.0,210.0
13484,2025-04-08,5422,2006,3,15,4800,0.0,4800.0
13485,2025-05-05,5086,1057,4,6,1260,0.0,1260.0
13486,2025-05-19,5393,1023,2,19,7980,0.0,7980.0
13487,2025-06-03,5376,1023,3,3,960,0.0,960.0
13488,2025-02-26,5121,1016,2,25,10500,525.0,9975.0
13489,2025-03-19,5087,2009,2,4,1680,84.0,1596.0
13490,2025-06-13,5348,2035,4,23,4830,241.5,4588.5
13491,2025-05-02,5316,2038,4,24,5040,0.0,5040.0
13492,2025-06-02,5350,2011,4,19,3990,0.0,3990.0
13493,2025-02-03,5409,1013,4,8,1680,84.0,1596.0
13494,2025-06-11,5170,1039,4,16,3360,0.0,3360.0
13495,2025-06-08,5345,1032,4,17,3570,0.0,3570.0
13496,2025-05-12,5110,2015,1,19,9880,0.0,9880.0
13497,2025-04-22,5164,1042,2,13,5460,273.0,5187.0
13498,2025-06-19,5173,2030,2,13,5460,0.0,5460.0
13499,2025-01-03,5252,1055,1,24,12480,0.0,12480.0
13500,2025-03-16,5417,2025,1,19,9880,0.0,9880.0
13501,2025-02-02,5011,2002,4,21,4410,441.0,3969.0
13502,2025-05-07,5049,1040,1,23,11960,1196.0,10764.0
13503,2025-05-16,5044,1037,3,11,3520,352.0,3168.0
13504,2025-04-05,5187,2009,2,1,420,0.0,420.0
13505,2025-01-29,5001,2014,4,17,3570,0.0,3570.0
13506,2025-02-08,5450,1055,3,2,640,64.0,576.0
13507,2025-03-27,5372,1016,1,6,3120,0.0,3120.0
13508,2025-04-30,5258,2014,2,14,5880,0.0,5880.0
13509,2025-03-08,5112,1016,3,15,4800,0.0,4800.0
13510,2025-02-02,5296,1015,3,8,2560,0.0,2560.0
13511,2025-06-16,5086,1053,2,17,7140,0.0,7140.0
13512,2025-04-21,5381,2022,2,9,3780,189.0,3591.0
13513,2025-03-30,5079,1047,1,6,3120,312.0,2808.0
13514,2025-03-12,5493,1037,1,2,1040,0.0,1040.0
13515,2025-06-11,5429,2016,3,16,5120,256.0,4864.0
13516,2025-06-29,5271,1021,1,8,4160,208.0,3952.0
13517,2025-02-21,5290,1056,4,8,1680,0.0,1680.0
13518,2025-05-11,5199,2016,1,15,7800,780.0,7020.0
13519,2025-01-21,5296,2018,3,10,3200,0.0,3200.0
13520,2025-06-24,5165,2035,1,22,11440,572.0,10868.0
13521,2025-05-14,5488,2027,2,21,8820,0.0,8820.0
13522,2025-02-08,5383,2019,2,10,4200,0.0,4200.0
13523,2025-05-06,5370,2008,2,1,420,0.0,420.0
13524,2025-01-31,5239,2038,4,16,3360,0.0,3360.0
13525,2025-03-30,5385,2008,1,25,13000,0.0,13000.0
13526,2025-05-07,5299,2038,2,25,10500,0.0,10500.0
13527,2025-05-25,5360,1017,4,23,4830,0.0,4830.0
13528,2025-02-19,5130,1001,3,18,5760,0.0,5760.0
13529,2025-03-19,5088,2029,3,6,1920,0.0,1920.0
13530,2025-04-19,5334,2006,1,6,3120,156.0,2964.0
13531,2025-04-02,5269,1050,1,4,2080,104.0,1976.0
13532,2025-06-03,5342,2016,2,15,6300,315.0,5985.0
13533,2025-02-22,5313,2025,1,24,12480,1248.0,11232.0
13534,2025-02-12,5452,1019,3,24,7680,384.0,7296.0
13535,2025-03-02,5380,1057,3,6,1920,96.0,1824.0
13536,2025-02-08,5358,2025,1,12,6240,312.0,5928.0
13537,2025-05-16,5356,1058,3,3,960,0.0,960.0
13538,2025-04-01,5277,1026,3,24,7680,384.0,7296.0
13539,2025-01-06,5096,2030,1,3,1560,0.0,1560.0
13540,2025-04-27,5015,2030,3,10,3200,0.0,3200.0
13541,2025-06-10,5070,1026,3,1,320,32.0,288.0
13542,2025-04-15,5360,1047,2,25,10500,0.0,10500.0
13543,2025-05-22,5407,1017,1,3,1560,156.0,1404.0
13544,2025-03-26,5438,1047,3,4,1280,64.0,1216.0
13545,2025-03-21,5492,1049,1,24,12480,0.0,12480.0
13546,2025-01-17,5483,1027,2,18,7560,0.0,7560.0
13547,2025-03-27,5269,2026,3,7,2240,112.0,2128.0
13548,2025-04-30,5029,1002,2,19,7980,0.0,7980.0
13549,2025-06-27,5153,1040,3,20,6400,0.0,6400.0
13550,2025-03-24,5036,2020,3,1,320,32.0,288.0
13551,2025-06-23,5499,2001,3,13,4160,0.0,4160.0
13552,2025-06-19,5329,1018,3,8,2560,128.0,2432.0
13553,2025-04-14,5126,1012,3,22,7040,704.0,6336.0
13554,2025-03-02,5195,2004,2,5,2100,105.0,1995.0
13555,2025-01-27,5144,2001,2,9,3780,0.0,3780.0
13556,2025-05-12,5046,2031,1,23,11960,598.0,11362.0
13557,2025-04-01,5239,1053,1,12,6240,0.0,6240.0
13558,2025-06-28,5426,2001,1,19,9880,0.0,9880.0
13559,2025-06-06,5070,2012,4,1,210,21.0,189.0
13560,2025-06-18,5035,2001,1,20,10400,0.0,10400.0
13561,2025-06-26,5461,1053,1,25,13000,0.0,13000.0
13562,2025-01-14,5451,1058,3,7,2240,112.0,2128.0
13563,2025-06-20,5033,1005,1,15,7800,780.0,7020.0
13564,2025-06-11,5238,1018,2,7,2940,147.0,2793.0
13565,2025-04-04,5231,1023,4,12,2520,0.0,2520.0
13566,2025-01-30,5180,2001,1,20,10400,0.0,10400.0
13567,2025-02-16,5399,2013,1,16,8320,832.0,7488.0
13568,2025-05-30,5062,1019,3,22,7040,0.0,7040.0
13569,2025-01-02,5350,1055,2,10,4200,0.0,4200.0
13570,2025-05-06,5265,1005,1,23,11960,0.0,11960.0
13571,2025-04-16,5181,2008,4,5,1050,0.0,1050.0
13572,2025-02-27,5308,2034,4,13,2730,0.0,2730.0
13573,2025-05-08,5152,1012,3,11,3520,352.0,3168.0
13574,2025-01-25,5346,2014,1,10,5200,0.0,5200.0
13575,2025-05-13,5176,1056,4,5,1050,0.0,1050.0
13576,2025-03-25,5211,2037,3,22,7040,704.0,6336.0
13577,2025-06-10,5307,1038,3,23,7360,0.0,7360.0
13578,2025-05-26,5264,2026,1,3,1560,0.0,1560.0
13579,2025-01-24,5456,2011,3,19,6080,0.0,6080.0
13580,2025-06-15,5257,1030,3,6,1920,192.0,1728.0
13581,2025-06-08,5324,1020,1,18,9360,0.0,9360.0
13582,2025-02-17,5137,1031,4,25,5250,0.0,5250.0
13583,2025-04-26,5033,1024,1,13,6760,0.0,6760.0
13584,2025-03-24,5074,1056,1,10,5200,0.0,5200.0
13585,2025-02-26,5429,2016,3,23,7360,368.0,6992.0
13586,2025-06-23,5185,1006,4,6,1260,0.0,1260.0
13587,2025-04-09,5342,2002,3,1,320,0.0,320.0
13588,2025-06-23,5243,1051,4,24,5040,252.0,4788.0
13589,2025-05-28,5168,1050,2,25,10500,0.0,10500.0
13590,2025-04-30,5035,1014,2,6,2520,126.0,2394.0
13591,2025-03-05,5012,1023,1,11,5720,572.0,5148.0
13592,2025-06-30,5418,2034,2,19,7980,399.0,7581.0
13593,2025-02-28,5160,1005,4,18,3780,0.0,3780.0
13594,2025-05-17,5382,1015,1,5,2600,0.0,2600.0
13595,2025-06-13,5314,1012,4,17,3570,0.0,3570.0
13596,2025-01-23,5044,1024,1,2,1040,104.0,936.0
13597,2025-06-04,5243,1034,1,17,8840,0.0,8840.0
13598,2025-05-08,5066,1021,1,14,7280,728.0,6552.0
13599,2025-04-13,5002,2008,1,5,2600,0.0,2600.0
13600,2025-01-14,5430,1005,1,3,1560,156.0,1404.0
13601,2025-05-02,5332,2010,1,6,3120,0.0,3120.0
13602,2025-02-10,5459,2005,4,6,1260,63.0,1197.0
13603,2025-03-13,5355,1050,1,25,13000,0.0,13000.0
13604,2025-06-11,5049,2035,1,21,10920,546.0,10374.0
13605,2025-05-11,5240,1018,1,24,12480,0.0,12480.0
13606,2025-04-27,5420,2004,1,4,2080,104.0,1976.0
13607,2025-05-26,5122,2019,1,24,12480,0.0,12480.0
13608,2025-05-27,5210,1055,1,21,10920,546.0,10374.0
13609,2025-01-17,5453,1015,4,15,3150,0.0,3150.0
13610,2025-01-19,5021,1007,2,17,7140,357.0,6783.0
13611,2025-02-14,5317,1017,4,6,1260,0.0,1260.0
13612,2025-04-28,5371,2032,2,16,6720,0.0,6720.0
13613,2025-04-19,5144,1040,1,6,3120,312.0,2808.0
13614,2025-03-11,5396,1042,1,12,6240,0.0,6240.0
13615,2025-06-20,5014,1033,4,12,2520,126.0,2394.0
13616,2025-03-05,5212,2011,3,10,3200,0.0,3200.0
13617,2025-05-25,5067,2015,1,7,3640,182.0,3458.0
13618,2025-02-12,5008,1042,3,5,1600,0.0,1600.0
13619,2025-05-31,5403,1052,2,15,6300,630.0,5670.0
13620,2025-05-20,5462,2004,2,16,6720,0.0,6720.0
13621,2025-06-18,5276,1028,1,15,7800,0.0,7800.0
13622,2025-01-18,5287,1057,3,16,5120,0.0,5120.0
13623,2025-03-25,5076,2033,4,5,1050,105.0,945.0
13624,2025-03-06,5358,1002,4,5,1050,52.5,997.5
13625,2025-04-25,5295,1053,3,20,6400,320.0,6080.0
13626,2025-02-20,5481,2004,3,20,6400,0.0,6400.0
13627,2025-03-27,5155,2021,3,21,6720,0.0,6720.0
13628,2025-04-17,5455,1022,2,25,10500,0.0,10500.0
13629,2025-02-05,5292,1028,2,12,5040,504.0,4536.0
13630,2025-01-10,5110,1030,3,12,3840,384.0,3456.0
13631,2025-01-13,5498,2039,1,7,3640,0.0,3640.0
13632,2025-05-23,5104,1013,2,8,3360,336.0,3024.0
13633,2025-06-17,5448,1045,3,16,5120,0.0,5120.0
13634,2025-04-01,5143,1050,2,8,3360,168.0,3192.0
13635,2025-03-23,5475,1007,1,13,6760,0.0,6760.0
13636,2025-06-28,5047,1056,3,8,2560,0.0,2560.0
13637,2025-02-21,5075,1048,2,10,4200,210.0,3990.0
13638,2025-05-30,5385,1008,1,6,3120,156.0,2964.0
13639,2025-02-26,5384,1028,2,20,8400,0.0,8400.0
13640,2025-04-07,5095,1007,1,19,9880,0.0,9880.0
13641,2025-04-07,5403,1059,2,1,420,21.0,399.0
13642,2025-06-09,5141,1020,4,24,5040,0.0,5040.0
13643,2025-01-27,5262,2003,2,11,4620,0.0,4620.0
13644,2025-05-17,5375,1017,3,5,1600,0.0,1600.0
13645,2025-05-23,5099,2019,1,20,10400,0.0,10400.0
13646,2025-01-20,5302,1048,3,3,960,0.0,960.0
13647,2025-02-19,5377,1049,1,7,3640,0.0,3640.0
13648,2025-02-10,5473,1008,4,22,4620,231.0,4389.0
13649,2025-03-27,5037,1031,1,6,3120,312.0,2808.0
13650,2025-01-09,5270,1014,1,24,12480,624.0,11856.0
13651,2025-05-16,5213,1010,1,17,8840,0.0,8840.0
13652,2025-04-26,5354,2001,4,8,1680,0.0,1680.0
13653,2025-01-30,5075,1034,1,10,5200,0.0,5200.0
13654,2025-04-08,5309,1056,1,25,13000,1300.0,11700.0
13655,2025-03-01,5161,1002,1,20,10400,520.0,9880.0
13656,2025-03-27,5465,1038,3,1,320,0.0,320.0
13657,2025-05-02,5124,1047,4,5,1050,0.0,1050.0
13658,2025-04-30,5068,2003,3,5,1600,0.0,1600.0
13659,2025-01-20,5464,2033,1,11,5720,286.0,5434.0
13660,2025-06-22,5096,2012,3,1,320,0.0,320.0
13661,2025-03-15,5314,1053,4,22,4620,0.0,4620.0
13662,2025-04-25,5239,2033,4,4,840,0.0,840.0
13663,2025-04-09,5484,1008,3,18,5760,576.0,5184.0
13664,2025-06-05,5317,2038,3,8,2560,0.0,2560.0
13665,2025-06-24,5338,1051,3,7,2240,0.0,2240.0
13666,2025-04-20,5287,2028,4,4,840,42.0,798.0
13667,2025-05-12,5455,2033,2,14,5880,0.0,5880.0
13668,2025-06-18,5450,1039,1,8,4160,416.0,3744.0
13669,2025-01-17,5424,1039,4,1,210,21.0,189.0
13670,2025-05-04,5254,2002,2,18,7560,756.0,6804.0
13671,2025-01-26,5095,1052,2,19,7980,0.0,7980.0
13672,2025-05-28,5040,1056,1,17,8840,0.0,8840.0
13673,2025-01-06,5448,2038,2,20,8400,420.0,7980.0
13674,2025-02-06,5283,2022,4,1,210,0.0,210.0
13675,2025-03-26,5111,2033,1,25,13000,0.0,13000.0
13676,2025-05-30,5009,1039,2,20,8400,840.0,7560.0
13677,2025-01-02,5477,1037,4,20,4200,0.0,4200.0
13678,2025-03-08,5192,2009,3,13,4160,208.0,3952.0
13679,2025-01-25,5049,2025,2,24,10080,0.0,10080.0
13680,2025-06-24,5355,1041,3,10,3200,0.0,3200.0
13681,2025-01-02,5196,2037,3,21,6720,0.0,6720.0
13682,2025-01-15,5444,1052,3,25,8000,400.0,7600.0
13683,2025-06-16,5390,1054,2,22,9240,462.0,8778.0
13684,2025-05-24,5186,1050,1,4,2080,208.0,1872.0
13685,2025-03-14,5248,2012,3,23,7360,0.0,7360.0
13686,2025-03-11,5484,1005,4,10,2100,0.0,2100.0
13687,2025-06-23,5204,1053,4,24,5040,504.0,4536.0
13688,2025-05-01,5238,2023,3,24,7680,0.0,7680.0
13689,2025-04-04,5372,1034,3,13,4160,416.0,3744.0
13690,2025-02-18,5381,2022,4,8,1680,84.0,1596.0
13691,2025-05-19,5237,1004,3,20,6400,0.0,6400.0
13692,2025-03-24,5481,1007,2,22,9240,924.0,8316.0
13693,2025-04-24,5379,1059,4,2,420,0.0,420.0
13694,2025-05-08,5420,1029,4,21,4410,220.5,4189.5
13695,2025-03-05,5351,2012,1,15,7800,0.0,7800.0
13696,2025-03-27,5462,2025,3,21,6720,672.0,6048.0
13697,2025-03-11,5334,1049,1,4,2080,0.0,2080.0
13698,2025-06-03,5310,1014,1,7,3640,0.0,3640.0
13699,2025-02-15,5136,1059,1,2,1040,0.0,1040.0
13700,2025-02-05,5038,1002,2,24,10080,0.0,10080.0
13701,2025-01-17,5423,1022,1,20,10400,1040.0,9360.0
13702,2025-04-23,5240,1028,3,16,5120,256.0,4864.0
13703,2025-05-05,5235,1038,2,10,4200,420.0,3780.0
13704,2025-05-18,5075,1060,3,2,640,0.0,640.0
13705,2025-03-02,5097,1003,1,24,12480,1248.0,11232.0
13706,2025-04-08,5127,1027,3,13,4160,0.0,4160.0
13707,2025-01-11,5278,1051,2,5,2100,0.0,2100.0
13708,2025-01-07,5433,2011,1,25,13000,650.0,12350.0
13709,2025-04-16,5113,1054,1,25,13000,0.0,13000.0
13710,2025-05-31,5096,2036,4,24,5040,0.0,5040.0
13711,2025-06-17,5026,2038,1,20,10400,520.0,9880.0
13712,2025-04-13,5388,2019,3,2,640,0.0,640.0
13713,2025-02-17,5142,1002,3,1,320,32.0,288.0
13714,2025-02-23,5030,1045,4,21,4410,0.0,4410.0
13715,2025-01-13,5139,2012,3,6,1920,0.0,1920.0
13716,2025-05-28,5500,1050,1,23,11960,0.0,11960.0
13717,2025-01-31,5306,1060,1,23,11960,0.0,11960.0
13718,2025-05-06,5488,1037,3,17,5440,544.0,4896.0
13719,2025-06-24,5021,2003,2,24,10080,0.0,10080.0
13720,2025-06-06,5064,2032,1,16,8320,0.0,8320.0
13721,2025-03-09,5463,2036,1,21,10920,1092.0,9828.0
13722,2025-06-19,5482,1024,4,3,630,31.5,598.5
13723,2025-06-10,5475,1047,2,9,3780,0.0,3780.0
13724,2025-03-17,5420,1056,1,18,9360,0.0,9360.0
13725,2025-04-03,5234,1010,3,3,960,0.0,960.0
13726,2025-01-15,5353,2023,1,18,9360,0.0,9360.0
13727,2025-01-20,5115,2009,1,2,1040,0.0,1040.0
13728,2025-01-15,5420,1023,2,5,2100,105.0,1995.0
13729,2025-02-05,5052,1049,2,8,3360,0.0,3360.0
13730,2025-01-26,5275,2020,4,24,5040,0.0,5040.0
13731,2025-05-27,5249,1059,3,8,2560,128.0,2432.0
13732,2025-01-08,5456,1011,1,5,2600,260.0,2340.0
13733,2025-01-06,5452,2029,3,13,4160,0.0,4160.0
13734,2025-06-27,5024,2007,4,3,630,0.0,630.0
13735,2025-05-01,5440,1004,4,1,210,0.0,210.0
13736,2025-06-19,5477,1049,3,8,2560,256.0,2304.0
13737,2025-05-27,5443,2033,2,5,2100,0.0,2100.0
13738,2025-04-12,5281,1021,1,3,1560,78.0,1482.0
13739,2025-01-10,5092,2008,4,16,3360,336.0,3024.0
13740,2025-05-22,5199,1052,2,25,10500,525.0,9975.0
13741,2025-06-12,5205,1017,3,20,6400,0.0,6400.0
13742,2025-01-22,5456,1028,1,4,2080,0.0,2080.0
13743,2025-04-16,5413,2014,3,20,6400,640.0,5760.0
13744,2025-06-10,5246,1002,3,7,2240,0.0,2240.0
13745,2025-04-30,5130,1006,1,13,6760,0.0,6760.0
13746,2025-04-10,5123,1034,2,17,7140,714.0,6426.0
13747,2025-04-03,5373,1013,2,19,7980,0.0,7980.0
13748,2025-06-10,5410,1031,2,19,7980,798.0,7182.0
13749,2025-04-23,5134,1026,1,6,3120,312.0,2808.0
13750,2025-01-17,5460,2022,4,4,840,0.0,840.0
13751,2025-05-27,5076,2037,4,20,4200,210.0,3990.0
13752,2025-03-16,5075,1032,4,6,1260,0.0,1260.0
13753,2025-02-22,5337,1007,3,25,8000,400.0,7600.0
13754,2025-04-18,5200,1028,4,25,5250,0.0,5250.0
13755,2025-04-23,5230,1052,1,12,6240,312.0,5928.0
13756,2025-01-01,5379,1048,2,10,4200,420.0,3780.0
13757,2025-04-08,5085,1031,3,23,7360,368.0,6992.0
13758,2025-01-27,5355,2010,1,14,7280,0.0,7280.0
13759,2025-05-17,5103,1030,1,3,1560,156.0,1404.0
13760,2025-05-09,5341,2006,2,13,5460,0.0,5460.0
13761,2025-03-14,5476,1021,1,3,1560,0.0,1560.0
13762,2025-04-20,5316,1013,1,15,7800,0.0,7800.0
13763,2025-03-07,5022,1020,1,12,6240,312.0,5928.0
13764,2025-01-08,5085,2018,4,25,5250,0.0,5250.0
13765,2025-05-08,5334,1058,1,11,5720,0.0,5720.0
13766,2025-05-31,5403,2024,2,16,6720,0.0,6720.0
13767,2025-01-11,5031,1049,2,9,3780,189.0,3591.0
13768,2025-03-02,5444,1058,2,9,3780,378.0,3402.0
13769,2025-06-23,5482,1027,4,15,3150,315.0,2835.0
13770,2025-06-27,5209,1023,2,9,3780,0.0,3780.0
13771,2025-06-20,5043,1052,1,24,12480,1248.0,11232.0
13772,2025-04-04,5197,2026,1,23,11960,1196.0,10764.0
13773,2025-03-20,5378,2028,4,19,3990,0.0,3990.0
13774,2025-04-08,5382,1019,2,22,9240,0.0,9240.0
13775,2025-04-24,5164,2034,3,22,7040,704.0,6336.0
13776,2025-04-05,5405,1007,4,3,630,31.5,598.5
13777,2025-03-15,5195,1047,2,7,2940,0.0,2940.0
13778,2025-04-07,5197,1017,4,15,3150,0.0,3150.0
13779,2025-04-09,5422,2036,3,4,1280,0.0,1280.0
13780,2025-01-07,5147,1039,1,6,3120,0.0,3120.0
13781,2025-01-29,5124,1057,1,20,10400,0.0,10400.0
13782,2025-01-16,5200,1046,4,20,4200,210.0,3990.0
13783,2025-01-04,5413,2021,3,22,7040,704.0,6336.0
13784,2025-04-03,5108,2034,2,19,7980,0.0,7980.0
13785,2025-01-09,5468,2039,3,7,2240,0.0,2240.0
13786,2025-03-01,5409,2017,2,11,4620,0.0,4620.0
13787,2025-05-31,5122,1052,3,22,7040,704.0,6336.0
13788,2025-01-13,5253,1012,1,5,2600,130.0,2470.0
13789,2025-03-24,5351,2027,1,13,6760,0.0,6760.0
13790,2025-03-16,5480,1026,3,25,8000,800.0,7200.0
13791,2025-03-22,5437,1034,4,9,1890,0.0,1890.0
13792,2025-05-29,5085,1057,4,1,210,0.0,210.0
13793,2025-04-22,5301,1043,3,10,3200,0.0,3200.0
13794,2025-05-05,5190,2022,1,22,11440,572.0,10868.0
13795,2025-02-12,5299,2034,1,2,1040,52.0,988.0
13796,2025-02-02,5354,1034,3,14,4480,0.0,4480.0
13797,2025-03-25,5297,2023,1,19,9880,988.0,8892.0
13798,2025-02-02,5372,2028,4,17,3570,178.5,3391.5
13799,2025-06-05,5153,2015,1,11,5720,0.0,5720.0
13800,2025-03-25,5147,1035,1,24,12480,0.0,12480.0
13801,2025-03-18,5070,2013,3,20,6400,640.0,5760.0
13802,2025-03-29,5130,1034,4,12,2520,0.0,2520.0
13803,2025-01-03,5096,1026,1,25,13000,0.0,13000.0
13804,2025-02-23,5036,1009,3,23,7360,0.0,7360.0
13805,2025-03-27,5002,2009,2,17,7140,0.0,7140.0
13806,2025-05-15,5011,2001,1,15,7800,0.0,7800.0
13807,2025-02-01,5071,2015,4,25,5250,0.0,5250.0
13808,2025-05-12,5418,2020,3,15,4800,480.0,4320.0
13809,2025-05-02,5229,2016,1,17,8840,0.0,8840.0
13810,2025-06-13,5474,1039,2,24,10080,0.0,10080.0
13811,2025-03-16,5304,1018,4,19,3990,0.0,3990.0
13812,2025-03-23,5380,1035,4,5,1050,0.0,1050.0
13813,2025-02-05,5178,1026,3,25,8000,800.0,7200.0
13814,2025-06-09,5296,1055,2,18,7560,756.0,6804.0
13815,2025-03-08,5344,1042,1,2,1040,104.0,936.0
13816,2025-04-28,5011,1039,1,3,1560,0.0,1560.0
13817,2025-03-31,5032,2009,1,17,8840,0.0,8840.0
13818,2025-06-03,5331,2034,4,22,4620,462.0,4158.0
13819,2025-01-14,5479,2032,3,19,6080,304.0,5776.0
13820,2025-02-27,5288,2026,3,25,8000,0.0,8000.0
13821,2025-06-27,5126,2037,4,1,210,0.0,210.0
13822,2025-05-26,5188,1050,3,3,960,48.0,912.0
13823,2025-06-06,5018,2035,1,22,11440,0.0,11440.0
13824,2025-02-16,5447,1058,1,10,5200,260.0,4940.0
13825,2025-02-07,5083,2021,1,12,6240,0.0,6240.0
13826,2025-06-15,5187,2005,1,11,5720,0.0,5720.0
13827,2025-04-11,5351,1015,3,13,4160,0.0,4160.0
13828,2025-03-26,5430,1023,1,19,9880,494.0,9386.0
13829,2025-05-03,5268,1040,3,24,7680,384.0,7296.0
13830,2025-04-17,5172,1023,2,17,7140,0.0,7140.0
13831,2025-05-12,5485,2008,2,19,7980,0.0,7980.0
13832,2025-02-22,5312,1060,3,7,2240,224.0,2016.0
13833,2025-03-11,5472,2020,2,16,6720,0.0,6720.0
13834,2025-01-12,5154,1025,1,12,6240,624.0,5616.0
13835,2025-04-29,5401,1004,4,21,4410,0.0,4410.0
13836,2025-01-03,5482,1055,2,20,8400,0.0,8400.0
13837,2025-03-10,5390,1038,3,5,1600,80.0,1520.0
13838,2025-06-17,5343,1059,3,8,2560,256.0,2304.0
13839,2025-01-16,5326,2032,1,3,1560,0.0,1560.0
13840,2025-03-30,5366,1040,4,7,1470,0.0,1470.0
13841,2025-06-26,5308,2015,2,11,4620,0.0,4620.0
13842,2025-02-28,5325,2036,2,18,7560,0.0,7560.0
13843,2025-04-10,5448,1055,2,6,2520,126.0,2394.0
13844,2025-02-25,5040,2015,3,3,960,0.0,960.0
13845,2025-02-26,5380,1028,4,9,1890,0.0,1890.0
13846,2025-04-06,5452,1018,1,12,6240,0.0,6240.0
13847,2025-05-09,5042,1024,2,7,2940,147.0,2793.0
13848,2025-06-08,5063,1008,1,20,10400,0.0,10400.0
13849,2025-04-29,5106,1019,3,16,5120,0.0,5120.0
13850,2025-03-09,5408,1038,4,13,2730,0.0,2730.0
13851,2025-05-20,5434,1003,2,6,2520,0.0,2520.0
13852,2025-03-11,5044,1014,4,17,3570,357.0,3213.0
13853,2025-01-18,5420,1057,3,3,960,48.0,912.0
13854,2025-04-16,5254,1048,4,10,2100,105.0,1995.0
13855,2025-01-19,5099,1024,1,2,1040,0.0,1040.0
13856,2025-01-17,5039,1001,1,6,3120,0.0,3120.0
13857,2025-06-20,5053,1055,1,15,7800,390.0,7410.0
13858,2025-05-15,5451,1023,3,22,7040,0.0,7040.0
13859,2025-04-05,5336,1018,4,5,1050,0.0,1050.0
13860,2025-04-27,5245,1026,3,14,4480,448.0,4032.0
13861,2025-05-18,5479,1034,3,4,1280,64.0,1216.0
13862,2025-04-17,5263,1039,3,8,2560,0.0,2560.0
13863,2025-05-08,5451,2023,1,4,2080,208.0,1872.0
13864,2025-01-27,5173,1054,3,11,3520,0.0,3520.0
13865,2025-03-03,5100,2010,2,20,8400,0.0,8400.0
13866,2025-04-12,5023,2018,1,21,10920,0.0,10920.0
13867,2025-01-01,5390,2015,4,3,630,31.5,598.5
13868,2025-03-08,5166,1018,3,24,7680,0.0,7680.0
13869,2025-01-31,5009,1042,3,13,4160,416.0,3744.0
13870,2025-01-18,5435,2021,4,8,1680,0.0,1680.0
13871,2025-03-13,5410,1021,2,21,8820,441.0,8379.0
13872,2025-04-11,5394,1021,2,6,2520,126.0,2394.0
13873,2025-05-13,5070,1052,2,3,1260,63.0,1197.0
13874,2025-03-07,5437,1058,1,18,9360,936.0,8424.0
13875,2025-01-07,5027,2039,3,11,3520,0.0,3520.0
13876,2025-01-26,5256,1030,1,10,5200,0.0,5200.0
13877,2025-06-29,5382,2009,1,3,1560,0.0,1560.0
13878,2025-02-10,5113,1056,4,11,2310,0.0,2310.0
13879,2025-04-19,5258,2010,1,12,6240,0.0,6240.0
13880,2025-05-30,5490,1008,2,25,10500,1050.0,9450.0
13881,2025-06-03,5251,1028,1,9,4680,468.0,4212.0
13882,2025-06-02,5250,2009,1,15,7800,0.0,7800.0
13883,2025-05-08,5076,2001,3,14,4480,0.0,4480.0
13884,2025-03-09,5417,1026,2,7,2940,0.0,2940.0
13885,2025-02-10,5207,1045,2,10,4200,420.0,3780.0
13886,2025-02-07,5477,1037,3,2,640,64.0,576.0
13887,2025-06-16,5023,2025,2,9,3780,189.0,3591.0
13888,2025-04-04,5339,1025,3,23,7360,0.0,7360.0
13889,2025-02-12,5321,2020,2,13,5460,273.0,5187.0
13890,2025-03-22,5431,2009,1,7,3640,0.0,3640.0
13891,2025-04-18,5100,1029,2,13,5460,0.0,5460.0
13892,2025-02-23,5335,1048,3,20,6400,640.0,5760.0
13893,2025-02-06,5490,2016,2,9,3780,189.0,3591.0
13894,2025-06-04,5050,2033,3,1,320,16.0,304.0
13895,2025-01-20,5367,2038,4,25,5250,525.0,4725.0
13896,2025-06-02,5258,1012,4,13,2730,0.0,2730.0
13897,2025-01-19,5209,1022,1,18,9360,0.0,9360.0
13898,2025-03-01,5007,1044,2,13,5460,546.0,4914.0
13899,2025-05-16,5129,2029,4,24,5040,0.0,5040.0
13900,2025-04-10,5325,2022,4,25,5250,262.5,4987.5
13901,2025-05-20,5397,2034,3,3,960,96.0,864.0
13902,2025-04-04,5222,2027,3,2,640,32.0,608.0
13903,2025-05-13,5482,1037,1,4,2080,0.0,2080.0
13904,2025-06-24,5394,1030,2,17,7140,357.0,6783.0
13905,2025-05-23,5382,2022,4,12,2520,252.0,2268.0
13906,2025-03-12,5108,2034,1,11,5720,286.0,5434.0
13907,2025-03-06,5193,1018,3,17,5440,544.0,4896.0
13908,2025-05-15,5145,1035,1,14,7280,0.0,7280.0
13909,2025-05-11,5061,1058,3,19,6080,0.0,6080.0
13910,2025-06-21,5457,1020,2,25,10500,0.0,10500.0
13911,2025-01-20,5263,1021,4,16,3360,0.0,3360.0
13912,2025-05-09,5108,1042,3,25,8000,400.0,7600.0
13913,2025-02-26,5284,2023,4,22,4620,231.0,4389.0
13914,2025-01-23,5036,1059,2,24,10080,504.0,9576.0
13915,2025-01-15,5361,1011,4,21,4410,0.0,4410.0
13916,2025-06-19,5293,2028,1,17,8840,0.0,8840.0
13917,2025-03-31,5357,1011,3,1,320,16.0,304.0
13918,2025-06-21,5314,1011,4,9,1890,0.0,1890.0
13919,2025-04-18,5278,2026,1,11,5720,0.0,5720.0
13920,2025-06-13,5200,1012,2,17,7140,0.0,7140.0
13921,2025-05-01,5041,1022,1,5,2600,260.0,2340.0
13922,2025-03-25,5027,2010,4,16,3360,168.0,3192.0
13923,2025-01-12,5371,1045,4,5,1050,105.0,945.0
13924,2025-05-14,5258,1024,4,6,1260,63.0,1197.0
13925,2025-04-13,5099,1006,3,9,2880,144.0,2736.0
13926,2025-05-02,5479,2025,1,8,4160,0.0,4160.0
13927,2025-02-10,5470,1017,2,21,8820,0.0,8820.0
13928,2025-04-20,5146,1033,2,12,5040,0.0,5040.0
13929,2025-04-18,5437,2007,2,25,10500,0.0,10500.0
13930,2025-04-12,5340,1041,3,16,5120,0.0,5120.0
13931,2025-03-11,5343,1057,2,4,1680,84.0,1596.0
13932,2025-03-13,5072,1019,4,11,2310,0.0,2310.0
13933,2025-05-26,5222,1049,3,10,3200,320.0,2880.0
13934,2025-02-08,5047,1050,2,13,5460,273.0,5187.0
13935,2025-05-11,5185,1058,1,15,7800,780.0,7020.0
13936,2025-06-08,5277,2013,2,3,1260,0.0,1260.0
13937,2025-06-20,5252,1033,3,5,1600,0.0,1600.0
13938,2025-05-13,5187,1049,4,12,2520,0.0,2520.0
13939,2025-04-15,5323,1012,2,13,5460,0.0,5460.0
13940,2025-04-28,5020,1012,2,22,9240,0.0,9240.0
13941,2025-02-17,5009,1057,4,23,4830,241.5,4588.5
13942,2025-02-08,5186,2007,3,17,5440,544.0,4896.0
13943,2025-06-12,5125,2027,1,19,9880,0.0,9880.0
13944,2025-03-23,5408,1041,2,21,8820,882.0,7938.0
13945,2025-04-28,5476,1025,3,14,4480,0.0,4480.0
13946,2025-05-04,5494,1031,4,7,1470,0.0,1470.0
13947,2025-01-09,5039,1008,2,12,5040,504.0,4536.0
13948,2025-04-23,5075,2040,3,4,1280,0.0,1280.0
13949,2025-05-05,5323,1052,1,9,4680,234.0,4446.0
13950,2025-02-04,5038,1022,1,9,4680,234.0,4446.0
13951,2025-02-28,5209,2029,4,4,840,0.0,840.0
13952,2025-05-23,5157,2001,2,6,2520,0.0,2520.0
13953,2025-04-15,5018,2024,4,23,4830,241.5,4588.5
13954,2025-06-14,5213,1053,4,3,630,63.0,567.0
13955,2025-02-27,5178,2018,3,13,4160,0.0,4160.0
13956,2025-02-13,5468,1023,3,17,5440,0.0,5440.0
13957,2025-05-08,5344,1019,3,9,2880,288.0,2592.0
13958,2025-02-19,5307,1006,2,12,5040,0.0,5040.0
13959,2025-04-02,5441,2007,3,22,7040,704.0,6336.0
13960,2025-01-18,5034,1038,2,9,3780,378.0,3402.0
13961,2025-06-12,5032,2008,3,11,3520,0.0,3520.0
13962,2025-05-23,5057,2010,2,19,7980,0.0,7980.0
13963,2025-01-29,5339,2029,4,11,2310,0.0,2310.0
13964,2025-06-03,5121,1054,3,13,4160,0.0,4160.0
13965,2025-02-18,5028,1032,3,16,5120,0.0,5120.0
13966,2025-02-14,5448,2025,4,14,2940,294.0,2646.0
13967,2025-03-14,5307,1006,3,23,7360,0.0,7360.0
13968,2025-03-20,5033,2002,2,1,420,0.0,420.0
13969,2025-04-02,5309,1001,1,23,11960,0.0,11960.0
13970,2025-05-14,5121,1019,3,18,5760,288.0,5472.0
13971,2025-04-13,5392,1057,4,18,3780,0.0,3780.0
13972,2025-05-18,5307,2035,4,16,3360,0.0,3360.0
13973,2025-02-10,5051,1017,4,10,2100,0.0,2100.0
13974,2025-04-10,5318,1012,1,24,12480,0.0,12480.0
13975,2025-03-22,5258,1020,4,12,2520,0.0,2520.0
13976,2025-05-26,5444,1050,3,11,3520,0.0,3520.0
13977,2025-01-07,5267,2029,4,19,3990,0.0,3990.0
13978,2025-05-25,5075,1024,3,15,4800,480.0,4320.0
13979,2025-02-02,5055,2033,4,18,3780,189.0,3591.0
13980,2025-01-18,5411,1039,4,13,2730,273.0,2457.0
13981,2025-05-25,5481,1052,3,11,3520,0.0,3520.0
13982,2025-03-07,5492,2040,3,19,6080,0.0,6080.0
13983,2025-05-26,5289,1057,1,14,7280,0.0,7280.0
13984,2025-03-06,5172,1017,1,21,10920,0.0,10920.0
13985,2025-03-07,5099,2007,2,23,9660,966.0,8694.0
13986,2025-06-19,5382,1007,3,3,960,96.0,864.0
13987,2025-05-28,5026,1021,4,23,4830,0.0,4830.0
13988,2025-02-21,5278,1007,2,18,7560,378.0,7182.0
13989,2025-03-27,5365,1038,3,1,320,32.0,288.0
13990,2025-06-21,5436,1010,4,5,1050,0.0,1050.0
13991,2025-01-29,5050,2023,2,6,2520,0.0,2520.0
13992,2025-03-01,5074,1003,3,1,320,32.0,288.0
13993,2025-01-16,5421,2040,2,11,4620,462.0,4158.0
13994,2025-01-03,5434,1020,3,17,5440,0.0,5440.0
13995,2025-06-19,5120,1056,4,17,3570,0.0,3570.0
13996,2025-04-06,5003,2010,4,7,1470,73.5,1396.5
13997,2025-01-09,5500,2023,4,20,4200,210.0,3990.0
13998,2025-02-14,5495,1049,1,1,520,26.0,494.0
13999,2025-02-12,5360,1045,2,18,7560,0.0,7560.0
14000,2025-06-20,5292,2034,1,16,8320,0.0,8320.0
14001,2025-06-01,5124,1026,4,2,420,0.0,420.0
14002,2025-03-23,5111,1014,3,18,5760,0.0,5760.0
14003,2025-06-03,5453,1041,3,7,2240,0.0,2240.0
14004,2025-02-21,5118,1011,1,11,5720,0.0,5720.0
14005,2025-03-25,5264,2032,2,1,420,0.0,420.0
14006,2025-05-29,5383,1016,4,6,1260,0.0,1260.0
14007,2025-05-13,5262,1010,2,15,6300,0.0,6300.0
14008,2025-05-25,5495,1039,4,11,2310,0.0,2310.0
14009,2025-04-21,5490,1028,4,4,840,0.0,840.0
14010,2025-05-10,5317,2003,1,16,8320,832.0,7488.0
14011,2025-05-03,5028,1002,3,16,5120,512.0,4608.0
14012,2025-01-16,5126,1006,2,2,840,0.0,840.0
14013,2025-03-30,5473,1008,3,7,2240,0.0,2240.0
14014,2025-02-25,5434,2011,3,9,2880,0.0,2880.0
14015,2025-03-26,5127,1056,3,11,3520,0.0,3520.0
14016,2025-04-11,5147,1046,4,2,420,0.0,420.0
14017,2025-04-27,5160,1020,3,9,2880,0.0,2880.0
14018,2025-01-21,5299,1039,4,3,630,31.5,598.5
14019,2025-05-02,5342,2006,3,7,2240,0.0,2240.0
14020,2025-06-02,5380,1056,1,9,4680,0.0,4680.0
14021,2025-01-26,5122,2022,2,5,2100,0.0,2100.0
14022,2025-06-06,5310,1033,4,7,1470,0.0,1470.0
14023,2025-05-20,5249,2034,2,5,2100,0.0,2100.0
14024,2025-01-25,5011,1002,3,8,2560,0.0,2560.0
14025,2025-02-10,5135,1047,4,22,4620,462.0,4158.0
14026,2025-06-17,5202,1033,1,17,8840,0.0,8840.0
14027,2025-01-18,5202,2006,2,6,2520,252.0,2268.0
14028,2025-01-27,5282,1042,2,24,10080,504.0,9576.0
14029,2025-06-21,5031,2019,3,24,7680,0.0,7680.0
14030,2025-05-02,5336,1039,2,7,2940,147.0,2793.0
14031,2025-06-29,5420,2038,3,18,5760,576.0,5184.0
14032,2025-01-19,5093,1038,4,2,420,0.0,420.0
14033,2025-06-16,5125,1024,3,5,1600,0.0,1600.0
14034,2025-04-26,5464,1034,2,23,9660,966.0,8694.0
14035,2025-04-08,5058,1017,4,22,4620,231.0,4389.0
14036,2025-04-11,5010,1007,1,4,2080,0.0,2080.0
14037,2025-01-10,5141,1044,1,18,9360,0.0,9360.0
14038,2025-01-02,5271,1041,2,14,5880,0.0,5880.0
14039,2025-01-20,5087,1039,2,20,8400,420.0,7980.0
14040,2025-01-21,5051,1005,4,18,3780,0.0,3780.0
14041,2025-01-09,5345,2012,1,1,520,26.0,494.0
14042,2025-03-08,5241,1047,2,17,7140,0.0,7140.0
14043,2025-02-08,5432,2014,1,12,6240,0.0,6240.0
14044,2025-01-11,5423,2017,3,22,7040,0.0,7040.0
14045,2025-05-04,5447,1001,1,11,5720,0.0,5720.0
14046,2025-04-29,5469,1047,2,17,7140,0.0,7140.0
14047,2025-03-03,5155,1006,2,1,420,0.0,420.0
14048,2025-02-23,5058,2018,4,23,4830,483.0,4347.0
14049,2025-02-23,5212,1032,1,5,2600,0.0,2600.0
14050,2025-03-15,5112,2038,1,4,2080,0.0,2080.0
14051,2025-06-16,5414,1034,1,25,13000,0.0,13000.0
14052,2025-05-01,5366,1059,1,7,3640,0.0,3640.0
14053,2025-04-19,5379,1055,4,11,2310,0.0,2310.0
14054,2025-03-22,5298,1029,3,20,6400,0.0,6400.0
14055,2025-05-15,5351,1055,2,24,10080,1008.0,9072.0
14056,2025-01-06,5379,1014,3,20,6400,320.0,6080.0
14057,2025-05-05,5067,1044,4,15,3150,0.0,3150.0
14058,2025-06-11,5459,1011,1,5,2600,130.0,2470.0
14059,2025-06-02,5447,2002,3,2,640,0.0,640.0
14060,2025-03-17,5419,2029,4,24,5040,0.0,5040.0
14061,2025-02-17,5020,1019,3,17,5440,0.0,5440.0
14062,2025-02-03,5462,2032,1,20,10400,0.0,10400.0
14063,2025-02-13,5094,1034,4,10,2100,0.0,2100.0
14064,2025-02-20,5395,2021,4,15,3150,315.0,2835.0
14065,2025-01-07,5428,2004,2,1,420,42.0,378.0
14066,2025-04-19,5481,1033,2,13,5460,0.0,5460.0
14067,2025-05-25,5101,2040,3,13,4160,0.0,4160.0
14068,2025-04-25,5296,1021,3,12,3840,384.0,3456.0
14069,2025-03-26,5120,2008,4,5,1050,105.0,945.0
14070,2025-06-09,5282,1036,3,2,640,32.0,608.0
14071,2025-03-23,5056,2006,2,6,2520,0.0,2520.0
14072,2025-05-30,5011,2032,3,15,4800,0.0,4800.0
14073,2025-04-30,5428,2010,1,1,520,52.0,468.0
14074,2025-05-06,5127,1016,4,24,5040,0.0,5040.0
14075,2025-04-06,5045,2003,1,7,3640,0.0,3640.0
14076,2025-03-22,5474,1021,1,25,13000,0.0,13000.0
14077,2025-05-17,5199,1055,3,10,3200,0.0,3200.0
14078,2025-04-24,5244,1011,4,4,840,0.0,840.0
14079,2025-03-01,5319,1040,3,13,4160,0.0,4160.0
14080,2025-06-06,5406,2005,4,1,210,21.0,189.0
14081,2025-05-31,5420,1060,2,8,3360,168.0,3192.0
14082,2025-06-14,5484,2028,1,10,5200,520.0,4680.0
14083,2025-02-01,5359,1034,1,1,520,0.0,520.0
14084,2025-06-25,5012,1017,1,2,1040,104.0,936.0
14085,2025-03-24,5361,1029,4,22,4620,231.0,4389.0
14086,2025-06-07,5352,1015,3,21,6720,672.0,6048.0
14087,2025-01-28,5335,1012,4,22,4620,0.0,4620.0
14088,2025-05-29,5414,1024,4,25,5250,0.0,5250.0
14089,2025-04-08,5332,1033,4,25,5250,262.5,4987.5
14090,2025-01-19,5453,1031,2,25,10500,0.0,10500.0
14091,2025-03-10,5173,1026,4,7,1470,0.0,1470.0
14092,2025-06-17,5450,1013,3,10,3200,0.0,3200.0
14093,2025-03-26,5387,1057,1,16,8320,0.0,8320.0
14094,2025-06-19,5314,1015,2,7,2940,147.0,2793.0
14095,2025-01-26,5397,1006,3,6,1920,0.0,1920.0
14096,2025-05-31,5293,1044,1,4,2080,208.0,1872.0
14097,2025-04-04,5057,1049,2,11,4620,462.0,4158.0
14098,2025-02-05,5410,1048,2,3,1260,0.0,1260.0
14099,2025-04-23,5389,1051,4,3,630,31.5,598.5
14100,2025-01-12,5140,1057,3,19,6080,608.0,5472.0
14101,2025-02-10,5166,1054,1,5,2600,260.0,2340.0
14102,2025-03-16,5219,2003,2,11,4620,231.0,4389.0
14103,2025-06-17,5137,1036,1,13,6760,338.0,6422.0
14104,2025-06-13,5187,2012,2,19,7980,399.0,7581.0
14105,2025-04-07,5325,1010,1,20,10400,520.0,9880.0
14106,2025-01-11,5409,2031,2,4,1680,84.0,1596.0
14107,2025-01-14,5425,2016,3,14,4480,224.0,4256.0
14108,2025-04-20,5326,1039,2,2,840,0.0,840.0
14109,2025-02-07,5112,1051,1,13,6760,0.0,6760.0
14110,2025-03-03,5473,1049,4,17,3570,357.0,3213.0
14111,2025-04-22,5106,1048,3,14,4480,448.0,4032.0
14112,2025-02-24,5109,2026,2,20,8400,420.0,7980.0
14113,2025-06-04,5021,2002,2,2,840,0.0,840.0
14114,2025-06-10,5006,1004,4,23,4830,0.0,4830.0
14115,2025-01-22,5039,2018,4,13,2730,136.5,2593.5
14116,2025-03-27,5340,2002,1,17,8840,884.0,7956.0
14117,2025-06-07,5444,2002,1,18,9360,936.0,8424.0
14118,2025-05-09,5487,2029,3,20,6400,0.0,6400.0
14119,2025-02-12,5186,1014,2,16,6720,672.0,6048.0
14120,2025-02-20,5480,2016,2,5,2100,0.0,2100.0
14121,2025-02-05,5051,1020,3,19,6080,0.0,6080.0
14122,2025-05-24,5092,1013,1,21,10920,1092.0,9828.0
14123,2025-04-29,5237,1046,1,24,12480,0.0,12480.0
14124,2025-04-22,5036,1001,2,12,5040,0.0,5040.0
14125,2025-02-13,5133,1049,1,19,9880,0.0,9880.0
14126,2025-05-13,5169,1048,3,24,7680,0.0,7680.0
14127,2025-01-25,5434,2006,1,11,5720,572.0,5148.0
14128,2025-06-28,5447,1047,3,9,2880,0.0,2880.0
14129,2025-06-10,5046,2021,4,23,4830,0.0,4830.0
14130,2025-05-22,5035,1027,2,21,8820,0.0,8820.0
14131,2025-04-14,5067,2013,2,21,8820,0.0,8820.0
14132,2025-06-02,5366,2003,3,8,2560,0.0,2560.0
14133,2025-02-28,5406,2020,2,24,10080,0.0,10080.0
14134,2025-04-21,5395,1049,3,11,3520,0.0,3520.0
14135,2025-06-10,5271,1021,1,24,12480,1248.0,11232.0
14136,2025-02-19,5125,1037,3,9,2880,0.0,2880.0
14137,2025-01-18,5358,1009,4,11,2310,115.5,2194.5
14138,2025-05-10,5407,1054,3,17,5440,0.0,5440.0
14139,2025-01-09,5449,2018,2,23,9660,483.0,9177.0
14140,2025-04-29,5354,2039,4,4,840,84.0,756.0
14141,2025-05-28,5092,1038,2,9,3780,378.0,3402.0
14142,2025-05-08,5491,1006,4,12,2520,252.0,2268.0
14143,2025-04-11,5384,2032,2,5,2100,210.0,1890.0
14144,2025-01-25,5051,1002,2,21,8820,0.0,8820.0
14145,2025-06-17,5048,1003,2,10,4200,0.0,4200.0
14146,2025-03-08,5415,2020,2,20,8400,0.0,8400.0
14147,2025-01-18,5235,2020,1,20,10400,520.0,9880.0
14148,2025-03-01,5409,1013,4,16,3360,168.0,3192.0
14149,2025-03-07,5339,1005,1,12,6240,0.0,6240.0
14150,2025-03-30,5447,1055,1,21,10920,1092.0,9828.0
14151,2025-01-14,5303,2028,3,12,3840,0.0,3840.0
14152,2025-02-01,5251,2035,2,23,9660,483.0,9177.0
14153,2025-06-09,5224,2029,2,24,10080,0.0,10080.0
14154,2025-06-06,5150,2038,2,13,5460,273.0,5187.0
14155,2025-05-29,5123,2003,1,13,6760,338.0,6422.0
14156,2025-02-16,5231,1004,3,17,5440,0.0,5440.0
14157,2025-05-20,5271,2013,4,13,2730,136.5,2593.5
14158,2025-06-25,5175,1038,1,20,10400,0.0,10400.0
14159,2025-02-22,5281,1005,1,12,6240,0.0,6240.0
14160,2025-05-18,5291,2023,1,23,11960,0.0,11960.0
14161,2025-04-03,5388,2009,3,12,3840,384.0,3456.0
14162,2025-04-08,5047,2017,1,25,13000,0.0,13000.0
14163,2025-06-30,5206,2004,1,3,1560,0.0,1560.0
14164,2025-02-06,5252,1018,4,18,3780,189.0,3591.0
14165,2025-03-05,5315,1029,4,24,5040,252.0,4788.0
14166,2025-06-15,5345,1021,2,17,7140,0.0,7140.0
14167,2025-03-17,5258,1036,2,1,420,42.0,378.0
14168,2025-01-29,5320,2018,3,9,2880,0.0,2880.0
14169,2025-06-09,5292,1024,2,8,3360,0.0,3360.0
14170,2025-02-02,5478,1039,3,4,1280,0.0,1280.0
14171,2025-01-17,5065,1022,3,7,2240,0.0,2240.0
14172,2025-06-08,5041,1029,1,22,11440,1144.0,10296.0
14173,2025-04-14,5453,1019,3,25,8000,0.0,8000.0
14174,2025-05-09,5080,1004,4,11,2310,0.0,2310.0
14175,2025-06-24,5004,2001,1,4,2080,104.0,1976.0
14176,2025-06-15,5089,1011,3,18,5760,0.0,5760.0
14177,2025-02-14,5495,2002,2,14,5880,294.0,5586.0
14178,2025-04-26,5109,1038,3,25,8000,0.0,8000.0
14179,2025-03-18,5240,1009,3,16,5120,256.0,4864.0
14180,2025-02-20,5122,2005,3,8,2560,256.0,2304.0
14181,2025-02-10,5122,1048,3,10,3200,0.0,3200.0
14182,2025-04-29,5273,2015,4,3,630,63.0,567.0
14183,2025-03-31,5142,2022,4,22,4620,0.0,4620.0
14184,2025-05-06,5389,1060,2,10,4200,0.0,4200.0
14185,2025-06-03,5463,1046,4,3,630,63.0,567.0
14186,2025-01-04,5167,2029,3,10,3200,0.0,3200.0
14187,2025-05-31,5041,2018,3,4,1280,64.0,1216.0
14188,2025-01-29,5231,2026,3,4,1280,128.0,1152.0
14189,2025-03-27,5496,1017,4,17,3570,0.0,3570.0
14190,2025-01-07,5195,2009,4,17,3570,178.5,3391.5
14191,2025-01-15,5266,2025,1,5,2600,0.0,2600.0
14192,2025-02-04,5102,2022,2,16,6720,0.0,6720.0
14193,2025-06-29,5288,1059,4,23,4830,0.0,4830.0
14194,2025-06-12,5493,1002,1,11,5720,572.0,5148.0
14195,2025-01-11,5290,1050,1,4,2080,0.0,2080.0
14196,2025-01-05,5449,1015,2,23,9660,483.0,9177.0
14197,2025-06-28,5194,1038,1,12,6240,0.0,6240.0
14198,2025-02-06,5024,2034,1,24,12480,0.0,12480.0
14199,2025-01-28,5390,1025,2,16,6720,0.0,6720.0
14200,2025-02-11,5283,1013,3,14,4480,0.0,4480.0
14201,2025-06-15,5454,2034,1,14,7280,0.0,7280.0
14202,2025-04-10,5048,1016,2,23,9660,966.0,8694.0
14203,2025-03-18,5496,2029,2,25,10500,0.0,10500.0
14204,2025-05-24,5487,2034,2,11,4620,462.0,4158.0
14205,2025-02-17,5185,1037,4,16,3360,336.0,3024.0
14206,2025-01-04,5241,1060,4,6,1260,63.0,1197.0
14207,2025-04-27,5233,2023,1,13,6760,0.0,6760.0
14208,2025-03-16,5213,1035,1,4,2080,104.0,1976.0
14209,2025-02-21,5472,1015,2,16,6720,0.0,6720.0
14210,2025-02-10,5464,1017,1,12,6240,624.0,5616.0
14211,2025-01-25,5440,1059,4,20,4200,0.0,4200.0
14212,2025-03-03,5137,2019,1,10,5200,260.0,4940.0
14213,2025-05-19,5106,1019,2,12,5040,504.0,4536.0
14214,2025-05-22,5195,1022,1,10,5200,520.0,4680.0
14215,2025-03-10,5476,1058,2,11,4620,462.0,4158.0
14216,2025-04-04,5458,1045,3,15,4800,0.0,4800.0
14217,2025-04-04,5358,1004,4,11,2310,0.0,2310.0
14218,2025-03-26,5458,2001,3,5,1600,0.0,1600.0
14219,2025-01-17,5173,1016,4,10,2100,0.0,2100.0
14220,2025-05-20,5277,1031,1,6,3120,312.0,2808.0
14221,2025-04-19,5099,1024,2,18,7560,0.0,7560.0
14222,2025-02-02,5126,2004,1,16,8320,0.0,8320.0
14223,2025-01-28,5473,2009,2,18,7560,0.0,7560.0
14224,2025-04-13,5093,1050,2,9,3780,0.0,3780.0
14225,2025-02-23,5087,2038,4,17,3570,0.0,3570.0
14226,2025-06-17,5200,1044,3,9,2880,288.0,2592.0
14227,2025-02-26,5158,1001,4,9,1890,0.0,1890.0
14228,2025-04-07,5332,2040,1,6,3120,0.0,3120.0
14229,2025-03-09,5178,1007,3,1,320,0.0,320.0
14230,2025-06-19,5106,1022,2,9,3780,0.0,3780.0
14231,2025-03-30,5492,1027,1,9,4680,0.0,4680.0
14232,2025-05-06,5324,2016,1,5,2600,0.0,2600.0
14233,2025-01-05,5366,1007,3,4,1280,0.0,1280.0
14234,2025-05-22,5462,1030,4,20,4200,0.0,4200.0
14235,2025-06-21,5119,2013,4,10,2100,0.0,2100.0
14236,2025-06-08,5358,1056,3,24,7680,0.0,7680.0
14237,2025-03-21,5383,2002,1,12,6240,0.0,6240.0
14238,2025-01-30,5079,2012,3,19,6080,0.0,6080.0
14239,2025-03-08,5388,1032,3,17,5440,0.0,5440.0
14240,2025-02-11,5173,2001,1,3,1560,0.0,1560.0
14241,2025-01-18,5289,1044,4,13,2730,136.5,2593.5
14242,2025-04-22,5040,1052,1,21,10920,1092.0,9828.0
14243,2025-01-16,5465,1023,4,15,3150,0.0,3150.0
14244,2025-02-16,5063,1044,1,16,8320,0.0,8320.0
14245,2025-04-07,5323,1001,2,9,3780,378.0,3402.0
14246,2025-04-26,5021,2028,3,11,3520,0.0,3520.0
14247,2025-02-04,5073,2024,4,4,840,0.0,840.0
14248,2025-02-08,5249,1055,2,18,7560,756.0,6804.0
14249,2025-01-16,5462,2010,3,14,4480,0.0,4480.0
14250,2025-03-14,5024,2025,1,10,5200,0.0,5200.0
14251,2025-06-24,5190,1040,4,20,4200,210.0,3990.0
14252,2025-04-06,5091,1026,4,4,840,0.0,840.0
14253,2025-05-10,5499,1010,4,4,840,84.0,756.0
14254,2025-05-17,5264,1045,2,17,7140,0.0,7140.0
14255,2025-01-21,5476,1043,1,5,2600,0.0,2600.0
14256,2025-03-09,5071,2006,1,4,2080,0.0,2080.0
14257,2025-05-14,5054,1026,4,22,4620,0.0,4620.0
14258,2025-05-27,5274,1031,1,6,3120,156.0,2964.0
14259,2025-04-14,5210,1027,4,24,5040,0.0,5040.0
14260,2025-04-27,5188,1003,2,11,4620,462.0,4158.0
14261,2025-03-07,5254,2033,4,18,3780,0.0,3780.0
14262,2025-04-23,5444,1043,3,6,1920,0.0,1920.0
14263,2025-03-20,5054,1004,1,11,5720,0.0,5720.0
14264,2025-02-04,5193,2039,4,21,4410,0.0,4410.0
14265,2025-01-24,5440,2015,2,25,10500,1050.0,9450.0
14266,2025-04-19,5234,1046,2,8,3360,0.0,3360.0
14267,2025-06-04,5488,2012,1,23,11960,598.0,11362.0
14268,2025-05-14,5217,1003,2,21,8820,0.0,8820.0
14269,2025-02-04,5072,1025,4,7,1470,0.0,1470.0
14270,2025-03-11,5198,1009,1,10,5200,0.0,5200.0
14271,2025-05-07,5284,2021,1,1,520,0.0,520.0
14272,2025-02-09,5367,2028,4,2,420,0.0,420.0
14273,2025-03-31,5009,1056,4,17,3570,357.0,3213.0
14274,2025-04-18,5033,2016,2,12,5040,0.0,5040.0
14275,2025-04-09,5443,1045,1,7,3640,0.0,3640.0
14276,2025-03-11,5467,1034,4,8,1680,0.0,1680.0
14277,2025-03-02,5494,2002,3,17,5440,0.0,5440.0
14278,2025-06-20,5408,2040,4,16,3360,0.0,3360.0
14279,2025-02-08,5464,1023,4,18,3780,189.0,3591.0
14280,2025-05-30,5394,2011,2,2,840,42.0,798.0
14281,2025-01-12,5111,1035,3,22,7040,704.0,6336.0
14282,2025-04-05,5042,2030,2,23,9660,0.0,9660.0
14283,2025-04-23,5115,1043,4,10,2100,105.0,1995.0
14284,2025-06-01,5467,1030,3,16,5120,0.0,5120.0
14285,2025-06-15,5441,2040,3,8,2560,0.0,2560.0
14286,2025-06-16,5263,1028,2,16,6720,336.0,6384.0
14287,2025-02-18,5394,2018,4,14,2940,294.0,2646.0
14288,2025-05-13,5384,1032,4,25,5250,0.0,5250.0
14289,2025-05-12,5264,2001,4,11,2310,0.0,2310.0
14290,2025-06-09,5260,1026,2,13,5460,0.0,5460.0
14291,2025-02-16,5202,1002,3,19,6080,608.0,5472.0
14292,2025-04-27,5226,1050,1,4,2080,0.0,2080.0
14293,2025-04-06,5168,2008,4,12,2520,0.0,2520.0
14294,2025-05-25,5043,1022,4,17,3570,178.5,3391.5
14295,2025-01-06,5062,1028,2,22,9240,0.0,9240.0
14296,2025-04-09,5064,1015,3,16,5120,256.0,4864.0
14297,2025-03-11,5115,1057,1,22,11440,572.0,10868.0
14298,2025-01-23,5054,1059,1,9,4680,234.0,4446.0
14299,2025-05-19,5485,1025,1,13,6760,0.0,6760.0
14300,2025-04-11,5328,1052,4,10,2100,0.0,2100.0
14301,2025-01-10,5270,1018,2,13,5460,546.0,4914.0
14302,2025-05-27,5025,1021,1,5,2600,130.0,2470.0
14303,2025-01-19,5069,1010,1,25,13000,0.0,13000.0
14304,2025-02-18,5162,1034,2,9,3780,378.0,3402.0
14305,2025-04-20,5107,1010,1,5,2600,0.0,2600.0
14306,2025-06-24,5403,2019,1,16,8320,0.0,8320.0
14307,2025-06-26,5124,1034,4,8,1680,84.0,1596.0
14308,2025-01-01,5034,1039,4,25,5250,0.0,5250.0
14309,2025-05-19,5196,1034,3,12,3840,192.0,3648.0
14310,2025-01-24,5364,1014,2,24,10080,0.0,10080.0
14311,2025-03-30,5018,2034,3,17,5440,272.0,5168.0
14312,2025-03-22,5330,1053,1,4,2080,0.0,2080.0
14313,2025-06-23,5055,1052,1,14,7280,728.0,6552.0
14314,2025-02-18,5265,2020,4,6,1260,126.0,1134.0
14315,2025-04-02,5442,1031,4,5,1050,0.0,1050.0
14316,2025-03-29,5253,1043,4,3,630,0.0,630.0
14317,2025-01-04,5469,1030,3,9,2880,0.0,2880.0
14318,2025-02-23,5377,1031,3,20,6400,0.0,6400.0
14319,2025-06-04,5293,1053,2,13,5460,0.0,5460.0
14320,2025-02-21,5091,1040,1,15,7800,0.0,7800.0
14321,2025-01-04,5279,1056,4,22,4620,0.0,4620.0
14322,2025-03-05,5343,2037,1,16,8320,0.0,8320.0
14323,2025-06-18,5066,1029,1,6,3120,312.0,2808.0
14324,2025-05-29,5202,2017,4,21,4410,0.0,4410.0
14325,2025-03-21,5234,1021,4,21,4410,0.0,4410.0
14326,2025-02-07,5199,1008,2,6,2520,126.0,2394.0
14327,2025-06-14,5189,2037,2,25,10500,525.0,9975.0
14328,2025-02-19,5419,1060,3,22,7040,0.0,7040.0
14329,2025-04-27,5465,1033,4,16,3360,0.0,3360.0
14330,2025-05-24,5495,2018,1,23,11960,598.0,11362.0
14331,2025-06-21,5096,1023,1,22,11440,0.0,11440.0
14332,2025-03-11,5330,1002,3,11,3520,352.0,3168.0
14333,2025-03-03,5272,2007,4,4,840,84.0,756.0
14334,2025-05-18,5496,1057,1,4,2080,0.0,2080.0
14335,2025-04-20,5100,1042,2,5,2100,210.0,1890.0
14336,2025-02-12,5438,1021,3,13,4160,0.0,4160.0
14337,2025-01-06,5311,1039,2,13,5460,0.0,5460.0
14338,2025-03-12,5308,1030,1,18,9360,0.0,9360.0
14339,2025-04-17,5053,1011,2,16,6720,0.0,6720.0
14340,2025-06-12,5079,2030,3,11,3520,176.0,3344.0
14341,2025-02-12,5081,1008,2,9,3780,0.0,3780.0
14342,2025-04-18,5411,1022,1,6,3120,156.0,2964.0
14343,2025-04-16,5143,2014,3,22,7040,704.0,6336.0
14344,2025-02-19,5240,1039,1,18,9360,468.0,8892.0
14345,2025-04-15,5197,1011,2,15,6300,0.0,6300.0
14346,2025-06-07,5473,2029,2,8,3360,0.0,3360.0
14347,2025-05-20,5450,1017,1,19,9880,0.0,9880.0
14348,2025-03-09,5447,1014,1,1,520,26.0,494.0
14349,2025-04-22,5032,1030,2,22,9240,462.0,8778.0
14350,2025-06-24,5185,1033,1,3,1560,156.0,1404.0
14351,2025-03-23,5233,2023,3,16,5120,0.0,5120.0
14352,2025-02-14,5344,1031,3,24,7680,0.0,7680.0
14353,2025-05-23,5174,1037,3,19,6080,0.0,6080.0
14354,2025-01-19,5075,1028,4,11,2310,0.0,2310.0
14355,2025-05-23,5141,1008,4,10,2100,0.0,2100.0
14356,2025-02-18,5391,2026,1,10,5200,0.0,5200.0
14357,2025-04-18,5464,1029,4,21,4410,0.0,4410.0
14358,2025-04-18,5337,1018,1,16,8320,832.0,7488.0
14359,2025-06-12,5481,2013,1,20,10400,0.0,10400.0
14360,2025-04-02,5325,1054,3,3,960,0.0,960.0
14361,2025-05-19,5336,1030,2,1,420,0.0,420.0
14362,2025-03-29,5321,2021,3,3,960,48.0,912.0
14363,2025-02-10,5125,2024,4,21,4410,220.5,4189.5
14364,2025-03-05,5430,2012,4,3,630,0.0,630.0
14365,2025-06-03,5134,1042,2,12,5040,0.0,5040.0
14366,2025-06-05,5358,1032,3,8,2560,128.0,2432.0
14367,2025-02-01,5297,2008,4,7,1470,0.0,1470.0
14368,2025-06-29,5336,1057,1,5,2600,0.0,2600.0
14369,2025-03-09,5401,1058,2,18,7560,378.0,7182.0
14370,2025-03-27,5285,1036,2,2,840,0.0,840.0
14371,2025-06-13,5044,1008,4,25,5250,0.0,5250.0
14372,2025-02-08,5240,1033,1,19,9880,494.0,9386.0
14373,2025-02-13,5145,1045,4,20,4200,420.0,3780.0
14374,2025-01-06,5170,1058,4,6,1260,63.0,1197.0
14375,2025-06-01,5339,2011,1,5,2600,0.0,2600.0
14376,2025-04-28,5171,1052,1,21,10920,0.0,10920.0
14377,2025-05-29,5284,2012,4,4,840,84.0,756.0
14378,2025-06-15,5443,2017,2,4,1680,0.0,1680.0
14379,2025-01-16,5308,2037,3,2,640,0.0,640.0
14380,2025-03-08,5249,1030,3,9,2880,0.0,2880.0
14381,2025-06-15,5483,2037,1,25,13000,0.0,13000.0
14382,2025-06-09,5335,1058,1,10,5200,520.0,4680.0
14383,2025-06-13,5147,2031,4,8,1680,0.0,1680.0
14384,2025-06-04,5289,1060,1,8,4160,0.0,4160.0
14385,2025-06-12,5046,2005,3,22,7040,704.0,6336.0
14386,2025-03-07,5107,2035,1,18,9360,468.0,8892.0
14387,2025-01-12,5493,1056,2,10,4200,0.0,4200.0
14388,2025-06-08,5062,1025,3,23,7360,736.0,6624.0
14389,2025-01-04,5258,2038,3,17,5440,544.0,4896.0
14390,2025-02-06,5308,1056,3,20,6400,640.0,5760.0
14391,2025-04-13,5205,1026,4,23,4830,0.0,4830.0
14392,2025-01-27,5464,1017,1,18,9360,468.0,8892.0
14393,2025-01-26,5135,2035,2,10,4200,210.0,3990.0
14394,2025-06-03,5456,2013,2,21,8820,0.0,8820.0
14395,2025-05-26,5069,1044,1,2,1040,104.0,936.0
14396,2025-06-27,5334,1059,1,15,7800,0.0,7800.0
14397,2025-02-05,5052,2039,4,12,2520,0.0,2520.0
14398,2025-03-29,5309,2006,2,22,9240,462.0,8778.0
14399,2025-02-09,5482,1048,4,18,3780,189.0,3591.0
14400,2025-02-10,5306,1050,2,25,10500,1050.0,9450.0
14401,2025-01-21,5037,1011,2,11,4620,231.0,4389.0
14402,2025-06-24,5479,1044,4,19,3990,199.5,3790.5
14403,2025-06-30,5140,1036,2,15,6300,315.0,5985.0
14404,2025-03-06,5152,1001,2,8,3360,0.0,3360.0
14405,2025-06-04,5015,2007,2,2,840,84.0,756.0
14406,2025-04-30,5001,1059,3,12,3840,0.0,3840.0
14407,2025-06-04,5071,2030,2,4,1680,168.0,1512.0
14408,2025-06-21,5480,2006,1,15,7800,0.0,7800.0
14409,2025-05-22,5263,2002,3,12,3840,384.0,3456.0
14410,2025-05-29,5094,1036,3,10,3200,320.0,2880.0
14411,2025-05-20,5242,1025,3,15,4800,0.0,4800.0
14412,2025-02-28,5212,1041,2,12,5040,252.0,4788.0
14413,2025-01-10,5412,2031,1,25,13000,1300.0,11700.0
14414,2025-06-17,5109,2037,1,16,8320,0.0,8320.0
14415,2025-03-05,5137,1052,3,20,6400,0.0,6400.0
14416,2025-06-17,5041,2030,3,22,7040,704.0,6336.0
14417,2025-06-14,5453,1041,2,10,4200,210.0,3990.0
14418,2025-01-16,5488,1045,3,7,2240,112.0,2128.0
14419,2025-04-03,5147,2021,3,1,320,0.0,320.0
14420,2025-06-01,5213,2029,2,24,10080,504.0,9576.0
14421,2025-05-14,5075,1054,3,9,2880,144.0,2736.0
14422,2025-01-05,5264,1024,3,13,4160,416.0,3744.0
14423,2025-02-12,5411,1018,2,24,10080,0.0,10080.0
14424,2025-03-01,5309,1059,1,9,4680,0.0,4680.0
14425,2025-06-10,5061,1011,3,2,640,0.0,640.0
14426,2025-05-19,5009,1041,3,19,6080,0.0,6080.0
14427,2025-02-13,5096,1014,1,6,3120,0.0,3120.0
14428,2025-05-17,5462,1012,1,5,2600,0.0,2600.0
14429,2025-05-24,5459,2026,4,9,1890,94.5,1795.5
14430,2025-04-14,5113,1014,2,18,7560,378.0,7182.0
14431,2025-05-20,5168,2001,2,13,5460,546.0,4914.0
14432,2025-02-21,5010,1012,1,8,4160,0.0,4160.0
14433,2025-05-13,5390,1030,3,2,640,0.0,640.0
14434,2025-02-05,5144,1026,2,1,420,0.0,420.0
14435,2025-03-01,5360,1059,4,8,1680,0.0,1680.0
14436,2025-06-15,5097,2034,4,21,4410,0.0,4410.0
14437,2025-01-24,5100,1045,4,5,1050,0.0,1050.0
14438,2025-06-06,5488,2011,3,21,6720,672.0,6048.0
14439,2025-01-01,5488,1048,1,18,9360,468.0,8892.0
14440,2025-02-15,5059,1021,1,21,10920,0.0,10920.0
14441,2025-02-04,5095,2005,3,24,7680,0.0,7680.0
14442,2025-03-08,5411,2001,3,13,4160,208.0,3952.0
14443,2025-01-21,5430,2030,3,2,640,0.0,640.0
14444,2025-05-21,5347,2024,4,13,2730,0.0,2730.0
14445,2025-05-23,5319,2015,1,21,10920,1092.0,9828.0
14446,2025-05-01,5149,1037,3,25,8000,0.0,8000.0
14447,2025-02-28,5123,2037,2,19,7980,399.0,7581.0
14448,2025-02-05,5106,1034,4,3,630,63.0,567.0
14449,2025-02-04,5326,2032,3,9,2880,144.0,2736.0
14450,2025-04-29,5373,2030,2,13,5460,0.0,5460.0
14451,2025-04-08,5001,2023,3,8,2560,128.0,2432.0
14452,2025-06-25,5062,1023,1,24,12480,0.0,12480.0
14453,2025-06-18,5269,1037,3,15,4800,0.0,4800.0
14454,2025-03-10,5180,2008,4,3,630,0.0,630.0
14455,2025-03-24,5020,2033,1,19,9880,494.0,9386.0
14456,2025-06-09,5487,1006,2,5,2100,105.0,1995.0
14457,2025-03-04,5216,2012,3,3,960,0.0,960.0
14458,2025-01-04,5298,2032,2,10,4200,0.0,4200.0
14459,2025-06-27,5308,2016,3,1,320,0.0,320.0
14460,2025-01-11,5184,2001,4,5,1050,0.0,1050.0
14461,2025-02-02,5284,2030,4,1,210,0.0,210.0
14462,2025-03-15,5381,1002,2,23,9660,483.0,9177.0
14463,2025-03-23,5462,1004,2,1,420,42.0,378.0
14464,2025-02-17,5191,1011,2,15,6300,0.0,6300.0
14465,2025-02-12,5354,2028,2,15,6300,630.0,5670.0
14466,2025-04-08,5117,1029,3,4,1280,0.0,1280.0
14467,2025-06-08,5432,1023,4,16,3360,168.0,3192.0
14468,2025-06-16,5262,1017,2,10,4200,210.0,3990.0
14469,2025-03-29,5118,1034,3,12,3840,0.0,3840.0
14470,2025-06-11,5154,1058,2,11,4620,462.0,4158.0
14471,2025-06-14,5309,1047,3,7,2240,0.0,2240.0
14472,2025-03-17,5280,2032,1,15,7800,0.0,7800.0
14473,2025-02-01,5429,1052,3,25,8000,800.0,7200.0
14474,2025-05-28,5096,2009,4,23,4830,483.0,4347.0
14475,2025-03-23,5014,1034,4,1,210,0.0,210.0
14476,2025-04-22,5025,1045,4,12,2520,0.0,2520.0
14477,2025-05-06,5030,1014,4,9,1890,189.0,1701.0
14478,2025-03-21,5445,1038,3,15,4800,0.0,4800.0
14479,2025-01-20,5337,1026,2,4,1680,168.0,1512.0
14480,2025-01-13,5171,1037,4,9,1890,0.0,1890.0
14481,2025-04-08,5189,1037,3,3,960,0.0,960.0
14482,2025-04-10,5474,2030,1,25,13000,0.0,13000.0
14483,2025-05-25,5148,2002,3,13,4160,0.0,4160.0
14484,2025-04-27,5124,1029,2,11,4620,462.0,4158.0
14485,2025-01-04,5031,1057,3,4,1280,128.0,1152.0
14486,2025-05-23,5178,1047,1,24,12480,0.0,12480.0
14487,2025-04-14,5218,2024,4,14,2940,0.0,2940.0
14488,2025-03-22,5129,1036,2,7,2940,147.0,2793.0
14489,2025-04-04,5060,1015,3,17,5440,0.0,5440.0
14490,2025-01-30,5060,2003,3,11,3520,0.0,3520.0
14491,2025-03-04,5331,1039,3,1,320,0.0,320.0
14492,2025-02-07,5370,1020,1,23,11960,598.0,11362.0
14493,2025-06-06,5484,1052,2,9,3780,378.0,3402.0
14494,2025-04-16,5458,1034,1,4,2080,0.0,2080.0
14495,2025-06-18,5359,1038,4,16,3360,168.0,3192.0
14496,2025-04-04,5265,2011,3,16,5120,0.0,5120.0
14497,2025-06-11,5091,1032,1,1,520,0.0,520.0
14498,2025-02-05,5064,2025,1,2,1040,52.0,988.0
14499,2025-05-13,5281,2021,1,19,9880,0.0,9880.0
14500,2025-04-14,5241,2011,1,3,1560,156.0,1404.0
14501,2025-06-30,5188,1039,1,12,6240,0.0,6240.0
14502,2025-03-20,5283,1042,2,9,3780,0.0,3780.0
14503,2025-06-25,5161,2011,2,2,840,84.0,756.0
14504,2025-01-19,5058,1025,4,12,2520,0.0,2520.0
14505,2025-06-07,5267,2002,4,24,5040,0.0,5040.0
14506,2025-06-16,5151,2039,2,5,2100,105.0,1995.0
14507,2025-05-10,5166,1023,2,15,6300,0.0,6300.0
14508,2025-01-25,5357,1027,3,13,4160,0.0,4160.0
14509,2025-04-01,5476,2021,3,25,8000,0.0,8000.0
14510,2025-02-19,5038,2037,1,7,3640,0.0,3640.0
14511,2025-01-02,5432,1012,2,20,8400,0.0,8400.0
14512,2025-01-12,5396,1002,4,17,3570,0.0,3570.0
14513,2025-06-15,5041,2006,4,8,1680,0.0,1680.0
14514,2025-05-20,5275,2022,3,9,2880,288.0,2592.0
14515,2025-01-05,5119,1033,1,25,13000,1300.0,11700.0
14516,2025-06-13,5176,1048,4,21,4410,0.0,4410.0
14517,2025-05-31,5427,2007,3,25,8000,0.0,8000.0
14518,2025-05-29,5045,1016,1,17,8840,442.0,8398.0
14519,2025-01-15,5191,2013,4,5,1050,52.5,997.5
14520,2025-03-23,5459,2003,1,19,9880,0.0,9880.0
14521,2025-06-26,5469,2028,4,7,1470,147.0,1323.0
14522,2025-04-14,5338,1032,3,1,320,0.0,320.0
14523,2025-02-07,5227,2004,4,3,630,0.0,630.0
14524,2025-03-28,5491,2020,4,15,3150,0.0,3150.0
14525,2025-04-14,5415,1047,4,23,4830,0.0,4830.0
14526,2025-03-28,5105,2003,1,2,1040,0.0,1040.0
14527,2025-04-04,5013,1016,2,25,10500,1050.0,9450.0
14528,2025-02-06,5170,1039,3,15,4800,0.0,4800.0
14529,2025-06-30,5364,2009,4,13,2730,0.0,2730.0
14530,2025-03-27,5095,1040,4,24,5040,0.0,5040.0
14531,2025-05-30,5278,2032,3,22,7040,0.0,7040.0
14532,2025-06-14,5266,1060,2,6,2520,0.0,2520.0
14533,2025-05-20,5176,2020,1,2,1040,104.0,936.0
14534,2025-01-09,5039,1052,3,6,1920,0.0,1920.0
14535,2025-04-05,5194,1034,3,4,1280,64.0,1216.0
14536,2025-04-20,5289,1006,4,24,5040,504.0,4536.0
14537,2025-01-27,5467,2007,2,10,4200,420.0,3780.0
14538,2025-03-02,5293,1039,2,13,5460,0.0,5460.0
14539,2025-02-04,5279,1026,3,23,7360,736.0,6624.0
14540,2025-05-12,5248,2017,3,18,5760,0.0,5760.0
14541,2025-05-05,5277,1043,2,10,4200,420.0,3780.0
14542,2025-05-29,5378,2019,2,10,4200,210.0,3990.0
14543,2025-01-05,5125,2026,4,4,840,42.0,798.0
14544,2025-03-03,5327,2015,2,11,4620,0.0,4620.0
14545,2025-03-26,5166,2029,3,14,4480,0.0,4480.0
14546,2025-05-30,5290,2036,1,2,1040,0.0,1040.0
14547,2025-05-01,5059,2033,4,16,3360,336.0,3024.0
14548,2025-05-07,5147,2017,4,6,1260,0.0,1260.0
14549,2025-02-28,5367,1048,2,3,1260,63.0,1197.0
14550,2025-04-23,5020,2020,1,1,520,0.0,520.0
14551,2025-04-16,5327,1030,2,23,9660,483.0,9177.0
14552,2025-02-09,5268,1023,2,20,8400,0.0,8400.0
14553,2025-06-22,5337,2035,1,11,5720,0.0,5720.0
14554,2025-01-02,5113,1038,2,24,10080,504.0,9576.0
14555,2025-03-23,5059,2039,3,2,640,64.0,576.0
14556,2025-04-13,5304,1019,4,25,5250,0.0,5250.0
14557,2025-06-13,5030,1039,3,15,4800,240.0,4560.0
14558,2025-06-30,5057,2006,4,11,2310,0.0,2310.0
14559,2025-03-04,5422,2005,1,16,8320,416.0,7904.0
14560,2025-02-25,5328,1026,4,10,2100,0.0,2100.0
14561,2025-06-17,5081,1023,3,3,960,0.0,960.0
14562,2025-03-21,5449,2039,1,4,2080,104.0,1976.0
14563,2025-05-07,5061,2012,4,19,3990,0.0,3990.0
14564,2025-01-13,5131,1045,3,6,1920,0.0,1920.0
14565,2025-04-13,5026,1013,4,24,5040,0.0,5040.0
14566,2025-05-31,5423,1044,2,2,840,0.0,840.0
14567,2025-05-16,5181,1024,3,7,2240,0.0,2240.0
14568,2025-03-22,5081,2026,3,14,4480,0.0,4480.0
14569,2025-04-23,5083,2024,2,3,1260,0.0,1260.0
14570,2025-06-28,5048,1001,2,4,1680,0.0,1680.0
14571,2025-03-21,5066,1059,3,18,5760,0.0,5760.0
14572,2025-03-20,5051,2004,3,9,2880,288.0,2592.0
14573,2025-04-18,5323,1009,4,9,1890,189.0,1701.0
14574,2025-03-30,5498,2009,1,6,3120,0.0,3120.0
14575,2025-06-13,5301,1038,2,20,8400,420.0,7980.0
14576,2025-05-11,5086,2019,4,9,1890,0.0,1890.0
14577,2025-02-18,5359,1037,2,3,1260,126.0,1134.0
14578,2025-02-17,5281,1027,3,14,4480,0.0,4480.0
14579,2025-06-20,5021,2027,1,18,9360,0.0,9360.0
14580,2025-03-11,5425,2028,1,2,1040,0.0,1040.0
14581,2025-03-10,5499,2012,2,4,1680,0.0,1680.0
14582,2025-04-20,5445,2023,3,18,5760,576.0,5184.0
14583,2025-05-16,5158,1008,4,1,210,10.5,199.5
14584,2025-03-16,5467,2016,4,6,1260,63.0,1197.0
14585,2025-02-12,5413,1059,3,17,5440,0.0,5440.0
14586,2025-06-11,5081,2003,2,4,1680,0.0,1680.0
14587,2025-06-08,5235,2039,3,14,4480,224.0,4256.0
14588,2025-03-25,5246,2014,1,15,7800,780.0,7020.0
14589,2025-03-23,5378,1036,2,12,5040,0.0,5040.0
14590,2025-04-06,5438,2037,4,19,3990,199.5,3790.5
14591,2025-01-30,5003,2021,3,9,2880,0.0,2880.0
14592,2025-05-14,5266,1057,1,8,4160,0.0,4160.0
14593,2025-03-11,5164,2037,1,2,1040,104.0,936.0
14594,2025-01-25,5303,2005,3,10,3200,0.0,3200.0
14595,2025-05-26,5313,1029,2,21,8820,882.0,7938.0
14596,2025-03-02,5432,1016,2,22,9240,0.0,9240.0
14597,2025-01-11,5302,2027,1,14,7280,0.0,7280.0
14598,2025-03-25,5122,1040,3,16,5120,256.0,4864.0
14599,2025-02-26,5476,1047,2,15,6300,0.0,6300.0
14600,2025-03-09,5489,1024,4,10,2100,0.0,2100.0
14601,2025-06-18,5244,1006,3,1,320,0.0,320.0
14602,2025-02-19,5050,2029,4,19,3990,0.0,3990.0
14603,2025-03-25,5313,1055,1,4,2080,104.0,1976.0
14604,2025-03-10,5154,1036,1,3,1560,0.0,1560.0
14605,2025-05-13,5305,2020,4,8,1680,84.0,1596.0
14606,2025-02-07,5289,2005,1,15,7800,0.0,7800.0
14607,2025-06-24,5054,1012,2,3,1260,0.0,1260.0
14608,2025-05-13,5039,1035,2,20,8400,0.0,8400.0
14609,2025-04-10,5198,2016,1,22,11440,1144.0,10296.0
14610,2025-05-23,5250,1023,2,5,2100,0.0,2100.0
14611,2025-02-27,5063,1029,3,4,1280,64.0,1216.0
14612,2025-03-02,5383,2010,3,23,7360,736.0,6624.0
14613,2025-03-01,5359,1036,3,10,3200,0.0,3200.0
14614,2025-05-09,5118,1022,4,17,3570,357.0,3213.0
14615,2025-02-02,5090,1057,2,10,4200,210.0,3990.0
14616,2025-06-16,5212,1046,2,7,2940,294.0,2646.0
14617,2025-01-14,5034,2039,4,25,5250,262.5,4987.5
14618,2025-03-20,5085,2034,2,25,10500,0.0,10500.0
14619,2025-04-20,5281,1023,1,13,6760,0.0,6760.0
14620,2025-06-29,5003,1018,3,22,7040,704.0,6336.0
14621,2025-02-27,5150,2029,2,11,4620,0.0,4620.0
14622,2025-05-30,5124,2020,1,20,10400,520.0,9880.0
14623,2025-02-02,5269,1003,4,2,420,0.0,420.0
14624,2025-06-22,5037,2027,2,14,5880,0.0,5880.0
14625,2025-03-20,5377,1010,4,12,2520,252.0,2268.0
14626,2025-03-11,5447,1029,1,9,4680,0.0,4680.0
14627,2025-06-26,5372,1009,4,8,1680,84.0,1596.0
14628,2025-03-27,5108,1046,4,18,3780,0.0,3780.0
14629,2025-01-05,5499,2004,3,1,320,32.0,288.0
14630,2025-04-19,5078,1017,2,24,10080,0.0,10080.0
14631,2025-06-06,5440,1049,2,22,9240,0.0,9240.0
14632,2025-01-16,5488,1035,1,16,8320,416.0,7904.0
14633,2025-06-19,5426,2016,4,19,3990,0.0,3990.0
14634,2025-02-18,5140,1031,1,7,3640,0.0,3640.0
14635,2025-01-08,5039,2026,1,6,3120,0.0,3120.0
14636,2025-04-08,5313,2013,1,2,1040,0.0,1040.0
14637,2025-04-03,5299,1041,3,15,4800,0.0,4800.0
14638,2025-05-05,5456,1049,1,5,2600,0.0,2600.0
14639,2025-04-10,5480,2035,2,14,5880,0.0,5880.0
14640,2025-02-13,5133,1034,1,16,8320,0.0,8320.0
14641,2025-06-20,5360,1019,4,12,2520,126.0,2394.0
14642,2025-05-10,5041,1017,3,4,1280,64.0,1216.0
14643,2025-03-11,5049,2016,4,6,1260,0.0,1260.0
14644,2025-01-23,5093,1029,4,12,2520,0.0,2520.0
14645,2025-06-07,5397,1031,3,16,5120,256.0,4864.0
14646,2025-05-10,5175,2025,1,19,9880,0.0,9880.0
14647,2025-04-04,5457,2037,3,12,3840,192.0,3648.0
14648,2025-02-28,5305,1036,2,22,9240,0.0,9240.0
14649,2025-04-08,5247,2018,2,21,8820,0.0,8820.0
14650,2025-06-15,5304,1058,1,3,1560,78.0,1482.0
14651,2025-05-20,5026,1005,2,8,3360,0.0,3360.0
14652,2025-06-12,5382,1027,1,20,10400,1040.0,9360.0
14653,2025-03-25,5461,1019,2,16,6720,336.0,6384.0
14654,2025-06-21,5383,1015,4,25,5250,0.0,5250.0
14655,2025-04-10,5046,2015,1,21,10920,0.0,10920.0
14656,2025-01-02,5481,2025,4,7,1470,0.0,1470.0
14657,2025-03-05,5204,1001,4,12,2520,252.0,2268.0
14658,2025-06-17,5282,1058,3,24,7680,0.0,7680.0
14659,2025-05-26,5331,1048,2,11,4620,462.0,4158.0
14660,2025-02-06,5288,1041,3,21,6720,672.0,6048.0
14661,2025-05-06,5129,1011,1,13,6760,0.0,6760.0
14662,2025-06-22,5473,2019,3,11,3520,0.0,3520.0
14663,2025-06-15,5431,2001,4,24,5040,252.0,4788.0
14664,2025-05-27,5067,2018,2,19,7980,399.0,7581.0
14665,2025-03-05,5049,1010,1,10,5200,0.0,5200.0
14666,2025-02-16,5420,2025,3,3,960,0.0,960.0
14667,2025-02-13,5143,2033,1,4,2080,0.0,2080.0
14668,2025-04-07,5433,2026,1,7,3640,364.0,3276.0
14669,2025-06-03,5148,2003,4,4,840,0.0,840.0
14670,2025-04-02,5349,2020,3,15,4800,0.0,4800.0
14671,2025-06-30,5263,2007,4,14,2940,147.0,2793.0
14672,2025-06-22,5328,1013,4,25,5250,0.0,5250.0
14673,2025-03-01,5007,1045,4,13,2730,0.0,2730.0
14674,2025-03-29,5096,1010,1,23,11960,0.0,11960.0
14675,2025-01-09,5366,1020,2,14,5880,588.0,5292.0
14676,2025-03-08,5372,2019,3,16,5120,512.0,4608.0
14677,2025-06-02,5062,2040,1,2,1040,104.0,936.0
14678,2025-05-25,5356,1038,1,12,6240,0.0,6240.0
14679,2025-04-23,5147,1038,4,10,2100,0.0,2100.0
14680,2025-03-21,5051,2031,4,21,4410,0.0,4410.0
14681,2025-02-25,5064,2039,2,1,420,21.0,399.0
14682,2025-03-18,5393,1047,3,25,8000,0.0,8000.0
14683,2025-06-03,5447,1031,3,20,6400,320.0,6080.0
14684,2025-03-18,5305,2003,2,9,3780,0.0,3780.0
14685,2025-02-01,5429,1047,4,3,630,63.0,567.0
14686,2025-05-16,5475,1008,2,15,6300,0.0,6300.0
14687,2025-01-23,5035,1025,4,16,3360,0.0,3360.0
14688,2025-02-04,5500,1048,1,22,11440,1144.0,10296.0
14689,2025-05-27,5317,1032,3,23,7360,0.0,7360.0
14690,2025-03-12,5235,2037,4,8,1680,168.0,1512.0
14691,2025-03-05,5417,2026,1,21,10920,0.0,10920.0
14692,2025-04-26,5073,1054,2,18,7560,0.0,7560.0
14693,2025-02-07,5049,1004,2,7,2940,0.0,2940.0
14694,2025-01-09,5174,2001,2,15,6300,0.0,6300.0
14695,2025-01-10,5004,1026,3,23,7360,0.0,7360.0
14696,2025-04-22,5119,1048,1,10,5200,0.0,5200.0
14697,2025-02-13,5332,1014,3,2,640,0.0,640.0
14698,2025-06-29,5398,2030,3,12,3840,192.0,3648.0
14699,2025-05-22,5018,1003,3,2,640,0.0,640.0
14700,2025-03-18,5429,1018,4,23,4830,0.0,4830.0
14701,2025-05-22,5345,1035,1,13,6760,338.0,6422.0
14702,2025-04-21,5090,1046,1,17,8840,884.0,7956.0
14703,2025-01-11,5431,1005,3,23,7360,0.0,7360.0
14704,2025-01-06,5012,2010,2,1,420,0.0,420.0
14705,2025-02-04,5315,1057,3,25,8000,800.0,7200.0
14706,2025-03-02,5429,1030,3,13,4160,0.0,4160.0
14707,2025-03-20,5193,1003,4,3,630,0.0,630.0
14708,2025-06-22,5200,1004,1,11,5720,572.0,5148.0
14709,2025-03-30,5158,1008,2,9,3780,0.0,3780.0
14710,2025-06-16,5313,1034,3,23,7360,0.0,7360.0
14711,2025-03-09,5202,1024,3,10,3200,0.0,3200.0
14712,2025-01-28,5480,1055,2,24,10080,0.0,10080.0
14713,2025-03-13,5035,1010,1,20,10400,0.0,10400.0
14714,2025-02-10,5468,2024,2,8,3360,0.0,3360.0
14715,2025-04-04,5083,1060,2,12,5040,0.0,5040.0
14716,2025-02-19,5169,1024,4,10,2100,0.0,2100.0
14717,2025-04-07,5160,1044,1,18,9360,936.0,8424.0
14718,2025-04-07,5433,2020,3,15,4800,240.0,4560.0
14719,2025-04-30,5076,1013,1,5,2600,0.0,2600.0
14720,2025-03-18,5224,1007,3,16,5120,512.0,4608.0
14721,2025-01-31,5068,1004,4,6,1260,63.0,1197.0
14722,2025-01-29,5252,1053,4,25,5250,0.0,5250.0
14723,2025-01-13,5332,2013,3,13,4160,208.0,3952.0
14724,2025-04-20,5455,1055,1,20,10400,0.0,10400.0
14725,2025-06-21,5029,2002,3,5,1600,160.0,1440.0
14726,2025-03-27,5323,1041,4,8,1680,84.0,1596.0
14727,2025-02-09,5488,2033,2,18,7560,0.0,7560.0
14728,2025-06-23,5138,1009,4,18,3780,0.0,3780.0
14729,2025-04-24,5106,1030,2,8,3360,0.0,3360.0
14730,2025-06-20,5308,1026,3,17,5440,0.0,5440.0
14731,2025-06-10,5303,1049,4,7,1470,73.5,1396.5
14732,2025-01-26,5247,2034,1,16,8320,0.0,8320.0
14733,2025-06-15,5080,2018,4,15,3150,315.0,2835.0
14734,2025-06-08,5370,1002,3,13,4160,416.0,3744.0
14735,2025-01-25,5403,1010,4,7,1470,0.0,1470.0
14736,2025-05-21,5298,1007,4,23,4830,241.5,4588.5
14737,2025-01-29,5330,1036,3,25,8000,0.0,8000.0
14738,2025-04-23,5451,1023,1,4,2080,208.0,1872.0
14739,2025-03-19,5343,2006,1,19,9880,0.0,9880.0
14740,2025-02-24,5279,2028,4,18,3780,0.0,3780.0
14741,2025-01-21,5296,1034,1,6,3120,156.0,2964.0
14742,2025-02-25,5418,1049,3,25,8000,0.0,8000.0
14743,2025-01-01,5058,2026,3,15,4800,0.0,4800.0
14744,2025-06-25,5493,2019,1,8,4160,0.0,4160.0
14745,2025-04-11,5199,1037,2,23,9660,0.0,9660.0
14746,2025-03-11,5410,1050,3,18,5760,0.0,5760.0
14747,2025-03-22,5469,1050,3,17,5440,0.0,5440.0
14748,2025-02-19,5493,2020,1,20,10400,0.0,10400.0
14749,2025-03-22,5269,1044,2,13,5460,0.0,5460.0
14750,2025-05-25,5246,2013,4,21,4410,220.5,4189.5
14751,2025-06-20,5165,1017,1,4,2080,104.0,1976.0
14752,2025-05-20,5489,1059,4,5,1050,105.0,945.0
14753,2025-02-07,5389,2001,3,5,1600,160.0,1440.0
14754,2025-02-08,5014,2013,2,1,420,21.0,399.0
14755,2025-01-08,5178,2005,1,14,7280,0.0,7280.0
14756,2025-04-11,5051,1020,2,14,5880,0.0,5880.0
14757,2025-02-05,5456,2019,4,14,2940,0.0,2940.0
14758,2025-05-07,5162,2007,3,22,7040,704.0,6336.0
14759,2025-05-25,5243,1022,3,15,4800,0.0,4800.0
14760,2025-06-21,5208,1009,1,4,2080,0.0,2080.0
14761,2025-05-11,5163,1020,4,15,3150,0.0,3150.0
14762,2025-06-16,5482,1030,1,5,2600,0.0,2600.0
14763,2025-03-05,5383,1052,1,19,9880,0.0,9880.0
14764,2025-06-20,5454,1012,4,5,1050,0.0,1050.0
14765,2025-06-03,5185,1008,4,4,840,0.0,840.0
14766,2025-02-22,5419,1025,2,16,6720,0.0,6720.0
14767,2025-01-01,5399,1004,3,19,6080,0.0,6080.0
14768,2025-03-10,5453,1055,3,25,8000,400.0,7600.0
14769,2025-02-06,5152,1038,4,7,1470,147.0,1323.0
14770,2025-01-27,5492,1002,4,4,840,0.0,840.0
14771,2025-06-11,5292,1020,4,20,4200,420.0,3780.0
14772,2025-03-14,5032,1001,4,19,3990,199.5,3790.5
14773,2025-04-30,5124,2032,3,10,3200,0.0,3200.0
14774,2025-04-20,5420,1038,2,13,5460,0.0,5460.0
14775,2025-03-31,5405,2032,1,3,1560,0.0,1560.0
14776,2025-05-10,5116,2019,3,23,7360,368.0,6992.0
14777,2025-06-04,5478,1026,3,19,6080,304.0,5776.0
14778,2025-04-09,5186,2033,3,1,320,0.0,320.0
14779,2025-02-05,5480,1009,1,5,2600,260.0,2340.0
14780,2025-04-23,5244,2040,4,24,5040,0.0,5040.0
14781,2025-05-31,5446,1042,2,20,8400,0.0,8400.0
14782,2025-06-13,5119,1027,1,13,6760,0.0,6760.0
14783,2025-06-07,5486,1053,3,8,2560,128.0,2432.0
14784,2025-04-05,5382,2027,3,9,2880,0.0,2880.0
14785,2025-05-16,5008,1025,4,6,1260,126.0,1134.0
14786,2025-01-10,5103,1047,1,18,9360,936.0,8424.0
14787,2025-04-29,5077,1012,3,3,960,0.0,960.0
14788,2025-04-10,5045,2001,2,5,2100,210.0,1890.0
14789,2025-02-14,5205,1018,1,16,8320,0.0,8320.0
14790,2025-03-26,5345,2032,3,19,6080,0.0,6080.0
14791,2025-01-31,5149,1022,2,16,6720,0.0,6720.0
14792,2025-06-16,5262,1021,1,12,6240,0.0,6240.0
14793,2025-03-06,5219,2038,4,14,2940,0.0,2940.0
14794,2025-04-11,5494,1012,1,9,4680,234.0,4446.0
14795,2025-05-22,5336,2033,3,23,7360,0.0,7360.0
14796,2025-04-12,5270,1029,1,16,8320,0.0,8320.0
14797,2025-02-12,5382,1046,1,19,9880,0.0,9880.0
14798,2025-04-11,5068,1048,4,16,3360,0.0,3360.0
14799,2025-03-12,5478,2040,3,16,5120,256.0,4864.0
14800,2025-01-02,5057,1020,2,7,2940,0.0,2940.0
14801,2025-01-29,5322,2038,4,12,2520,126.0,2394.0
14802,2025-02-01,5452,2029,1,14,7280,728.0,6552.0
14803,2025-02-16,5232,2034,3,14,4480,0.0,4480.0
14804,2025-05-04,5325,1054,3,24,7680,0.0,7680.0
14805,2025-01-21,5135,1030,4,10,2100,0.0,2100.0
14806,2025-05-18,5033,2033,2,25,10500,0.0,10500.0
14807,2025-05-30,5128,1030,1,20,10400,0.0,10400.0
14808,2025-04-27,5163,2017,3,1,320,32.0,288.0
14809,2025-04-01,5327,1031,3,2,640,0.0,640.0
14810,2025-05-16,5391,1044,3,5,1600,80.0,1520.0
14811,2025-04-18,5149,2036,4,15,3150,315.0,2835.0
14812,2025-06-24,5454,1054,1,4,2080,0.0,2080.0
14813,2025-06-19,5363,1002,1,17,8840,0.0,8840.0
14814,2025-02-27,5078,2025,3,24,7680,0.0,7680.0
14815,2025-04-24,5459,2018,1,15,7800,0.0,7800.0
14816,2025-04-06,5407,1035,1,8,4160,416.0,3744.0
14817,2025-03-14,5309,1049,2,20,8400,0.0,8400.0
14818,2025-05-27,5398,1035,3,8,2560,0.0,2560.0
14819,2025-03-01,5025,1026,4,20,4200,420.0,3780.0
14820,2025-04-26,5360,1023,1,17,8840,0.0,8840.0
14821,2025-06-25,5177,1040,3,15,4800,0.0,4800.0
14822,2025-03-14,5002,1051,3,8,2560,0.0,2560.0
14823,2025-03-06,5437,1002,1,15,7800,780.0,7020.0
14824,2025-01-04,5025,1005,1,2,1040,52.0,988.0
14825,2025-06-23,5287,1038,1,6,3120,0.0,3120.0
14826,2025-05-18,5471,1017,4,19,3990,199.5,3790.5
14827,2025-03-21,5410,2014,1,5,2600,260.0,2340.0
14828,2025-01-05,5288,2007,4,23,4830,0.0,4830.0
14829,2025-03-25,5274,2014,3,4,1280,0.0,1280.0
14830,2025-06-20,5222,2016,3,11,3520,352.0,3168.0
14831,2025-05-19,5003,1054,4,11,2310,0.0,2310.0
14832,2025-02-07,5145,2003,1,14,7280,364.0,6916.0
14833,2025-01-20,5202,1017,1,11,5720,0.0,5720.0
14834,2025-04-10,5256,1017,3,8,2560,0.0,2560.0
14835,2025-04-18,5216,2002,2,9,3780,0.0,3780.0
14836,2025-01-05,5005,1049,4,21,4410,441.0,3969.0
14837,2025-04-01,5129,2031,3,6,1920,192.0,1728.0
14838,2025-04-12,5185,1003,3,14,4480,448.0,4032.0
14839,2025-03-21,5030,1057,4,7,1470,0.0,1470.0
14840,2025-06-16,5032,1001,3,15,4800,240.0,4560.0
14841,2025-05-06,5205,1032,4,14,2940,0.0,2940.0
14842,2025-04-08,5090,1056,2,22,9240,0.0,9240.0
14843,2025-01-20,5317,1022,4,6,1260,0.0,1260.0
14844,2025-02-26,5369,2006,1,16,8320,0.0,8320.0
14845,2025-06-22,5450,2003,2,7,2940,0.0,2940.0
14846,2025-04-24,5405,1001,1,11,5720,0.0,5720.0
14847,2025-01-28,5237,1008,3,16,5120,0.0,5120.0
14848,2025-04-15,5045,2030,3,13,4160,208.0,3952.0
14849,2025-01-26,5119,2031,1,8,4160,0.0,4160.0
14850,2025-03-27,5366,1051,3,2,640,32.0,608.0
14851,2025-05-20,5133,2036,2,24,10080,1008.0,9072.0
14852,2025-04-24,5129,1002,3,3,960,96.0,864.0
14853,2025-04-06,5280,1039,2,15,6300,630.0,5670.0
14854,2025-03-05,5261,1021,1,23,11960,598.0,11362.0
14855,2025-06-25,5149,2009,4,5,1050,0.0,1050.0
14856,2025-06-11,5006,2018,3,10,3200,160.0,3040.0
14857,2025-05-18,5300,1007,3,23,7360,736.0,6624.0
14858,2025-06-22,5043,2007,4,5,1050,0.0,1050.0
14859,2025-06-13,5279,2002,3,16,5120,256.0,4864.0
14860,2025-06-05,5009,1014,1,21,10920,0.0,10920.0
14861,2025-06-30,5219,2024,1,4,2080,208.0,1872.0
14862,2025-03-22,5081,2020,3,18,5760,288.0,5472.0
14863,2025-05-12,5389,2039,4,6,1260,63.0,1197.0
14864,2025-03-08,5456,2040,4,5,1050,105.0,945.0
14865,2025-06-30,5381,1019,1,25,13000,650.0,12350.0
14866,2025-04-08,5429,1057,2,23,9660,483.0,9177.0
14867,2025-04-21,5161,1046,2,1,420,0.0,420.0
14868,2025-04-30,5317,1041,2,15,6300,630.0,5670.0
14869,2025-06-17,5286,2006,4,12,2520,0.0,2520.0
14870,2025-04-21,5463,2014,4,7,1470,147.0,1323.0
14871,2025-04-19,5348,1009,2,7,2940,147.0,2793.0
14872,2025-06-13,5260,1028,2,19,7980,0.0,7980.0
14873,2025-03-23,5443,1019,2,23,9660,0.0,9660.0
14874,2025-02-11,5386,1010,1,16,8320,416.0,7904.0
14875,2025-05-25,5477,1012,4,9,1890,0.0,1890.0
14876,2025-06-12,5371,1016,2,5,2100,105.0,1995.0
14877,2025-03-25,5057,1026,2,19,7980,798.0,7182.0
14878,2025-04-29,5414,2027,1,24,12480,624.0,11856.0
14879,2025-04-13,5162,1044,4,8,1680,84.0,1596.0
14880,2025-03-25,5017,1041,3,8,2560,0.0,2560.0
14881,2025-02-17,5095,1016,4,18,3780,0.0,3780.0
14882,2025-04-19,5289,1016,2,24,10080,0.0,10080.0
14883,2025-06-20,5146,2027,1,7,3640,0.0,3640.0
14884,2025-01-21,5328,2027,1,20,10400,1040.0,9360.0
14885,2025-01-25,5126,2009,1,16,8320,832.0,7488.0
14886,2025-06-01,5395,2024,1,2,1040,0.0,1040.0
14887,2025-04-27,5285,1013,3,14,4480,0.0,4480.0
14888,2025-04-30,5323,1013,3,7,2240,0.0,2240.0
14889,2025-03-16,5064,1014,3,1,320,0.0,320.0
14890,2025-01-21,5193,2019,3,17,5440,272.0,5168.0
14891,2025-05-23,5478,1029,1,14,7280,0.0,7280.0
14892,2025-04-26,5262,1014,4,24,5040,0.0,5040.0
14893,2025-01-09,5330,2019,4,12,2520,0.0,2520.0
14894,2025-01-24,5088,1013,2,1,420,21.0,399.0
14895,2025-01-21,5105,1040,2,21,8820,0.0,8820.0
14896,2025-03-30,5247,1028,3,18,5760,576.0,5184.0
14897,2025-02-23,5264,2008,1,22,11440,0.0,11440.0
14898,2025-06-23,5329,1023,3,4,1280,64.0,1216.0
14899,2025-06-09,5199,1053,4,18,3780,0.0,3780.0
14900,2025-03-08,5157,2016,3,8,2560,0.0,2560.0
14901,2025-06-18,5375,2020,2,7,2940,0.0,2940.0
14902,2025-03-29,5017,1040,1,20,10400,0.0,10400.0
14903,2025-02-28,5064,1053,4,21,4410,0.0,4410.0
14904,2025-06-20,5042,1053,3,12,3840,0.0,3840.0
14905,2025-02-06,5211,2029,2,2,840,0.0,840.0
14906,2025-05-16,5197,1054,1,3,1560,0.0,1560.0
14907,2025-01-21,5403,2018,2,2,840,0.0,840.0
14908,2025-06-27,5296,1011,1,2,1040,0.0,1040.0
14909,2025-03-13,5485,1001,3,18,5760,288.0,5472.0
14910,2025-04-26,5055,1060,4,10,2100,105.0,1995.0
14911,2025-01-12,5275,2024,2,10,4200,210.0,3990.0
14912,2025-03-05,5354,1033,1,8,4160,0.0,4160.0
14913,2025-01-01,5488,1007,4,4,840,42.0,798.0
14914,2025-05-05,5389,2007,2,8,3360,0.0,3360.0
14915,2025-01-31,5055,1045,3,11,3520,352.0,3168.0
14916,2025-06-25,5272,2012,1,16,8320,0.0,8320.0
14917,2025-01-28,5211,1060,4,5,1050,0.0,1050.0
14918,2025-03-14,5216,2025,1,21,10920,0.0,10920.0
14919,2025-06-08,5378,1032,2,5,2100,105.0,1995.0
14920,2025-03-20,5460,1047,1,8,4160,208.0,3952.0
14921,2025-05-09,5467,2017,3,9,2880,0.0,2880.0
14922,2025-03-13,5477,1058,1,10,5200,0.0,5200.0
14923,2025-04-20,5325,1037,2,16,6720,0.0,6720.0
14924,2025-03-16,5336,1016,4,5,1050,0.0,1050.0
14925,2025-04-24,5307,2023,4,11,2310,115.5,2194.5
14926,2025-03-07,5494,1022,4,12,2520,0.0,2520.0
14927,2025-03-20,5235,2024,2,2,840,42.0,798.0
14928,2025-06-01,5047,1030,3,3,960,0.0,960.0
14929,2025-02-02,5291,2026,4,13,2730,0.0,2730.0
14930,2025-03-18,5083,1003,2,21,8820,0.0,8820.0
14931,2025-06-01,5198,2019,4,25,5250,0.0,5250.0
14932,2025-02-04,5463,2040,4,14,2940,0.0,2940.0
14933,2025-03-10,5293,1057,4,10,2100,210.0,1890.0
14934,2025-05-11,5119,2007,2,8,3360,168.0,3192.0
14935,2025-04-10,5489,1031,1,12,6240,0.0,6240.0
14936,2025-02-16,5281,1025,2,15,6300,0.0,6300.0
14937,2025-04-11,5246,2001,1,4,2080,0.0,2080.0
14938,2025-05-08,5457,1017,4,1,210,0.0,210.0
14939,2025-03-26,5320,1057,3,2,640,0.0,640.0
14940,2025-03-11,5049,1058,1,7,3640,0.0,3640.0
14941,2025-03-19,5024,2039,4,4,840,0.0,840.0
14942,2025-06-07,5152,1052,4,12,2520,0.0,2520.0
14943,2025-02-12,5489,1035,3,6,1920,0.0,1920.0
14944,2025-04-09,5389,2021,4,20,4200,420.0,3780.0
14945,2025-05-09,5057,2022,3,14,4480,448.0,4032.0
14946,2025-03-19,5133,1023,2,22,9240,924.0,8316.0
14947,2025-03-25,5471,1037,2,1,420,21.0,399.0
14948,2025-05-06,5210,1053,2,14,5880,588.0,5292.0
14949,2025-02-09,5208,2010,3,15,4800,0.0,4800.0
14950,2025-06-22,5001,2033,4,12,2520,252.0,2268.0
14951,2025-03-11,5118,2024,1,11,5720,0.0,5720.0
14952,2025-04-18,5088,2037,1,2,1040,0.0,1040.0
14953,2025-05-02,5324,1007,1,14,7280,364.0,6916.0
14954,2025-02-28,5283,1011,1,13,6760,0.0,6760.0
14955,2025-01-26,5309,1014,2,1,420,0.0,420.0
14956,2025-06-27,5476,1022,1,8,4160,0.0,4160.0
14957,2025-04-30,5108,1053,4,3,630,0.0,630.0
14958,2025-04-04,5392,2015,1,19,9880,0.0,9880.0
14959,2025-04-15,5339,2014,3,4,1280,128.0,1152.0
14960,2025-04-01,5005,1056,1,3,1560,156.0,1404.0
14961,2025-05-29,5326,2025,2,14,5880,294.0,5586.0
14962,2025-05-21,5187,1048,3,7,2240,0.0,2240.0
14963,2025-01-19,5354,2009,2,19,7980,798.0,7182.0
14964,2025-03-30,5500,1048,3,8,2560,0.0,2560.0
14965,2025-03-17,5181,1010,2,23,9660,483.0,9177.0
14966,2025-02-22,5014,1035,3,4,1280,0.0,1280.0
14967,2025-04-16,5314,1036,2,15,6300,0.0,6300.0
14968,2025-05-29,5297,2022,3,8,2560,0.0,2560.0
14969,2025-04-15,5300,1036,3,11,3520,352.0,3168.0
14970,2025-02-03,5243,1040,2,4,1680,168.0,1512.0
14971,2025-02-07,5161,1058,3,8,2560,128.0,2432.0
14972,2025-04-06,5227,1056,4,13,2730,0.0,2730.0
14973,2025-06-17,5452,2037,3,6,1920,0.0,1920.0
14974,2025-01-04,5365,2027,2,16,6720,0.0,6720.0
14975,2025-03-27,5201,2025,3,1,320,0.0,320.0
14976,2025-01-11,5246,1034,2,24,10080,504.0,9576.0
14977,2025-06-22,5162,2027,4,23,4830,483.0,4347.0
14978,2025-05-26,5299,1034,3,8,2560,128.0,2432.0
14979,2025-01-11,5185,2004,3,25,8000,0.0,8000.0
14980,2025-03-16,5129,1014,2,2,840,0.0,840.0
14981,2025-01-06,5196,2039,1,6,3120,156.0,2964.0
14982,2025-05-06,5057,2030,1,2,1040,52.0,988.0
14983,2025-03-31,5346,2007,4,6,1260,0.0,1260.0
14984,2025-03-03,5204,1012,4,23,4830,0.0,4830.0
14985,2025-03-01,5247,1023,4,8,1680,0.0,1680.0
14986,2025-03-09,5006,2031,3,24,7680,0.0,7680.0
14987,2025-03-30,5188,1017,3,8,2560,128.0,2432.0
14988,2025-03-28,5422,2012,4,24,5040,504.0,4536.0
14989,2025-05-28,5425,1007,4,14,2940,0.0,2940.0
14990,2025-06-10,5121,2039,2,24,10080,0.0,10080.0
14991,2025-06-12,5222,1021,4,6,1260,0.0,1260.0
14992,2025-05-29,5435,2007,1,4,2080,104.0,1976.0
14993,2025-03-25,5401,1058,4,16,3360,0.0,3360.0
14994,2025-04-18,5372,1051,1,6,3120,156.0,2964.0
14995,2025-01-27,5110,1004,1,3,1560,0.0,1560.0
14996,2025-02-13,5323,2009,3,15,4800,0.0,4800.0
14997,2025-06-30,5248,2036,1,22,11440,0.0,11440.0
14998,2025-04-19,5322,2005,4,16,3360,0.0,3360.0
14999,2025-05-07,5307,1045,2,5,2100,0.0,2100.0
15000,2025-02-06,5241,2012,4,11,2310,0.0,2310.0
15001,2025-03-01,5443,2012,3,10,3200,0.0,3200.0
15002,2025-02-28,5165,2038,2,2,840,84.0,756.0
15003,2025-04-21,5007,2005,1,22,11440,0.0,11440.0
15004,2025-02-15,5019,2001,3,16,5120,0.0,5120.0
15005,2025-02-27,5211,1023,2,4,1680,0.0,1680.0
15006,2025-05-17,5163,1004,3,17,5440,272.0,5168.0
15007,2025-02-04,5156,1043,4,24,5040,0.0,5040.0
15008,2025-02-24,5005,2036,3,7,2240,224.0,2016.0
15009,2025-05-29,5266,1055,4,6,1260,126.0,1134.0
15010,2025-01-22,5205,1053,1,23,11960,0.0,11960.0
15011,2025-02-28,5186,2019,3,2,640,64.0,576.0
15012,2025-06-29,5366,1055,1,12,6240,0.0,6240.0
15013,2025-01-03,5067,2033,4,4,840,84.0,756.0
15014,2025-06-14,5105,2039,1,17,8840,442.0,8398.0
15015,2025-01-10,5478,1058,4,21,4410,0.0,4410.0
15016,2025-02-25,5411,1018,3,8,2560,256.0,2304.0
15017,2025-02-07,5180,1002,1,5,2600,0.0,2600.0
15018,2025-03-14,5352,2039,1,11,5720,0.0,5720.0
15019,2025-05-06,5014,2016,2,25,10500,0.0,10500.0
15020,2025-06-01,5105,1052,3,5,1600,80.0,1520.0
15021,2025-03-15,5378,2030,3,2,640,64.0,576.0
15022,2025-01-04,5265,1007,4,5,1050,0.0,1050.0
15023,2025-03-13,5078,1007,3,4,1280,64.0,1216.0
15024,2025-03-13,5354,1002,2,21,8820,0.0,8820.0
15025,2025-06-06,5247,2008,4,15,3150,0.0,3150.0
15026,2025-06-07,5084,1003,3,3,960,0.0,960.0
15027,2025-06-27,5189,1039,1,16,8320,0.0,8320.0
15028,2025-02-13,5477,1006,3,20,6400,0.0,6400.0
15029,2025-01-11,5423,1003,2,8,3360,336.0,3024.0
15030,2025-05-09,5059,1034,4,6,1260,0.0,1260.0
15031,2025-03-28,5137,2010,3,8,2560,256.0,2304.0
15032,2025-03-13,5075,1007,2,9,3780,378.0,3402.0
15033,2025-03-21,5346,2030,3,8,2560,0.0,2560.0
15034,2025-01-25,5006,1023,2,21,8820,441.0,8379.0
15035,2025-02-25,5338,2008,4,3,630,0.0,630.0
15036,2025-01-24,5274,2020,4,17,3570,0.0,3570.0
15037,2025-03-05,5282,1011,2,21,8820,0.0,8820.0
15038,2025-03-11,5154,1031,2,15,6300,0.0,6300.0
15039,2025-01-28,5189,2028,4,25,5250,0.0,5250.0
15040,2025-06-14,5217,2028,2,8,3360,0.0,3360.0
15041,2025-05-30,5458,2033,3,18,5760,576.0,5184.0
15042,2025-03-13,5114,1029,2,3,1260,0.0,1260.0
15043,2025-02-07,5329,2017,3,10,3200,0.0,3200.0
15044,2025-05-27,5192,1047,4,9,1890,0.0,1890.0
15045,2025-01-22,5260,1037,3,10,3200,160.0,3040.0
15046,2025-04-05,5125,1008,1,1,520,26.0,494.0
15047,2025-04-02,5274,2019,4,9,1890,189.0,1701.0
15048,2025-06-14,5290,2019,3,4,1280,0.0,1280.0
15049,2025-04-20,5144,2009,4,24,5040,504.0,4536.0
15050,2025-04-09,5195,1057,4,18,3780,0.0,3780.0
15051,2025-03-14,5194,1046,3,10,3200,0.0,3200.0
15052,2025-05-04,5193,1002,4,14,2940,0.0,2940.0
15053,2025-05-22,5461,1010,1,18,9360,0.0,9360.0
15054,2025-02-02,5227,1012,4,8,1680,84.0,1596.0
15055,2025-03-02,5070,1014,4,11,2310,0.0,2310.0
15056,2025-01-21,5180,1021,1,1,520,26.0,494.0
15057,2025-06-12,5144,2029,3,9,2880,0.0,2880.0
15058,2025-06-25,5048,1044,2,19,7980,0.0,7980.0
15059,2025-04-27,5226,1005,2,14,5880,294.0,5586.0
15060,2025-01-30,5298,1006,1,2,1040,0.0,1040.0
15061,2025-05-03,5375,1007,1,21,10920,1092.0,9828.0
15062,2025-06-22,5327,2016,2,20,8400,0.0,8400.0
15063,2025-06-13,5093,2015,1,18,9360,936.0,8424.0
15064,2025-03-25,5287,1004,3,3,960,0.0,960.0
15065,2025-02-23,5150,1008,2,5,2100,0.0,2100.0
15066,2025-01-13,5227,2007,4,12,2520,0.0,2520.0
15067,2025-03-09,5177,2007,1,16,8320,0.0,8320.0
15068,2025-04-20,5147,1047,3,1,320,0.0,320.0
15069,2025-04-04,5492,1043,3,9,2880,0.0,2880.0
15070,2025-02-02,5289,2020,3,9,2880,0.0,2880.0
15071,2025-05-18,5199,1033,4,7,1470,0.0,1470.0
15072,2025-01-28,5221,1043,3,13,4160,0.0,4160.0
15073,2025-06-17,5273,1022,2,4,1680,0.0,1680.0
15074,2025-05-19,5176,1059,1,5,2600,0.0,2600.0
15075,2025-06-07,5223,1050,2,6,2520,252.0,2268.0
15076,2025-01-17,5249,1023,2,3,1260,0.0,1260.0
15077,2025-01-03,5390,1004,3,17,5440,0.0,5440.0
15078,2025-02-14,5321,2040,2,6,2520,126.0,2394.0
15079,2025-02-05,5230,1023,2,12,5040,0.0,5040.0
15080,2025-03-19,5202,2023,1,12,6240,0.0,6240.0
15081,2025-03-13,5408,1025,1,14,7280,0.0,7280.0
15082,2025-03-13,5294,1034,1,13,6760,0.0,6760.0
15083,2025-06-03,5257,1049,2,10,4200,0.0,4200.0
15084,2025-05-24,5279,1051,3,11,3520,176.0,3344.0
15085,2025-06-12,5413,1039,3,19,6080,608.0,5472.0
15086,2025-02-26,5265,1045,4,11,2310,0.0,2310.0
15087,2025-05-06,5428,1005,2,8,3360,0.0,3360.0
15088,2025-02-20,5028,2020,4,23,4830,0.0,4830.0
15089,2025-03-20,5055,1049,2,25,10500,1050.0,9450.0
15090,2025-03-08,5458,2003,3,6,1920,0.0,1920.0
15091,2025-03-01,5217,2025,1,12,6240,0.0,6240.0
15092,2025-01-04,5180,1034,1,21,10920,0.0,10920.0
15093,2025-04-20,5338,2034,3,3,960,0.0,960.0
15094,2025-03-13,5166,1047,1,14,7280,0.0,7280.0
15095,2025-04-16,5480,1007,1,11,5720,572.0,5148.0
15096,2025-04-01,5009,1029,3,18,5760,0.0,5760.0
15097,2025-02-18,5241,2039,2,18,7560,378.0,7182.0
15098,2025-04-14,5421,2032,3,2,640,0.0,640.0
15099,2025-02-20,5480,2021,3,24,7680,0.0,7680.0
15100,2025-04-19,5010,1059,3,25,8000,0.0,8000.0
15101,2025-03-12,5066,1014,1,11,5720,0.0,5720.0
15102,2025-02-23,5020,1020,4,4,840,0.0,840.0
15103,2025-04-26,5478,2006,4,14,2940,0.0,2940.0
15104,2025-06-07,5012,1008,3,5,1600,0.0,1600.0
15105,2025-04-13,5185,1018,4,6,1260,0.0,1260.0
15106,2025-04-28,5233,1022,3,2,640,0.0,640.0
15107,2025-04-01,5370,2023,4,1,210,0.0,210.0
15108,2025-02-08,5333,1048,1,2,1040,0.0,1040.0
15109,2025-01-28,5267,2016,1,19,9880,0.0,9880.0
15110,2025-04-18,5391,1035,4,23,4830,0.0,4830.0
15111,2025-02-04,5281,2037,2,24,10080,0.0,10080.0
15112,2025-06-04,5267,1022,4,9,1890,0.0,1890.0
15113,2025-06-30,5290,2007,1,13,6760,676.0,6084.0
15114,2025-02-10,5231,1050,3,23,7360,0.0,7360.0
15115,2025-02-02,5427,1030,4,7,1470,73.5,1396.5
15116,2025-06-29,5056,1045,2,18,7560,0.0,7560.0
15117,2025-02-19,5484,1034,3,21,6720,0.0,6720.0
15118,2025-03-31,5179,1045,3,15,4800,480.0,4320.0
15119,2025-04-01,5327,2016,3,13,4160,208.0,3952.0
15120,2025-03-14,5431,1007,4,1,210,21.0,189.0
15121,2025-05-08,5025,1041,3,9,2880,0.0,2880.0
15122,2025-04-19,5167,1007,2,2,840,0.0,840.0
15123,2025-02-08,5305,2007,4,25,5250,262.5,4987.5
15124,2025-01-27,5100,2024,3,22,7040,0.0,7040.0
15125,2025-06-05,5419,1024,2,20,8400,0.0,8400.0
15126,2025-01-31,5276,1011,1,2,1040,52.0,988.0
15127,2025-06-04,5451,1024,4,11,2310,115.5,2194.5
15128,2025-06-16,5027,2022,4,11,2310,231.0,2079.0
15129,2025-06-11,5176,2033,1,3,1560,0.0,1560.0
15130,2025-05-27,5009,2017,3,15,4800,0.0,4800.0
15131,2025-04-10,5078,2008,3,11,3520,176.0,3344.0
15132,2025-05-03,5406,1035,2,23,9660,0.0,9660.0
15133,2025-03-16,5354,2020,2,6,2520,126.0,2394.0
15134,2025-01-26,5179,2028,1,11,5720,0.0,5720.0
15135,2025-05-23,5130,2034,3,22,7040,704.0,6336.0
15136,2025-01-18,5045,1030,4,16,3360,0.0,3360.0
15137,2025-06-30,5100,2025,2,22,9240,924.0,8316.0
15138,2025-03-08,5365,2015,3,3,960,0.0,960.0
15139,2025-06-15,5125,1014,4,13,2730,273.0,2457.0
15140,2025-02-25,5364,1021,2,6,2520,0.0,2520.0
15141,2025-04-15,5263,1027,1,7,3640,0.0,3640.0
15142,2025-01-25,5365,1049,1,3,1560,0.0,1560.0
15143,2025-02-19,5049,1018,2,5,2100,0.0,2100.0
15144,2025-03-01,5256,1057,1,8,4160,416.0,3744.0
15145,2025-04-24,5497,1050,4,15,3150,315.0,2835.0
15146,2025-03-13,5449,1054,3,12,3840,192.0,3648.0
15147,2025-01-06,5265,2013,3,15,4800,240.0,4560.0
15148,2025-04-25,5325,1046,4,1,210,0.0,210.0
15149,2025-05-08,5072,1045,3,16,5120,0.0,5120.0
15150,2025-02-02,5420,2004,4,8,1680,84.0,1596.0
15151,2025-06-16,5177,2009,3,13,4160,0.0,4160.0
15152,2025-02-12,5410,1015,1,1,520,0.0,520.0
15153,2025-02-05,5317,2005,2,20,8400,0.0,8400.0
15154,2025-03-12,5482,2008,1,8,4160,416.0,3744.0
15155,2025-03-14,5421,1057,4,22,4620,462.0,4158.0
15156,2025-05-22,5243,2010,3,21,6720,0.0,6720.0
15157,2025-06-14,5299,1052,4,16,3360,336.0,3024.0
15158,2025-01-02,5375,1011,4,4,840,0.0,840.0
15159,2025-03-25,5151,2038,2,22,9240,0.0,9240.0
15160,2025-01-18,5349,2028,2,10,4200,210.0,3990.0
15161,2025-04-08,5287,2009,1,17,8840,0.0,8840.0
15162,2025-05-18,5401,1039,1,5,2600,0.0,2600.0
15163,2025-02-27,5108,1009,2,23,9660,0.0,9660.0
15164,2025-05-09,5141,1027,1,17,8840,0.0,8840.0
15165,2025-02-27,5498,2006,2,13,5460,0.0,5460.0
15166,2025-05-21,5409,1053,2,9,3780,189.0,3591.0
15167,2025-04-11,5087,2016,4,17,3570,357.0,3213.0
15168,2025-05-02,5231,1013,1,9,4680,468.0,4212.0
15169,2025-04-28,5153,2035,4,11,2310,0.0,2310.0
15170,2025-06-11,5357,1018,3,10,3200,0.0,3200.0
15171,2025-03-07,5500,2014,1,10,5200,0.0,5200.0
15172,2025-06-22,5408,2025,1,3,1560,0.0,1560.0
15173,2025-04-08,5228,1037,3,17,5440,0.0,5440.0
15174,2025-01-24,5150,1035,3,9,2880,288.0,2592.0
15175,2025-03-05,5212,2010,4,4,840,0.0,840.0
15176,2025-05-05,5334,2038,4,12,2520,0.0,2520.0
15177,2025-04-14,5438,1029,3,19,6080,0.0,6080.0
15178,2025-05-06,5051,1025,4,5,1050,105.0,945.0
15179,2025-05-27,5170,1030,4,3,630,0.0,630.0
15180,2025-03-12,5421,2003,4,11,2310,0.0,2310.0
15181,2025-04-12,5228,2031,3,25,8000,800.0,7200.0
15182,2025-03-17,5005,1012,4,19,3990,199.5,3790.5
15183,2025-05-17,5135,1048,2,13,5460,0.0,5460.0
15184,2025-02-24,5206,2025,4,1,210,0.0,210.0
15185,2025-01-10,5336,1009,2,6,2520,252.0,2268.0
15186,2025-03-01,5157,1060,1,14,7280,0.0,7280.0
15187,2025-01-02,5341,1031,4,12,2520,126.0,2394.0
15188,2025-06-09,5186,2022,3,19,6080,304.0,5776.0
15189,2025-02-01,5324,2025,4,19,3990,0.0,3990.0
15190,2025-06-04,5290,1021,2,25,10500,525.0,9975.0
15191,2025-02-10,5329,1047,4,4,840,84.0,756.0
15192,2025-06-09,5344,1050,2,9,3780,0.0,3780.0
15193,2025-05-01,5410,2007,3,9,2880,144.0,2736.0
15194,2025-02-15,5492,1011,1,15,7800,780.0,7020.0
15195,2025-02-22,5260,1027,3,16,5120,0.0,5120.0
15196,2025-05-04,5207,1018,2,13,5460,0.0,5460.0
15197,2025-05-16,5135,2033,4,24,5040,0.0,5040.0
15198,2025-05-28,5406,2005,1,4,2080,0.0,2080.0
15199,2025-02-23,5308,1008,2,18,7560,756.0,6804.0
15200,2025-06-01,5197,1048,3,21,6720,0.0,6720.0
15201,2025-02-08,5283,1042,1,17,8840,884.0,7956.0
15202,2025-05-24,5289,1016,1,10,5200,520.0,4680.0
15203,2025-06-05,5492,2003,3,13,4160,0.0,4160.0
15204,2025-01-21,5410,1011,4,9,1890,94.5,1795.5
15205,2025-06-03,5221,1014,2,3,1260,0.0,1260.0
15206,2025-02-03,5148,1010,1,17,8840,442.0,8398.0
15207,2025-02-04,5361,1032,2,18,7560,0.0,7560.0
15208,2025-03-21,5385,1014,2,8,3360,168.0,3192.0
15209,2025-06-30,5389,1003,4,4,840,0.0,840.0
15210,2025-04-10,5167,1038,1,2,1040,0.0,1040.0
15211,2025-05-31,5219,2023,1,5,2600,260.0,2340.0
15212,2025-04-18,5106,1044,2,16,6720,336.0,6384.0
15213,2025-03-26,5163,1046,2,13,5460,546.0,4914.0
15214,2025-05-08,5264,2019,1,17,8840,0.0,8840.0
15215,2025-03-15,5214,2026,3,17,5440,0.0,5440.0
15216,2025-03-30,5209,2035,2,19,7980,399.0,7581.0
15217,2025-03-21,5035,1060,3,7,2240,0.0,2240.0
15218,2025-02-13,5207,1025,4,25,5250,262.5,4987.5
15219,2025-04-17,5294,1026,4,9,1890,0.0,1890.0
15220,2025-03-02,5316,2013,2,18,7560,0.0,7560.0
15221,2025-03-23,5024,1046,4,4,840,0.0,840.0
15222,2025-01-13,5244,2031,3,13,4160,416.0,3744.0
15223,2025-02-26,5158,2030,4,7,1470,0.0,1470.0
15224,2025-01-19,5094,2001,4,4,840,0.0,840.0
15225,2025-01-12,5145,1028,3,7,2240,224.0,2016.0
15226,2025-04-04,5462,1001,2,9,3780,0.0,3780.0
15227,2025-05-31,5342,1056,2,8,3360,0.0,3360.0
15228,2025-03-01,5380,1053,3,5,1600,0.0,1600.0
15229,2025-01-16,5296,1027,1,17,8840,0.0,8840.0
15230,2025-05-26,5295,1042,4,24,5040,0.0,5040.0
15231,2025-04-25,5342,1056,4,21,4410,0.0,4410.0
15232,2025-06-27,5475,1028,3,22,7040,352.0,6688.0
15233,2025-03-12,5298,1053,2,1,420,21.0,399.0
15234,2025-06-01,5179,2015,2,6,2520,0.0,2520.0
15235,2025-02-21,5121,2024,1,16,8320,0.0,8320.0
15236,2025-03-26,5249,2034,2,18,7560,0.0,7560.0
15237,2025-01-31,5261,2012,4,13,2730,136.5,2593.5
15238,2025-06-07,5159,1010,4,5,1050,105.0,945.0
15239,2025-03-02,5399,2008,1,6,3120,156.0,2964.0
15240,2025-03-05,5487,2015,4,15,3150,0.0,3150.0
15241,2025-01-06,5142,1025,1,25,13000,0.0,13000.0
15242,2025-03-16,5106,2039,1,14,7280,364.0,6916.0
15243,2025-04-20,5476,1013,1,14,7280,0.0,7280.0
15244,2025-02-26,5231,1047,4,16,3360,0.0,3360.0
15245,2025-05-05,5035,2028,3,18,5760,0.0,5760.0
15246,2025-03-02,5055,1031,3,12,3840,0.0,3840.0
15247,2025-05-12,5453,1048,1,7,3640,182.0,3458.0
15248,2025-02-10,5027,1043,3,22,7040,0.0,7040.0
15249,2025-03-19,5234,1009,3,13,4160,0.0,4160.0
15250,2025-01-06,5408,2027,1,6,3120,312.0,2808.0
15251,2025-01-24,5226,2025,4,25,5250,262.5,4987.5
15252,2025-03-16,5257,1013,2,13,5460,0.0,5460.0
15253,2025-02-06,5173,2007,3,22,7040,0.0,7040.0
15254,2025-05-07,5142,1052,1,12,6240,312.0,5928.0
15255,2025-05-26,5319,2002,3,14,4480,0.0,4480.0
15256,2025-02-11,5468,1041,2,8,3360,168.0,3192.0
15257,2025-01-14,5344,1040,2,7,2940,0.0,2940.0
15258,2025-03-24,5315,1050,4,10,2100,0.0,2100.0
15259,2025-03-03,5421,2028,1,4,2080,104.0,1976.0
15260,2025-01-11,5454,2010,4,11,2310,0.0,2310.0
15261,2025-02-16,5215,1048,4,25,5250,262.5,4987.5
15262,2025-01-14,5477,2021,2,22,9240,0.0,9240.0
15263,2025-06-26,5068,2014,3,12,3840,0.0,3840.0
15264,2025-01-13,5320,1024,4,10,2100,105.0,1995.0
15265,2025-02-28,5500,1032,3,24,7680,0.0,7680.0
15266,2025-03-15,5289,1017,1,19,9880,0.0,9880.0
15267,2025-03-06,5217,2004,1,15,7800,0.0,7800.0
15268,2025-02-20,5287,1041,1,25,13000,1300.0,11700.0
15269,2025-03-13,5220,1048,2,17,7140,714.0,6426.0
15270,2025-04-20,5337,2030,2,14,5880,0.0,5880.0
15271,2025-04-20,5029,1006,4,16,3360,0.0,3360.0
15272,2025-05-12,5302,1015,4,7,1470,73.5,1396.5
15273,2025-01-26,5429,1058,3,11,3520,0.0,3520.0
15274,2025-04-17,5328,1037,4,20,4200,420.0,3780.0
15275,2025-03-20,5389,1012,3,2,640,0.0,640.0
15276,2025-05-28,5147,1041,4,1,210,21.0,189.0
15277,2025-01-04,5374,1020,1,11,5720,286.0,5434.0
15278,2025-03-05,5119,2012,4,21,4410,0.0,4410.0
15279,2025-04-26,5178,1022,3,18,5760,288.0,5472.0
15280,2025-03-02,5164,2040,4,23,4830,483.0,4347.0
15281,2025-06-09,5492,1027,4,11,2310,0.0,2310.0
15282,2025-04-17,5384,1044,2,23,9660,966.0,8694.0
15283,2025-06-04,5110,1036,4,13,2730,0.0,2730.0
15284,2025-03-21,5024,1058,2,6,2520,126.0,2394.0
15285,2025-05-13,5338,1048,3,9,2880,0.0,2880.0
15286,2025-02-26,5345,1039,2,1,420,0.0,420.0
15287,2025-01-30,5085,1003,2,8,3360,0.0,3360.0
15288,2025-04-13,5208,1043,1,4,2080,0.0,2080.0
15289,2025-02-21,5008,2018,2,7,2940,0.0,2940.0
15290,2025-01-28,5469,1043,3,14,4480,448.0,4032.0
15291,2025-02-14,5315,2005,3,11,3520,0.0,3520.0
15292,2025-04-19,5097,1051,2,19,7980,798.0,7182.0
15293,2025-05-31,5240,1055,4,13,2730,136.5,2593.5
15294,2025-03-24,5019,2019,4,17,3570,0.0,3570.0
15295,2025-04-09,5366,2009,3,13,4160,0.0,4160.0
15296,2025-03-29,5130,1032,3,14,4480,0.0,4480.0
15297,2025-03-30,5251,1060,4,18,3780,378.0,3402.0
15298,2025-03-14,5183,2024,3,8,2560,128.0,2432.0
15299,2025-01-12,5430,2033,2,13,5460,0.0,5460.0
15300,2025-03-17,5086,1038,3,14,4480,448.0,4032.0
15301,2025-02-06,5311,1003,2,20,8400,0.0,8400.0
15302,2025-06-16,5235,1028,4,10,2100,0.0,2100.0
15303,2025-06-27,5300,1056,3,11,3520,0.0,3520.0
15304,2025-05-03,5201,2038,3,5,1600,0.0,1600.0
15305,2025-01-19,5042,2025,3,4,1280,0.0,1280.0
15306,2025-05-29,5366,2013,1,23,11960,1196.0,10764.0
15307,2025-06-15,5460,1054,1,23,11960,0.0,11960.0
15308,2025-05-20,5190,2034,3,9,2880,288.0,2592.0
15309,2025-03-24,5046,1020,2,9,3780,378.0,3402.0
15310,2025-01-30,5216,1058,2,2,840,42.0,798.0
15311,2025-03-23,5314,1042,2,14,5880,294.0,5586.0
15312,2025-03-30,5499,2008,1,11,5720,0.0,5720.0
15313,2025-05-19,5437,1046,1,1,520,0.0,520.0
15314,2025-03-23,5311,2017,2,23,9660,0.0,9660.0
15315,2025-05-14,5159,2003,1,24,12480,624.0,11856.0
15316,2025-02-13,5466,1048,2,19,7980,399.0,7581.0
15317,2025-02-04,5457,2033,3,4,1280,0.0,1280.0
15318,2025-06-23,5332,2026,2,5,2100,0.0,2100.0
15319,2025-01-11,5316,1023,2,17,7140,0.0,7140.0
15320,2025-05-03,5477,2003,4,6,1260,0.0,1260.0
15321,2025-02-21,5455,1040,4,2,420,42.0,378.0
15322,2025-01-17,5155,1053,4,23,4830,0.0,4830.0
15323,2025-04-18,5206,2017,2,10,4200,0.0,4200.0
15324,2025-03-29,5087,1005,1,12,6240,624.0,5616.0
15325,2025-01-11,5338,2006,1,13,6760,0.0,6760.0
15326,2025-03-05,5431,1035,1,1,520,52.0,468.0
15327,2025-02-01,5199,1009,4,20,4200,0.0,4200.0
15328,2025-04-03,5204,1047,3,11,3520,0.0,3520.0
15329,2025-01-28,5316,1026,1,3,1560,78.0,1482.0
15330,2025-04-11,5272,2011,3,3,960,96.0,864.0
15331,2025-04-23,5460,1034,2,5,2100,0.0,2100.0
15332,2025-03-24,5314,2029,3,21,6720,0.0,6720.0
15333,2025-06-12,5232,2039,4,14,2940,0.0,2940.0
15334,2025-06-01,5471,1001,1,14,7280,728.0,6552.0
15335,2025-06-05,5063,1019,2,5,2100,105.0,1995.0
15336,2025-04-26,5340,1036,4,6,1260,126.0,1134.0
15337,2025-04-04,5271,2033,1,18,9360,936.0,8424.0
15338,2025-01-02,5401,1044,4,13,2730,0.0,2730.0
15339,2025-06-25,5188,1016,3,17,5440,0.0,5440.0
15340,2025-06-09,5120,1060,2,16,6720,336.0,6384.0
15341,2025-03-21,5083,2010,1,5,2600,0.0,2600.0
15342,2025-01-13,5488,2038,1,7,3640,0.0,3640.0
15343,2025-05-22,5416,2002,4,6,1260,0.0,1260.0
15344,2025-04-17,5002,1037,1,7,3640,182.0,3458.0
15345,2025-01-14,5123,2007,1,14,7280,0.0,7280.0
15346,2025-06-28,5044,1053,4,23,4830,0.0,4830.0
15347,2025-01-22,5120,1049,4,22,4620,0.0,4620.0
15348,2025-05-12,5048,1007,4,16,3360,0.0,3360.0
15349,2025-06-19,5374,1014,4,8,1680,168.0,1512.0
15350,2025-04-07,5111,1050,2,5,2100,210.0,1890.0
15351,2025-02-06,5134,1012,4,8,1680,0.0,1680.0
15352,2025-03-20,5421,1017,3,19,6080,0.0,6080.0
15353,2025-04-25,5382,2016,3,8,2560,256.0,2304.0
15354,2025-04-06,5347,1023,4,4,840,84.0,756.0
15355,2025-05-09,5063,2004,1,8,4160,0.0,4160.0
15356,2025-03-02,5260,2033,1,3,1560,156.0,1404.0
15357,2025-04-10,5205,1001,2,21,8820,882.0,7938.0
15358,2025-06-23,5046,1025,2,14,5880,294.0,5586.0
15359,2025-05-30,5023,2016,1,23,11960,0.0,11960.0
15360,2025-01-04,5276,2002,3,16,5120,256.0,4864.0
15361,2025-03-05,5238,1057,4,12,2520,0.0,2520.0
15362,2025-02-22,5252,1041,3,15,4800,480.0,4320.0
15363,2025-01-14,5144,1009,4,6,1260,0.0,1260.0
15364,2025-02-07,5419,1029,1,6,3120,0.0,3120.0
15365,2025-01-11,5200,2019,3,18,5760,0.0,5760.0
15366,2025-02-03,5344,1039,1,18,9360,936.0,8424.0
15367,2025-03-22,5005,2003,2,24,10080,0.0,10080.0
15368,2025-04-26,5133,1023,3,4,1280,0.0,1280.0
15369,2025-06-25,5479,1010,3,7,2240,0.0,2240.0
15370,2025-03-18,5480,2019,4,5,1050,0.0,1050.0
15371,2025-04-15,5113,2034,1,21,10920,0.0,10920.0
15372,2025-06-25,5267,1001,3,19,6080,0.0,6080.0
15373,2025-05-18,5179,1020,3,3,960,0.0,960.0
15374,2025-01-26,5491,1058,1,13,6760,0.0,6760.0
15375,2025-06-04,5047,2001,2,23,9660,483.0,9177.0
15376,2025-03-23,5431,1003,1,2,1040,52.0,988.0
15377,2025-01-10,5418,1052,4,2,420,0.0,420.0
15378,2025-03-01,5268,2036,4,2,420,42.0,378.0
15379,2025-05-26,5154,1039,4,5,1050,0.0,1050.0
15380,2025-04-27,5008,2019,3,21,6720,0.0,6720.0
15381,2025-05-16,5330,1057,2,2,840,0.0,840.0
15382,2025-06-30,5359,2001,4,6,1260,0.0,1260.0
15383,2025-04-17,5381,2032,4,22,4620,462.0,4158.0
15384,2025-06-06,5082,2006,4,23,4830,0.0,4830.0
15385,2025-02-19,5369,2028,1,10,5200,260.0,4940.0
15386,2025-01-01,5018,1050,4,17,3570,0.0,3570.0
15387,2025-02-10,5031,1005,1,5,2600,130.0,2470.0
15388,2025-03-21,5292,1023,3,9,2880,0.0,2880.0
15389,2025-04-20,5017,1038,4,12,2520,0.0,2520.0
15390,2025-01-23,5141,2025,2,12,5040,0.0,5040.0
15391,2025-01-31,5343,1034,1,3,1560,156.0,1404.0
15392,2025-05-12,5416,2040,4,17,3570,357.0,3213.0
15393,2025-06-07,5454,1049,3,11,3520,352.0,3168.0
15394,2025-05-29,5174,1031,3,22,7040,704.0,6336.0
15395,2025-04-03,5035,2032,1,16,8320,0.0,8320.0
15396,2025-01-16,5071,1041,2,9,3780,189.0,3591.0
15397,2025-01-18,5113,1047,1,4,2080,0.0,2080.0
15398,2025-01-25,5062,1020,4,8,1680,0.0,1680.0
15399,2025-01-16,5024,1009,2,20,8400,0.0,8400.0
15400,2025-02-09,5478,1030,3,16,5120,0.0,5120.0
15401,2025-02-04,5024,1053,4,2,420,0.0,420.0
15402,2025-01-17,5313,1006,3,21,6720,672.0,6048.0
15403,2025-03-17,5300,1022,1,18,9360,0.0,9360.0
15404,2025-03-07,5403,1026,1,11,5720,0.0,5720.0
15405,2025-02-05,5164,1043,1,23,11960,0.0,11960.0
15406,2025-03-15,5316,1025,1,22,11440,572.0,10868.0
15407,2025-05-08,5076,1039,4,13,2730,273.0,2457.0
15408,2025-06-12,5232,2015,1,23,11960,1196.0,10764.0
15409,2025-06-05,5259,2010,4,2,420,21.0,399.0
15410,2025-02-03,5464,2009,4,19,3990,0.0,3990.0
15411,2025-04-16,5167,2033,2,4,1680,0.0,1680.0
15412,2025-02-27,5255,1004,2,21,8820,441.0,8379.0
15413,2025-05-17,5414,1047,1,16,8320,832.0,7488.0
15414,2025-05-07,5266,1017,2,12,5040,504.0,4536.0
15415,2025-05-02,5115,1018,2,17,7140,357.0,6783.0
15416,2025-03-26,5245,1041,2,23,9660,966.0,8694.0
15417,2025-05-14,5289,2032,1,4,2080,0.0,2080.0
15418,2025-02-27,5232,1029,1,12,6240,624.0,5616.0
15419,2025-01-05,5243,1028,3,9,2880,0.0,2880.0
15420,2025-06-07,5155,1009,2,1,420,0.0,420.0
15421,2025-02-04,5280,1016,2,6,2520,126.0,2394.0
15422,2025-06-13,5002,1052,4,11,2310,0.0,2310.0
15423,2025-04-13,5215,2020,3,23,7360,0.0,7360.0
15424,2025-06-12,5283,1031,4,20,4200,420.0,3780.0
15425,2025-06-16,5224,2024,1,19,9880,0.0,9880.0
15426,2025-03-11,5118,1027,3,17,5440,544.0,4896.0
15427,2025-04-28,5165,1027,2,9,3780,0.0,3780.0
15428,2025-04-22,5092,1035,4,2,420,0.0,420.0
15429,2025-02-21,5399,1038,1,5,2600,130.0,2470.0
15430,2025-05-16,5500,1035,2,15,6300,630.0,5670.0
15431,2025-05-25,5078,1048,3,25,8000,400.0,7600.0
15432,2025-03-22,5112,1030,1,3,1560,156.0,1404.0
15433,2025-04-20,5076,2030,4,24,5040,0.0,5040.0
15434,2025-04-24,5023,2015,4,17,3570,0.0,3570.0
15435,2025-04-19,5365,1059,1,24,12480,0.0,12480.0
15436,2025-01-22,5461,2033,2,12,5040,504.0,4536.0
15437,2025-04-14,5253,1056,4,14,2940,0.0,2940.0
15438,2025-02-23,5304,1054,2,1,420,0.0,420.0
15439,2025-04-03,5217,2024,4,1,210,10.5,199.5
15440,2025-04-20,5061,1051,3,14,4480,0.0,4480.0
15441,2025-06-04,5039,2002,2,21,8820,0.0,8820.0
15442,2025-02-12,5032,1007,1,16,8320,0.0,8320.0
15443,2025-04-16,5043,2021,3,8,2560,128.0,2432.0
15444,2025-01-06,5241,2016,1,16,8320,832.0,7488.0
15445,2025-04-25,5174,1030,2,16,6720,336.0,6384.0
15446,2025-01-01,5146,1003,4,12,2520,0.0,2520.0
15447,2025-04-06,5089,2018,2,16,6720,672.0,6048.0
15448,2025-06-16,5135,1029,1,13,6760,676.0,6084.0
15449,2025-02-15,5163,2034,1,7,3640,0.0,3640.0
15450,2025-06-27,5162,1048,1,12,6240,312.0,5928.0
15451,2025-01-31,5277,1027,2,23,9660,966.0,8694.0
15452,2025-06-11,5379,2028,2,1,420,0.0,420.0
15453,2025-01-24,5405,1036,3,24,7680,0.0,7680.0
15454,2025-04-17,5270,1006,1,14,7280,0.0,7280.0
15455,2025-01-11,5245,2026,2,14,5880,588.0,5292.0
15456,2025-06-10,5245,2005,4,13,2730,273.0,2457.0
15457,2025-03-23,5388,1006,4,3,630,0.0,630.0
15458,2025-06-16,5041,1003,3,4,1280,0.0,1280.0
15459,2025-06-16,5455,2031,1,1,520,0.0,520.0
15460,2025-01-19,5224,1028,2,13,5460,0.0,5460.0
15461,2025-01-31,5438,1016,4,21,4410,0.0,4410.0
15462,2025-02-19,5370,1033,2,8,3360,0.0,3360.0
15463,2025-05-28,5419,2007,4,14,2940,0.0,2940.0
15464,2025-06-11,5265,2031,2,19,7980,798.0,7182.0
15465,2025-04-20,5471,2024,1,1,520,0.0,520.0
15466,2025-05-09,5300,1001,4,13,2730,136.5,2593.5
15467,2025-05-14,5156,2006,3,5,1600,0.0,1600.0
15468,2025-05-24,5438,1060,4,9,1890,0.0,1890.0
15469,2025-06-10,5386,1006,4,5,1050,105.0,945.0
15470,2025-01-05,5355,1034,1,20,10400,1040.0,9360.0
15471,2025-04-01,5375,1029,3,19,6080,304.0,5776.0
15472,2025-02-15,5293,1055,2,2,840,0.0,840.0
15473,2025-01-03,5456,1039,1,15,7800,0.0,7800.0
15474,2025-02-15,5101,2032,1,17,8840,884.0,7956.0
15475,2025-03-13,5059,2007,2,8,3360,0.0,3360.0
15476,2025-01-07,5105,2032,1,6,3120,312.0,2808.0
15477,2025-02-05,5406,2006,3,3,960,48.0,912.0
15478,2025-04-09,5327,1045,3,8,2560,128.0,2432.0
15479,2025-04-22,5413,1021,3,1,320,0.0,320.0
15480,2025-03-07,5294,2020,3,8,2560,256.0,2304.0
15481,2025-06-03,5246,1026,1,1,520,26.0,494.0
15482,2025-04-23,5300,1057,1,24,12480,0.0,12480.0
15483,2025-02-04,5305,1020,2,24,10080,504.0,9576.0
15484,2025-04-17,5394,1032,3,6,1920,0.0,1920.0
15485,2025-04-21,5318,1049,3,19,6080,0.0,6080.0
15486,2025-04-18,5059,1052,1,10,5200,0.0,5200.0
15487,2025-06-06,5047,2020,3,18,5760,0.0,5760.0
15488,2025-05-06,5135,2030,1,18,9360,0.0,9360.0
15489,2025-06-15,5039,1037,4,14,2940,0.0,2940.0
15490,2025-02-07,5037,1015,3,2,640,0.0,640.0
15491,2025-06-29,5370,1051,4,1,210,21.0,189.0
15492,2025-02-14,5495,1008,3,23,7360,736.0,6624.0
15493,2025-05-14,5171,1050,3,14,4480,0.0,4480.0
15494,2025-02-24,5332,2014,2,2,840,42.0,798.0
15495,2025-06-29,5194,1048,1,9,4680,0.0,4680.0
15496,2025-02-10,5321,2002,1,18,9360,0.0,9360.0
15497,2025-06-30,5043,1029,4,12,2520,126.0,2394.0
15498,2025-04-28,5061,1041,2,3,1260,126.0,1134.0
15499,2025-01-24,5347,1031,1,15,7800,390.0,7410.0
15500,2025-06-14,5233,2035,4,17,3570,0.0,3570.0
15501,2025-01-01,5244,2001,4,5,1050,0.0,1050.0
15502,2025-01-21,5487,1005,3,18,5760,0.0,5760.0
15503,2025-05-29,5365,2006,4,20,4200,210.0,3990.0
15504,2025-02-27,5073,2027,1,9,4680,468.0,4212.0
15505,2025-01-28,5150,1007,3,20,6400,0.0,6400.0
15506,2025-02-16,5370,1055,3,10,3200,160.0,3040.0
15507,2025-05-12,5241,1055,1,7,3640,364.0,3276.0
15508,2025-05-02,5285,1023,4,9,1890,0.0,1890.0
15509,2025-02-08,5395,1041,4,23,4830,0.0,4830.0
15510,2025-04-17,5237,1006,3,4,1280,0.0,1280.0
15511,2025-01-08,5169,2019,2,22,9240,0.0,9240.0
15512,2025-03-13,5313,1023,1,16,8320,0.0,8320.0
15513,2025-02-14,5485,1005,4,7,1470,0.0,1470.0
15514,2025-06-29,5446,1052,3,22,7040,0.0,7040.0
15515,2025-03-22,5461,1017,1,8,4160,0.0,4160.0
15516,2025-04-18,5128,2029,1,23,11960,598.0,11362.0
15517,2025-06-17,5068,2013,3,25,8000,0.0,8000.0
15518,2025-04-18,5496,2020,1,24,12480,0.0,12480.0
15519,2025-04-15,5209,2008,2,19,7980,798.0,7182.0
15520,2025-02-12,5277,1043,4,7,1470,147.0,1323.0
15521,2025-04-01,5244,2032,3,15,4800,0.0,4800.0
15522,2025-04-30,5290,1010,2,18,7560,0.0,7560.0
15523,2025-05-01,5130,1013,1,3,1560,0.0,1560.0
15524,2025-01-20,5345,1012,2,15,6300,630.0,5670.0
15525,2025-02-07,5127,2032,1,25,13000,0.0,13000.0
15526,2025-06-11,5350,2012,1,1,520,0.0,520.0
15527,2025-03-16,5423,2007,2,3,1260,0.0,1260.0
15528,2025-04-27,5196,1004,2,17,7140,0.0,7140.0
15529,2025-01-10,5287,1006,1,2,1040,0.0,1040.0
15530,2025-04-06,5387,1031,3,19,6080,0.0,6080.0
15531,2025-03-30,5050,2009,2,8,3360,168.0,3192.0
15532,2025-03-30,5250,2037,2,9,3780,0.0,3780.0
15533,2025-03-15,5067,2034,3,6,1920,0.0,1920.0
15534,2025-01-18,5483,2003,4,5,1050,0.0,1050.0
15535,2025-02-23,5200,1046,3,24,7680,0.0,7680.0
15536,2025-02-14,5021,1050,4,7,1470,73.5,1396.5
15537,2025-05-08,5089,2005,4,14,2940,0.0,2940.0
15538,2025-05-05,5001,1018,4,5,1050,0.0,1050.0
15539,2025-03-01,5348,2035,1,6,3120,312.0,2808.0
15540,2025-06-08,5328,1002,3,15,4800,240.0,4560.0
15541,2025-04-28,5407,2018,2,25,10500,0.0,10500.0
15542,2025-02-15,5348,1048,2,22,9240,0.0,9240.0
15543,2025-04-09,5139,1044,3,14,4480,0.0,4480.0
15544,2025-02-17,5109,2011,2,3,1260,0.0,1260.0
15545,2025-02-10,5354,2013,4,16,3360,336.0,3024.0
15546,2025-04-08,5416,1013,1,12,6240,0.0,6240.0
15547,2025-05-20,5282,1012,1,20,10400,0.0,10400.0
15548,2025-04-01,5406,1032,2,17,7140,0.0,7140.0
15549,2025-05-15,5325,1036,4,20,4200,0.0,4200.0
15550,2025-03-15,5209,1059,1,23,11960,0.0,11960.0
15551,2025-05-21,5244,1058,2,1,420,0.0,420.0
15552,2025-03-10,5466,1004,1,6,3120,0.0,3120.0
15553,2025-06-29,5141,2018,1,4,2080,0.0,2080.0
15554,2025-06-11,5308,1057,4,2,420,0.0,420.0
15555,2025-04-19,5421,1048,4,3,630,63.0,567.0
15556,2025-04-12,5141,2037,3,24,7680,0.0,7680.0
15557,2025-06-18,5448,1015,4,17,3570,0.0,3570.0
15558,2025-04-06,5005,2032,4,5,1050,105.0,945.0
15559,2025-03-11,5211,1039,4,25,5250,262.5,4987.5
15560,2025-06-04,5385,1003,3,5,1600,0.0,1600.0
15561,2025-04-29,5028,1038,1,21,10920,0.0,10920.0
15562,2025-03-19,5157,1051,1,8,4160,0.0,4160.0
15563,2025-02-23,5092,2033,2,1,420,0.0,420.0
15564,2025-01-19,5102,1007,2,3,1260,0.0,1260.0
15565,2025-01-12,5063,1057,1,4,2080,0.0,2080.0
15566,2025-02-10,5350,2030,4,15,3150,315.0,2835.0
15567,2025-04-19,5346,2012,2,3,1260,0.0,1260.0
15568,2025-05-16,5388,2009,3,4,1280,64.0,1216.0
15569,2025-01-17,5271,1015,3,8,2560,0.0,2560.0
15570,2025-01-10,5393,1025,1,25,13000,1300.0,11700.0
15571,2025-02-02,5342,1050,3,17,5440,0.0,5440.0
15572,2025-01-29,5470,2028,3,5,1600,80.0,1520.0
15573,2025-05-06,5099,2032,1,8,4160,208.0,3952.0
15574,2025-02-11,5145,2006,2,4,1680,168.0,1512.0
15575,2025-06-29,5484,1040,1,4,2080,0.0,2080.0
15576,2025-04-16,5426,1060,3,24,7680,0.0,7680.0
15577,2025-05-29,5194,1011,3,14,4480,0.0,4480.0
15578,2025-06-29,5171,2002,2,20,8400,0.0,8400.0
15579,2025-03-19,5398,2036,2,9,3780,0.0,3780.0
15580,2025-04-20,5354,1048,2,23,9660,0.0,9660.0
15581,2025-02-24,5487,1013,2,3,1260,63.0,1197.0
15582,2025-06-03,5347,2039,1,11,5720,0.0,5720.0
15583,2025-01-04,5030,1057,1,4,2080,0.0,2080.0
15584,2025-03-09,5248,1044,3,15,4800,240.0,4560.0
15585,2025-01-10,5366,1024,3,23,7360,0.0,7360.0
15586,2025-05-05,5100,1039,4,16,3360,336.0,3024.0
15587,2025-02-20,5487,1030,1,16,8320,0.0,8320.0
15588,2025-04-20,5467,2021,3,3,960,0.0,960.0
15589,2025-04-03,5015,2018,4,2,420,0.0,420.0
15590,2025-01-27,5417,2022,1,4,2080,0.0,2080.0
15591,2025-03-09,5413,1010,4,19,3990,0.0,3990.0
15592,2025-06-11,5233,1016,1,24,12480,0.0,12480.0
15593,2025-04-21,5282,2027,3,17,5440,544.0,4896.0
15594,2025-05-14,5468,2005,2,23,9660,0.0,9660.0
15595,2025-02-08,5027,1031,2,23,9660,0.0,9660.0
15596,2025-05-01,5211,2020,2,1,420,42.0,378.0
15597,2025-06-13,5106,2011,2,24,10080,0.0,10080.0
15598,2025-04-30,5134,1023,4,22,4620,231.0,4389.0
15599,2025-02-19,5383,1051,4,25,5250,525.0,4725.0
15600,2025-03-05,5052,1054,1,13,6760,338.0,6422.0
15601,2025-01-02,5387,2014,2,16,6720,0.0,6720.0
15602,2025-03-07,5213,1017,2,14,5880,0.0,5880.0
15603,2025-05-07,5471,1009,1,20,10400,0.0,10400.0
15604,2025-06-12,5286,2024,3,23,7360,368.0,6992.0
15605,2025-02-21,5282,1001,1,24,12480,0.0,12480.0
15606,2025-03-06,5257,2008,1,7,3640,182.0,3458.0
15607,2025-02-12,5479,2003,3,3,960,0.0,960.0
15608,2025-04-13,5104,2030,2,17,7140,714.0,6426.0
15609,2025-01-02,5337,2012,2,12,5040,0.0,5040.0
15610,2025-01-25,5466,1048,4,6,1260,0.0,1260.0
15611,2025-06-21,5458,2030,4,23,4830,241.5,4588.5
15612,2025-05-02,5435,1049,4,12,2520,0.0,2520.0
15613,2025-06-25,5415,1026,1,15,7800,390.0,7410.0
15614,2025-05-02,5149,1028,4,12,2520,126.0,2394.0
15615,2025-01-17,5160,1015,3,25,8000,0.0,8000.0
15616,2025-03-19,5298,1047,2,12,5040,252.0,4788.0
15617,2025-05-29,5461,2013,3,20,6400,0.0,6400.0
15618,2025-04-11,5045,2008,4,23,4830,0.0,4830.0
15619,2025-04-10,5299,2017,2,19,7980,0.0,7980.0
15620,2025-05-25,5004,1018,3,19,6080,0.0,6080.0
15621,2025-05-16,5201,1047,3,6,1920,0.0,1920.0
15622,2025-03-04,5166,2040,2,4,1680,84.0,1596.0
15623,2025-03-08,5090,1059,1,25,13000,0.0,13000.0
15624,2025-01-09,5128,2023,2,22,9240,0.0,9240.0
15625,2025-01-20,5195,2021,2,6,2520,252.0,2268.0
15626,2025-05-31,5333,1013,3,4,1280,0.0,1280.0
15627,2025-03-03,5082,1042,2,17,7140,0.0,7140.0
15628,2025-02-19,5381,2040,4,10,2100,210.0,1890.0
15629,2025-06-04,5108,1045,1,3,1560,0.0,1560.0
15630,2025-04-02,5257,1040,2,24,10080,1008.0,9072.0
15631,2025-03-10,5131,1018,2,14,5880,0.0,5880.0
15632,2025-03-01,5445,1048,3,7,2240,0.0,2240.0
15633,2025-04-26,5491,1036,3,9,2880,0.0,2880.0
15634,2025-04-18,5365,1045,4,14,2940,0.0,2940.0
15635,2025-03-09,5036,2028,1,8,4160,0.0,4160.0
15636,2025-02-08,5040,1025,2,21,8820,0.0,8820.0
15637,2025-03-27,5057,2011,4,7,1470,0.0,1470.0
15638,2025-04-09,5012,1032,1,13,6760,0.0,6760.0
15639,2025-02-21,5419,2034,3,6,1920,192.0,1728.0
15640,2025-01-02,5472,1023,3,10,3200,0.0,3200.0
15641,2025-04-30,5015,1009,4,25,5250,525.0,4725.0
15642,2025-04-22,5034,2015,3,17,5440,544.0,4896.0
15643,2025-04-03,5126,2024,3,22,7040,0.0,7040.0
15644,2025-01-13,5053,1017,1,11,5720,286.0,5434.0
15645,2025-05-21,5114,1059,2,18,7560,756.0,6804.0
15646,2025-01-28,5001,2019,2,19,7980,0.0,7980.0
15647,2025-02-26,5378,2033,3,6,1920,192.0,1728.0
15648,2025-03-29,5253,2005,1,10,5200,0.0,5200.0
15649,2025-03-03,5074,1048,3,19,6080,0.0,6080.0
15650,2025-02-05,5031,1027,2,17,7140,357.0,6783.0
15651,2025-04-08,5205,2039,1,10,5200,0.0,5200.0
15652,2025-01-26,5227,1015,3,17,5440,0.0,5440.0
15653,2025-01-01,5351,1023,2,24,10080,1008.0,9072.0
15654,2025-04-16,5294,2002,1,16,8320,0.0,8320.0
15655,2025-03-17,5292,1042,2,23,9660,483.0,9177.0
15656,2025-01-19,5413,2035,2,2,840,0.0,840.0
15657,2025-06-02,5102,1031,2,9,3780,378.0,3402.0
15658,2025-02-01,5250,2020,1,14,7280,0.0,7280.0
15659,2025-03-15,5044,2028,4,7,1470,73.5,1396.5
15660,2025-03-26,5213,2002,2,24,10080,0.0,10080.0
15661,2025-02-04,5490,2005,3,18,5760,288.0,5472.0
15662,2025-05-09,5322,1038,3,13,4160,0.0,4160.0
15663,2025-06-13,5159,2040,2,14,5880,0.0,5880.0
15664,2025-04-16,5241,2016,2,2,840,42.0,798.0
15665,2025-05-31,5289,1009,3,15,4800,0.0,4800.0
15666,2025-04-08,5286,1017,3,10,3200,160.0,3040.0
15667,2025-03-11,5423,2027,1,13,6760,0.0,6760.0
15668,2025-05-28,5077,1011,3,22,7040,0.0,7040.0
15669,2025-02-18,5398,2029,1,7,3640,0.0,3640.0
15670,2025-02-12,5318,1014,1,21,10920,0.0,10920.0
15671,2025-02-17,5090,2024,2,22,9240,0.0,9240.0
15672,2025-05-29,5335,1043,1,9,4680,0.0,4680.0
15673,2025-01-09,5350,1050,2,20,8400,0.0,8400.0
15674,2025-04-30,5017,2007,2,6,2520,252.0,2268.0
15675,2025-04-10,5448,1059,4,8,1680,168.0,1512.0
15676,2025-02-02,5402,1038,2,17,7140,0.0,7140.0
15677,2025-04-17,5182,1048,2,2,840,0.0,840.0
15678,2025-04-19,5314,2022,1,18,9360,0.0,9360.0
15679,2025-05-29,5292,2033,1,13,6760,0.0,6760.0
15680,2025-05-26,5382,1031,4,17,3570,178.5,3391.5
15681,2025-05-09,5056,2030,1,1,520,0.0,520.0
15682,2025-04-14,5284,2028,2,5,2100,0.0,2100.0
15683,2025-05-13,5133,1020,3,13,4160,0.0,4160.0
15684,2025-03-23,5266,1019,3,23,7360,736.0,6624.0
15685,2025-04-30,5363,1032,1,14,7280,0.0,7280.0
15686,2025-06-22,5266,2015,4,21,4410,0.0,4410.0
15687,2025-04-12,5350,1017,4,18,3780,0.0,3780.0
15688,2025-02-21,5022,2034,4,22,4620,0.0,4620.0
15689,2025-03-30,5126,1055,2,8,3360,0.0,3360.0
15690,2025-05-10,5410,2008,3,22,7040,0.0,7040.0
15691,2025-01-22,5463,1043,4,20,4200,0.0,4200.0
15692,2025-04-15,5484,2038,2,18,7560,0.0,7560.0
15693,2025-01-10,5128,1054,2,10,4200,420.0,3780.0
15694,2025-01-10,5326,1009,3,3,960,0.0,960.0
15695,2025-01-08,5160,2002,4,25,5250,525.0,4725.0
15696,2025-01-26,5342,2012,2,14,5880,0.0,5880.0
15697,2025-03-21,5239,1025,2,18,7560,0.0,7560.0
15698,2025-03-22,5417,2025,4,25,5250,0.0,5250.0
15699,2025-03-16,5226,1026,1,14,7280,0.0,7280.0
15700,2025-05-20,5157,1048,2,3,1260,0.0,1260.0
15701,2025-01-03,5479,1008,3,11,3520,352.0,3168.0
15702,2025-06-18,5191,2029,3,17,5440,272.0,5168.0
15703,2025-05-15,5057,1012,4,10,2100,0.0,2100.0
15704,2025-06-19,5408,2012,1,14,7280,0.0,7280.0
15705,2025-02-12,5496,2035,2,6,2520,0.0,2520.0
15706,2025-03-19,5365,2027,1,12,6240,0.0,6240.0
15707,2025-01-08,5315,2026,4,1,210,0.0,210.0
15708,2025-01-16,5397,1040,1,8,4160,0.0,4160.0
15709,2025-02-04,5221,1057,3,23,7360,736.0,6624.0
15710,2025-04-25,5056,2013,3,18,5760,0.0,5760.0
15711,2025-02-19,5296,1006,1,18,9360,0.0,9360.0
15712,2025-06-10,5418,2023,3,23,7360,0.0,7360.0
15713,2025-02-10,5044,1039,3,18,5760,0.0,5760.0
15714,2025-05-06,5453,2005,4,15,3150,0.0,3150.0
15715,2025-04-01,5449,1056,4,10,2100,0.0,2100.0
15716,2025-03-27,5021,2035,1,16,8320,0.0,8320.0
15717,2025-02-11,5422,1037,4,24,5040,0.0,5040.0
15718,2025-04-02,5365,2007,3,22,7040,0.0,7040.0
15719,2025-01-22,5488,2027,2,11,4620,0.0,4620.0
15720,2025-06-06,5174,2023,1,3,1560,156.0,1404.0
15721,2025-05-01,5262,2018,1,5,2600,0.0,2600.0
15722,2025-04-12,5491,1008,2,11,4620,231.0,4389.0
15723,2025-02-27,5155,1047,2,11,4620,0.0,4620.0
15724,2025-02-23,5404,1008,1,17,8840,442.0,8398.0
15725,2025-04-18,5162,1012,4,18,3780,189.0,3591.0
15726,2025-03-03,5435,1003,3,3,960,0.0,960.0
15727,2025-03-24,5150,2027,4,14,2940,294.0,2646.0
15728,2025-02-13,5028,2022,2,14,5880,588.0,5292.0
15729,2025-06-08,5468,1023,4,9,1890,189.0,1701.0
15730,2025-01-26,5441,2007,2,5,2100,105.0,1995.0
15731,2025-01-29,5048,1049,3,25,8000,800.0,7200.0
15732,2025-06-24,5027,1033,3,11,3520,352.0,3168.0
15733,2025-04-24,5189,2021,4,3,630,63.0,567.0
15734,2025-06-20,5291,1007,1,25,13000,0.0,13000.0
15735,2025-05-13,5281,1057,1,5,2600,0.0,2600.0
15736,2025-06-26,5157,1024,1,19,9880,0.0,9880.0
15737,2025-04-17,5040,1021,1,15,7800,390.0,7410.0
15738,2025-01-05,5128,2039,1,20,10400,1040.0,9360.0
15739,2025-05-13,5139,1058,4,7,1470,73.5,1396.5
15740,2025-03-16,5010,2013,2,22,9240,0.0,9240.0
15741,2025-05-30,5488,2038,4,13,2730,0.0,2730.0
15742,2025-05-26,5368,2024,3,13,4160,0.0,4160.0
15743,2025-01-14,5216,1006,2,19,7980,0.0,7980.0
15744,2025-02-23,5258,1052,3,24,7680,768.0,6912.0
15745,2025-02-16,5414,1013,3,15,4800,0.0,4800.0
15746,2025-04-01,5423,1034,2,12,5040,504.0,4536.0
15747,2025-04-03,5457,2027,3,24,7680,0.0,7680.0
15748,2025-06-07,5192,2025,2,25,10500,0.0,10500.0
15749,2025-05-24,5418,1041,4,6,1260,0.0,1260.0
15750,2025-01-25,5357,1010,2,22,9240,0.0,9240.0
15751,2025-03-17,5122,1043,1,10,5200,260.0,4940.0
15752,2025-04-06,5337,1059,4,5,1050,0.0,1050.0
15753,2025-01-07,5090,1001,4,16,3360,0.0,3360.0
15754,2025-05-02,5126,1051,2,3,1260,126.0,1134.0
15755,2025-05-23,5497,2036,1,7,3640,0.0,3640.0
15756,2025-04-11,5014,1006,1,18,9360,0.0,9360.0
15757,2025-03-23,5449,2035,1,16,8320,0.0,8320.0
15758,2025-06-05,5343,1030,2,5,2100,0.0,2100.0
15759,2025-05-31,5020,1057,4,16,3360,336.0,3024.0
15760,2025-05-15,5084,1024,4,20,4200,0.0,4200.0
15761,2025-05-04,5219,2030,4,24,5040,504.0,4536.0
15762,2025-02-16,5297,1044,3,24,7680,0.0,7680.0
15763,2025-05-22,5286,1038,4,9,1890,0.0,1890.0
15764,2025-01-11,5358,1057,2,1,420,0.0,420.0
15765,2025-01-31,5325,1032,2,2,840,0.0,840.0
15766,2025-02-13,5255,1018,2,16,6720,0.0,6720.0
15767,2025-06-14,5067,1048,3,5,1600,0.0,1600.0
15768,2025-04-15,5164,1043,4,4,840,0.0,840.0
15769,2025-04-14,5202,1043,4,19,3990,0.0,3990.0
15770,2025-05-17,5369,2021,3,5,1600,0.0,1600.0
15771,2025-01-28,5421,1027,3,4,1280,0.0,1280.0
15772,2025-05-16,5436,1029,3,12,3840,0.0,3840.0
15773,2025-06-17,5448,2006,3,22,7040,352.0,6688.0
15774,2025-02-18,5456,1042,3,24,7680,768.0,6912.0
15775,2025-01-05,5354,1040,3,4,1280,0.0,1280.0
15776,2025-04-02,5004,1014,4,15,3150,315.0,2835.0
15777,2025-01-08,5218,1056,3,14,4480,0.0,4480.0
15778,2025-03-09,5172,1047,4,19,3990,199.5,3790.5
15779,2025-05-30,5307,2022,4,11,2310,0.0,2310.0
15780,2025-04-26,5361,2039,2,17,7140,357.0,6783.0
15781,2025-01-30,5419,1023,4,14,2940,147.0,2793.0
15782,2025-03-01,5098,2004,2,16,6720,672.0,6048.0
15783,2025-01-19,5016,1016,4,5,1050,105.0,945.0
15784,2025-05-23,5027,1040,4,25,5250,0.0,5250.0
15785,2025-01-08,5164,2002,4,1,210,21.0,189.0
15786,2025-05-21,5371,2018,2,23,9660,0.0,9660.0
15787,2025-01-05,5451,1031,1,19,9880,988.0,8892.0
15788,2025-05-06,5068,1024,4,2,420,0.0,420.0
15789,2025-03-19,5232,2019,3,2,640,0.0,640.0
15790,2025-02-04,5368,1043,1,7,3640,364.0,3276.0
15791,2025-02-15,5098,1044,1,16,8320,0.0,8320.0
15792,2025-05-06,5262,1037,1,25,13000,0.0,13000.0
15793,2025-04-25,5447,1008,1,15,7800,390.0,7410.0
15794,2025-04-13,5161,2005,3,4,1280,64.0,1216.0
15795,2025-06-20,5124,1054,2,6,2520,252.0,2268.0
15796,2025-02-13,5405,1055,2,3,1260,0.0,1260.0
15797,2025-04-02,5168,1022,1,2,1040,104.0,936.0
15798,2025-05-16,5152,2012,4,25,5250,0.0,5250.0
15799,2025-02-21,5377,2035,3,7,2240,224.0,2016.0
15800,2025-02-19,5264,1008,1,14,7280,728.0,6552.0
15801,2025-05-06,5482,1048,1,15,7800,780.0,7020.0
15802,2025-06-06,5027,2002,3,3,960,0.0,960.0
15803,2025-02-27,5427,1053,1,10,5200,0.0,5200.0
15804,2025-06-16,5206,1046,2,15,6300,0.0,6300.0
15805,2025-04-14,5253,1036,3,13,4160,208.0,3952.0
15806,2025-03-08,5410,2032,2,8,3360,0.0,3360.0
15807,2025-06-17,5355,2040,4,4,840,84.0,756.0
15808,2025-05-07,5188,2008,1,12,6240,0.0,6240.0
15809,2025-02-14,5467,2030,4,23,4830,241.5,4588.5
15810,2025-03-17,5325,1039,4,17,3570,0.0,3570.0
15811,2025-05-19,5222,1059,2,19,7980,0.0,7980.0
15812,2025-03-04,5086,1028,2,2,840,0.0,840.0
15813,2025-02-28,5395,2006,4,14,2940,294.0,2646.0
15814,2025-04-22,5488,2034,1,12,6240,0.0,6240.0
15815,2025-01-22,5033,2029,1,6,3120,0.0,3120.0
15816,2025-03-07,5283,1037,4,20,4200,420.0,3780.0
15817,2025-03-13,5386,1060,2,9,3780,0.0,3780.0
15818,2025-01-30,5332,1039,2,24,10080,1008.0,9072.0
15819,2025-02-09,5441,2018,1,4,2080,104.0,1976.0
15820,2025-03-11,5187,2027,1,8,4160,0.0,4160.0
15821,2025-06-20,5120,2016,1,3,1560,0.0,1560.0
15822,2025-03-29,5496,2024,2,7,2940,0.0,2940.0
15823,2025-06-20,5172,2009,4,18,3780,0.0,3780.0
15824,2025-05-22,5486,2010,2,19,7980,0.0,7980.0
15825,2025-04-29,5478,2029,4,1,210,0.0,210.0
15826,2025-02-22,5309,2001,4,24,5040,504.0,4536.0
15827,2025-05-18,5270,2005,1,24,12480,624.0,11856.0
15828,2025-06-22,5027,2021,4,19,3990,0.0,3990.0
15829,2025-05-06,5013,1027,4,25,5250,0.0,5250.0
15830,2025-03-11,5014,1014,3,6,1920,192.0,1728.0
15831,2025-05-17,5494,1042,3,9,2880,144.0,2736.0
15832,2025-01-14,5065,1015,3,24,7680,0.0,7680.0
15833,2025-04-26,5169,2013,4,13,2730,136.5,2593.5
15834,2025-02-16,5136,2003,1,12,6240,624.0,5616.0
15835,2025-02-11,5345,1040,1,24,12480,0.0,12480.0
15836,2025-05-31,5135,1024,3,9,2880,0.0,2880.0
15837,2025-04-03,5062,1054,4,17,3570,0.0,3570.0
15838,2025-05-24,5341,2007,4,21,4410,220.5,4189.5
15839,2025-03-13,5174,1058,4,2,420,42.0,378.0
15840,2025-03-13,5499,1033,4,3,630,0.0,630.0
15841,2025-04-14,5172,1038,2,24,10080,1008.0,9072.0
15842,2025-05-11,5401,2020,2,4,1680,0.0,1680.0
15843,2025-02-07,5114,1040,4,24,5040,0.0,5040.0
15844,2025-06-17,5191,1033,2,17,7140,0.0,7140.0
15845,2025-05-28,5392,1057,3,12,3840,0.0,3840.0
15846,2025-01-29,5255,2006,3,25,8000,400.0,7600.0
15847,2025-02-28,5034,1018,2,5,2100,0.0,2100.0
15848,2025-05-15,5003,2007,2,5,2100,0.0,2100.0
15849,2025-03-05,5327,1043,3,4,1280,128.0,1152.0
15850,2025-06-20,5422,2035,3,18,5760,0.0,5760.0
15851,2025-02-13,5181,2039,1,5,2600,130.0,2470.0
15852,2025-02-06,5292,1012,3,8,2560,0.0,2560.0
15853,2025-02-10,5338,1005,1,4,2080,104.0,1976.0
15854,2025-03-09,5221,1031,2,5,2100,0.0,2100.0
15855,2025-05-19,5169,1048,1,19,9880,494.0,9386.0
15856,2025-04-24,5414,2005,3,21,6720,0.0,6720.0
15857,2025-06-25,5187,2033,3,17,5440,272.0,5168.0
15858,2025-05-15,5159,2014,4,1,210,21.0,189.0
15859,2025-05-30,5067,1023,4,12,2520,0.0,2520.0
15860,2025-05-29,5377,2014,4,1,210,10.5,199.5
15861,2025-06-15,5010,1009,3,5,1600,80.0,1520.0
15862,2025-04-04,5110,1013,3,24,7680,768.0,6912.0
15863,2025-05-02,5012,1023,3,14,4480,448.0,4032.0
15864,2025-03-17,5138,1043,4,12,2520,252.0,2268.0
15865,2025-02-21,5419,1030,3,18,5760,0.0,5760.0
15866,2025-01-16,5436,2015,2,12,5040,0.0,5040.0
15867,2025-06-07,5487,2010,1,9,4680,468.0,4212.0
15868,2025-05-16,5335,2020,4,11,2310,231.0,2079.0
15869,2025-05-04,5237,1004,1,18,9360,468.0,8892.0
15870,2025-05-05,5397,1032,4,16,3360,0.0,3360.0
15871,2025-05-16,5458,1028,4,12,2520,0.0,2520.0
15872,2025-02-08,5361,1045,3,8,2560,0.0,2560.0
15873,2025-06-12,5462,1034,1,8,4160,0.0,4160.0
15874,2025-01-16,5027,1037,3,16,5120,512.0,4608.0
15875,2025-04-01,5289,1029,3,6,1920,192.0,1728.0
15876,2025-01-11,5495,2017,4,11,2310,0.0,2310.0
15877,2025-04-16,5326,1042,3,2,640,0.0,640.0
15878,2025-04-12,5102,1006,3,15,4800,0.0,4800.0
15879,2025-05-12,5234,1043,3,20,6400,0.0,6400.0
15880,2025-02-17,5300,1001,2,6,2520,0.0,2520.0
15881,2025-04-09,5326,2005,1,16,8320,416.0,7904.0
15882,2025-01-18,5398,2002,3,19,6080,0.0,6080.0
15883,2025-03-25,5276,1014,1,23,11960,0.0,11960.0
15884,2025-03-30,5126,2010,2,18,7560,378.0,7182.0
15885,2025-05-10,5081,2027,1,22,11440,572.0,10868.0
15886,2025-06-11,5088,1033,2,17,7140,0.0,7140.0
15887,2025-03-18,5138,2039,4,9,1890,94.5,1795.5
15888,2025-06-22,5250,1015,1,24,12480,624.0,11856.0
15889,2025-03-05,5052,1019,1,12,6240,0.0,6240.0
15890,2025-01-31,5481,1052,2,4,1680,0.0,1680.0
15891,2025-03-20,5405,1027,3,24,7680,0.0,7680.0
15892,2025-01-08,5189,2018,2,21,8820,0.0,8820.0
15893,2025-06-23,5377,2017,3,15,4800,0.0,4800.0
15894,2025-03-30,5406,2039,3,16,5120,0.0,5120.0
15895,2025-05-11,5286,2023,2,24,10080,1008.0,9072.0
15896,2025-04-09,5319,1041,2,13,5460,546.0,4914.0
15897,2025-05-11,5275,1042,4,8,1680,0.0,1680.0
15898,2025-04-04,5068,1025,4,8,1680,168.0,1512.0
15899,2025-04-22,5204,1051,3,22,7040,0.0,7040.0
15900,2025-02-07,5290,2025,3,20,6400,0.0,6400.0
15901,2025-03-28,5450,1021,2,19,7980,798.0,7182.0
15902,2025-04-10,5284,1011,4,5,1050,105.0,945.0
15903,2025-05-12,5079,1052,4,7,1470,147.0,1323.0
15904,2025-04-20,5419,2033,1,6,3120,312.0,2808.0
15905,2025-04-05,5245,2017,3,3,960,96.0,864.0
15906,2025-05-03,5445,2022,1,25,13000,650.0,12350.0
15907,2025-06-21,5093,2032,4,12,2520,0.0,2520.0
15908,2025-04-01,5218,2022,1,21,10920,0.0,10920.0
15909,2025-01-21,5297,1020,1,22,11440,0.0,11440.0
15910,2025-05-05,5229,2005,1,1,520,26.0,494.0
15911,2025-02-01,5470,2031,3,9,2880,144.0,2736.0
15912,2025-06-09,5424,2032,2,11,4620,231.0,4389.0
15913,2025-05-27,5229,1033,4,11,2310,115.5,2194.5
15914,2025-06-23,5335,2029,4,13,2730,0.0,2730.0
15915,2025-03-16,5205,2008,4,1,210,21.0,189.0
15916,2025-01-07,5381,1055,1,5,2600,130.0,2470.0
15917,2025-03-01,5481,2013,3,2,640,0.0,640.0
15918,2025-05-31,5094,1038,1,7,3640,182.0,3458.0
15919,2025-05-29,5406,1033,4,24,5040,252.0,4788.0
15920,2025-01-31,5398,2013,2,2,840,0.0,840.0
15921,2025-02-27,5052,2030,1,24,12480,1248.0,11232.0
15922,2025-01-30,5482,2009,2,18,7560,378.0,7182.0
15923,2025-04-20,5080,1040,4,10,2100,0.0,2100.0
15924,2025-05-12,5094,1027,3,5,1600,160.0,1440.0
15925,2025-05-24,5394,1048,3,21,6720,672.0,6048.0
15926,2025-05-10,5232,2035,2,11,4620,231.0,4389.0
15927,2025-03-05,5166,1004,2,7,2940,294.0,2646.0
15928,2025-04-01,5240,2011,1,21,10920,0.0,10920.0
15929,2025-02-08,5495,2028,4,17,3570,178.5,3391.5
15930,2025-04-16,5338,2015,2,25,10500,0.0,10500.0
15931,2025-01-31,5034,1035,2,4,1680,0.0,1680.0
15932,2025-02-06,5269,2014,2,1,420,0.0,420.0
15933,2025-05-08,5005,2016,2,12,5040,0.0,5040.0
15934,2025-02-18,5163,1010,4,15,3150,0.0,3150.0
15935,2025-04-24,5270,1016,4,13,2730,0.0,2730.0
15936,2025-06-18,5404,2010,3,21,6720,0.0,6720.0
15937,2025-03-16,5376,1024,4,14,2940,0.0,2940.0
15938,2025-02-08,5424,2020,2,13,5460,0.0,5460.0
15939,2025-03-03,5309,1028,2,7,2940,147.0,2793.0
15940,2025-02-15,5041,1021,4,10,2100,0.0,2100.0
15941,2025-05-05,5473,2004,1,18,9360,0.0,9360.0
15942,2025-06-01,5376,1048,1,13,6760,338.0,6422.0
15943,2025-03-25,5485,2013,1,2,1040,0.0,1040.0
15944,2025-06-13,5437,1040,3,15,4800,480.0,4320.0
15945,2025-02-12,5045,1053,3,19,6080,304.0,5776.0
15946,2025-06-01,5080,1047,1,17,8840,0.0,8840.0
15947,2025-03-26,5173,1043,3,8,2560,256.0,2304.0
15948,2025-04-16,5496,2013,4,11,2310,0.0,2310.0
15949,2025-05-20,5011,1029,2,14,5880,0.0,5880.0
15950,2025-05-06,5318,2011,3,21,6720,672.0,6048.0
15951,2025-03-01,5333,2032,4,10,2100,0.0,2100.0
15952,2025-04-29,5024,1021,2,7,2940,147.0,2793.0
15953,2025-05-30,5179,1025,4,15,3150,0.0,3150.0
15954,2025-03-16,5373,2038,2,3,1260,0.0,1260.0
15955,2025-04-02,5157,2006,4,17,3570,0.0,3570.0
15956,2025-03-06,5391,1016,3,19,6080,0.0,6080.0
15957,2025-03-16,5047,1057,1,11,5720,0.0,5720.0
15958,2025-04-17,5061,1047,1,14,7280,0.0,7280.0
15959,2025-05-18,5413,2032,2,22,9240,0.0,9240.0
15960,2025-04-19,5133,1033,1,21,10920,1092.0,9828.0
15961,2025-01-03,5461,1051,4,17,3570,0.0,3570.0
15962,2025-04-03,5068,1041,3,25,8000,400.0,7600.0
15963,2025-03-15,5203,1016,4,8,1680,168.0,1512.0
15964,2025-01-27,5024,1008,3,1,320,16.0,304.0
15965,2025-05-22,5248,2027,1,1,520,0.0,520.0
15966,2025-05-26,5087,1053,4,9,1890,94.5,1795.5
15967,2025-02-04,5499,1003,1,3,1560,0.0,1560.0
15968,2025-03-15,5413,1026,2,19,7980,0.0,7980.0
15969,2025-03-18,5404,1011,2,20,8400,0.0,8400.0
15970,2025-05-25,5410,1023,3,7,2240,0.0,2240.0
15971,2025-04-28,5015,2031,2,19,7980,0.0,7980.0
15972,2025-06-27,5123,2015,1,24,12480,1248.0,11232.0
15973,2025-04-29,5493,1024,4,2,420,21.0,399.0
15974,2025-04-09,5053,2025,2,18,7560,378.0,7182.0
15975,2025-06-05,5047,1034,2,20,8400,840.0,7560.0
15976,2025-05-27,5071,1054,4,17,3570,357.0,3213.0
15977,2025-03-15,5461,2038,4,5,1050,0.0,1050.0
15978,2025-04-23,5119,2035,2,8,3360,0.0,3360.0
15979,2025-06-25,5300,1012,2,19,7980,0.0,7980.0
15980,2025-02-02,5227,1008,2,22,9240,462.0,8778.0
15981,2025-06-19,5036,2025,3,7,2240,0.0,2240.0
15982,2025-01-03,5409,1006,2,11,4620,0.0,4620.0
15983,2025-03-27,5406,1041,4,4,840,0.0,840.0
15984,2025-04-05,5129,1029,1,25,13000,0.0,13000.0
15985,2025-05-12,5200,1036,2,11,4620,0.0,4620.0
15986,2025-01-16,5227,2033,3,4,1280,0.0,1280.0
15987,2025-06-08,5145,1003,4,8,1680,84.0,1596.0
15988,2025-02-20,5094,1011,3,24,7680,768.0,6912.0
15989,2025-01-08,5422,2024,1,18,9360,936.0,8424.0
15990,2025-01-14,5315,2018,2,5,2100,0.0,2100.0
15991,2025-05-27,5099,1008,1,10,5200,260.0,4940.0
15992,2025-01-07,5452,2004,2,25,10500,0.0,10500.0
15993,2025-06-12,5132,1046,2,14,5880,588.0,5292.0
15994,2025-06-07,5080,1018,3,19,6080,608.0,5472.0
15995,2025-04-09,5057,1040,3,10,3200,0.0,3200.0
15996,2025-06-07,5384,1017,3,17,5440,544.0,4896.0
15997,2025-03-08,5190,2032,4,4,840,42.0,798.0
15998,2025-01-21,5196,1048,1,25,13000,0.0,13000.0
15999,2025-06-18,5478,1050,4,6,1260,0.0,1260.0
16000,2025-03-15,5085,2035,2,20,8400,0.0,8400.0
16001,2025-06-07,5358,1056,1,11,5720,286.0,5434.0
16002,2025-01-12,5289,2005,1,18,9360,0.0,9360.0
16003,2025-03-14,5225,1018,1,16,8320,0.0,8320.0
16004,2025-02-24,5431,2033,2,4,1680,0.0,1680.0
16005,2025-01-02,5138,1048,3,23,7360,0.0,7360.0
16006,2025-03-12,5233,2033,3,14,4480,0.0,4480.0
16007,2025-03-12,5329,2035,1,20,10400,1040.0,9360.0
16008,2025-05-14,5063,1040,1,18,9360,0.0,9360.0
16009,2025-02-17,5165,2039,4,23,4830,0.0,4830.0
16010,2025-04-15,5039,1021,3,12,3840,0.0,3840.0
16011,2025-04-23,5313,1012,1,5,2600,130.0,2470.0
16012,2025-04-04,5225,1034,4,2,420,0.0,420.0
16013,2025-03-07,5113,1025,4,21,4410,0.0,4410.0
16014,2025-06-14,5130,1050,3,17,5440,272.0,5168.0
16015,2025-04-19,5361,1042,4,22,4620,0.0,4620.0
16016,2025-02-21,5139,2004,3,11,3520,0.0,3520.0
16017,2025-04-23,5259,2025,4,9,1890,0.0,1890.0
16018,2025-03-22,5088,1006,2,25,10500,0.0,10500.0
16019,2025-04-20,5050,2037,1,21,10920,546.0,10374.0
16020,2025-06-21,5047,2009,1,6,3120,156.0,2964.0
16021,2025-04-22,5157,2040,2,23,9660,0.0,9660.0
16022,2025-04-13,5461,2009,4,9,1890,0.0,1890.0
16023,2025-02-14,5025,2011,1,18,9360,936.0,8424.0
16024,2025-02-06,5451,2022,1,19,9880,0.0,9880.0
16025,2025-05-08,5051,1003,1,22,11440,1144.0,10296.0
16026,2025-01-22,5317,1059,4,18,3780,189.0,3591.0
16027,2025-01-08,5429,1040,4,19,3990,0.0,3990.0
16028,2025-02-25,5391,1054,2,6,2520,126.0,2394.0
16029,2025-05-12,5220,2032,1,24,12480,0.0,12480.0
16030,2025-06-14,5063,1001,1,14,7280,364.0,6916.0
16031,2025-03-23,5215,1016,2,15,6300,0.0,6300.0
16032,2025-02-27,5192,2006,4,20,4200,420.0,3780.0
16033,2025-05-23,5374,2018,2,4,1680,0.0,1680.0
16034,2025-04-27,5023,1051,4,9,1890,94.5,1795.5
16035,2025-06-27,5138,1010,3,9,2880,288.0,2592.0
16036,2025-05-23,5018,2005,2,8,3360,0.0,3360.0
16037,2025-05-28,5406,1011,1,22,11440,0.0,11440.0
16038,2025-02-12,5003,2035,3,15,4800,0.0,4800.0
16039,2025-04-29,5053,1053,2,21,8820,441.0,8379.0
16040,2025-06-22,5072,1001,1,11,5720,0.0,5720.0
16041,2025-04-25,5246,1054,1,13,6760,676.0,6084.0
16042,2025-03-21,5162,2001,3,22,7040,704.0,6336.0
16043,2025-04-16,5327,1031,3,6,1920,0.0,1920.0
16044,2025-01-10,5010,1024,1,20,10400,520.0,9880.0
16045,2025-05-16,5035,1034,3,19,6080,0.0,6080.0
16046,2025-05-11,5364,1046,2,17,7140,357.0,6783.0
16047,2025-02-05,5328,2031,1,6,3120,0.0,3120.0
16048,2025-01-23,5208,2011,1,1,520,26.0,494.0
16049,2025-03-27,5189,1028,1,21,10920,0.0,10920.0
16050,2025-05-10,5492,2006,4,9,1890,189.0,1701.0
16051,2025-01-21,5201,1009,2,10,4200,0.0,4200.0
16052,2025-04-24,5145,1042,3,2,640,0.0,640.0
16053,2025-04-05,5427,1057,4,11,2310,231.0,2079.0
16054,2025-02-05,5405,1025,1,4,2080,0.0,2080.0
16055,2025-01-23,5212,2020,4,19,3990,0.0,3990.0
16056,2025-05-12,5049,2028,2,21,8820,0.0,8820.0
16057,2025-03-19,5437,1021,3,2,640,32.0,608.0
16058,2025-04-18,5247,1010,1,5,2600,0.0,2600.0
16059,2025-03-24,5393,1057,3,10,3200,160.0,3040.0
16060,2025-04-24,5080,1059,1,8,4160,0.0,4160.0
16061,2025-02-12,5125,1042,4,19,3990,0.0,3990.0
16062,2025-04-30,5332,2011,4,16,3360,336.0,3024.0
16063,2025-06-14,5317,1022,3,14,4480,448.0,4032.0
16064,2025-02-01,5197,1027,1,13,6760,0.0,6760.0
16065,2025-02-28,5056,2029,4,20,4200,0.0,4200.0
16066,2025-05-02,5022,2010,2,15,6300,0.0,6300.0
16067,2025-03-10,5262,1027,4,18,3780,189.0,3591.0
16068,2025-04-05,5090,2023,4,16,3360,0.0,3360.0
16069,2025-05-29,5371,1011,3,3,960,0.0,960.0
16070,2025-04-27,5099,2032,4,10,2100,0.0,2100.0
16071,2025-01-09,5354,2022,4,18,3780,0.0,3780.0
16072,2025-04-12,5453,1025,3,2,640,0.0,640.0
16073,2025-02-10,5372,2024,4,25,5250,525.0,4725.0
16074,2025-04-27,5117,2026,3,11,3520,0.0,3520.0
16075,2025-05-13,5343,1024,3,1,320,0.0,320.0
16076,2025-04-19,5265,2029,1,21,10920,0.0,10920.0
16077,2025-01-02,5383,1043,2,1,420,0.0,420.0
16078,2025-01-17,5434,1040,3,6,1920,96.0,1824.0
16079,2025-03-23,5352,1010,4,7,1470,0.0,1470.0
16080,2025-05-29,5179,2007,2,21,8820,441.0,8379.0
16081,2025-04-27,5268,2028,2,20,8400,420.0,7980.0
16082,2025-01-16,5351,1007,3,22,7040,0.0,7040.0
16083,2025-01-02,5378,1025,3,24,7680,0.0,7680.0
16084,2025-04-17,5106,1034,2,14,5880,294.0,5586.0
16085,2025-06-27,5380,2029,1,8,4160,0.0,4160.0
16086,2025-03-28,5180,1012,1,24,12480,0.0,12480.0
16087,2025-01-23,5096,2021,1,18,9360,0.0,9360.0
16088,2025-02-07,5060,1043,3,1,320,16.0,304.0
16089,2025-06-10,5289,1001,1,11,5720,286.0,5434.0
16090,2025-01-11,5216,2034,1,10,5200,260.0,4940.0
16091,2025-02-06,5312,2029,4,21,4410,220.5,4189.5
16092,2025-02-15,5313,2011,3,7,2240,224.0,2016.0
16093,2025-06-21,5050,1041,2,17,7140,714.0,6426.0
16094,2025-06-29,5471,2015,4,12,2520,0.0,2520.0
16095,2025-03-19,5462,1059,2,15,6300,630.0,5670.0
16096,2025-04-24,5364,1036,2,15,6300,630.0,5670.0
16097,2025-06-11,5220,1053,1,10,5200,0.0,5200.0
16098,2025-05-18,5494,2009,1,24,12480,0.0,12480.0
16099,2025-04-10,5161,2002,1,15,7800,390.0,7410.0
16100,2025-01-07,5444,2028,2,9,3780,189.0,3591.0
16101,2025-03-20,5473,1026,4,22,4620,462.0,4158.0
16102,2025-05-18,5026,2001,2,18,7560,756.0,6804.0
16103,2025-01-06,5373,1041,1,22,11440,0.0,11440.0
16104,2025-06-26,5033,2035,4,25,5250,262.5,4987.5
16105,2025-02-14,5135,1014,4,15,3150,315.0,2835.0
16106,2025-03-02,5162,2008,2,5,2100,0.0,2100.0
16107,2025-04-19,5404,2029,3,6,1920,0.0,1920.0
16108,2025-01-17,5020,2021,2,12,5040,0.0,5040.0
16109,2025-04-23,5278,1030,2,14,5880,294.0,5586.0
16110,2025-06-07,5011,2029,2,24,10080,1008.0,9072.0
16111,2025-01-15,5429,1016,3,23,7360,0.0,7360.0
16112,2025-03-03,5488,1053,4,8,1680,0.0,1680.0
16113,2025-04-23,5266,1028,4,12,2520,0.0,2520.0
16114,2025-03-10,5039,1050,2,18,7560,0.0,7560.0
16115,2025-05-11,5169,1050,4,22,4620,0.0,4620.0
16116,2025-02-17,5049,2021,3,8,2560,128.0,2432.0
16117,2025-06-25,5320,2006,2,9,3780,0.0,3780.0
16118,2025-06-25,5350,1046,4,21,4410,220.5,4189.5
16119,2025-03-16,5079,2020,4,23,4830,0.0,4830.0
16120,2025-02-25,5109,1017,3,14,4480,0.0,4480.0
16121,2025-05-18,5414,1042,1,1,520,0.0,520.0
16122,2025-04-28,5257,2022,3,11,3520,0.0,3520.0
16123,2025-01-02,5250,1038,1,19,9880,0.0,9880.0
16124,2025-03-26,5001,1039,1,1,520,52.0,468.0
16125,2025-03-08,5021,2029,4,25,5250,525.0,4725.0
16126,2025-01-18,5189,1011,3,7,2240,0.0,2240.0
16127,2025-05-09,5141,2027,2,19,7980,0.0,7980.0
16128,2025-05-05,5279,1042,3,20,6400,0.0,6400.0
16129,2025-05-05,5406,1011,3,21,6720,336.0,6384.0
16130,2025-03-29,5308,1024,2,6,2520,0.0,2520.0
16131,2025-02-28,5271,1045,4,22,4620,0.0,4620.0
16132,2025-04-18,5008,1038,4,20,4200,210.0,3990.0
16133,2025-03-19,5384,2006,1,21,10920,0.0,10920.0
16134,2025-02-25,5451,1017,2,11,4620,0.0,4620.0
16135,2025-01-18,5270,2005,1,6,3120,156.0,2964.0
16136,2025-06-04,5270,1038,4,5,1050,0.0,1050.0
16137,2025-03-11,5136,2015,2,2,840,84.0,756.0
16138,2025-01-01,5014,1039,3,5,1600,80.0,1520.0
16139,2025-05-12,5396,1056,4,13,2730,0.0,2730.0
16140,2025-03-02,5319,1057,3,13,4160,0.0,4160.0
16141,2025-01-16,5460,2001,4,18,3780,0.0,3780.0
16142,2025-04-16,5288,2036,3,14,4480,0.0,4480.0
16143,2025-03-02,5409,2017,3,18,5760,0.0,5760.0
16144,2025-06-28,5232,1014,4,23,4830,0.0,4830.0
16145,2025-01-17,5088,1017,4,6,1260,0.0,1260.0
16146,2025-02-25,5394,1014,4,13,2730,273.0,2457.0
16147,2025-03-22,5018,2038,4,11,2310,231.0,2079.0
16148,2025-01-20,5406,1058,4,12,2520,0.0,2520.0
16149,2025-06-18,5399,1002,2,20,8400,0.0,8400.0
16150,2025-05-16,5226,2033,3,8,2560,128.0,2432.0
16151,2025-02-21,5135,2011,4,8,1680,168.0,1512.0
16152,2025-02-09,5407,1045,1,14,7280,728.0,6552.0
16153,2025-01-27,5108,2022,3,14,4480,0.0,4480.0
16154,2025-06-02,5053,2040,4,5,1050,0.0,1050.0
16155,2025-04-27,5223,1026,1,18,9360,0.0,9360.0
16156,2025-03-11,5395,1017,3,24,7680,768.0,6912.0
16157,2025-02-08,5140,1039,4,14,2940,147.0,2793.0
16158,2025-02-22,5104,2010,2,12,5040,0.0,5040.0
16159,2025-06-04,5487,1017,2,13,5460,273.0,5187.0
16160,2025-01-16,5402,1042,4,16,3360,0.0,3360.0
16161,2025-05-29,5008,1053,2,25,10500,525.0,9975.0
16162,2025-01-14,5446,1060,1,8,4160,0.0,4160.0
16163,2025-06-11,5181,1046,3,9,2880,288.0,2592.0
16164,2025-04-11,5486,2035,4,24,5040,252.0,4788.0
16165,2025-01-20,5336,1007,1,4,2080,0.0,2080.0
16166,2025-01-16,5450,2011,3,24,7680,0.0,7680.0
16167,2025-05-11,5140,1010,1,23,11960,0.0,11960.0
16168,2025-04-12,5027,1030,3,21,6720,0.0,6720.0
16169,2025-01-04,5260,2002,3,21,6720,0.0,6720.0
16170,2025-04-15,5160,2021,2,23,9660,966.0,8694.0
16171,2025-02-14,5123,1037,4,25,5250,0.0,5250.0
16172,2025-04-29,5128,1037,2,9,3780,378.0,3402.0
16173,2025-04-03,5438,1035,3,10,3200,320.0,2880.0
16174,2025-01-11,5455,2033,2,23,9660,0.0,9660.0
16175,2025-06-07,5267,2027,3,2,640,0.0,640.0
16176,2025-04-26,5382,1006,3,21,6720,0.0,6720.0
16177,2025-05-14,5135,2025,4,12,2520,126.0,2394.0
16178,2025-05-27,5065,2037,1,16,8320,0.0,8320.0
16179,2025-03-21,5489,1043,4,23,4830,241.5,4588.5
16180,2025-03-05,5439,2023,4,17,3570,0.0,3570.0
16181,2025-02-06,5005,1026,1,4,2080,0.0,2080.0
16182,2025-05-08,5416,1053,1,9,4680,0.0,4680.0
16183,2025-05-23,5084,1051,2,16,6720,0.0,6720.0
16184,2025-02-18,5051,2018,3,12,3840,0.0,3840.0
16185,2025-05-07,5301,1043,4,7,1470,0.0,1470.0
16186,2025-04-24,5023,1018,4,18,3780,0.0,3780.0
16187,2025-05-17,5346,2007,1,23,11960,0.0,11960.0
16188,2025-03-12,5014,2011,4,13,2730,136.5,2593.5
16189,2025-06-05,5006,1047,3,17,5440,0.0,5440.0
16190,2025-01-18,5328,2001,1,3,1560,0.0,1560.0
16191,2025-02-01,5246,2023,3,21,6720,0.0,6720.0
16192,2025-02-12,5403,1024,2,16,6720,0.0,6720.0
16193,2025-05-16,5191,1004,2,11,4620,231.0,4389.0
16194,2025-02-10,5221,1051,3,18,5760,576.0,5184.0
16195,2025-04-15,5323,1035,4,22,4620,462.0,4158.0
16196,2025-03-28,5100,1002,4,12,2520,0.0,2520.0
16197,2025-04-13,5371,1017,2,3,1260,63.0,1197.0
16198,2025-05-31,5496,2007,3,25,8000,800.0,7200.0
16199,2025-01-06,5331,2001,2,18,7560,378.0,7182.0
16200,2025-03-30,5437,1043,4,6,1260,126.0,1134.0
16201,2025-02-11,5417,1030,4,19,3990,0.0,3990.0
16202,2025-06-19,5036,1039,1,12,6240,624.0,5616.0
16203,2025-05-24,5230,2023,1,2,1040,0.0,1040.0
16204,2025-01-17,5289,2022,4,25,5250,0.0,5250.0
16205,2025-05-15,5408,1017,3,16,5120,512.0,4608.0
16206,2025-03-31,5358,1006,2,10,4200,0.0,4200.0
16207,2025-04-03,5411,2033,3,10,3200,0.0,3200.0
16208,2025-06-02,5191,1054,1,11,5720,572.0,5148.0
16209,2025-03-08,5375,1050,4,2,420,0.0,420.0
16210,2025-01-23,5360,1021,1,16,8320,416.0,7904.0
16211,2025-06-19,5143,1014,2,3,1260,0.0,1260.0
16212,2025-03-18,5494,1057,3,22,7040,352.0,6688.0
16213,2025-03-05,5447,1006,2,21,8820,0.0,8820.0
16214,2025-05-19,5330,1054,2,16,6720,0.0,6720.0
16215,2025-06-25,5139,1023,1,13,6760,0.0,6760.0
16216,2025-03-25,5126,1029,4,5,1050,105.0,945.0
16217,2025-05-07,5467,2033,3,9,2880,0.0,2880.0
16218,2025-01-03,5287,2036,1,12,6240,0.0,6240.0
16219,2025-01-29,5334,1022,4,6,1260,63.0,1197.0
16220,2025-06-04,5358,1002,2,11,4620,0.0,4620.0
16221,2025-05-16,5146,2024,2,8,3360,0.0,3360.0
16222,2025-01-22,5209,1043,4,3,630,0.0,630.0
16223,2025-02-05,5043,1049,2,9,3780,378.0,3402.0
16224,2025-04-11,5490,1056,4,22,4620,462.0,4158.0
16225,2025-05-11,5167,2022,3,16,5120,0.0,5120.0
16226,2025-06-11,5189,1031,1,22,11440,572.0,10868.0
16227,2025-03-01,5500,1012,3,1,320,0.0,320.0
16228,2025-03-11,5038,1025,2,15,6300,315.0,5985.0
16229,2025-01-05,5035,1006,1,8,4160,0.0,4160.0
16230,2025-04-10,5351,2035,3,25,8000,400.0,7600.0
16231,2025-04-16,5090,1021,2,18,7560,0.0,7560.0
16232,2025-01-15,5150,1054,1,22,11440,0.0,11440.0
16233,2025-06-23,5060,1025,3,17,5440,272.0,5168.0
16234,2025-06-28,5130,2007,3,25,8000,400.0,7600.0
16235,2025-05-27,5321,2035,4,7,1470,0.0,1470.0
16236,2025-04-10,5149,1041,2,14,5880,588.0,5292.0
16237,2025-01-05,5132,2032,1,18,9360,0.0,9360.0
16238,2025-03-05,5497,1054,2,17,7140,357.0,6783.0
16239,2025-03-25,5393,2021,4,5,1050,0.0,1050.0
16240,2025-01-01,5002,1017,2,15,6300,315.0,5985.0
16241,2025-06-06,5229,1058,1,7,3640,182.0,3458.0
16242,2025-03-20,5333,1055,1,15,7800,0.0,7800.0
16243,2025-06-05,5343,1044,2,2,840,0.0,840.0
16244,2025-04-18,5498,2005,3,23,7360,0.0,7360.0
16245,2025-05-24,5099,2028,3,1,320,16.0,304.0
16246,2025-05-01,5170,1060,1,12,6240,312.0,5928.0
16247,2025-03-06,5445,1001,4,16,3360,0.0,3360.0
16248,2025-04-12,5401,1015,4,18,3780,0.0,3780.0
16249,2025-05-23,5383,2019,2,7,2940,0.0,2940.0
16250,2025-03-01,5124,1039,3,13,4160,0.0,4160.0
16251,2025-06-09,5027,2003,3,22,7040,0.0,7040.0
16252,2025-01-09,5049,2007,2,6,2520,0.0,2520.0
16253,2025-02-06,5001,1034,3,24,7680,0.0,7680.0
16254,2025-03-29,5122,2028,1,10,5200,260.0,4940.0
16255,2025-03-11,5413,1051,4,22,4620,0.0,4620.0
16256,2025-06-20,5330,2015,2,5,2100,0.0,2100.0
16257,2025-01-01,5437,1017,4,6,1260,0.0,1260.0
16258,2025-02-14,5361,1039,3,22,7040,0.0,7040.0
16259,2025-05-15,5154,1040,1,4,2080,0.0,2080.0
16260,2025-05-26,5325,1048,4,10,2100,105.0,1995.0
16261,2025-01-12,5347,1018,2,18,7560,756.0,6804.0
16262,2025-06-30,5419,1020,4,19,3990,399.0,3591.0
16263,2025-02-07,5122,2028,3,2,640,0.0,640.0
16264,2025-06-11,5009,1007,1,18,9360,0.0,9360.0
16265,2025-04-08,5266,2015,1,2,1040,0.0,1040.0
16266,2025-02-27,5329,1044,4,18,3780,189.0,3591.0
16267,2025-03-14,5008,2039,2,17,7140,357.0,6783.0
16268,2025-03-28,5028,1018,2,9,3780,0.0,3780.0
16269,2025-02-17,5360,2024,1,5,2600,130.0,2470.0
16270,2025-03-16,5183,1025,1,11,5720,572.0,5148.0
16271,2025-04-13,5283,1020,2,12,5040,252.0,4788.0
16272,2025-01-12,5296,1045,1,15,7800,0.0,7800.0
16273,2025-06-25,5145,1054,4,17,3570,0.0,3570.0
16274,2025-05-13,5175,1056,4,10,2100,105.0,1995.0
16275,2025-05-08,5107,2031,1,22,11440,0.0,11440.0
16276,2025-05-06,5259,2020,2,24,10080,0.0,10080.0
16277,2025-06-05,5466,2018,3,10,3200,320.0,2880.0
16278,2025-01-08,5225,1020,4,7,1470,0.0,1470.0
16279,2025-01-19,5414,2003,4,24,5040,0.0,5040.0
16280,2025-02-19,5141,1051,3,9,2880,288.0,2592.0
16281,2025-01-31,5208,2037,1,22,11440,1144.0,10296.0
16282,2025-04-11,5280,1031,1,25,13000,0.0,13000.0
16283,2025-06-23,5054,2026,2,8,3360,168.0,3192.0
16284,2025-05-01,5481,1010,1,2,1040,0.0,1040.0
16285,2025-06-27,5439,2020,4,10,2100,0.0,2100.0
16286,2025-03-05,5371,1033,4,2,420,0.0,420.0
16287,2025-01-24,5005,1057,3,13,4160,0.0,4160.0
16288,2025-06-26,5037,1023,1,5,2600,0.0,2600.0
16289,2025-06-06,5215,2021,1,4,2080,104.0,1976.0
16290,2025-03-23,5484,1036,1,22,11440,0.0,11440.0
16291,2025-04-16,5213,2018,4,4,840,42.0,798.0
16292,2025-06-02,5451,1013,4,21,4410,441.0,3969.0
16293,2025-01-07,5031,2036,3,23,7360,736.0,6624.0
16294,2025-06-24,5226,2019,1,25,13000,0.0,13000.0
16295,2025-05-23,5332,2016,2,11,4620,0.0,4620.0
16296,2025-03-03,5370,2014,3,13,4160,208.0,3952.0
16297,2025-04-13,5461,1043,2,18,7560,0.0,7560.0
16298,2025-05-11,5301,1011,1,24,12480,0.0,12480.0
16299,2025-06-28,5256,1006,3,17,5440,272.0,5168.0
16300,2025-04-18,5276,1035,4,8,1680,0.0,1680.0
16301,2025-01-28,5380,1023,1,23,11960,1196.0,10764.0
16302,2025-01-24,5478,1013,4,21,4410,0.0,4410.0
16303,2025-06-25,5031,1010,1,5,2600,0.0,2600.0
16304,2025-02-02,5443,1028,4,14,2940,0.0,2940.0
16305,2025-01-09,5162,1043,2,18,7560,0.0,7560.0
16306,2025-05-09,5432,1049,1,15,7800,0.0,7800.0
16307,2025-04-12,5115,1047,3,1,320,0.0,320.0
16308,2025-04-30,5007,1044,4,23,4830,0.0,4830.0
16309,2025-06-02,5015,1018,1,22,11440,0.0,11440.0
16310,2025-04-29,5472,1045,2,2,840,84.0,756.0
16311,2025-01-05,5265,2039,4,13,2730,273.0,2457.0
16312,2025-02-10,5319,1009,4,17,3570,0.0,3570.0
16313,2025-06-21,5046,1023,4,19,3990,399.0,3591.0
16314,2025-02-28,5420,1056,1,1,520,26.0,494.0
16315,2025-03-22,5377,2040,4,7,1470,0.0,1470.0
16316,2025-06-19,5271,2017,3,23,7360,736.0,6624.0
16317,2025-05-04,5037,1038,3,20,6400,320.0,6080.0
16318,2025-05-14,5356,2033,3,5,1600,160.0,1440.0
16319,2025-04-11,5136,1002,4,9,1890,0.0,1890.0
16320,2025-04-27,5075,1053,3,1,320,0.0,320.0
16321,2025-02-10,5447,1050,3,10,3200,0.0,3200.0
16322,2025-06-26,5254,2015,4,16,3360,0.0,3360.0
16323,2025-06-04,5237,2016,1,8,4160,0.0,4160.0
16324,2025-06-12,5068,1021,1,16,8320,416.0,7904.0
16325,2025-06-11,5161,1001,3,12,3840,0.0,3840.0
16326,2025-02-15,5113,2017,2,19,7980,0.0,7980.0
16327,2025-01-04,5176,2038,2,10,4200,0.0,4200.0
16328,2025-05-04,5216,2001,1,12,6240,312.0,5928.0
16329,2025-01-13,5459,1043,2,25,10500,1050.0,9450.0
16330,2025-01-16,5282,1023,1,7,3640,0.0,3640.0
16331,2025-02-02,5461,1004,3,4,1280,0.0,1280.0
16332,2025-01-27,5241,1055,2,11,4620,0.0,4620.0
16333,2025-04-23,5339,1060,2,7,2940,147.0,2793.0
16334,2025-06-23,5091,2036,1,5,2600,260.0,2340.0
16335,2025-03-22,5096,1024,1,9,4680,234.0,4446.0
16336,2025-06-15,5150,1023,1,14,7280,364.0,6916.0
16337,2025-06-13,5286,1058,4,20,4200,0.0,4200.0
16338,2025-04-19,5097,2018,4,11,2310,115.5,2194.5
16339,2025-05-02,5240,2005,4,24,5040,0.0,5040.0
16340,2025-04-03,5382,1003,4,17,3570,178.5,3391.5
16341,2025-02-07,5066,1050,4,19,3990,0.0,3990.0
16342,2025-04-22,5178,2040,2,2,840,0.0,840.0
16343,2025-05-11,5255,1048,2,7,2940,147.0,2793.0
16344,2025-02-17,5154,1039,1,1,520,0.0,520.0
16345,2025-06-13,5148,2030,3,12,3840,0.0,3840.0
16346,2025-05-13,5033,1004,2,5,2100,0.0,2100.0
16347,2025-02-19,5437,2010,1,7,3640,0.0,3640.0
16348,2025-06-30,5054,2026,2,1,420,21.0,399.0
16349,2025-04-30,5351,2015,4,9,1890,189.0,1701.0
16350,2025-03-01,5220,2037,2,2,840,0.0,840.0
16351,2025-03-01,5443,2035,2,14,5880,0.0,5880.0
16352,2025-06-01,5362,1034,2,18,7560,378.0,7182.0
16353,2025-06-25,5437,2039,1,12,6240,0.0,6240.0
16354,2025-03-12,5039,1006,3,2,640,0.0,640.0
16355,2025-04-28,5258,2021,2,18,7560,0.0,7560.0
16356,2025-01-04,5078,1050,2,17,7140,0.0,7140.0
16357,2025-02-15,5205,1020,3,2,640,32.0,608.0
16358,2025-06-30,5285,2013,1,10,5200,260.0,4940.0
16359,2025-03-23,5061,2014,3,10,3200,0.0,3200.0
16360,2025-06-05,5396,2014,3,20,6400,0.0,6400.0
16361,2025-04-20,5329,1013,4,1,210,21.0,189.0
16362,2025-04-06,5462,1008,3,17,5440,272.0,5168.0
16363,2025-05-04,5188,2005,2,7,2940,0.0,2940.0
16364,2025-03-22,5463,1014,3,12,3840,384.0,3456.0
16365,2025-05-26,5426,2027,2,23,9660,0.0,9660.0
16366,2025-01-03,5354,2018,3,8,2560,256.0,2304.0
16367,2025-01-29,5053,1027,3,11,3520,0.0,3520.0
16368,2025-01-29,5313,1008,3,22,7040,704.0,6336.0
16369,2025-03-06,5070,1010,2,21,8820,441.0,8379.0
16370,2025-01-03,5197,1023,2,12,5040,0.0,5040.0
16371,2025-01-09,5403,1022,3,20,6400,0.0,6400.0
16372,2025-03-12,5440,2003,1,9,4680,0.0,4680.0
16373,2025-03-05,5332,1054,4,13,2730,273.0,2457.0
16374,2025-03-03,5345,1010,4,25,5250,525.0,4725.0
16375,2025-04-27,5015,2035,3,13,4160,0.0,4160.0
16376,2025-01-28,5126,2007,1,5,2600,130.0,2470.0
16377,2025-04-03,5395,1031,4,15,3150,0.0,3150.0
16378,2025-03-19,5060,2010,3,2,640,0.0,640.0
16379,2025-02-07,5059,2002,2,25,10500,0.0,10500.0
16380,2025-01-04,5116,1039,1,18,9360,468.0,8892.0
16381,2025-02-11,5150,1056,3,16,5120,0.0,5120.0
16382,2025-01-28,5355,2030,3,4,1280,64.0,1216.0
16383,2025-05-24,5068,2035,1,21,10920,1092.0,9828.0
16384,2025-03-17,5419,2001,2,25,10500,0.0,10500.0
16385,2025-06-23,5116,1017,3,12,3840,0.0,3840.0
16386,2025-03-20,5011,2037,3,11,3520,0.0,3520.0
16387,2025-02-24,5259,1036,3,24,7680,384.0,7296.0
16388,2025-03-23,5458,1019,2,9,3780,0.0,3780.0
16389,2025-04-22,5421,1042,2,22,9240,0.0,9240.0
16390,2025-02-27,5278,1028,4,10,2100,105.0,1995.0
16391,2025-05-10,5483,1024,1,19,9880,494.0,9386.0
16392,2025-02-09,5330,2001,4,23,4830,241.5,4588.5
16393,2025-01-11,5341,1019,4,19,3990,0.0,3990.0
16394,2025-02-27,5259,2026,4,11,2310,0.0,2310.0
16395,2025-05-06,5330,1015,2,3,1260,0.0,1260.0
16396,2025-01-09,5368,2011,2,4,1680,84.0,1596.0
16397,2025-03-29,5464,1014,1,10,5200,0.0,5200.0
16398,2025-03-05,5380,2020,3,11,3520,0.0,3520.0
16399,2025-04-26,5500,2001,4,17,3570,0.0,3570.0
16400,2025-01-15,5154,1054,2,9,3780,189.0,3591.0
16401,2025-05-02,5259,1042,3,10,3200,0.0,3200.0
16402,2025-02-18,5479,1051,2,7,2940,0.0,2940.0
16403,2025-04-27,5495,1038,4,4,840,0.0,840.0
16404,2025-04-20,5498,2007,3,16,5120,512.0,4608.0
16405,2025-04-14,5111,1039,1,8,4160,0.0,4160.0
16406,2025-03-09,5190,2034,4,16,3360,0.0,3360.0
16407,2025-04-23,5302,1001,1,21,10920,546.0,10374.0
16408,2025-03-26,5352,1015,1,20,10400,0.0,10400.0
16409,2025-05-18,5324,2021,2,21,8820,0.0,8820.0
16410,2025-03-28,5053,1026,4,19,3990,399.0,3591.0
16411,2025-04-23,5200,1032,2,20,8400,420.0,7980.0
16412,2025-03-05,5486,1017,1,15,7800,0.0,7800.0
16413,2025-01-02,5105,1004,3,12,3840,0.0,3840.0
16414,2025-04-09,5188,1003,2,12,5040,504.0,4536.0
16415,2025-05-14,5016,2040,3,19,6080,0.0,6080.0
16416,2025-06-26,5299,1040,4,4,840,84.0,756.0
16417,2025-05-15,5390,1050,4,3,630,0.0,630.0
16418,2025-03-12,5391,1008,2,6,2520,0.0,2520.0
16419,2025-04-08,5329,1051,1,25,13000,0.0,13000.0
16420,2025-03-11,5116,2028,4,11,2310,231.0,2079.0
16421,2025-03-14,5102,1039,4,12,2520,252.0,2268.0
16422,2025-03-08,5035,2037,4,1,210,0.0,210.0
16423,2025-02-17,5462,2017,1,11,5720,0.0,5720.0
16424,2025-05-04,5356,1040,4,23,4830,483.0,4347.0
16425,2025-03-26,5204,2031,2,18,7560,756.0,6804.0
16426,2025-04-09,5325,2019,4,18,3780,378.0,3402.0
16427,2025-03-28,5442,1043,4,14,2940,0.0,2940.0
16428,2025-03-16,5342,1056,3,13,4160,0.0,4160.0
16429,2025-02-11,5453,1018,4,18,3780,0.0,3780.0
16430,2025-04-08,5176,1055,4,25,5250,0.0,5250.0
16431,2025-02-21,5129,1027,4,15,3150,0.0,3150.0
16432,2025-05-27,5328,2014,1,1,520,0.0,520.0
16433,2025-01-09,5268,1032,2,12,5040,252.0,4788.0
16434,2025-05-16,5148,1059,4,5,1050,0.0,1050.0
16435,2025-03-09,5373,2016,1,22,11440,0.0,11440.0
16436,2025-01-27,5193,2029,3,1,320,0.0,320.0
16437,2025-03-06,5032,2025,1,14,7280,0.0,7280.0
16438,2025-02-10,5413,2015,3,10,3200,320.0,2880.0
16439,2025-01-03,5115,2019,4,23,4830,0.0,4830.0
16440,2025-03-27,5292,2006,2,21,8820,441.0,8379.0
16441,2025-02-07,5131,1047,2,12,5040,0.0,5040.0
16442,2025-05-07,5002,2040,3,15,4800,0.0,4800.0
16443,2025-01-04,5214,1059,1,18,9360,468.0,8892.0
16444,2025-01-23,5226,2027,3,16,5120,0.0,5120.0
16445,2025-06-29,5119,2039,2,14,5880,0.0,5880.0
16446,2025-03-26,5491,2018,2,24,10080,0.0,10080.0
16447,2025-01-29,5013,1013,1,7,3640,0.0,3640.0
16448,2025-05-08,5018,2015,3,18,5760,0.0,5760.0
16449,2025-02-17,5043,2001,3,16,5120,512.0,4608.0
16450,2025-04-19,5276,2034,2,23,9660,966.0,8694.0
16451,2025-01-15,5297,1013,4,1,210,0.0,210.0
16452,2025-03-06,5170,1007,2,10,4200,420.0,3780.0
16453,2025-04-17,5213,2036,4,10,2100,210.0,1890.0
16454,2025-04-20,5045,2007,3,17,5440,544.0,4896.0
16455,2025-04-08,5355,1033,4,7,1470,0.0,1470.0
16456,2025-03-31,5014,1047,2,15,6300,0.0,6300.0
16457,2025-05-27,5202,1033,1,18,9360,0.0,9360.0
16458,2025-05-30,5011,2033,4,13,2730,0.0,2730.0
16459,2025-03-02,5423,1010,3,8,2560,128.0,2432.0
16460,2025-06-04,5352,1034,3,3,960,0.0,960.0
16461,2025-05-26,5369,1048,4,20,4200,420.0,3780.0
16462,2025-03-17,5313,1041,4,14,2940,0.0,2940.0
16463,2025-02-19,5015,2032,1,4,2080,0.0,2080.0
16464,2025-04-04,5127,2013,1,3,1560,156.0,1404.0
16465,2025-01-21,5101,1016,2,4,1680,84.0,1596.0
16466,2025-05-31,5299,2002,4,3,630,0.0,630.0
16467,2025-05-08,5037,1029,1,3,1560,156.0,1404.0
16468,2025-04-01,5453,2029,2,14,5880,0.0,5880.0
16469,2025-05-22,5285,2028,4,6,1260,126.0,1134.0
16470,2025-03-05,5113,2006,4,11,2310,0.0,2310.0
16471,2025-06-06,5378,2019,1,1,520,26.0,494.0
16472,2025-04-26,5025,2020,1,1,520,26.0,494.0
16473,2025-04-05,5083,2024,4,15,3150,315.0,2835.0
16474,2025-06-04,5416,1007,2,11,4620,462.0,4158.0
16475,2025-04-29,5285,1024,2,15,6300,0.0,6300.0
16476,2025-01-11,5343,1038,1,25,13000,1300.0,11700.0
16477,2025-06-15,5070,1037,2,15,6300,0.0,6300.0
16478,2025-02-23,5455,2038,1,13,6760,0.0,6760.0
16479,2025-05-26,5310,2038,3,8,2560,256.0,2304.0
16480,2025-04-15,5173,2035,1,6,3120,312.0,2808.0
16481,2025-04-14,5133,1005,3,17,5440,0.0,5440.0
16482,2025-01-27,5084,1037,3,10,3200,0.0,3200.0
16483,2025-03-14,5190,1027,1,8,4160,416.0,3744.0
16484,2025-05-22,5062,2030,4,13,2730,0.0,2730.0
16485,2025-02-06,5025,1014,1,9,4680,468.0,4212.0
16486,2025-05-16,5476,2016,4,14,2940,0.0,2940.0
16487,2025-05-10,5210,2022,1,8,4160,416.0,3744.0
16488,2025-06-05,5005,1037,4,2,420,42.0,378.0
16489,2025-04-10,5301,1053,4,10,2100,0.0,2100.0
16490,2025-06-10,5359,2002,4,24,5040,504.0,4536.0
16491,2025-05-02,5466,2024,2,21,8820,0.0,8820.0
16492,2025-03-19,5066,1036,1,18,9360,468.0,8892.0
16493,2025-04-22,5070,2038,2,22,9240,0.0,9240.0
16494,2025-06-01,5285,2036,2,9,3780,0.0,3780.0
16495,2025-03-09,5354,1013,4,6,1260,63.0,1197.0
16496,2025-03-20,5481,1059,2,22,9240,924.0,8316.0
16497,2025-03-25,5249,1055,3,14,4480,0.0,4480.0
16498,2025-01-03,5139,1003,4,22,4620,0.0,4620.0
16499,2025-04-25,5253,1024,3,20,6400,0.0,6400.0
16500,2025-04-18,5479,1032,4,7,1470,0.0,1470.0
16501,2025-05-15,5233,1007,1,8,4160,208.0,3952.0
16502,2025-05-06,5371,1031,4,13,2730,0.0,2730.0
16503,2025-06-14,5228,2036,2,12,5040,0.0,5040.0
16504,2025-05-11,5090,1041,3,14,4480,224.0,4256.0
16505,2025-03-08,5058,1007,3,25,8000,0.0,8000.0
16506,2025-01-26,5001,1055,4,19,3990,399.0,3591.0
16507,2025-01-17,5282,1022,1,14,7280,0.0,7280.0
16508,2025-02-28,5334,1046,2,22,9240,0.0,9240.0
16509,2025-02-11,5146,1029,2,13,5460,0.0,5460.0
16510,2025-06-17,5050,1016,1,17,8840,0.0,8840.0
16511,2025-04-23,5143,1016,3,8,2560,0.0,2560.0
16512,2025-05-10,5194,1059,3,18,5760,576.0,5184.0
16513,2025-06-18,5457,1035,4,3,630,31.5,598.5
16514,2025-01-16,5064,1025,4,10,2100,0.0,2100.0
16515,2025-03-28,5024,1003,1,1,520,52.0,468.0
16516,2025-04-25,5090,2012,1,7,3640,0.0,3640.0
16517,2025-02-20,5239,2019,2,11,4620,462.0,4158.0
16518,2025-03-25,5275,1021,3,20,6400,0.0,6400.0
16519,2025-04-08,5440,1053,2,24,10080,0.0,10080.0
16520,2025-06-21,5266,1047,3,8,2560,0.0,2560.0
16521,2025-03-26,5273,2012,4,18,3780,189.0,3591.0
16522,2025-01-24,5125,1004,1,10,5200,0.0,5200.0
16523,2025-03-25,5183,1015,4,2,420,0.0,420.0
16524,2025-04-13,5363,1007,4,6,1260,0.0,1260.0
16525,2025-06-13,5226,2029,4,23,4830,0.0,4830.0
16526,2025-03-02,5226,2029,1,20,10400,0.0,10400.0
16527,2025-05-26,5097,1042,4,1,210,21.0,189.0
16528,2025-01-24,5321,2016,2,21,8820,0.0,8820.0
16529,2025-01-01,5458,1040,2,21,8820,0.0,8820.0
16530,2025-02-05,5094,2015,1,17,8840,0.0,8840.0
16531,2025-05-18,5280,1045,4,3,630,0.0,630.0
16532,2025-04-06,5405,1038,4,13,2730,273.0,2457.0
16533,2025-02-19,5161,2029,2,7,2940,294.0,2646.0
16534,2025-04-14,5353,1041,2,15,6300,630.0,5670.0
16535,2025-06-14,5326,2008,3,23,7360,0.0,7360.0
16536,2025-01-19,5443,1038,1,24,12480,0.0,12480.0
16537,2025-04-01,5065,1059,2,1,420,0.0,420.0
16538,2025-05-14,5295,1029,3,16,5120,256.0,4864.0
16539,2025-02-07,5288,2011,2,10,4200,0.0,4200.0
16540,2025-03-16,5168,1037,1,1,520,26.0,494.0
16541,2025-02-20,5270,1037,1,19,9880,0.0,9880.0
16542,2025-05-01,5364,1030,1,21,10920,0.0,10920.0
16543,2025-05-23,5031,2030,1,24,12480,0.0,12480.0
16544,2025-06-11,5416,1051,4,25,5250,262.5,4987.5
16545,2025-02-27,5470,2040,3,18,5760,0.0,5760.0
16546,2025-01-09,5454,2015,3,7,2240,224.0,2016.0
16547,2025-05-07,5230,1010,2,23,9660,0.0,9660.0
16548,2025-02-03,5321,2032,2,18,7560,0.0,7560.0
16549,2025-04-30,5275,2007,4,12,2520,0.0,2520.0
16550,2025-06-04,5210,1030,2,16,6720,0.0,6720.0
16551,2025-03-13,5377,1044,2,1,420,0.0,420.0
16552,2025-02-27,5023,2036,1,10,5200,0.0,5200.0
16553,2025-03-16,5046,1029,2,3,1260,63.0,1197.0
16554,2025-02-26,5270,1023,2,5,2100,105.0,1995.0
16555,2025-01-29,5283,1043,4,7,1470,147.0,1323.0
16556,2025-06-24,5159,1059,2,19,7980,0.0,7980.0
16557,2025-01-30,5305,1045,2,15,6300,0.0,6300.0
16558,2025-01-27,5293,2017,3,25,8000,0.0,8000.0
16559,2025-05-25,5149,2005,4,14,2940,147.0,2793.0
16560,2025-01-29,5154,1015,3,6,1920,0.0,1920.0
16561,2025-03-13,5069,1056,2,10,4200,0.0,4200.0
16562,2025-05-01,5149,1010,2,11,4620,231.0,4389.0
16563,2025-06-03,5395,2017,3,13,4160,0.0,4160.0
16564,2025-04-19,5495,2017,3,2,640,32.0,608.0
16565,2025-05-10,5398,2022,4,18,3780,0.0,3780.0
16566,2025-05-24,5001,2021,2,25,10500,525.0,9975.0
16567,2025-01-08,5470,1023,2,11,4620,462.0,4158.0
16568,2025-02-07,5226,1029,2,15,6300,315.0,5985.0
16569,2025-04-23,5320,2033,1,13,6760,0.0,6760.0
16570,2025-03-24,5274,1021,4,20,4200,420.0,3780.0
16571,2025-06-23,5466,1024,3,17,5440,544.0,4896.0
16572,2025-06-22,5201,2014,4,18,3780,378.0,3402.0
16573,2025-06-07,5270,1046,2,20,8400,0.0,8400.0
16574,2025-04-19,5319,1001,2,9,3780,378.0,3402.0
16575,2025-04-01,5259,1025,4,19,3990,0.0,3990.0
16576,2025-05-21,5318,1053,3,4,1280,0.0,1280.0
16577,2025-04-13,5396,2020,4,9,1890,0.0,1890.0
16578,2025-04-09,5456,1041,4,9,1890,0.0,1890.0
16579,2025-02-28,5422,1013,4,14,2940,294.0,2646.0
16580,2025-01-25,5348,1049,1,16,8320,0.0,8320.0
16581,2025-04-29,5096,2033,4,22,4620,231.0,4389.0
16582,2025-03-06,5287,1045,1,5,2600,130.0,2470.0
16583,2025-04-21,5174,2006,2,4,1680,84.0,1596.0
16584,2025-03-16,5031,1003,3,5,1600,160.0,1440.0
16585,2025-03-12,5089,2011,2,23,9660,966.0,8694.0
16586,2025-04-24,5298,2018,3,9,2880,288.0,2592.0
16587,2025-05-05,5332,1004,2,22,9240,0.0,9240.0
16588,2025-04-16,5185,1041,3,13,4160,0.0,4160.0
16589,2025-02-13,5368,1033,3,6,1920,0.0,1920.0
16590,2025-03-14,5005,2007,1,12,6240,0.0,6240.0
16591,2025-06-25,5030,1023,2,19,7980,399.0,7581.0
16592,2025-05-01,5344,2006,4,22,4620,0.0,4620.0
16593,2025-04-03,5338,1027,2,6,2520,126.0,2394.0
16594,2025-02-02,5030,1050,4,1,210,0.0,210.0
16595,2025-05-26,5397,2032,4,21,4410,0.0,4410.0
16596,2025-01-04,5300,1041,4,22,4620,231.0,4389.0
16597,2025-06-04,5440,1051,1,2,1040,52.0,988.0
16598,2025-05-22,5025,1050,1,18,9360,0.0,9360.0
16599,2025-05-06,5225,1019,3,9,2880,0.0,2880.0
16600,2025-02-15,5150,1012,3,7,2240,224.0,2016.0
16601,2025-01-09,5396,2024,1,3,1560,78.0,1482.0
16602,2025-02-07,5335,1041,1,3,1560,78.0,1482.0
16603,2025-01-15,5286,1010,2,8,3360,0.0,3360.0
16604,2025-04-18,5433,1049,1,1,520,26.0,494.0
16605,2025-05-06,5218,1042,2,6,2520,0.0,2520.0
16606,2025-01-29,5421,1008,4,17,3570,0.0,3570.0
16607,2025-02-02,5248,1038,3,8,2560,0.0,2560.0
16608,2025-01-06,5336,2019,3,9,2880,0.0,2880.0
16609,2025-06-10,5064,2006,3,18,5760,0.0,5760.0
16610,2025-02-04,5471,1036,2,1,420,21.0,399.0
16611,2025-06-09,5174,1019,4,11,2310,0.0,2310.0
16612,2025-04-04,5224,1015,4,15,3150,0.0,3150.0
16613,2025-04-02,5020,1037,2,6,2520,0.0,2520.0
16614,2025-02-08,5416,1012,4,5,1050,0.0,1050.0
16615,2025-05-28,5297,1060,1,11,5720,0.0,5720.0
16616,2025-06-22,5408,1051,1,10,5200,260.0,4940.0
16617,2025-01-23,5336,1025,1,15,7800,0.0,7800.0
16618,2025-04-14,5130,2026,2,22,9240,462.0,8778.0
16619,2025-03-06,5500,2018,3,23,7360,0.0,7360.0
16620,2025-06-29,5211,1034,4,3,630,0.0,630.0
16621,2025-04-02,5452,1006,4,22,4620,0.0,4620.0
16622,2025-03-29,5076,2017,2,9,3780,0.0,3780.0
16623,2025-04-10,5119,2017,2,13,5460,0.0,5460.0
16624,2025-06-20,5360,1015,2,12,5040,0.0,5040.0
16625,2025-01-02,5195,1023,4,23,4830,483.0,4347.0
16626,2025-04-28,5126,1058,1,17,8840,442.0,8398.0
16627,2025-06-09,5240,1029,4,19,3990,199.5,3790.5
16628,2025-01-08,5032,1052,3,5,1600,0.0,1600.0
16629,2025-06-11,5352,2005,4,1,210,0.0,210.0
16630,2025-01-14,5197,2002,4,11,2310,231.0,2079.0
16631,2025-04-13,5499,2026,1,17,8840,0.0,8840.0
16632,2025-04-21,5006,1016,1,3,1560,78.0,1482.0
16633,2025-04-29,5024,1016,1,15,7800,390.0,7410.0
16634,2025-04-01,5148,2028,4,19,3990,0.0,3990.0
16635,2025-04-20,5024,2023,2,24,10080,0.0,10080.0
16636,2025-06-18,5210,1040,3,25,8000,800.0,7200.0
16637,2025-06-23,5111,2037,3,20,6400,640.0,5760.0
16638,2025-01-05,5147,1021,1,25,13000,1300.0,11700.0
16639,2025-01-14,5465,1015,2,8,3360,336.0,3024.0
16640,2025-02-22,5402,1045,1,23,11960,0.0,11960.0
16641,2025-06-18,5263,1020,4,11,2310,231.0,2079.0
16642,2025-02-23,5187,2013,2,5,2100,210.0,1890.0
16643,2025-06-23,5035,1047,3,3,960,48.0,912.0
16644,2025-01-30,5015,1038,1,9,4680,468.0,4212.0
16645,2025-06-25,5114,2006,4,21,4410,0.0,4410.0
16646,2025-03-22,5176,1019,4,11,2310,231.0,2079.0
16647,2025-04-26,5492,2019,4,14,2940,147.0,2793.0
16648,2025-01-30,5193,2015,4,15,3150,0.0,3150.0
16649,2025-01-05,5478,1001,3,14,4480,0.0,4480.0
16650,2025-04-25,5131,1010,4,24,5040,252.0,4788.0
16651,2025-01-23,5282,2022,2,14,5880,0.0,5880.0
16652,2025-04-15,5471,1022,4,19,3990,0.0,3990.0
16653,2025-01-02,5280,2031,4,4,840,0.0,840.0
16654,2025-02-26,5224,1020,3,17,5440,544.0,4896.0
16655,2025-01-10,5201,2003,3,11,3520,0.0,3520.0
16656,2025-04-28,5463,1058,2,4,1680,0.0,1680.0
16657,2025-05-10,5033,2033,2,9,3780,189.0,3591.0
16658,2025-03-04,5031,1014,1,17,8840,0.0,8840.0
16659,2025-04-01,5231,1004,1,8,4160,0.0,4160.0
16660,2025-05-27,5493,2024,2,3,1260,0.0,1260.0
16661,2025-01-24,5069,1030,4,11,2310,0.0,2310.0
16662,2025-03-30,5299,1034,1,17,8840,442.0,8398.0
16663,2025-04-06,5477,1018,3,3,960,0.0,960.0
16664,2025-06-20,5046,2014,3,8,2560,0.0,2560.0
16665,2025-01-01,5102,1057,4,2,420,0.0,420.0
16666,2025-06-30,5250,2019,3,20,6400,0.0,6400.0
16667,2025-06-11,5469,1032,3,24,7680,0.0,7680.0
16668,2025-01-12,5196,2038,1,24,12480,624.0,11856.0
16669,2025-02-03,5328,1023,4,22,4620,0.0,4620.0
16670,2025-06-18,5280,2002,3,4,1280,64.0,1216.0
16671,2025-03-28,5036,1010,3,20,6400,640.0,5760.0
16672,2025-06-18,5272,2002,4,8,1680,84.0,1596.0
16673,2025-03-18,5039,1004,3,18,5760,0.0,5760.0
16674,2025-01-09,5243,2001,4,13,2730,0.0,2730.0
16675,2025-02-07,5295,2035,3,6,1920,0.0,1920.0
16676,2025-03-30,5294,2031,3,17,5440,544.0,4896.0
16677,2025-06-05,5019,1015,4,14,2940,147.0,2793.0
16678,2025-02-20,5140,1029,1,14,7280,0.0,7280.0
16679,2025-06-17,5487,1014,2,24,10080,0.0,10080.0
16680,2025-04-16,5365,2011,1,7,3640,0.0,3640.0
16681,2025-04-06,5291,1029,1,3,1560,156.0,1404.0
16682,2025-04-07,5449,2002,4,8,1680,84.0,1596.0
16683,2025-01-04,5054,2035,3,23,7360,0.0,7360.0
16684,2025-06-18,5254,1028,2,3,1260,0.0,1260.0
16685,2025-03-05,5179,1037,2,11,4620,462.0,4158.0
16686,2025-05-11,5373,1001,1,19,9880,0.0,9880.0
16687,2025-04-13,5176,2027,2,2,840,84.0,756.0
16688,2025-05-25,5432,2001,3,6,1920,96.0,1824.0
16689,2025-02-28,5236,1001,3,14,4480,0.0,4480.0
16690,2025-01-16,5229,1040,2,7,2940,0.0,2940.0
16691,2025-03-01,5419,1042,1,7,3640,0.0,3640.0
16692,2025-01-10,5498,1030,2,18,7560,0.0,7560.0
16693,2025-04-24,5173,1024,1,7,3640,0.0,3640.0
16694,2025-05-29,5427,2036,1,14,7280,0.0,7280.0
16695,2025-01-09,5104,2025,3,16,5120,0.0,5120.0
16696,2025-04-21,5104,2035,1,8,4160,208.0,3952.0
16697,2025-05-03,5283,1040,1,20,10400,0.0,10400.0
16698,2025-04-03,5356,2001,3,23,7360,0.0,7360.0
16699,2025-06-10,5199,1015,3,20,6400,320.0,6080.0
16700,2025-06-30,5083,2008,3,15,4800,0.0,4800.0
16701,2025-01-18,5328,2023,3,20,6400,640.0,5760.0
16702,2025-03-28,5186,1019,3,11,3520,0.0,3520.0
16703,2025-01-15,5338,2025,1,7,3640,0.0,3640.0
16704,2025-03-11,5355,1052,1,7,3640,0.0,3640.0
16705,2025-05-20,5372,1052,2,15,6300,0.0,6300.0
16706,2025-05-12,5176,2010,2,5,2100,0.0,2100.0
16707,2025-06-10,5240,2020,4,5,1050,52.5,997.5
16708,2025-04-09,5168,1039,4,12,2520,0.0,2520.0
16709,2025-06-13,5182,1038,3,17,5440,0.0,5440.0
16710,2025-06-16,5129,2017,3,24,7680,0.0,7680.0
16711,2025-02-03,5342,1018,2,21,8820,441.0,8379.0
16712,2025-02-21,5038,1025,3,11,3520,176.0,3344.0
16713,2025-03-15,5406,2036,3,25,8000,0.0,8000.0
16714,2025-01-12,5400,1034,1,12,6240,0.0,6240.0
16715,2025-06-02,5345,1058,1,23,11960,0.0,11960.0
16716,2025-06-16,5410,1004,2,11,4620,462.0,4158.0
16717,2025-05-16,5187,2032,3,20,6400,640.0,5760.0
16718,2025-01-22,5466,1003,2,3,1260,63.0,1197.0
16719,2025-06-25,5001,2038,3,5,1600,80.0,1520.0
16720,2025-06-21,5120,1058,3,16,5120,0.0,5120.0
16721,2025-02-01,5358,1004,4,24,5040,0.0,5040.0
16722,2025-01-17,5059,1003,3,24,7680,0.0,7680.0
16723,2025-04-30,5272,1031,2,1,420,0.0,420.0
16724,2025-03-07,5113,1032,2,14,5880,294.0,5586.0
16725,2025-05-20,5446,1008,2,25,10500,0.0,10500.0
16726,2025-02-11,5092,1021,2,4,1680,84.0,1596.0
16727,2025-01-15,5294,1021,3,24,7680,0.0,7680.0
16728,2025-03-14,5292,1057,1,8,4160,208.0,3952.0
16729,2025-04-08,5010,1046,4,13,2730,136.5,2593.5
16730,2025-05-03,5279,2005,4,4,840,84.0,756.0
16731,2025-05-10,5270,1005,3,4,1280,0.0,1280.0
16732,2025-02-09,5167,1020,1,15,7800,0.0,7800.0
16733,2025-02-05,5337,1010,1,6,3120,0.0,3120.0
16734,2025-02-08,5312,2033,1,18,9360,936.0,8424.0
16735,2025-05-19,5063,1022,4,3,630,0.0,630.0
16736,2025-02-28,5143,2024,1,14,7280,728.0,6552.0
16737,2025-01-03,5335,2004,1,5,2600,0.0,2600.0
16738,2025-05-08,5153,1020,4,3,630,63.0,567.0
16739,2025-04-10,5334,2021,2,4,1680,84.0,1596.0
16740,2025-04-01,5007,1042,4,12,2520,252.0,2268.0
16741,2025-05-16,5465,1035,1,20,10400,0.0,10400.0
16742,2025-06-27,5281,1055,2,7,2940,0.0,2940.0
16743,2025-01-03,5391,2025,1,13,6760,676.0,6084.0
16744,2025-05-27,5290,2035,4,11,2310,0.0,2310.0
16745,2025-06-02,5131,1050,3,4,1280,128.0,1152.0
16746,2025-03-20,5440,1033,2,1,420,21.0,399.0
16747,2025-03-31,5240,1049,4,13,2730,0.0,2730.0
16748,2025-04-29,5284,2033,2,8,3360,0.0,3360.0
16749,2025-01-06,5472,2025,2,25,10500,0.0,10500.0
16750,2025-05-03,5065,2023,3,17,5440,0.0,5440.0
16751,2025-04-25,5099,1013,2,25,10500,0.0,10500.0
16752,2025-01-31,5100,1020,4,13,2730,0.0,2730.0
16753,2025-05-04,5255,2019,2,19,7980,798.0,7182.0
16754,2025-02-20,5148,1048,4,3,630,63.0,567.0
16755,2025-05-13,5374,1037,4,12,2520,0.0,2520.0
16756,2025-04-11,5121,1052,2,12,5040,252.0,4788.0
16757,2025-06-24,5114,2039,4,7,1470,0.0,1470.0
16758,2025-04-13,5088,1021,3,11,3520,0.0,3520.0
16759,2025-02-11,5292,1047,2,7,2940,0.0,2940.0
16760,2025-02-23,5429,2033,1,1,520,52.0,468.0
16761,2025-06-04,5125,1035,4,19,3990,0.0,3990.0
16762,2025-05-16,5111,2038,4,13,2730,0.0,2730.0
16763,2025-04-18,5174,2030,1,24,12480,0.0,12480.0
16764,2025-04-17,5285,2001,4,11,2310,0.0,2310.0
16765,2025-03-10,5413,1052,2,6,2520,0.0,2520.0
16766,2025-06-02,5251,1036,4,24,5040,504.0,4536.0
16767,2025-01-06,5017,2008,3,4,1280,0.0,1280.0
16768,2025-02-10,5027,2015,1,21,10920,546.0,10374.0
16769,2025-06-11,5126,1045,1,10,5200,520.0,4680.0
16770,2025-01-07,5381,1057,3,12,3840,384.0,3456.0
16771,2025-01-26,5048,2034,4,25,5250,262.5,4987.5
16772,2025-01-29,5215,1044,4,16,3360,0.0,3360.0
16773,2025-06-23,5289,2009,4,16,3360,0.0,3360.0
16774,2025-05-16,5096,1004,3,10,3200,0.0,3200.0
16775,2025-05-19,5467,1059,3,17,5440,544.0,4896.0
16776,2025-01-10,5038,1046,3,3,960,0.0,960.0
16777,2025-03-31,5321,2024,2,5,2100,0.0,2100.0
16778,2025-04-10,5489,1004,1,16,8320,0.0,8320.0
16779,2025-05-02,5409,2032,3,8,2560,0.0,2560.0
16780,2025-02-14,5111,1038,2,9,3780,189.0,3591.0
16781,2025-02-28,5212,1015,1,24,12480,0.0,12480.0
16782,2025-05-23,5301,1010,4,24,5040,0.0,5040.0
16783,2025-05-17,5070,1029,2,10,4200,0.0,4200.0
16784,2025-01-29,5413,1009,1,13,6760,0.0,6760.0
16785,2025-04-09,5199,2031,2,21,8820,0.0,8820.0
16786,2025-06-17,5355,2006,1,20,10400,0.0,10400.0
16787,2025-01-13,5194,1013,2,4,1680,168.0,1512.0
16788,2025-04-22,5433,1031,2,7,2940,294.0,2646.0
16789,2025-06-28,5330,1028,1,5,2600,260.0,2340.0
16790,2025-02-11,5009,1037,4,7,1470,0.0,1470.0
16791,2025-03-15,5389,1009,2,20,8400,420.0,7980.0
16792,2025-03-05,5249,2005,2,19,7980,0.0,7980.0
16793,2025-02-08,5091,1025,2,16,6720,336.0,6384.0
16794,2025-04-28,5074,1024,4,3,630,63.0,567.0
16795,2025-04-21,5377,2023,2,1,420,0.0,420.0
16796,2025-05-23,5433,1059,1,11,5720,286.0,5434.0
16797,2025-01-06,5084,1036,1,21,10920,1092.0,9828.0
16798,2025-06-08,5195,1050,2,24,10080,504.0,9576.0
16799,2025-05-01,5136,1051,1,18,9360,936.0,8424.0
16800,2025-03-08,5145,1059,3,13,4160,208.0,3952.0
16801,2025-06-19,5406,1057,4,13,2730,0.0,2730.0
16802,2025-04-22,5449,2019,3,6,1920,0.0,1920.0
16803,2025-04-30,5084,2020,3,16,5120,0.0,5120.0
16804,2025-01-20,5102,1057,2,19,7980,0.0,7980.0
16805,2025-06-24,5404,1030,4,10,2100,0.0,2100.0
16806,2025-01-25,5109,1002,1,17,8840,442.0,8398.0
16807,2025-04-20,5397,2011,3,9,2880,0.0,2880.0
16808,2025-03-03,5034,2013,4,18,3780,378.0,3402.0
16809,2025-06-14,5388,1052,4,2,420,0.0,420.0
16810,2025-02-27,5352,1046,3,7,2240,0.0,2240.0
16811,2025-05-13,5348,1051,2,21,8820,0.0,8820.0
16812,2025-02-04,5463,1021,1,7,3640,364.0,3276.0
16813,2025-04-30,5001,1036,2,17,7140,0.0,7140.0
16814,2025-06-22,5253,1002,1,11,5720,286.0,5434.0
16815,2025-02-25,5262,2029,2,18,7560,378.0,7182.0
16816,2025-06-12,5143,2017,1,5,2600,260.0,2340.0
16817,2025-01-20,5486,1022,3,23,7360,368.0,6992.0
16818,2025-06-23,5376,2016,3,1,320,0.0,320.0
16819,2025-04-21,5211,1004,1,15,7800,0.0,7800.0
16820,2025-03-14,5155,1013,2,3,1260,126.0,1134.0
16821,2025-03-02,5088,2025,3,9,2880,144.0,2736.0
16822,2025-04-24,5342,1009,4,12,2520,0.0,2520.0
16823,2025-05-25,5375,2003,3,15,4800,0.0,4800.0
16824,2025-03-05,5120,1022,1,5,2600,0.0,2600.0
16825,2025-03-02,5101,1034,3,17,5440,0.0,5440.0
16826,2025-02-20,5460,2010,2,6,2520,0.0,2520.0
16827,2025-04-08,5255,2008,4,17,3570,0.0,3570.0
16828,2025-01-01,5253,2024,4,16,3360,0.0,3360.0
16829,2025-02-19,5107,2038,3,5,1600,0.0,1600.0
16830,2025-05-22,5156,2035,1,7,3640,0.0,3640.0
16831,2025-06-23,5021,1026,1,5,2600,260.0,2340.0
16832,2025-05-12,5303,1037,2,4,1680,168.0,1512.0
16833,2025-06-29,5344,1049,2,15,6300,315.0,5985.0
16834,2025-02-13,5150,1052,4,10,2100,0.0,2100.0
16835,2025-04-06,5448,1035,4,10,2100,0.0,2100.0
16836,2025-06-01,5198,1056,3,15,4800,0.0,4800.0
16837,2025-06-04,5336,1022,3,16,5120,512.0,4608.0
16838,2025-02-13,5064,1022,2,6,2520,0.0,2520.0
16839,2025-03-02,5466,1014,1,5,2600,130.0,2470.0
16840,2025-02-04,5406,1060,4,20,4200,420.0,3780.0
16841,2025-02-10,5496,2021,3,12,3840,0.0,3840.0
16842,2025-01-12,5111,2002,4,17,3570,357.0,3213.0
16843,2025-01-12,5330,2004,1,12,6240,0.0,6240.0
16844,2025-06-25,5112,2028,1,15,7800,390.0,7410.0
16845,2025-04-08,5071,2001,3,22,7040,0.0,7040.0
16846,2025-03-19,5034,2026,1,1,520,0.0,520.0
16847,2025-01-30,5066,1060,4,21,4410,220.5,4189.5
16848,2025-02-22,5434,1025,1,17,8840,0.0,8840.0
16849,2025-01-07,5052,1013,3,7,2240,0.0,2240.0
16850,2025-05-28,5430,1015,2,1,420,0.0,420.0
16851,2025-01-20,5422,1024,1,25,13000,0.0,13000.0
16852,2025-01-10,5381,1048,4,6,1260,0.0,1260.0
16853,2025-02-17,5312,1017,4,23,4830,0.0,4830.0
16854,2025-03-25,5325,2027,2,14,5880,294.0,5586.0
16855,2025-05-21,5079,2026,4,13,2730,136.5,2593.5
16856,2025-05-27,5211,1036,1,22,11440,0.0,11440.0
16857,2025-03-17,5146,1033,4,1,210,0.0,210.0
16858,2025-05-16,5168,1041,3,20,6400,0.0,6400.0
16859,2025-02-12,5355,1059,2,17,7140,0.0,7140.0
16860,2025-05-21,5093,2030,4,20,4200,0.0,4200.0
16861,2025-05-02,5036,2038,1,21,10920,1092.0,9828.0
16862,2025-03-28,5133,1025,3,5,1600,0.0,1600.0
16863,2025-03-16,5124,1014,1,25,13000,0.0,13000.0
16864,2025-06-21,5036,2020,2,15,6300,630.0,5670.0
16865,2025-02-07,5354,2003,3,16,5120,0.0,5120.0
16866,2025-06-17,5199,1032,4,18,3780,378.0,3402.0
16867,2025-06-15,5275,1030,4,1,210,0.0,210.0
16868,2025-01-27,5197,2002,2,5,2100,210.0,1890.0
16869,2025-06-01,5452,1059,2,9,3780,0.0,3780.0
16870,2025-03-27,5412,1010,4,9,1890,0.0,1890.0
16871,2025-03-29,5195,1032,1,22,11440,572.0,10868.0
16872,2025-06-27,5024,1021,2,10,4200,0.0,4200.0
16873,2025-03-11,5064,2013,4,2,420,0.0,420.0
16874,2025-03-07,5337,1045,1,3,1560,0.0,1560.0
16875,2025-03-12,5253,2013,4,21,4410,0.0,4410.0
16876,2025-01-19,5134,2038,4,19,3990,0.0,3990.0
16877,2025-01-12,5471,1041,1,22,11440,0.0,11440.0
16878,2025-06-11,5440,1003,4,11,2310,115.5,2194.5
16879,2025-04-28,5187,1037,1,6,3120,0.0,3120.0
16880,2025-01-02,5262,2031,1,17,8840,0.0,8840.0
16881,2025-03-16,5069,2011,2,11,4620,462.0,4158.0
16882,2025-04-28,5112,2018,4,10,2100,0.0,2100.0
16883,2025-05-05,5052,2027,2,13,5460,0.0,5460.0
16884,2025-01-30,5320,1021,1,1,520,52.0,468.0
16885,2025-04-15,5498,2004,1,4,2080,0.0,2080.0
16886,2025-05-22,5485,2022,2,5,2100,0.0,2100.0
16887,2025-03-07,5369,2026,1,8,4160,0.0,4160.0
16888,2025-04-01,5412,1033,3,10,3200,160.0,3040.0
16889,2025-05-29,5060,1004,3,7,2240,224.0,2016.0
16890,2025-05-04,5002,2023,2,5,2100,0.0,2100.0
16891,2025-03-05,5302,2018,4,18,3780,189.0,3591.0
16892,2025-06-25,5085,1025,4,11,2310,115.5,2194.5
16893,2025-02-22,5042,1048,1,1,520,0.0,520.0
16894,2025-05-12,5065,1040,4,2,420,0.0,420.0
16895,2025-03-19,5204,2008,4,19,3990,199.5,3790.5
16896,2025-05-06,5034,2031,1,20,10400,0.0,10400.0
16897,2025-02-08,5368,1031,3,4,1280,0.0,1280.0
16898,2025-03-13,5386,1034,2,20,8400,840.0,7560.0
16899,2025-01-22,5489,1055,1,10,5200,260.0,4940.0
16900,2025-05-23,5177,1026,1,19,9880,0.0,9880.0
16901,2025-02-11,5490,1042,3,12,3840,0.0,3840.0
16902,2025-01-13,5278,1011,1,7,3640,182.0,3458.0
16903,2025-06-24,5178,1002,1,8,4160,0.0,4160.0
16904,2025-02-28,5127,2012,4,14,2940,0.0,2940.0
16905,2025-03-29,5355,2035,4,18,3780,0.0,3780.0
16906,2025-04-05,5499,1005,2,7,2940,147.0,2793.0
16907,2025-01-05,5264,1015,3,8,2560,128.0,2432.0
16908,2025-01-19,5442,2002,3,24,7680,0.0,7680.0
16909,2025-04-20,5398,2011,2,15,6300,0.0,6300.0
16910,2025-04-02,5192,1025,3,24,7680,0.0,7680.0
16911,2025-04-14,5249,1023,2,9,3780,0.0,3780.0
16912,2025-02-01,5436,1004,3,8,2560,128.0,2432.0
16913,2025-05-27,5289,2024,4,25,5250,262.5,4987.5
16914,2025-02-05,5067,1055,2,18,7560,0.0,7560.0
16915,2025-01-01,5137,1051,1,3,1560,0.0,1560.0
16916,2025-06-22,5058,1056,1,8,4160,0.0,4160.0
16917,2025-05-22,5135,2027,4,13,2730,0.0,2730.0
16918,2025-04-04,5283,1046,1,14,7280,0.0,7280.0
16919,2025-05-16,5100,1036,3,16,5120,0.0,5120.0
16920,2025-02-28,5427,1012,3,5,1600,160.0,1440.0
16921,2025-06-02,5436,1055,2,23,9660,483.0,9177.0
16922,2025-06-25,5317,1056,3,19,6080,304.0,5776.0
16923,2025-05-11,5200,1024,4,16,3360,168.0,3192.0
16924,2025-02-02,5178,2019,1,18,9360,0.0,9360.0
16925,2025-05-09,5271,2011,2,17,7140,357.0,6783.0
16926,2025-03-01,5369,2029,4,10,2100,210.0,1890.0
16927,2025-05-17,5409,1029,1,13,6760,338.0,6422.0
16928,2025-02-08,5085,1021,1,3,1560,78.0,1482.0
16929,2025-03-25,5445,2025,1,13,6760,0.0,6760.0
16930,2025-05-10,5228,1027,1,25,13000,0.0,13000.0
16931,2025-01-26,5209,1058,3,4,1280,0.0,1280.0
16932,2025-01-10,5296,2010,3,13,4160,0.0,4160.0
16933,2025-04-30,5493,1034,3,8,2560,0.0,2560.0
16934,2025-06-19,5355,2008,3,17,5440,0.0,5440.0
16935,2025-01-07,5398,1032,4,17,3570,0.0,3570.0
16936,2025-06-18,5173,2038,3,17,5440,272.0,5168.0
16937,2025-04-10,5376,2003,3,9,2880,0.0,2880.0
16938,2025-06-01,5242,1021,1,10,5200,0.0,5200.0
16939,2025-02-17,5021,2021,3,2,640,64.0,576.0
16940,2025-03-12,5438,1013,2,17,7140,357.0,6783.0
16941,2025-04-18,5412,2008,2,25,10500,0.0,10500.0
16942,2025-06-20,5461,1017,3,1,320,16.0,304.0
16943,2025-04-10,5417,1020,1,18,9360,0.0,9360.0
16944,2025-02-06,5111,1023,4,20,4200,0.0,4200.0
16945,2025-03-06,5210,2013,3,19,6080,608.0,5472.0
16946,2025-05-10,5073,2032,3,16,5120,256.0,4864.0
16947,2025-02-27,5007,2030,2,24,10080,0.0,10080.0
16948,2025-01-11,5226,2006,4,23,4830,0.0,4830.0
16949,2025-06-29,5216,2012,3,17,5440,544.0,4896.0
16950,2025-01-13,5148,2001,3,10,3200,0.0,3200.0
16951,2025-05-31,5270,2005,3,9,2880,288.0,2592.0
16952,2025-04-04,5494,1012,1,20,10400,0.0,10400.0
16953,2025-04-13,5196,1028,2,14,5880,0.0,5880.0
16954,2025-01-27,5069,1059,4,9,1890,0.0,1890.0
16955,2025-01-08,5287,2016,4,18,3780,378.0,3402.0
16956,2025-06-17,5208,2010,2,5,2100,0.0,2100.0
16957,2025-06-29,5398,1043,4,20,4200,420.0,3780.0
16958,2025-05-30,5259,1004,1,17,8840,442.0,8398.0
16959,2025-06-30,5091,2006,2,20,8400,420.0,7980.0
16960,2025-05-03,5445,2022,1,7,3640,182.0,3458.0
16961,2025-02-01,5295,1029,1,11,5720,0.0,5720.0
16962,2025-02-10,5399,2030,3,23,7360,0.0,7360.0
16963,2025-06-13,5115,1039,1,10,5200,0.0,5200.0
16964,2025-03-26,5183,1058,1,9,4680,0.0,4680.0
16965,2025-01-28,5187,2039,1,16,8320,0.0,8320.0
16966,2025-05-31,5068,1048,3,14,4480,448.0,4032.0
16967,2025-05-23,5249,1058,1,5,2600,130.0,2470.0
16968,2025-04-22,5120,2037,2,6,2520,0.0,2520.0
16969,2025-04-08,5262,1023,4,16,3360,336.0,3024.0
16970,2025-05-14,5234,1026,3,1,320,16.0,304.0
16971,2025-05-06,5346,2034,3,24,7680,768.0,6912.0
16972,2025-01-08,5338,1016,1,18,9360,0.0,9360.0
16973,2025-05-19,5432,2023,1,7,3640,364.0,3276.0
16974,2025-03-19,5009,1013,1,14,7280,364.0,6916.0
16975,2025-02-15,5411,1023,3,14,4480,0.0,4480.0
16976,2025-01-07,5370,1011,4,14,2940,0.0,2940.0
16977,2025-01-16,5414,1040,1,6,3120,0.0,3120.0
16978,2025-06-19,5469,1056,1,12,6240,0.0,6240.0
16979,2025-05-22,5074,2028,3,18,5760,0.0,5760.0
16980,2025-02-24,5037,1020,1,9,4680,0.0,4680.0
16981,2025-06-03,5351,1015,3,1,320,16.0,304.0
16982,2025-04-21,5456,1034,2,25,10500,1050.0,9450.0
16983,2025-06-28,5113,2022,1,21,10920,1092.0,9828.0
16984,2025-05-09,5316,2005,1,11,5720,0.0,5720.0
16985,2025-05-02,5028,2009,3,1,320,0.0,320.0
16986,2025-01-29,5498,2012,1,13,6760,338.0,6422.0
16987,2025-06-25,5396,1053,2,24,10080,0.0,10080.0
16988,2025-01-28,5256,2020,2,22,9240,462.0,8778.0
16989,2025-02-27,5004,1051,3,11,3520,352.0,3168.0
16990,2025-01-21,5416,1028,1,24,12480,624.0,11856.0
16991,2025-02-03,5056,2031,2,3,1260,126.0,1134.0
16992,2025-02-23,5202,2007,1,3,1560,0.0,1560.0
16993,2025-05-06,5337,1002,1,7,3640,0.0,3640.0
16994,2025-05-26,5455,1024,2,6,2520,0.0,2520.0
16995,2025-02-07,5424,2013,1,5,2600,0.0,2600.0
16996,2025-06-26,5189,1048,4,8,1680,0.0,1680.0
16997,2025-05-11,5174,2030,1,22,11440,0.0,11440.0
16998,2025-06-08,5394,2040,2,4,1680,168.0,1512.0
16999,2025-06-05,5460,2010,3,1,320,0.0,320.0
17000,2025-03-12,5266,1017,1,15,7800,0.0,7800.0
17001,2025-01-03,5079,2040,3,17,5440,544.0,4896.0
17002,2025-03-24,5271,2010,2,24,10080,504.0,9576.0
17003,2025-01-21,5410,1009,2,19,7980,0.0,7980.0
17004,2025-06-16,5324,2001,4,14,2940,294.0,2646.0
17005,2025-04-15,5326,2034,1,7,3640,182.0,3458.0
17006,2025-06-19,5295,2009,1,7,3640,364.0,3276.0
17007,2025-05-19,5343,1018,1,4,2080,0.0,2080.0
17008,2025-05-21,5036,1025,1,2,1040,0.0,1040.0
17009,2025-03-31,5108,1011,3,21,6720,0.0,6720.0
17010,2025-03-15,5019,2026,1,11,5720,0.0,5720.0
17011,2025-03-13,5171,1036,1,25,13000,0.0,13000.0
17012,2025-02-21,5322,1056,1,12,6240,0.0,6240.0
17013,2025-05-17,5005,1015,4,19,3990,199.5,3790.5
17014,2025-05-28,5006,1014,1,4,2080,208.0,1872.0
17015,2025-01-28,5431,2012,2,23,9660,0.0,9660.0
17016,2025-06-12,5423,2005,1,15,7800,390.0,7410.0
17017,2025-06-15,5155,1006,1,10,5200,0.0,5200.0
17018,2025-04-09,5090,1016,1,20,10400,0.0,10400.0
17019,2025-04-30,5014,2031,4,23,4830,0.0,4830.0
17020,2025-03-08,5241,2004,4,16,3360,168.0,3192.0
17021,2025-06-28,5130,1038,2,7,2940,0.0,2940.0
17022,2025-05-19,5431,2033,3,2,640,32.0,608.0
17023,2025-06-21,5020,2025,1,15,7800,0.0,7800.0
17024,2025-04-25,5006,2037,1,8,4160,0.0,4160.0
17025,2025-03-16,5012,2016,2,1,420,0.0,420.0
17026,2025-01-13,5410,2008,3,8,2560,128.0,2432.0
17027,2025-05-17,5168,1021,2,2,840,42.0,798.0
17028,2025-03-09,5418,2032,2,23,9660,0.0,9660.0
17029,2025-05-15,5495,2037,4,25,5250,525.0,4725.0
17030,2025-06-14,5086,1025,1,1,520,0.0,520.0
17031,2025-06-04,5200,1041,4,9,1890,0.0,1890.0
17032,2025-04-25,5446,2018,3,10,3200,320.0,2880.0
17033,2025-03-30,5110,2023,1,20,10400,0.0,10400.0
17034,2025-02-17,5469,1060,3,1,320,16.0,304.0
17035,2025-05-29,5102,2022,2,1,420,0.0,420.0
17036,2025-02-11,5332,1027,2,22,9240,924.0,8316.0
17037,2025-05-27,5198,1049,4,1,210,0.0,210.0
17038,2025-01-04,5333,1060,1,11,5720,286.0,5434.0
17039,2025-04-25,5086,2024,3,19,6080,304.0,5776.0
17040,2025-01-30,5301,2013,3,22,7040,352.0,6688.0
17041,2025-06-01,5181,2033,4,7,1470,0.0,1470.0
17042,2025-05-31,5200,2040,1,10,5200,0.0,5200.0
17043,2025-01-19,5228,1003,1,11,5720,572.0,5148.0
17044,2025-02-03,5350,1044,2,25,10500,0.0,10500.0
17045,2025-03-05,5211,1006,4,24,5040,0.0,5040.0
17046,2025-05-26,5235,1041,3,6,1920,96.0,1824.0
17047,2025-06-23,5195,1017,3,7,2240,224.0,2016.0
17048,2025-04-11,5367,1035,2,3,1260,0.0,1260.0
17049,2025-06-29,5431,1018,2,2,840,84.0,756.0
17050,2025-01-17,5090,1030,4,4,840,0.0,840.0
17051,2025-01-01,5426,2028,4,18,3780,378.0,3402.0
17052,2025-03-14,5350,1003,4,10,2100,210.0,1890.0
17053,2025-05-13,5034,2031,1,3,1560,0.0,1560.0
17054,2025-01-15,5436,1058,1,12,6240,312.0,5928.0
17055,2025-03-02,5480,1039,3,22,7040,0.0,7040.0
17056,2025-05-12,5361,1023,2,12,5040,504.0,4536.0
17057,2025-05-27,5211,2017,1,8,4160,416.0,3744.0
17058,2025-02-23,5177,2034,1,8,4160,208.0,3952.0
17059,2025-04-09,5098,1012,2,23,9660,0.0,9660.0
17060,2025-06-14,5198,1021,4,21,4410,0.0,4410.0
17061,2025-05-02,5280,1044,4,13,2730,136.5,2593.5
17062,2025-04-04,5293,2003,3,11,3520,0.0,3520.0
17063,2025-03-25,5063,1034,4,23,4830,241.5,4588.5
17064,2025-01-29,5400,1005,1,23,11960,0.0,11960.0
17065,2025-05-12,5149,1059,3,22,7040,0.0,7040.0
17066,2025-02-01,5455,2021,1,2,1040,0.0,1040.0
17067,2025-02-10,5341,1050,1,25,13000,0.0,13000.0
17068,2025-04-20,5426,1049,1,13,6760,0.0,6760.0
17069,2025-01-01,5044,2032,4,19,3990,199.5,3790.5
17070,2025-06-27,5455,1016,4,2,420,0.0,420.0
17071,2025-05-14,5281,1031,2,9,3780,378.0,3402.0
17072,2025-05-16,5373,2006,3,18,5760,576.0,5184.0
17073,2025-04-08,5169,1031,4,17,3570,0.0,3570.0
17074,2025-01-09,5159,1025,1,12,6240,312.0,5928.0
17075,2025-06-10,5257,1031,3,8,2560,256.0,2304.0
17076,2025-04-27,5181,1012,1,20,10400,520.0,9880.0
17077,2025-02-02,5029,2029,1,3,1560,78.0,1482.0
17078,2025-03-17,5476,1037,3,14,4480,0.0,4480.0
17079,2025-01-27,5080,1054,4,10,2100,0.0,2100.0
17080,2025-05-24,5136,2018,1,20,10400,520.0,9880.0
17081,2025-05-14,5279,1004,4,3,630,31.5,598.5
17082,2025-05-14,5193,2003,1,25,13000,0.0,13000.0
17083,2025-04-20,5057,1017,2,16,6720,0.0,6720.0
17084,2025-03-11,5316,2023,1,8,4160,0.0,4160.0
17085,2025-04-20,5155,2013,1,9,4680,468.0,4212.0
17086,2025-06-15,5303,1052,3,1,320,0.0,320.0
17087,2025-03-19,5007,1011,1,24,12480,0.0,12480.0
17088,2025-02-11,5345,1038,3,19,6080,0.0,6080.0
17089,2025-03-15,5163,1015,2,17,7140,0.0,7140.0
17090,2025-05-11,5212,1002,2,17,7140,357.0,6783.0
17091,2025-03-02,5332,2013,3,16,5120,512.0,4608.0
17092,2025-06-20,5488,1017,4,3,630,0.0,630.0
17093,2025-05-02,5173,2001,1,1,520,0.0,520.0
17094,2025-05-02,5323,2037,3,23,7360,0.0,7360.0
17095,2025-03-24,5103,1043,2,23,9660,966.0,8694.0
17096,2025-05-30,5160,1042,3,22,7040,0.0,7040.0
17097,2025-01-06,5282,1009,3,18,5760,0.0,5760.0
17098,2025-02-23,5476,1013,2,15,6300,630.0,5670.0
17099,2025-05-17,5175,1016,1,2,1040,0.0,1040.0
17100,2025-06-21,5314,2017,3,2,640,0.0,640.0
17101,2025-01-29,5390,2038,1,16,8320,0.0,8320.0
17102,2025-05-27,5133,2034,2,5,2100,210.0,1890.0
17103,2025-02-22,5069,1048,1,13,6760,338.0,6422.0
17104,2025-04-01,5482,1020,2,15,6300,0.0,6300.0
17105,2025-01-14,5017,1003,4,7,1470,0.0,1470.0
17106,2025-01-13,5266,2025,2,13,5460,273.0,5187.0
17107,2025-06-25,5063,1057,3,23,7360,0.0,7360.0
17108,2025-03-28,5135,1035,3,9,2880,0.0,2880.0
17109,2025-06-16,5012,1031,2,23,9660,966.0,8694.0
17110,2025-03-30,5242,1006,1,2,1040,0.0,1040.0
17111,2025-04-25,5331,2019,4,7,1470,0.0,1470.0
17112,2025-04-16,5403,1018,1,11,5720,572.0,5148.0
17113,2025-01-07,5137,2040,4,16,3360,0.0,3360.0
17114,2025-02-19,5088,2040,2,6,2520,0.0,2520.0
17115,2025-05-02,5237,1013,2,5,2100,210.0,1890.0
17116,2025-01-09,5405,1051,4,6,1260,0.0,1260.0
17117,2025-03-07,5204,1004,2,12,5040,0.0,5040.0
17118,2025-06-15,5372,1001,1,24,12480,0.0,12480.0
17119,2025-03-14,5021,2023,3,25,8000,0.0,8000.0
17120,2025-01-15,5213,2027,2,10,4200,0.0,4200.0
17121,2025-02-05,5425,1041,1,22,11440,0.0,11440.0
17122,2025-04-15,5115,1006,4,11,2310,0.0,2310.0
17123,2025-02-09,5397,1017,1,12,6240,0.0,6240.0
17124,2025-03-17,5439,1058,3,19,6080,304.0,5776.0
17125,2025-06-12,5096,2004,2,23,9660,0.0,9660.0
17126,2025-06-20,5258,1023,2,7,2940,294.0,2646.0
17127,2025-05-14,5463,2009,1,8,4160,0.0,4160.0
17128,2025-03-17,5062,1054,2,10,4200,420.0,3780.0
17129,2025-04-19,5043,1032,4,1,210,0.0,210.0
17130,2025-01-25,5437,2024,2,5,2100,210.0,1890.0
17131,2025-02-25,5181,2001,4,20,4200,0.0,4200.0
17132,2025-03-08,5310,1020,3,7,2240,0.0,2240.0
17133,2025-02-20,5443,1021,3,18,5760,576.0,5184.0
17134,2025-06-21,5120,2001,3,5,1600,80.0,1520.0
17135,2025-06-17,5480,1019,1,17,8840,0.0,8840.0
17136,2025-02-19,5287,1050,2,22,9240,462.0,8778.0
17137,2025-04-19,5208,1050,3,7,2240,112.0,2128.0
17138,2025-02-28,5212,2005,1,11,5720,0.0,5720.0
17139,2025-03-11,5214,2011,2,2,840,0.0,840.0
17140,2025-03-17,5365,1028,1,16,8320,0.0,8320.0
17141,2025-03-20,5339,1043,3,24,7680,768.0,6912.0
17142,2025-04-21,5297,1045,4,17,3570,357.0,3213.0
17143,2025-06-11,5334,1023,3,24,7680,0.0,7680.0
17144,2025-05-05,5008,1023,3,3,960,48.0,912.0
17145,2025-06-26,5437,2016,3,1,320,0.0,320.0
17146,2025-06-12,5342,1028,3,18,5760,0.0,5760.0
17147,2025-01-19,5015,2003,3,24,7680,384.0,7296.0
17148,2025-02-26,5234,2031,2,11,4620,0.0,4620.0
17149,2025-06-26,5062,2037,2,21,8820,0.0,8820.0
17150,2025-02-02,5500,1003,2,15,6300,315.0,5985.0
17151,2025-06-25,5076,1029,1,11,5720,0.0,5720.0
17152,2025-05-20,5437,1037,4,10,2100,0.0,2100.0
17153,2025-05-29,5263,1010,3,9,2880,0.0,2880.0
17154,2025-02-18,5445,1006,1,6,3120,0.0,3120.0
17155,2025-01-14,5121,2002,2,15,6300,315.0,5985.0
17156,2025-04-28,5307,2034,3,8,2560,0.0,2560.0
17157,2025-05-15,5297,1016,4,5,1050,0.0,1050.0
17158,2025-03-23,5236,1012,1,8,4160,416.0,3744.0
17159,2025-05-25,5251,1059,4,2,420,21.0,399.0
17160,2025-05-16,5052,1024,2,6,2520,252.0,2268.0
17161,2025-01-23,5289,1034,4,5,1050,0.0,1050.0
17162,2025-06-10,5323,2002,4,7,1470,0.0,1470.0
17163,2025-03-17,5422,2026,1,22,11440,0.0,11440.0
17164,2025-05-18,5377,2006,2,8,3360,336.0,3024.0
17165,2025-05-30,5292,1056,2,24,10080,0.0,10080.0
17166,2025-03-08,5141,1021,2,21,8820,882.0,7938.0
17167,2025-03-13,5416,1008,2,25,10500,0.0,10500.0
17168,2025-04-17,5460,1058,3,13,4160,0.0,4160.0
17169,2025-04-19,5238,1029,2,11,4620,0.0,4620.0
17170,2025-01-29,5490,2029,4,19,3990,0.0,3990.0
17171,2025-02-27,5290,1030,1,15,7800,0.0,7800.0
17172,2025-04-05,5007,2002,1,3,1560,0.0,1560.0
17173,2025-02-12,5019,2013,2,18,7560,0.0,7560.0
17174,2025-06-16,5183,1037,1,18,9360,936.0,8424.0
17175,2025-05-31,5184,1058,1,20,10400,0.0,10400.0
17176,2025-04-25,5127,1023,3,11,3520,352.0,3168.0
17177,2025-06-30,5319,2030,3,15,4800,240.0,4560.0
17178,2025-05-19,5344,2040,2,18,7560,0.0,7560.0
17179,2025-01-02,5349,1047,4,5,1050,105.0,945.0
17180,2025-05-15,5201,2023,2,2,840,42.0,798.0
17181,2025-06-28,5167,1007,2,10,4200,0.0,4200.0
17182,2025-06-23,5448,1060,2,17,7140,0.0,7140.0
17183,2025-03-08,5291,1007,2,20,8400,840.0,7560.0
17184,2025-06-27,5056,2002,1,13,6760,676.0,6084.0
17185,2025-04-25,5053,2024,3,20,6400,320.0,6080.0
17186,2025-01-23,5382,2015,4,19,3990,0.0,3990.0
17187,2025-04-01,5369,2029,1,5,2600,0.0,2600.0
17188,2025-03-26,5057,2024,1,20,10400,0.0,10400.0
17189,2025-06-14,5142,2020,4,22,4620,462.0,4158.0
17190,2025-06-06,5064,1030,4,24,5040,504.0,4536.0
17191,2025-06-30,5199,1032,3,5,1600,160.0,1440.0
17192,2025-04-14,5021,1008,4,9,1890,0.0,1890.0
17193,2025-04-01,5247,1037,4,21,4410,220.5,4189.5
17194,2025-04-24,5473,1053,3,25,8000,0.0,8000.0
17195,2025-05-23,5181,1060,4,24,5040,0.0,5040.0
17196,2025-03-01,5320,1058,4,12,2520,0.0,2520.0
17197,2025-01-13,5280,1048,3,25,8000,800.0,7200.0
17198,2025-02-03,5262,2016,3,16,5120,0.0,5120.0
17199,2025-05-23,5378,1053,1,6,3120,0.0,3120.0
17200,2025-01-25,5117,1017,3,20,6400,320.0,6080.0
17201,2025-06-05,5008,2008,2,18,7560,756.0,6804.0
17202,2025-06-04,5200,1057,1,10,5200,0.0,5200.0
17203,2025-04-30,5050,2010,2,23,9660,966.0,8694.0
17204,2025-03-16,5390,1024,3,7,2240,0.0,2240.0
17205,2025-04-30,5346,1060,1,17,8840,442.0,8398.0
17206,2025-02-17,5216,1053,3,11,3520,176.0,3344.0
17207,2025-04-02,5339,2025,4,24,5040,0.0,5040.0
17208,2025-06-15,5304,2022,4,3,630,0.0,630.0
17209,2025-01-22,5123,2032,3,23,7360,0.0,7360.0
17210,2025-03-19,5500,2039,4,16,3360,336.0,3024.0
17211,2025-06-30,5497,1058,3,9,2880,0.0,2880.0
17212,2025-01-04,5035,2017,2,20,8400,420.0,7980.0
17213,2025-02-22,5214,1026,3,11,3520,352.0,3168.0
17214,2025-06-06,5006,1005,3,1,320,32.0,288.0
17215,2025-02-19,5401,1007,4,18,3780,0.0,3780.0
17216,2025-05-31,5032,1018,4,25,5250,525.0,4725.0
17217,2025-05-24,5281,2021,3,1,320,0.0,320.0
17218,2025-04-21,5116,1040,3,5,1600,80.0,1520.0
17219,2025-02-23,5349,1008,4,5,1050,52.5,997.5
17220,2025-05-19,5321,2028,4,7,1470,73.5,1396.5
17221,2025-02-10,5419,1050,4,19,3990,0.0,3990.0
17222,2025-05-24,5380,2021,1,11,5720,572.0,5148.0
17223,2025-03-05,5288,2020,3,22,7040,0.0,7040.0
17224,2025-06-04,5067,1028,3,25,8000,0.0,8000.0
17225,2025-04-22,5180,2026,1,16,8320,0.0,8320.0
17226,2025-01-28,5320,2010,1,8,4160,0.0,4160.0
17227,2025-04-20,5315,1046,3,3,960,48.0,912.0
17228,2025-02-26,5327,1008,2,21,8820,882.0,7938.0
17229,2025-05-24,5020,1022,2,12,5040,0.0,5040.0
17230,2025-02-19,5419,2039,4,11,2310,0.0,2310.0
17231,2025-03-06,5152,2011,2,22,9240,0.0,9240.0
17232,2025-05-31,5101,1024,3,12,3840,0.0,3840.0
17233,2025-05-15,5247,1009,4,9,1890,0.0,1890.0
17234,2025-05-30,5248,1035,1,19,9880,494.0,9386.0
17235,2025-01-03,5055,1004,1,10,5200,0.0,5200.0
17236,2025-01-20,5444,1016,1,8,4160,208.0,3952.0
17237,2025-04-21,5297,2035,2,14,5880,0.0,5880.0
17238,2025-05-03,5020,1056,2,21,8820,0.0,8820.0
17239,2025-03-04,5024,2024,3,2,640,32.0,608.0
17240,2025-01-03,5328,2008,4,2,420,0.0,420.0
17241,2025-05-22,5438,2023,2,25,10500,525.0,9975.0
17242,2025-06-14,5097,1021,4,15,3150,0.0,3150.0
17243,2025-06-04,5232,2027,3,5,1600,0.0,1600.0
17244,2025-01-05,5031,2007,2,9,3780,378.0,3402.0
17245,2025-05-01,5220,1006,2,11,4620,0.0,4620.0
17246,2025-05-10,5347,2013,1,1,520,0.0,520.0
17247,2025-04-09,5181,2034,4,12,2520,0.0,2520.0
17248,2025-01-24,5073,2040,4,15,3150,0.0,3150.0
17249,2025-03-04,5484,1007,2,7,2940,147.0,2793.0
17250,2025-06-11,5492,2002,3,25,8000,800.0,7200.0
17251,2025-06-16,5474,2007,1,13,6760,676.0,6084.0
17252,2025-04-27,5074,2009,2,1,420,0.0,420.0
17253,2025-04-21,5476,2004,1,24,12480,0.0,12480.0
17254,2025-02-18,5417,2029,2,7,2940,0.0,2940.0
17255,2025-03-24,5294,1043,2,17,7140,0.0,7140.0
17256,2025-01-13,5013,2030,4,9,1890,0.0,1890.0
17257,2025-04-07,5420,1050,3,5,1600,80.0,1520.0
17258,2025-04-14,5124,1021,2,25,10500,0.0,10500.0
17259,2025-05-18,5235,2020,3,10,3200,160.0,3040.0
17260,2025-06-26,5159,1023,4,2,420,0.0,420.0
17261,2025-06-04,5087,2003,2,14,5880,0.0,5880.0
17262,2025-03-21,5226,2013,1,17,8840,0.0,8840.0
17263,2025-01-25,5236,1023,3,24,7680,0.0,7680.0
17264,2025-02-03,5432,1042,2,19,7980,0.0,7980.0
17265,2025-01-21,5300,1002,4,22,4620,231.0,4389.0
17266,2025-04-20,5128,2040,2,8,3360,168.0,3192.0
17267,2025-03-29,5271,1028,3,17,5440,0.0,5440.0
17268,2025-04-11,5283,1055,3,19,6080,608.0,5472.0
17269,2025-02-15,5240,1022,3,10,3200,160.0,3040.0
17270,2025-06-28,5470,1026,4,24,5040,0.0,5040.0
17271,2025-01-06,5397,1023,4,10,2100,0.0,2100.0
17272,2025-01-18,5240,1051,1,14,7280,0.0,7280.0
17273,2025-06-10,5061,1005,3,18,5760,0.0,5760.0
17274,2025-02-09,5270,1004,3,7,2240,0.0,2240.0
17275,2025-01-02,5042,1024,3,23,7360,0.0,7360.0
17276,2025-05-26,5110,1006,3,9,2880,144.0,2736.0
17277,2025-01-28,5287,2036,1,6,3120,312.0,2808.0
17278,2025-05-10,5415,1034,2,3,1260,126.0,1134.0
17279,2025-04-06,5121,1047,1,9,4680,0.0,4680.0
17280,2025-05-01,5074,2038,4,23,4830,0.0,4830.0
17281,2025-02-02,5057,1052,3,10,3200,0.0,3200.0
17282,2025-03-09,5206,1032,3,6,1920,0.0,1920.0
17283,2025-05-02,5091,2017,2,19,7980,0.0,7980.0
17284,2025-05-12,5123,1035,3,22,7040,704.0,6336.0
17285,2025-02-28,5268,1054,4,22,4620,0.0,4620.0
17286,2025-03-05,5123,1058,3,24,7680,768.0,6912.0
17287,2025-01-27,5209,2016,3,1,320,32.0,288.0
17288,2025-05-29,5190,2021,2,1,420,0.0,420.0
17289,2025-01-24,5035,1019,2,10,4200,210.0,3990.0
17290,2025-02-02,5091,2004,2,21,8820,0.0,8820.0
17291,2025-04-02,5384,1022,4,22,4620,462.0,4158.0
17292,2025-04-30,5102,2009,2,6,2520,252.0,2268.0
17293,2025-06-28,5282,1008,3,8,2560,0.0,2560.0
17294,2025-06-07,5237,1032,2,4,1680,84.0,1596.0
17295,2025-03-31,5120,2001,4,11,2310,115.5,2194.5
17296,2025-05-19,5220,2031,4,22,4620,0.0,4620.0
17297,2025-01-03,5233,2010,2,2,840,0.0,840.0
17298,2025-02-23,5402,2007,1,12,6240,312.0,5928.0
17299,2025-02-08,5273,2024,3,12,3840,0.0,3840.0
17300,2025-03-12,5444,1009,2,21,8820,441.0,8379.0
17301,2025-01-12,5485,1040,1,23,11960,0.0,11960.0
17302,2025-06-16,5158,1055,3,17,5440,544.0,4896.0
17303,2025-02-13,5391,2008,2,20,8400,0.0,8400.0
17304,2025-05-27,5173,2009,1,15,7800,0.0,7800.0
17305,2025-01-07,5255,2005,4,17,3570,357.0,3213.0
17306,2025-02-27,5239,2005,2,11,4620,0.0,4620.0
17307,2025-03-26,5090,1012,1,20,10400,1040.0,9360.0
17308,2025-01-19,5246,1026,3,20,6400,320.0,6080.0
17309,2025-03-25,5259,2035,4,24,5040,0.0,5040.0
17310,2025-04-13,5234,2016,2,14,5880,294.0,5586.0
17311,2025-02-16,5466,2026,3,21,6720,0.0,6720.0
17312,2025-01-02,5478,2028,1,7,3640,0.0,3640.0
17313,2025-03-10,5110,1006,1,14,7280,0.0,7280.0
17314,2025-01-18,5397,1041,3,18,5760,288.0,5472.0
17315,2025-06-18,5439,2039,2,13,5460,0.0,5460.0
17316,2025-01-16,5154,1009,2,10,4200,0.0,4200.0
17317,2025-05-09,5063,1050,3,3,960,48.0,912.0
17318,2025-06-23,5012,1006,1,7,3640,182.0,3458.0
17319,2025-02-13,5295,2038,1,11,5720,0.0,5720.0
17320,2025-04-12,5165,1048,3,4,1280,0.0,1280.0
17321,2025-01-09,5498,2019,3,13,4160,208.0,3952.0
17322,2025-06-30,5296,1010,1,19,9880,0.0,9880.0
17323,2025-05-14,5425,2036,2,7,2940,0.0,2940.0
17324,2025-05-01,5108,1034,4,22,4620,462.0,4158.0
17325,2025-01-17,5201,1058,2,16,6720,336.0,6384.0
17326,2025-06-13,5012,2031,4,13,2730,273.0,2457.0
17327,2025-02-24,5222,1059,3,8,2560,0.0,2560.0
17328,2025-02-14,5159,1051,3,3,960,0.0,960.0
17329,2025-06-16,5435,1018,3,3,960,0.0,960.0
17330,2025-06-13,5145,2008,3,18,5760,576.0,5184.0
17331,2025-01-14,5104,1015,1,16,8320,0.0,8320.0
17332,2025-01-06,5253,2014,4,10,2100,0.0,2100.0
17333,2025-05-07,5182,2026,1,3,1560,0.0,1560.0
17334,2025-06-30,5402,1036,2,5,2100,210.0,1890.0
17335,2025-02-24,5383,1045,4,23,4830,0.0,4830.0
17336,2025-06-21,5333,1019,3,1,320,16.0,304.0
17337,2025-06-09,5204,1006,2,15,6300,315.0,5985.0
17338,2025-05-21,5273,1024,3,22,7040,352.0,6688.0
17339,2025-01-04,5071,1052,3,10,3200,0.0,3200.0
17340,2025-04-08,5380,2027,1,23,11960,0.0,11960.0
17341,2025-05-09,5043,2037,4,17,3570,357.0,3213.0
17342,2025-04-28,5362,2009,2,5,2100,0.0,2100.0
17343,2025-03-03,5290,1052,3,19,6080,304.0,5776.0
17344,2025-03-06,5323,1055,4,14,2940,294.0,2646.0
17345,2025-03-10,5286,2032,4,14,2940,0.0,2940.0
17346,2025-03-14,5430,2039,3,14,4480,448.0,4032.0
17347,2025-05-13,5050,1046,3,17,5440,544.0,4896.0
17348,2025-01-31,5347,1058,3,23,7360,736.0,6624.0
17349,2025-01-12,5068,1057,2,3,1260,0.0,1260.0
17350,2025-01-23,5050,1006,2,12,5040,0.0,5040.0
17351,2025-02-27,5417,1031,3,20,6400,0.0,6400.0
17352,2025-05-30,5115,1059,1,24,12480,0.0,12480.0
17353,2025-06-28,5253,1022,3,13,4160,416.0,3744.0
17354,2025-02-12,5160,2007,4,9,1890,0.0,1890.0
17355,2025-06-15,5168,2010,4,17,3570,357.0,3213.0
17356,2025-03-17,5486,2038,3,19,6080,0.0,6080.0
17357,2025-06-23,5164,2035,1,13,6760,676.0,6084.0
17358,2025-01-04,5285,1053,1,12,6240,312.0,5928.0
17359,2025-04-17,5367,1008,4,18,3780,189.0,3591.0
17360,2025-01-29,5402,1014,1,5,2600,260.0,2340.0
17361,2025-01-27,5012,1027,3,19,6080,0.0,6080.0
17362,2025-06-18,5482,1011,4,5,1050,52.5,997.5
17363,2025-02-26,5269,1015,4,4,840,0.0,840.0
17364,2025-06-10,5496,1047,1,5,2600,0.0,2600.0
17365,2025-04-18,5213,1049,3,9,2880,144.0,2736.0
17366,2025-04-20,5078,1031,4,19,3990,199.5,3790.5
17367,2025-03-12,5145,2037,3,13,4160,0.0,4160.0
17368,2025-04-15,5288,1004,2,3,1260,63.0,1197.0
17369,2025-01-25,5258,1028,1,13,6760,0.0,6760.0
17370,2025-04-10,5228,1038,3,15,4800,480.0,4320.0
17371,2025-02-28,5188,2004,4,14,2940,294.0,2646.0
17372,2025-01-19,5221,2026,1,23,11960,0.0,11960.0
17373,2025-05-30,5164,2025,3,23,7360,0.0,7360.0
17374,2025-02-14,5402,1012,1,24,12480,0.0,12480.0
17375,2025-04-18,5203,1010,4,24,5040,0.0,5040.0
17376,2025-03-19,5272,2040,1,20,10400,520.0,9880.0
17377,2025-04-15,5321,1051,1,15,7800,390.0,7410.0
17378,2025-01-11,5332,1004,3,12,3840,384.0,3456.0
17379,2025-05-24,5087,1021,4,11,2310,231.0,2079.0
17380,2025-04-07,5473,1056,3,3,960,0.0,960.0
17381,2025-01-22,5224,1031,4,13,2730,136.5,2593.5
17382,2025-06-22,5159,1024,4,20,4200,0.0,4200.0
17383,2025-03-17,5327,1020,3,21,6720,0.0,6720.0
17384,2025-03-19,5030,2002,2,22,9240,0.0,9240.0
17385,2025-04-19,5156,1002,4,2,420,42.0,378.0
17386,2025-06-07,5382,2012,2,23,9660,0.0,9660.0
17387,2025-04-13,5264,1010,2,23,9660,0.0,9660.0
17388,2025-02-01,5081,2003,2,25,10500,0.0,10500.0
17389,2025-04-23,5335,2019,1,2,1040,52.0,988.0
17390,2025-03-22,5452,2023,2,11,4620,0.0,4620.0
17391,2025-05-27,5161,1012,2,4,1680,0.0,1680.0
17392,2025-03-22,5497,1049,2,19,7980,0.0,7980.0
17393,2025-05-04,5298,2014,4,17,3570,178.5,3391.5
17394,2025-02-11,5269,1048,1,24,12480,0.0,12480.0
17395,2025-03-27,5175,1004,4,12,2520,252.0,2268.0
17396,2025-04-20,5364,1029,3,7,2240,0.0,2240.0
17397,2025-03-18,5283,2036,4,16,3360,168.0,3192.0
17398,2025-06-14,5158,1045,3,23,7360,0.0,7360.0
17399,2025-04-15,5162,1058,4,10,2100,0.0,2100.0
17400,2025-02-23,5359,2027,3,17,5440,272.0,5168.0
17401,2025-06-10,5463,1057,3,4,1280,128.0,1152.0
17402,2025-02-24,5072,1025,2,18,7560,756.0,6804.0
17403,2025-04-28,5405,1022,1,23,11960,598.0,11362.0
17404,2025-05-28,5079,1034,4,10,2100,0.0,2100.0
17405,2025-01-25,5299,2017,4,12,2520,0.0,2520.0
17406,2025-05-31,5436,1026,1,2,1040,0.0,1040.0
17407,2025-02-09,5243,1025,1,25,13000,0.0,13000.0
17408,2025-05-05,5315,1053,2,23,9660,0.0,9660.0
17409,2025-03-07,5423,1012,1,10,5200,0.0,5200.0
17410,2025-02-07,5210,1041,4,24,5040,252.0,4788.0
17411,2025-02-27,5416,1053,1,23,11960,0.0,11960.0
17412,2025-05-19,5150,1055,1,17,8840,0.0,8840.0
17413,2025-02-06,5351,1057,1,10,5200,0.0,5200.0
17414,2025-01-15,5052,1022,3,21,6720,672.0,6048.0
17415,2025-05-29,5190,2014,4,10,2100,210.0,1890.0
17416,2025-02-10,5484,2002,3,10,3200,160.0,3040.0
17417,2025-01-25,5427,1020,2,19,7980,0.0,7980.0
17418,2025-03-24,5217,2035,4,13,2730,273.0,2457.0
17419,2025-05-20,5030,2026,2,3,1260,0.0,1260.0
17420,2025-01-28,5239,2017,4,3,630,0.0,630.0
17421,2025-05-29,5128,2009,3,7,2240,0.0,2240.0
17422,2025-04-21,5053,1007,3,4,1280,128.0,1152.0
17423,2025-02-27,5094,1018,4,3,630,0.0,630.0
17424,2025-04-06,5050,1024,1,19,9880,0.0,9880.0
17425,2025-06-23,5375,2005,1,1,520,0.0,520.0
17426,2025-06-17,5194,1025,1,25,13000,1300.0,11700.0
17427,2025-04-15,5028,1011,4,23,4830,483.0,4347.0
17428,2025-06-30,5425,2025,2,16,6720,0.0,6720.0
17429,2025-02-22,5357,2005,2,11,4620,0.0,4620.0
17430,2025-05-16,5172,2011,1,11,5720,572.0,5148.0
17431,2025-04-27,5070,1017,4,18,3780,0.0,3780.0
17432,2025-01-25,5046,2030,4,4,840,0.0,840.0
17433,2025-02-17,5225,2007,4,11,2310,115.5,2194.5
17434,2025-04-10,5254,1002,4,17,3570,0.0,3570.0
17435,2025-01-30,5424,1052,2,19,7980,798.0,7182.0
17436,2025-04-10,5048,2033,4,9,1890,189.0,1701.0
17437,2025-01-05,5077,2017,4,3,630,63.0,567.0
17438,2025-04-28,5261,2021,2,20,8400,840.0,7560.0
17439,2025-06-21,5464,2039,3,22,7040,704.0,6336.0
17440,2025-03-27,5326,2007,1,5,2600,0.0,2600.0
17441,2025-05-30,5193,2032,1,8,4160,208.0,3952.0
17442,2025-04-12,5449,2034,1,3,1560,156.0,1404.0
17443,2025-05-16,5480,2013,3,17,5440,272.0,5168.0
17444,2025-01-20,5477,1044,4,25,5250,262.5,4987.5
17445,2025-01-02,5322,2001,1,3,1560,0.0,1560.0
17446,2025-06-12,5423,1056,2,10,4200,0.0,4200.0
17447,2025-03-31,5414,2033,4,19,3990,0.0,3990.0
17448,2025-04-17,5094,2024,2,20,8400,840.0,7560.0
17449,2025-06-15,5244,2033,2,12,5040,0.0,5040.0
17450,2025-06-06,5262,1042,3,25,8000,0.0,8000.0
17451,2025-01-08,5449,1028,3,8,2560,256.0,2304.0
17452,2025-01-10,5376,1018,3,15,4800,0.0,4800.0
17453,2025-06-04,5022,1003,3,11,3520,0.0,3520.0
17454,2025-01-23,5383,1040,4,21,4410,0.0,4410.0
17455,2025-06-27,5402,2005,3,19,6080,0.0,6080.0
17456,2025-04-10,5135,1047,3,8,2560,256.0,2304.0
17457,2025-02-19,5009,1058,2,8,3360,336.0,3024.0
17458,2025-04-27,5178,1017,2,23,9660,0.0,9660.0
17459,2025-01-30,5279,2007,2,15,6300,0.0,6300.0
17460,2025-01-28,5142,1002,3,5,1600,160.0,1440.0
17461,2025-06-09,5285,1044,4,22,4620,0.0,4620.0
17462,2025-04-23,5023,2026,1,24,12480,0.0,12480.0
17463,2025-06-12,5110,2013,1,10,5200,520.0,4680.0
17464,2025-05-04,5423,2037,1,17,8840,0.0,8840.0
17465,2025-02-27,5351,2019,3,18,5760,0.0,5760.0
17466,2025-01-04,5169,1023,2,24,10080,0.0,10080.0
17467,2025-05-27,5295,2033,3,20,6400,640.0,5760.0
17468,2025-04-02,5457,1024,4,10,2100,0.0,2100.0
17469,2025-06-28,5189,1045,1,2,1040,0.0,1040.0
17470,2025-02-19,5341,1044,1,10,5200,0.0,5200.0
17471,2025-04-11,5151,1039,3,25,8000,800.0,7200.0
17472,2025-05-05,5302,1051,3,24,7680,384.0,7296.0
17473,2025-06-11,5071,2023,3,15,4800,480.0,4320.0
17474,2025-03-01,5220,1026,2,24,10080,0.0,10080.0
17475,2025-06-29,5079,1034,2,25,10500,0.0,10500.0
17476,2025-01-19,5387,1008,4,9,1890,0.0,1890.0
17477,2025-04-27,5076,2019,3,3,960,48.0,912.0
17478,2025-06-08,5347,1006,3,17,5440,272.0,5168.0
17479,2025-01-29,5121,2015,3,11,3520,0.0,3520.0
17480,2025-05-20,5133,2021,2,4,1680,168.0,1512.0
17481,2025-04-21,5149,1002,3,8,2560,0.0,2560.0
17482,2025-03-31,5281,1053,3,13,4160,416.0,3744.0
17483,2025-01-03,5264,1028,3,6,1920,0.0,1920.0
17484,2025-06-24,5227,1057,2,10,4200,420.0,3780.0
17485,2025-01-31,5149,2017,1,11,5720,572.0,5148.0
17486,2025-03-13,5461,2015,2,20,8400,0.0,8400.0
17487,2025-02-03,5255,1034,4,9,1890,0.0,1890.0
17488,2025-06-30,5255,1012,2,4,1680,168.0,1512.0
17489,2025-05-29,5147,1056,2,4,1680,0.0,1680.0
17490,2025-02-28,5035,1027,1,16,8320,0.0,8320.0
17491,2025-02-06,5282,1038,1,14,7280,0.0,7280.0
17492,2025-03-24,5105,2039,4,17,3570,0.0,3570.0
17493,2025-05-07,5038,1013,1,21,10920,1092.0,9828.0
17494,2025-05-21,5430,1023,2,19,7980,0.0,7980.0
17495,2025-01-15,5079,1022,1,20,10400,0.0,10400.0
17496,2025-02-09,5352,1036,3,25,8000,400.0,7600.0
17497,2025-05-02,5413,2012,3,15,4800,240.0,4560.0
17498,2025-05-19,5456,1042,2,7,2940,0.0,2940.0
17499,2025-02-12,5435,2040,3,6,1920,0.0,1920.0
17500,2025-03-03,5225,2001,3,15,4800,480.0,4320.0
17501,2025-03-20,5354,1004,4,2,420,0.0,420.0
17502,2025-01-16,5354,2034,3,1,320,0.0,320.0
17503,2025-06-18,5183,2004,2,3,1260,63.0,1197.0
17504,2025-06-13,5120,2029,3,21,6720,0.0,6720.0
17505,2025-06-18,5148,1043,3,21,6720,672.0,6048.0
17506,2025-01-06,5281,1025,4,5,1050,52.5,997.5
17507,2025-03-11,5211,1043,2,11,4620,0.0,4620.0
17508,2025-06-24,5209,1001,3,9,2880,0.0,2880.0
17509,2025-04-20,5002,1026,3,12,3840,0.0,3840.0
17510,2025-02-15,5034,1029,4,11,2310,0.0,2310.0
17511,2025-01-25,5270,1014,3,11,3520,0.0,3520.0
17512,2025-01-03,5238,2023,1,23,11960,1196.0,10764.0
17513,2025-04-22,5051,2034,4,9,1890,0.0,1890.0
17514,2025-02-13,5203,2038,3,21,6720,672.0,6048.0
17515,2025-04-30,5037,1032,1,13,6760,0.0,6760.0
17516,2025-05-11,5044,2012,2,24,10080,0.0,10080.0
17517,2025-01-05,5028,2031,3,10,3200,0.0,3200.0
17518,2025-06-10,5206,2007,4,18,3780,378.0,3402.0
17519,2025-01-04,5200,2002,4,2,420,42.0,378.0
17520,2025-06-15,5090,1054,2,2,840,0.0,840.0
17521,2025-02-27,5320,1013,2,14,5880,0.0,5880.0
17522,2025-06-22,5465,1020,2,3,1260,126.0,1134.0
17523,2025-04-22,5153,1001,3,8,2560,0.0,2560.0
17524,2025-06-13,5408,1024,4,5,1050,105.0,945.0
17525,2025-01-20,5181,2016,1,15,7800,0.0,7800.0
17526,2025-05-08,5290,1037,2,17,7140,357.0,6783.0
17527,2025-03-08,5245,1041,1,18,9360,0.0,9360.0
17528,2025-01-08,5428,1031,1,1,520,0.0,520.0
17529,2025-01-24,5120,1021,3,2,640,0.0,640.0
17530,2025-05-28,5249,2040,2,18,7560,0.0,7560.0
17531,2025-05-03,5200,1046,4,8,1680,0.0,1680.0
17532,2025-04-15,5401,1032,3,8,2560,256.0,2304.0
17533,2025-03-22,5492,1039,4,24,5040,0.0,5040.0
17534,2025-04-01,5352,1016,4,24,5040,0.0,5040.0
17535,2025-03-26,5380,2024,3,18,5760,576.0,5184.0
17536,2025-06-05,5457,2037,3,25,8000,0.0,8000.0
17537,2025-03-22,5001,2020,4,15,3150,0.0,3150.0
17538,2025-02-14,5324,1043,1,5,2600,260.0,2340.0
17539,2025-05-01,5011,1004,4,14,2940,147.0,2793.0
17540,2025-02-11,5172,1026,4,21,4410,220.5,4189.5
17541,2025-04-05,5488,2005,1,13,6760,676.0,6084.0
17542,2025-01-05,5188,1009,4,5,1050,0.0,1050.0
17543,2025-01-13,5412,1055,2,10,4200,0.0,4200.0
17544,2025-01-02,5084,2036,2,20,8400,420.0,7980.0
17545,2025-02-01,5426,2036,3,18,5760,0.0,5760.0
17546,2025-03-17,5131,1018,1,4,2080,0.0,2080.0
17547,2025-01-06,5388,1016,3,21,6720,0.0,6720.0
17548,2025-05-11,5289,2027,3,4,1280,0.0,1280.0
17549,2025-05-02,5365,1007,2,10,4200,210.0,3990.0
17550,2025-05-30,5226,1004,1,11,5720,0.0,5720.0
17551,2025-02-07,5366,2040,2,5,2100,210.0,1890.0
17552,2025-02-01,5067,1021,1,21,10920,0.0,10920.0
17553,2025-02-28,5166,1047,4,9,1890,0.0,1890.0
17554,2025-06-01,5449,1023,1,18,9360,0.0,9360.0
17555,2025-03-06,5421,2021,1,3,1560,0.0,1560.0
17556,2025-06-08,5129,2025,3,12,3840,384.0,3456.0
17557,2025-04-05,5289,2023,3,6,1920,0.0,1920.0
17558,2025-05-14,5338,1058,4,15,3150,0.0,3150.0
17559,2025-01-08,5478,1054,1,7,3640,0.0,3640.0
17560,2025-05-24,5252,2040,1,7,3640,0.0,3640.0
17561,2025-04-24,5481,2028,1,10,5200,0.0,5200.0
17562,2025-01-21,5223,2025,3,23,7360,0.0,7360.0
17563,2025-06-27,5048,1006,3,5,1600,0.0,1600.0
17564,2025-03-15,5306,2009,1,24,12480,0.0,12480.0
17565,2025-02-19,5337,2013,4,13,2730,0.0,2730.0
17566,2025-03-05,5322,1005,1,18,9360,468.0,8892.0
17567,2025-02-03,5327,1038,2,14,5880,588.0,5292.0
17568,2025-06-13,5225,1005,4,4,840,0.0,840.0
17569,2025-02-12,5265,2009,4,24,5040,0.0,5040.0
17570,2025-06-24,5459,1014,3,13,4160,0.0,4160.0
17571,2025-03-06,5125,1013,3,11,3520,0.0,3520.0
17572,2025-01-08,5424,1007,4,6,1260,63.0,1197.0
17573,2025-02-12,5487,1008,2,2,840,0.0,840.0
17574,2025-03-11,5101,1010,3,2,640,0.0,640.0
17575,2025-05-07,5330,2019,4,12,2520,126.0,2394.0
17576,2025-01-13,5302,1009,3,25,8000,0.0,8000.0
17577,2025-03-29,5342,1013,4,9,1890,94.5,1795.5
17578,2025-02-20,5079,2034,4,24,5040,252.0,4788.0
17579,2025-05-14,5029,1022,2,4,1680,168.0,1512.0
17580,2025-05-18,5029,1046,1,9,4680,0.0,4680.0
17581,2025-06-30,5243,2030,4,17,3570,0.0,3570.0
17582,2025-05-01,5262,1021,3,10,3200,0.0,3200.0
17583,2025-06-06,5137,2021,4,23,4830,0.0,4830.0
17584,2025-01-23,5373,1059,4,19,3990,0.0,3990.0
17585,2025-01-18,5453,1055,1,16,8320,0.0,8320.0
17586,2025-01-28,5001,2017,1,25,13000,0.0,13000.0
17587,2025-01-13,5301,1004,1,17,8840,0.0,8840.0
17588,2025-06-20,5466,1048,1,9,4680,0.0,4680.0
17589,2025-06-15,5264,2027,1,4,2080,0.0,2080.0
17590,2025-06-17,5103,1056,1,3,1560,0.0,1560.0
17591,2025-03-27,5019,1035,4,8,1680,168.0,1512.0
17592,2025-04-10,5361,1006,4,25,5250,525.0,4725.0
17593,2025-06-05,5435,1058,3,12,3840,0.0,3840.0
17594,2025-05-13,5101,1006,4,21,4410,220.5,4189.5
17595,2025-06-10,5452,2022,2,9,3780,0.0,3780.0
17596,2025-01-08,5423,2021,2,11,4620,462.0,4158.0
17597,2025-05-14,5382,2019,1,14,7280,364.0,6916.0
17598,2025-02-05,5053,1030,3,21,6720,336.0,6384.0
17599,2025-06-06,5390,1011,4,15,3150,157.5,2992.5
17600,2025-03-11,5388,1042,2,22,9240,0.0,9240.0
17601,2025-03-21,5499,1044,3,20,6400,0.0,6400.0
17602,2025-03-27,5160,2016,2,13,5460,0.0,5460.0
17603,2025-02-02,5307,1012,2,3,1260,126.0,1134.0
17604,2025-03-08,5251,1040,4,14,2940,0.0,2940.0
17605,2025-03-28,5052,1025,1,15,7800,0.0,7800.0
17606,2025-02-08,5181,2019,3,21,6720,0.0,6720.0
17607,2025-02-06,5455,2038,3,23,7360,0.0,7360.0
17608,2025-03-23,5179,1058,3,10,3200,0.0,3200.0
17609,2025-05-01,5408,2002,3,2,640,64.0,576.0
17610,2025-06-11,5316,1051,1,9,4680,0.0,4680.0
17611,2025-05-27,5193,2038,1,14,7280,0.0,7280.0
17612,2025-04-10,5412,1019,2,11,4620,0.0,4620.0
17613,2025-03-15,5286,1048,4,12,2520,0.0,2520.0
17614,2025-01-11,5467,1043,1,2,1040,0.0,1040.0
17615,2025-05-06,5287,1027,2,10,4200,420.0,3780.0
17616,2025-01-04,5050,1021,1,16,8320,832.0,7488.0
17617,2025-02-24,5493,1037,3,1,320,0.0,320.0
17618,2025-06-13,5488,1057,3,12,3840,0.0,3840.0
17619,2025-05-01,5035,1036,3,14,4480,448.0,4032.0
17620,2025-01-22,5375,2039,1,16,8320,832.0,7488.0
17621,2025-03-01,5131,1058,2,4,1680,84.0,1596.0
17622,2025-03-24,5434,1003,1,11,5720,0.0,5720.0
17623,2025-03-06,5238,2003,1,19,9880,494.0,9386.0
17624,2025-06-26,5500,1016,2,16,6720,0.0,6720.0
17625,2025-06-22,5324,1035,2,22,9240,0.0,9240.0
17626,2025-06-23,5081,1045,3,20,6400,640.0,5760.0
17627,2025-05-30,5499,1034,2,9,3780,0.0,3780.0
17628,2025-06-21,5332,1038,3,25,8000,0.0,8000.0
17629,2025-01-01,5426,2012,3,4,1280,128.0,1152.0
17630,2025-06-07,5246,1058,1,20,10400,0.0,10400.0
17631,2025-04-11,5057,1039,3,18,5760,576.0,5184.0
17632,2025-06-05,5185,1039,2,9,3780,0.0,3780.0
17633,2025-01-19,5467,1045,1,15,7800,780.0,7020.0
17634,2025-03-25,5399,1012,1,20,10400,520.0,9880.0
17635,2025-02-01,5126,1047,2,19,7980,0.0,7980.0
17636,2025-06-18,5327,1032,4,14,2940,294.0,2646.0
17637,2025-01-05,5361,1008,2,19,7980,798.0,7182.0
17638,2025-01-08,5222,2013,2,11,4620,462.0,4158.0
17639,2025-04-24,5145,1005,2,4,1680,0.0,1680.0
17640,2025-01-21,5389,2024,2,7,2940,294.0,2646.0
17641,2025-04-07,5071,1042,2,23,9660,966.0,8694.0
17642,2025-03-23,5433,1012,4,15,3150,0.0,3150.0
17643,2025-05-12,5041,1026,2,15,6300,0.0,6300.0
17644,2025-06-13,5236,1030,4,13,2730,136.5,2593.5
17645,2025-03-11,5302,1023,1,10,5200,0.0,5200.0
17646,2025-02-11,5275,1040,1,24,12480,1248.0,11232.0
17647,2025-06-12,5269,2024,2,19,7980,0.0,7980.0
17648,2025-05-01,5174,2008,2,7,2940,0.0,2940.0
17649,2025-02-16,5233,1012,2,4,1680,0.0,1680.0
17650,2025-06-08,5397,2025,1,9,4680,0.0,4680.0
17651,2025-05-13,5314,1021,2,23,9660,966.0,8694.0
17652,2025-03-05,5071,2040,2,14,5880,0.0,5880.0
17653,2025-02-21,5182,1048,3,18,5760,288.0,5472.0
17654,2025-04-15,5054,1046,2,8,3360,0.0,3360.0
17655,2025-01-12,5017,1020,3,18,5760,0.0,5760.0
17656,2025-04-14,5311,1004,3,1,320,0.0,320.0
17657,2025-04-25,5323,1046,1,9,4680,234.0,4446.0
17658,2025-06-12,5117,1023,2,7,2940,0.0,2940.0
17659,2025-05-14,5382,1042,3,17,5440,0.0,5440.0
17660,2025-03-06,5478,1008,3,6,1920,0.0,1920.0
17661,2025-06-22,5207,2009,3,7,2240,0.0,2240.0
17662,2025-02-04,5359,1050,4,14,2940,0.0,2940.0
17663,2025-04-18,5193,2027,4,4,840,0.0,840.0
17664,2025-03-31,5487,2036,2,19,7980,798.0,7182.0
17665,2025-01-22,5086,1022,2,9,3780,378.0,3402.0
17666,2025-02-11,5301,2012,2,7,2940,294.0,2646.0
17667,2025-06-13,5157,2024,1,11,5720,572.0,5148.0
17668,2025-04-03,5236,2026,1,3,1560,0.0,1560.0
17669,2025-01-11,5048,2023,2,6,2520,0.0,2520.0
17670,2025-02-22,5389,1054,3,8,2560,0.0,2560.0
17671,2025-06-12,5066,2035,1,24,12480,624.0,11856.0
17672,2025-01-16,5146,1038,4,2,420,0.0,420.0
17673,2025-05-25,5355,1026,4,18,3780,0.0,3780.0
17674,2025-04-22,5327,1024,3,2,640,32.0,608.0
17675,2025-04-08,5479,1052,4,24,5040,504.0,4536.0
17676,2025-06-22,5188,1058,4,24,5040,504.0,4536.0
17677,2025-05-07,5403,1052,1,5,2600,130.0,2470.0
17678,2025-04-07,5200,2039,3,6,1920,0.0,1920.0
17679,2025-04-30,5205,1038,3,2,640,0.0,640.0
17680,2025-05-14,5341,1030,4,16,3360,0.0,3360.0
17681,2025-02-14,5170,2030,2,5,2100,105.0,1995.0
17682,2025-06-23,5460,1022,3,18,5760,288.0,5472.0
17683,2025-05-09,5463,2019,2,19,7980,0.0,7980.0
17684,2025-04-20,5170,2037,2,8,3360,0.0,3360.0
17685,2025-05-17,5138,1043,4,22,4620,0.0,4620.0
17686,2025-03-27,5162,2016,4,17,3570,178.5,3391.5
17687,2025-05-14,5299,1020,4,1,210,0.0,210.0
17688,2025-02-03,5118,1045,3,13,4160,416.0,3744.0
17689,2025-03-30,5230,2039,4,17,3570,0.0,3570.0
17690,2025-04-20,5292,1049,1,22,11440,0.0,11440.0
17691,2025-06-02,5215,1010,2,23,9660,0.0,9660.0
17692,2025-03-08,5144,1029,1,14,7280,0.0,7280.0
17693,2025-04-28,5157,1009,4,13,2730,0.0,2730.0
17694,2025-06-06,5254,2016,1,10,5200,520.0,4680.0
17695,2025-05-05,5298,2003,4,7,1470,0.0,1470.0
17696,2025-02-05,5368,2015,1,22,11440,0.0,11440.0
17697,2025-01-27,5278,1014,3,22,7040,704.0,6336.0
17698,2025-06-28,5009,2018,3,24,7680,0.0,7680.0
17699,2025-04-02,5332,1029,4,17,3570,0.0,3570.0
17700,2025-03-09,5155,2011,4,2,420,0.0,420.0
17701,2025-06-22,5068,2001,1,1,520,0.0,520.0
17702,2025-06-15,5326,1047,3,5,1600,0.0,1600.0
17703,2025-01-25,5260,1001,4,12,2520,0.0,2520.0
17704,2025-04-28,5057,1034,4,13,2730,273.0,2457.0
17705,2025-05-01,5122,2029,1,25,13000,0.0,13000.0
17706,2025-01-29,5302,1023,4,24,5040,0.0,5040.0
17707,2025-05-24,5188,1057,3,3,960,0.0,960.0
17708,2025-03-06,5054,1001,4,23,4830,483.0,4347.0
17709,2025-01-16,5264,1022,2,19,7980,0.0,7980.0
17710,2025-02-06,5030,1033,4,4,840,0.0,840.0
17711,2025-05-29,5405,1034,2,19,7980,0.0,7980.0
17712,2025-03-04,5337,2033,4,5,1050,0.0,1050.0
17713,2025-02-11,5170,2034,2,19,7980,0.0,7980.0
17714,2025-05-28,5276,1002,1,11,5720,286.0,5434.0
17715,2025-01-21,5398,2031,4,6,1260,0.0,1260.0
17716,2025-05-10,5363,1022,1,20,10400,0.0,10400.0
17717,2025-04-29,5055,1023,3,3,960,0.0,960.0
17718,2025-03-25,5165,2033,3,25,8000,400.0,7600.0
17719,2025-02-03,5470,2028,3,9,2880,0.0,2880.0
17720,2025-06-09,5226,1056,3,15,4800,0.0,4800.0
17721,2025-04-23,5049,1016,3,7,2240,112.0,2128.0
17722,2025-01-02,5409,1001,1,4,2080,0.0,2080.0
17723,2025-04-09,5183,2020,1,22,11440,572.0,10868.0
17724,2025-05-13,5044,1026,4,13,2730,0.0,2730.0
17725,2025-01-27,5495,2025,3,25,8000,0.0,8000.0
17726,2025-01-16,5182,1055,1,23,11960,598.0,11362.0
17727,2025-03-21,5051,2011,1,9,4680,0.0,4680.0
17728,2025-01-13,5432,2032,4,24,5040,252.0,4788.0
17729,2025-05-28,5164,1029,2,5,2100,0.0,2100.0
17730,2025-05-21,5210,2029,4,20,4200,210.0,3990.0
17731,2025-01-15,5221,1019,3,9,2880,0.0,2880.0
17732,2025-04-11,5419,1059,4,6,1260,126.0,1134.0
17733,2025-03-15,5462,1040,4,17,3570,0.0,3570.0
17734,2025-04-28,5433,1005,1,3,1560,78.0,1482.0
17735,2025-03-19,5007,2036,4,20,4200,0.0,4200.0
17736,2025-06-08,5121,1050,3,23,7360,0.0,7360.0
17737,2025-01-03,5269,1046,4,16,3360,0.0,3360.0
17738,2025-03-04,5458,1031,3,5,1600,0.0,1600.0
17739,2025-01-11,5317,1043,2,24,10080,0.0,10080.0
17740,2025-05-27,5365,1006,1,21,10920,0.0,10920.0
17741,2025-06-28,5005,1029,2,4,1680,168.0,1512.0
17742,2025-01-08,5165,1017,4,14,2940,0.0,2940.0
17743,2025-06-03,5132,2020,2,19,7980,798.0,7182.0
17744,2025-04-03,5291,2025,4,4,840,42.0,798.0
17745,2025-02-23,5264,2017,1,9,4680,234.0,4446.0
17746,2025-02-02,5171,1039,3,15,4800,0.0,4800.0
17747,2025-03-18,5399,1060,2,22,9240,0.0,9240.0
17748,2025-05-28,5124,2029,3,13,4160,0.0,4160.0
17749,2025-01-21,5044,2004,3,23,7360,368.0,6992.0
17750,2025-04-09,5118,1044,4,7,1470,147.0,1323.0
17751,2025-06-05,5007,1030,2,4,1680,0.0,1680.0
17752,2025-04-25,5038,1024,1,1,520,52.0,468.0
17753,2025-06-20,5305,1030,1,10,5200,0.0,5200.0
17754,2025-06-23,5105,1033,2,17,7140,0.0,7140.0
17755,2025-06-08,5395,2016,3,23,7360,736.0,6624.0
17756,2025-01-13,5177,1045,2,17,7140,0.0,7140.0
17757,2025-04-10,5386,1006,4,3,630,63.0,567.0
17758,2025-02-14,5478,2032,3,13,4160,0.0,4160.0
17759,2025-06-05,5221,1032,3,13,4160,208.0,3952.0
17760,2025-02-09,5363,1050,2,15,6300,630.0,5670.0
17761,2025-02-12,5085,1022,3,18,5760,0.0,5760.0
17762,2025-03-03,5185,2009,3,3,960,0.0,960.0
17763,2025-02-28,5028,2024,2,13,5460,546.0,4914.0
17764,2025-03-09,5038,2028,2,3,1260,63.0,1197.0
17765,2025-06-03,5310,1020,1,6,3120,0.0,3120.0
17766,2025-01-15,5104,1042,2,20,8400,840.0,7560.0
17767,2025-03-29,5221,1009,3,6,1920,0.0,1920.0
17768,2025-03-22,5034,2003,1,15,7800,390.0,7410.0
17769,2025-06-25,5434,2040,4,22,4620,0.0,4620.0
17770,2025-02-03,5200,2022,3,6,1920,0.0,1920.0
17771,2025-01-16,5075,1059,1,18,9360,0.0,9360.0
17772,2025-04-16,5277,1016,3,15,4800,0.0,4800.0
17773,2025-03-28,5115,1011,1,5,2600,0.0,2600.0
17774,2025-05-28,5293,2040,4,19,3990,399.0,3591.0
17775,2025-05-10,5278,1024,3,16,5120,0.0,5120.0
17776,2025-03-17,5184,2012,3,18,5760,0.0,5760.0
17777,2025-01-02,5373,1007,3,5,1600,0.0,1600.0
17778,2025-06-16,5450,2019,4,12,2520,0.0,2520.0
17779,2025-05-03,5188,1050,4,8,1680,0.0,1680.0
17780,2025-05-10,5175,1021,3,23,7360,368.0,6992.0
17781,2025-01-22,5420,2004,3,3,960,96.0,864.0
17782,2025-03-17,5035,1039,3,2,640,0.0,640.0
17783,2025-03-09,5174,1060,3,11,3520,176.0,3344.0
17784,2025-04-17,5093,2033,3,13,4160,0.0,4160.0
17785,2025-03-10,5150,1008,4,24,5040,252.0,4788.0
17786,2025-04-16,5166,1018,2,11,4620,0.0,4620.0
17787,2025-03-05,5344,2011,3,16,5120,0.0,5120.0
17788,2025-03-02,5337,2032,4,17,3570,357.0,3213.0
17789,2025-05-18,5277,1054,4,19,3990,199.5,3790.5
17790,2025-03-18,5337,2038,2,19,7980,798.0,7182.0
17791,2025-02-28,5295,1019,2,25,10500,0.0,10500.0
17792,2025-03-13,5308,1022,4,14,2940,0.0,2940.0
17793,2025-06-25,5352,2018,4,3,630,0.0,630.0
17794,2025-01-03,5017,1018,2,16,6720,672.0,6048.0
17795,2025-05-10,5195,1011,4,2,420,0.0,420.0
17796,2025-03-12,5036,2001,1,13,6760,676.0,6084.0
17797,2025-04-07,5009,1010,4,23,4830,241.5,4588.5
17798,2025-01-08,5376,1017,2,8,3360,336.0,3024.0
17799,2025-03-31,5262,1021,4,18,3780,0.0,3780.0
17800,2025-01-31,5352,1010,4,21,4410,441.0,3969.0
17801,2025-04-16,5403,1030,2,22,9240,462.0,8778.0
17802,2025-01-30,5399,2004,2,15,6300,315.0,5985.0
17803,2025-01-19,5197,2005,3,17,5440,272.0,5168.0
17804,2025-02-26,5125,2037,2,18,7560,0.0,7560.0
17805,2025-06-09,5182,2012,4,19,3990,399.0,3591.0
17806,2025-05-18,5003,2003,3,1,320,0.0,320.0
17807,2025-05-24,5490,1021,1,12,6240,0.0,6240.0
17808,2025-02-21,5487,2017,4,21,4410,220.5,4189.5
17809,2025-04-09,5247,2020,3,20,6400,0.0,6400.0
17810,2025-05-18,5464,1030,4,25,5250,0.0,5250.0
17811,2025-04-09,5244,1024,1,12,6240,312.0,5928.0
17812,2025-05-31,5473,1037,4,4,840,42.0,798.0
17813,2025-04-13,5390,1045,1,22,11440,0.0,11440.0
17814,2025-02-17,5033,2025,2,12,5040,0.0,5040.0
17815,2025-02-19,5092,1019,1,17,8840,442.0,8398.0
17816,2025-02-03,5127,2003,1,10,5200,260.0,4940.0
17817,2025-06-29,5382,2036,2,4,1680,0.0,1680.0
17818,2025-05-03,5488,2018,3,12,3840,384.0,3456.0
17819,2025-05-13,5059,1001,2,2,840,0.0,840.0
17820,2025-06-03,5497,2022,4,8,1680,0.0,1680.0
17821,2025-05-09,5173,2016,4,11,2310,115.5,2194.5
17822,2025-01-30,5258,2028,1,16,8320,0.0,8320.0
17823,2025-02-05,5047,1022,3,23,7360,736.0,6624.0
17824,2025-04-18,5276,1017,4,10,2100,0.0,2100.0
17825,2025-02-21,5120,1012,1,3,1560,0.0,1560.0
17826,2025-05-29,5114,1026,4,25,5250,525.0,4725.0
17827,2025-05-03,5224,2034,1,10,5200,0.0,5200.0
17828,2025-05-22,5192,2019,4,22,4620,462.0,4158.0
17829,2025-02-26,5182,2022,3,9,2880,0.0,2880.0
17830,2025-06-11,5021,2005,4,12,2520,0.0,2520.0
17831,2025-06-29,5259,2026,3,16,5120,0.0,5120.0
17832,2025-04-25,5401,2012,4,19,3990,0.0,3990.0
17833,2025-02-07,5387,2035,3,14,4480,448.0,4032.0
17834,2025-03-24,5428,1011,2,1,420,0.0,420.0
17835,2025-01-19,5010,1057,4,10,2100,0.0,2100.0
17836,2025-04-03,5252,2037,2,1,420,0.0,420.0
17837,2025-01-21,5278,1013,2,11,4620,0.0,4620.0
17838,2025-06-22,5107,1034,4,6,1260,0.0,1260.0
17839,2025-03-21,5264,2008,3,22,7040,352.0,6688.0
17840,2025-03-29,5221,1039,1,11,5720,286.0,5434.0
17841,2025-06-30,5098,2026,2,12,5040,504.0,4536.0
17842,2025-05-09,5478,1059,3,21,6720,336.0,6384.0
17843,2025-01-07,5174,1028,1,21,10920,0.0,10920.0
17844,2025-02-09,5218,1052,2,14,5880,0.0,5880.0
17845,2025-01-24,5019,1023,1,19,9880,988.0,8892.0
17846,2025-04-10,5391,2011,2,16,6720,0.0,6720.0
17847,2025-04-22,5217,2010,3,20,6400,0.0,6400.0
17848,2025-04-29,5155,2017,3,16,5120,0.0,5120.0
17849,2025-05-17,5357,2002,4,25,5250,0.0,5250.0
17850,2025-04-10,5051,2014,2,13,5460,546.0,4914.0
17851,2025-03-26,5459,2033,3,15,4800,240.0,4560.0
17852,2025-02-21,5499,1015,3,2,640,32.0,608.0
17853,2025-03-28,5003,2021,1,2,1040,0.0,1040.0
17854,2025-05-03,5216,2031,3,8,2560,256.0,2304.0
17855,2025-01-02,5094,1038,4,15,3150,0.0,3150.0
17856,2025-01-25,5251,1049,1,17,8840,0.0,8840.0
17857,2025-04-12,5335,1022,1,10,5200,520.0,4680.0
17858,2025-04-18,5281,2039,1,9,4680,0.0,4680.0
17859,2025-06-29,5221,1029,1,1,520,0.0,520.0
17860,2025-04-07,5046,1018,3,7,2240,224.0,2016.0
17861,2025-01-16,5275,2034,4,8,1680,168.0,1512.0
17862,2025-02-27,5224,2002,3,19,6080,0.0,6080.0
17863,2025-03-01,5221,1055,1,23,11960,1196.0,10764.0
17864,2025-06-12,5272,1036,2,22,9240,462.0,8778.0
17865,2025-03-28,5123,2032,4,8,1680,0.0,1680.0
17866,2025-04-19,5196,2020,3,16,5120,0.0,5120.0
17867,2025-04-06,5259,1021,3,15,4800,480.0,4320.0
17868,2025-02-28,5269,2028,4,21,4410,0.0,4410.0
17869,2025-03-20,5082,2038,4,5,1050,52.5,997.5
17870,2025-03-17,5384,1010,3,21,6720,0.0,6720.0
17871,2025-03-19,5138,1053,4,3,630,0.0,630.0
17872,2025-02-27,5060,2004,3,1,320,0.0,320.0
17873,2025-01-11,5155,2018,1,2,1040,0.0,1040.0
17874,2025-04-23,5472,2009,4,20,4200,0.0,4200.0
17875,2025-06-25,5166,2038,1,23,11960,1196.0,10764.0
17876,2025-02-14,5258,1045,3,10,3200,0.0,3200.0
17877,2025-01-04,5271,1003,3,10,3200,0.0,3200.0
17878,2025-05-30,5363,2011,4,5,1050,52.5,997.5
17879,2025-02-19,5284,2025,2,1,420,21.0,399.0
17880,2025-01-20,5184,1054,3,24,7680,0.0,7680.0
17881,2025-03-11,5014,1032,4,21,4410,0.0,4410.0
17882,2025-02-12,5105,1010,4,5,1050,0.0,1050.0
17883,2025-06-11,5073,1055,4,15,3150,315.0,2835.0
17884,2025-05-08,5484,1039,3,1,320,0.0,320.0
17885,2025-03-15,5095,1049,2,24,10080,504.0,9576.0
17886,2025-03-29,5448,1033,4,2,420,42.0,378.0
17887,2025-06-02,5143,1018,3,11,3520,0.0,3520.0
17888,2025-04-18,5002,1020,3,13,4160,0.0,4160.0
17889,2025-04-30,5322,1001,3,7,2240,0.0,2240.0
17890,2025-01-16,5182,1045,3,11,3520,0.0,3520.0
17891,2025-06-10,5370,2011,4,22,4620,462.0,4158.0
17892,2025-02-10,5308,1003,4,23,4830,0.0,4830.0
17893,2025-05-24,5442,1045,4,9,1890,94.5,1795.5
17894,2025-01-07,5459,2038,1,6,3120,0.0,3120.0
17895,2025-05-02,5372,1053,2,7,2940,0.0,2940.0
17896,2025-01-25,5428,2010,3,21,6720,0.0,6720.0
17897,2025-06-09,5153,1031,3,18,5760,288.0,5472.0
17898,2025-03-07,5414,1035,4,16,3360,336.0,3024.0
17899,2025-06-26,5471,2023,4,12,2520,0.0,2520.0
17900,2025-06-27,5374,1044,3,13,4160,416.0,3744.0
17901,2025-03-19,5471,1023,1,11,5720,0.0,5720.0
17902,2025-03-21,5371,1007,2,4,1680,84.0,1596.0
17903,2025-02-12,5229,1056,4,17,3570,357.0,3213.0
17904,2025-06-10,5081,1037,4,11,2310,0.0,2310.0
17905,2025-03-11,5139,1055,4,20,4200,0.0,4200.0
17906,2025-06-14,5300,1042,2,5,2100,210.0,1890.0
17907,2025-05-08,5160,1014,2,10,4200,0.0,4200.0
17908,2025-03-07,5042,2006,3,19,6080,0.0,6080.0
17909,2025-05-24,5083,1019,1,14,7280,728.0,6552.0
17910,2025-04-24,5172,1024,2,10,4200,420.0,3780.0
17911,2025-03-22,5164,2020,1,15,7800,0.0,7800.0
17912,2025-04-21,5119,2022,2,19,7980,798.0,7182.0
17913,2025-02-15,5264,2005,2,2,840,0.0,840.0
17914,2025-02-28,5328,1042,1,21,10920,1092.0,9828.0
17915,2025-06-14,5440,2009,1,7,3640,182.0,3458.0
17916,2025-01-18,5201,2037,3,10,3200,0.0,3200.0
17917,2025-02-05,5145,2008,2,12,5040,504.0,4536.0
17918,2025-01-14,5487,2012,3,1,320,0.0,320.0
17919,2025-01-25,5175,1036,1,7,3640,0.0,3640.0
17920,2025-02-12,5408,2038,2,15,6300,0.0,6300.0
17921,2025-04-15,5480,2034,2,2,840,42.0,798.0
17922,2025-05-14,5341,2013,1,11,5720,0.0,5720.0
17923,2025-04-18,5398,2015,3,1,320,16.0,304.0
17924,2025-01-07,5032,1028,4,20,4200,0.0,4200.0
17925,2025-06-24,5363,2005,3,1,320,0.0,320.0
17926,2025-02-02,5120,2002,3,6,1920,0.0,1920.0
17927,2025-02-25,5478,1007,3,9,2880,0.0,2880.0
17928,2025-04-06,5470,2032,3,13,4160,0.0,4160.0
17929,2025-01-17,5331,1055,4,18,3780,189.0,3591.0
17930,2025-03-16,5345,2008,3,18,5760,0.0,5760.0
17931,2025-04-12,5430,1017,3,18,5760,576.0,5184.0
17932,2025-06-02,5005,1037,3,16,5120,512.0,4608.0
17933,2025-05-22,5400,1044,4,15,3150,157.5,2992.5
17934,2025-03-23,5279,1059,1,23,11960,598.0,11362.0
17935,2025-05-19,5415,2017,4,5,1050,0.0,1050.0
17936,2025-03-21,5371,1037,3,25,8000,800.0,7200.0
17937,2025-04-12,5202,2005,1,22,11440,0.0,11440.0
17938,2025-06-11,5331,2026,4,18,3780,0.0,3780.0
17939,2025-05-15,5116,2034,4,17,3570,357.0,3213.0
17940,2025-06-20,5117,2039,3,4,1280,64.0,1216.0
17941,2025-05-08,5315,2023,1,20,10400,1040.0,9360.0
17942,2025-04-14,5385,2036,3,11,3520,352.0,3168.0
17943,2025-06-12,5148,2034,2,13,5460,0.0,5460.0
17944,2025-01-04,5027,2034,4,13,2730,0.0,2730.0
17945,2025-02-28,5138,1001,2,15,6300,0.0,6300.0
17946,2025-03-20,5426,2009,3,23,7360,0.0,7360.0
17947,2025-06-21,5337,1019,4,13,2730,136.5,2593.5
17948,2025-05-30,5416,2010,1,6,3120,156.0,2964.0
17949,2025-03-16,5387,1023,2,24,10080,1008.0,9072.0
17950,2025-04-24,5274,1032,4,20,4200,0.0,4200.0
17951,2025-02-11,5044,2027,2,7,2940,147.0,2793.0
17952,2025-04-14,5370,2037,3,22,7040,0.0,7040.0
17953,2025-02-11,5273,1018,2,2,840,0.0,840.0
17954,2025-04-10,5076,2020,3,5,1600,0.0,1600.0
17955,2025-04-07,5098,2011,3,22,7040,0.0,7040.0
17956,2025-05-05,5128,2030,3,12,3840,0.0,3840.0
17957,2025-01-02,5404,2027,4,23,4830,0.0,4830.0
17958,2025-06-08,5109,1035,4,13,2730,0.0,2730.0
17959,2025-01-18,5357,1027,2,7,2940,0.0,2940.0
17960,2025-02-26,5474,1015,2,23,9660,483.0,9177.0
17961,2025-04-01,5472,2011,2,11,4620,0.0,4620.0
17962,2025-06-15,5041,1054,1,20,10400,0.0,10400.0
17963,2025-01-26,5356,2019,2,4,1680,84.0,1596.0
17964,2025-05-20,5434,1050,3,12,3840,0.0,3840.0
17965,2025-05-15,5234,2011,2,4,1680,0.0,1680.0
17966,2025-01-04,5455,2014,3,16,5120,0.0,5120.0
17967,2025-05-06,5231,1011,2,20,8400,0.0,8400.0
17968,2025-05-08,5211,1026,3,11,3520,0.0,3520.0
17969,2025-06-20,5335,1028,2,16,6720,0.0,6720.0
17970,2025-01-08,5472,1059,3,4,1280,0.0,1280.0
17971,2025-03-30,5093,1030,3,20,6400,0.0,6400.0
17972,2025-05-22,5048,1053,4,1,210,0.0,210.0
17973,2025-04-26,5371,1033,3,9,2880,0.0,2880.0
17974,2025-01-21,5198,2010,3,5,1600,0.0,1600.0
17975,2025-01-30,5483,2005,1,8,4160,416.0,3744.0
17976,2025-02-28,5099,2014,2,18,7560,378.0,7182.0
17977,2025-02-20,5392,2040,3,13,4160,208.0,3952.0
17978,2025-06-10,5201,1011,1,20,10400,0.0,10400.0
17979,2025-01-19,5307,2030,3,16,5120,256.0,4864.0
17980,2025-02-25,5015,1007,1,19,9880,0.0,9880.0
17981,2025-06-26,5470,2009,2,11,4620,462.0,4158.0
17982,2025-06-26,5401,1004,2,19,7980,0.0,7980.0
17983,2025-02-02,5439,2019,4,24,5040,0.0,5040.0
17984,2025-01-27,5425,2025,1,25,13000,1300.0,11700.0
17985,2025-06-06,5220,1058,4,7,1470,147.0,1323.0
17986,2025-06-21,5115,1057,2,17,7140,714.0,6426.0
17987,2025-03-31,5181,1026,3,15,4800,240.0,4560.0
17988,2025-06-07,5416,1041,2,8,3360,168.0,3192.0
17989,2025-04-17,5050,1058,2,18,7560,378.0,7182.0
17990,2025-04-04,5438,2026,3,3,960,48.0,912.0
17991,2025-04-05,5240,1043,2,2,840,0.0,840.0
17992,2025-04-05,5250,2003,1,14,7280,0.0,7280.0
17993,2025-01-14,5425,1012,2,2,840,0.0,840.0
17994,2025-02-17,5409,1020,1,15,7800,0.0,7800.0
17995,2025-03-01,5362,2031,4,17,3570,357.0,3213.0
17996,2025-03-15,5281,1049,4,6,1260,126.0,1134.0
17997,2025-02-25,5193,2010,3,10,3200,320.0,2880.0
17998,2025-04-02,5365,2013,2,20,8400,0.0,8400.0
17999,2025-05-11,5462,2003,2,22,9240,0.0,9240.0
18000,2025-02-01,5495,2018,2,8,3360,168.0,3192.0
18001,2025-05-06,5220,2020,4,25,5250,0.0,5250.0
18002,2025-02-07,5149,1003,3,4,1280,64.0,1216.0
18003,2025-05-09,5453,1014,4,9,1890,0.0,1890.0
18004,2025-04-05,5187,1058,4,17,3570,0.0,3570.0
18005,2025-02-23,5257,1015,3,20,6400,640.0,5760.0
18006,2025-03-28,5303,2006,3,18,5760,576.0,5184.0
18007,2025-02-25,5162,2021,2,4,1680,0.0,1680.0
18008,2025-03-20,5151,1043,2,13,5460,546.0,4914.0
18009,2025-06-21,5057,1032,4,24,5040,0.0,5040.0
18010,2025-02-04,5018,1046,1,17,8840,0.0,8840.0
18011,2025-06-13,5200,1016,1,8,4160,0.0,4160.0
18012,2025-01-21,5319,1024,1,1,520,52.0,468.0
18013,2025-01-29,5081,2003,3,22,7040,352.0,6688.0
18014,2025-02-03,5183,1052,1,16,8320,416.0,7904.0
18015,2025-05-08,5011,2038,4,18,3780,189.0,3591.0
18016,2025-06-19,5157,2026,2,1,420,21.0,399.0
18017,2025-06-28,5418,2007,3,11,3520,176.0,3344.0
18018,2025-04-05,5145,1037,3,23,7360,0.0,7360.0
18019,2025-04-27,5299,2033,2,24,10080,0.0,10080.0
18020,2025-02-13,5165,2002,1,17,8840,0.0,8840.0
18021,2025-02-11,5013,1045,1,6,3120,312.0,2808.0
18022,2025-01-04,5413,1046,4,12,2520,0.0,2520.0
18023,2025-01-18,5066,2002,3,18,5760,288.0,5472.0
18024,2025-06-08,5321,1050,4,11,2310,115.5,2194.5
18025,2025-03-24,5172,1041,2,25,10500,0.0,10500.0
18026,2025-01-07,5248,1048,2,21,8820,0.0,8820.0
18027,2025-04-18,5332,2013,3,25,8000,800.0,7200.0
18028,2025-04-23,5008,1010,3,4,1280,0.0,1280.0
18029,2025-03-11,5136,1003,2,11,4620,0.0,4620.0
18030,2025-04-17,5115,1046,1,3,1560,0.0,1560.0
18031,2025-02-07,5055,2006,4,6,1260,0.0,1260.0
18032,2025-02-02,5137,2010,2,6,2520,252.0,2268.0
18033,2025-04-04,5156,1052,3,24,7680,384.0,7296.0
18034,2025-06-22,5125,1011,2,5,2100,0.0,2100.0
18035,2025-06-06,5101,2017,3,5,1600,0.0,1600.0
18036,2025-02-26,5065,1014,1,20,10400,0.0,10400.0
18037,2025-03-05,5002,1024,3,17,5440,0.0,5440.0
18038,2025-01-23,5401,1029,2,17,7140,0.0,7140.0
18039,2025-04-06,5237,2030,3,2,640,32.0,608.0
18040,2025-03-26,5395,1052,1,25,13000,650.0,12350.0
18041,2025-01-21,5433,2014,4,1,210,0.0,210.0
18042,2025-02-14,5472,2033,3,14,4480,0.0,4480.0
18043,2025-02-16,5360,1055,1,5,2600,260.0,2340.0
18044,2025-02-16,5379,2033,2,18,7560,0.0,7560.0
18045,2025-01-15,5446,2027,2,11,4620,462.0,4158.0
18046,2025-01-02,5132,2005,3,12,3840,384.0,3456.0
18047,2025-05-27,5250,1048,4,20,4200,0.0,4200.0
18048,2025-04-25,5016,2023,1,8,4160,0.0,4160.0
18049,2025-05-25,5361,1035,4,2,420,42.0,378.0
18050,2025-06-19,5362,1029,1,14,7280,728.0,6552.0
18051,2025-04-30,5024,2010,2,18,7560,0.0,7560.0
18052,2025-04-18,5440,2017,3,12,3840,192.0,3648.0
18053,2025-04-28,5137,2033,2,21,8820,0.0,8820.0
18054,2025-05-16,5068,2021,3,18,5760,0.0,5760.0
18055,2025-01-02,5335,1041,1,3,1560,0.0,1560.0
18056,2025-02-05,5001,2023,2,17,7140,714.0,6426.0
18057,2025-06-09,5275,2040,2,23,9660,0.0,9660.0
18058,2025-04-03,5215,1059,3,25,8000,0.0,8000.0
18059,2025-02-13,5215,1019,1,17,8840,884.0,7956.0
18060,2025-01-27,5457,2010,2,2,840,84.0,756.0
18061,2025-01-30,5208,2028,4,20,4200,0.0,4200.0
18062,2025-01-12,5340,2032,1,5,2600,0.0,2600.0
18063,2025-02-22,5189,1021,4,10,2100,0.0,2100.0
18064,2025-06-05,5281,2035,2,13,5460,0.0,5460.0
18065,2025-03-08,5261,2002,2,9,3780,378.0,3402.0
18066,2025-06-07,5024,1039,1,4,2080,0.0,2080.0
18067,2025-04-12,5028,1047,3,20,6400,640.0,5760.0
18068,2025-04-02,5492,1020,2,1,420,21.0,399.0
18069,2025-06-09,5196,2039,2,21,8820,0.0,8820.0
18070,2025-03-29,5349,1049,2,21,8820,882.0,7938.0
18071,2025-02-21,5478,2036,3,2,640,0.0,640.0
18072,2025-03-12,5466,2022,3,21,6720,336.0,6384.0
18073,2025-06-20,5224,1042,3,23,7360,0.0,7360.0
18074,2025-02-07,5115,1049,3,24,7680,0.0,7680.0
18075,2025-05-29,5273,1009,2,15,6300,0.0,6300.0
18076,2025-04-27,5233,2038,3,17,5440,272.0,5168.0
18077,2025-02-12,5234,1052,1,1,520,0.0,520.0
18078,2025-06-02,5008,1011,4,13,2730,0.0,2730.0
18079,2025-02-22,5453,2007,3,5,1600,160.0,1440.0
18080,2025-01-31,5159,2005,4,19,3990,199.5,3790.5
18081,2025-01-25,5253,2035,4,16,3360,0.0,3360.0
18082,2025-06-05,5253,2002,4,16,3360,0.0,3360.0
18083,2025-04-09,5108,2009,1,9,4680,0.0,4680.0
18084,2025-04-20,5317,1033,2,16,6720,0.0,6720.0
18085,2025-05-31,5424,2031,1,9,4680,0.0,4680.0
18086,2025-01-19,5277,2037,3,15,4800,0.0,4800.0
18087,2025-04-25,5411,2008,3,8,2560,0.0,2560.0
18088,2025-05-15,5150,1030,2,25,10500,525.0,9975.0
18089,2025-01-28,5492,1007,3,13,4160,0.0,4160.0
18090,2025-06-30,5236,2025,3,18,5760,0.0,5760.0
18091,2025-02-07,5465,2031,3,24,7680,768.0,6912.0
18092,2025-03-02,5473,1028,2,18,7560,0.0,7560.0
18093,2025-01-27,5221,2008,3,13,4160,0.0,4160.0
18094,2025-04-26,5344,1044,4,19,3990,0.0,3990.0
18095,2025-05-17,5325,1037,4,24,5040,0.0,5040.0
18096,2025-04-02,5293,2004,1,14,7280,0.0,7280.0
18097,2025-04-24,5158,2028,1,15,7800,780.0,7020.0
18098,2025-01-06,5299,1022,3,17,5440,272.0,5168.0
18099,2025-01-01,5420,1018,3,9,2880,0.0,2880.0
18100,2025-03-04,5092,1002,4,14,2940,294.0,2646.0
18101,2025-02-03,5112,1037,1,17,8840,0.0,8840.0
18102,2025-02-12,5017,1024,1,4,2080,208.0,1872.0
18103,2025-02-18,5172,1049,1,10,5200,0.0,5200.0
18104,2025-03-26,5482,1016,2,11,4620,0.0,4620.0
18105,2025-01-29,5137,2022,4,15,3150,0.0,3150.0
18106,2025-03-24,5198,2037,1,12,6240,0.0,6240.0
18107,2025-03-21,5303,2014,1,17,8840,0.0,8840.0
18108,2025-05-02,5335,2001,2,21,8820,441.0,8379.0
18109,2025-06-04,5253,1029,4,9,1890,0.0,1890.0
18110,2025-04-21,5015,1039,2,14,5880,294.0,5586.0
18111,2025-04-01,5199,2036,2,24,10080,0.0,10080.0
18112,2025-02-20,5168,2020,2,24,10080,504.0,9576.0
18113,2025-01-07,5351,2014,1,1,520,52.0,468.0
18114,2025-05-04,5188,2023,3,20,6400,0.0,6400.0
18115,2025-04-11,5036,2003,4,7,1470,0.0,1470.0
18116,2025-04-25,5351,2040,3,12,3840,0.0,3840.0
18117,2025-06-01,5009,1059,1,8,4160,0.0,4160.0
18118,2025-03-01,5184,2038,4,24,5040,0.0,5040.0
18119,2025-05-22,5112,1010,1,7,3640,0.0,3640.0
18120,2025-05-18,5148,1036,4,1,210,21.0,189.0
18121,2025-03-27,5224,1013,4,8,1680,0.0,1680.0
18122,2025-01-02,5241,1010,2,12,5040,0.0,5040.0
18123,2025-04-28,5127,1046,3,8,2560,0.0,2560.0
18124,2025-05-15,5285,2040,2,14,5880,294.0,5586.0
18125,2025-04-27,5158,2028,3,3,960,96.0,864.0
18126,2025-01-04,5441,1051,4,6,1260,0.0,1260.0
18127,2025-02-01,5017,1009,1,1,520,0.0,520.0
18128,2025-04-15,5380,1018,2,24,10080,0.0,10080.0
18129,2025-06-24,5100,1052,2,18,7560,0.0,7560.0
18130,2025-03-25,5200,1040,4,9,1890,0.0,1890.0
18131,2025-02-10,5392,1039,3,11,3520,176.0,3344.0
18132,2025-05-19,5272,1009,3,24,7680,768.0,6912.0
18133,2025-06-28,5403,1027,4,15,3150,0.0,3150.0
18134,2025-01-23,5086,1055,1,11,5720,286.0,5434.0
18135,2025-02-24,5480,2002,2,13,5460,546.0,4914.0
18136,2025-02-16,5154,2011,3,1,320,0.0,320.0
18137,2025-04-01,5002,1020,4,10,2100,105.0,1995.0
18138,2025-02-16,5401,1030,4,3,630,63.0,567.0
18139,2025-06-06,5144,1012,3,1,320,0.0,320.0
18140,2025-01-02,5294,1033,4,7,1470,0.0,1470.0
18141,2025-01-21,5482,2032,1,13,6760,0.0,6760.0
18142,2025-06-26,5062,2021,2,1,420,0.0,420.0
18143,2025-04-19,5347,1057,3,9,2880,0.0,2880.0
18144,2025-01-26,5202,1019,3,2,640,32.0,608.0
18145,2025-01-24,5094,1028,4,6,1260,63.0,1197.0
18146,2025-02-09,5191,1046,3,23,7360,368.0,6992.0
18147,2025-05-09,5216,1051,3,9,2880,288.0,2592.0
18148,2025-01-15,5398,1046,4,10,2100,105.0,1995.0
18149,2025-06-29,5047,1010,2,17,7140,357.0,6783.0
18150,2025-06-04,5399,1010,2,25,10500,0.0,10500.0
18151,2025-06-02,5457,1017,2,20,8400,420.0,7980.0
18152,2025-03-09,5260,1031,3,3,960,0.0,960.0
18153,2025-01-08,5170,1020,2,1,420,0.0,420.0
18154,2025-05-10,5209,2021,3,16,5120,0.0,5120.0
18155,2025-05-02,5195,1018,3,8,2560,0.0,2560.0
18156,2025-05-17,5022,2008,4,21,4410,0.0,4410.0
18157,2025-06-18,5495,1052,3,3,960,0.0,960.0
18158,2025-03-21,5378,2006,3,21,6720,0.0,6720.0
18159,2025-06-05,5193,1003,3,5,1600,80.0,1520.0
18160,2025-03-02,5145,2032,1,4,2080,0.0,2080.0
18161,2025-03-22,5165,1058,4,6,1260,0.0,1260.0
18162,2025-04-15,5110,1036,2,21,8820,882.0,7938.0
18163,2025-02-11,5141,2028,4,24,5040,0.0,5040.0
18164,2025-05-25,5498,2010,3,2,640,64.0,576.0
18165,2025-06-09,5325,2012,4,4,840,84.0,756.0
18166,2025-06-22,5175,1053,2,2,840,84.0,756.0
18167,2025-03-08,5221,2031,4,7,1470,0.0,1470.0
18168,2025-03-12,5237,2018,1,2,1040,0.0,1040.0
18169,2025-04-18,5316,2037,4,4,840,0.0,840.0
18170,2025-01-11,5475,2003,4,15,3150,0.0,3150.0
18171,2025-05-02,5366,2033,3,1,320,0.0,320.0
18172,2025-03-25,5454,1011,2,12,5040,0.0,5040.0
18173,2025-06-08,5434,1029,2,7,2940,0.0,2940.0
18174,2025-05-13,5371,1040,4,24,5040,0.0,5040.0
18175,2025-04-25,5124,1060,2,12,5040,0.0,5040.0
18176,2025-01-01,5035,1034,2,23,9660,483.0,9177.0
18177,2025-04-01,5017,1029,1,12,6240,0.0,6240.0
18178,2025-04-18,5391,1028,1,3,1560,0.0,1560.0
18179,2025-06-11,5289,2013,1,6,3120,0.0,3120.0
18180,2025-05-27,5303,2006,2,1,420,0.0,420.0
18181,2025-05-25,5393,2016,1,16,8320,0.0,8320.0
18182,2025-01-08,5136,1048,4,19,3990,199.5,3790.5
18183,2025-05-25,5262,1021,1,5,2600,130.0,2470.0
18184,2025-02-14,5162,2026,4,14,2940,0.0,2940.0
18185,2025-01-23,5063,1031,3,1,320,32.0,288.0
18186,2025-06-29,5094,1021,2,23,9660,0.0,9660.0
18187,2025-05-14,5045,2007,1,6,3120,0.0,3120.0
18188,2025-03-30,5254,1025,4,17,3570,0.0,3570.0
18189,2025-02-26,5493,1039,3,6,1920,0.0,1920.0
18190,2025-06-05,5080,1023,4,11,2310,0.0,2310.0
18191,2025-03-15,5152,1058,3,17,5440,0.0,5440.0
18192,2025-01-30,5127,2034,4,20,4200,210.0,3990.0
18193,2025-06-26,5196,1027,3,2,640,64.0,576.0
18194,2025-03-23,5208,2038,2,21,8820,0.0,8820.0
18195,2025-02-21,5216,2008,2,4,1680,0.0,1680.0
18196,2025-02-27,5024,1009,3,11,3520,0.0,3520.0
18197,2025-06-21,5444,1006,2,7,2940,0.0,2940.0
18198,2025-01-04,5186,2027,1,19,9880,494.0,9386.0
18199,2025-05-08,5320,2007,3,22,7040,0.0,7040.0
18200,2025-04-01,5229,1015,3,12,3840,0.0,3840.0
18201,2025-04-06,5044,1018,4,13,2730,273.0,2457.0
18202,2025-05-24,5343,1043,4,10,2100,0.0,2100.0
18203,2025-03-03,5406,2020,3,9,2880,288.0,2592.0
18204,2025-01-17,5290,2016,1,15,7800,390.0,7410.0
18205,2025-05-26,5352,1049,3,3,960,0.0,960.0
18206,2025-01-15,5477,1003,4,4,840,84.0,756.0
18207,2025-01-23,5266,2030,1,14,7280,728.0,6552.0
18208,2025-03-30,5472,2033,4,7,1470,0.0,1470.0
18209,2025-04-25,5477,1018,2,22,9240,0.0,9240.0
18210,2025-01-25,5108,1050,4,24,5040,504.0,4536.0
18211,2025-02-21,5425,1002,3,21,6720,672.0,6048.0
18212,2025-03-29,5286,2010,1,5,2600,0.0,2600.0
18213,2025-03-29,5171,1046,4,15,3150,157.5,2992.5
18214,2025-02-18,5500,1048,4,22,4620,231.0,4389.0
18215,2025-03-03,5103,1016,4,11,2310,0.0,2310.0
18216,2025-05-03,5004,1037,2,20,8400,0.0,8400.0
18217,2025-06-13,5473,2012,4,24,5040,504.0,4536.0
18218,2025-06-17,5305,2021,3,19,6080,304.0,5776.0
18219,2025-03-09,5381,2035,3,23,7360,368.0,6992.0
18220,2025-03-01,5076,1033,4,18,3780,189.0,3591.0
18221,2025-02-15,5304,1025,4,2,420,21.0,399.0
18222,2025-05-27,5203,1013,1,25,13000,0.0,13000.0
18223,2025-06-26,5079,1051,3,22,7040,704.0,6336.0
18224,2025-04-27,5472,1003,3,22,7040,0.0,7040.0
18225,2025-06-16,5386,1006,1,2,1040,52.0,988.0
18226,2025-03-18,5380,1036,3,14,4480,448.0,4032.0
18227,2025-01-20,5032,1049,1,7,3640,182.0,3458.0
18228,2025-01-09,5266,1037,4,5,1050,105.0,945.0
18229,2025-01-18,5427,2014,4,4,840,42.0,798.0
18230,2025-02-17,5008,1021,3,15,4800,0.0,4800.0
18231,2025-03-05,5483,1024,3,12,3840,0.0,3840.0
18232,2025-01-12,5495,1002,3,17,5440,272.0,5168.0
18233,2025-01-03,5481,1009,3,15,4800,480.0,4320.0
18234,2025-01-08,5296,1021,1,1,520,0.0,520.0
18235,2025-06-03,5418,2015,2,7,2940,147.0,2793.0
18236,2025-02-27,5332,2024,1,5,2600,0.0,2600.0
18237,2025-02-13,5249,1019,2,7,2940,147.0,2793.0
18238,2025-03-11,5246,2019,4,8,1680,0.0,1680.0
18239,2025-01-23,5277,2032,2,10,4200,0.0,4200.0
18240,2025-06-06,5331,1017,3,3,960,0.0,960.0
18241,2025-02-11,5090,1034,3,14,4480,448.0,4032.0
18242,2025-02-05,5373,1034,1,25,13000,0.0,13000.0
18243,2025-03-26,5345,2026,1,13,6760,0.0,6760.0
18244,2025-03-11,5157,2029,4,6,1260,0.0,1260.0
18245,2025-02-07,5085,1047,4,2,420,42.0,378.0
18246,2025-01-25,5443,1023,3,19,6080,0.0,6080.0
18247,2025-03-27,5486,1008,4,14,2940,0.0,2940.0
18248,2025-06-09,5083,1027,3,2,640,0.0,640.0
18249,2025-06-25,5045,2034,2,9,3780,0.0,3780.0
18250,2025-05-22,5113,2019,3,24,7680,0.0,7680.0
18251,2025-01-18,5175,2001,3,15,4800,0.0,4800.0
18252,2025-06-27,5407,2025,1,11,5720,0.0,5720.0
18253,2025-04-26,5434,2028,4,25,5250,0.0,5250.0
18254,2025-04-12,5440,2030,3,13,4160,0.0,4160.0
18255,2025-05-18,5314,2025,1,6,3120,0.0,3120.0
18256,2025-02-25,5279,2018,4,20,4200,0.0,4200.0
18257,2025-05-18,5334,1034,4,23,4830,241.5,4588.5
18258,2025-03-18,5337,1025,4,7,1470,73.5,1396.5
18259,2025-06-24,5432,2040,2,25,10500,0.0,10500.0
18260,2025-03-30,5308,1045,4,15,3150,0.0,3150.0
18261,2025-02-14,5192,1041,2,22,9240,462.0,8778.0
18262,2025-05-30,5106,2023,3,21,6720,336.0,6384.0
18263,2025-04-21,5471,2030,1,4,2080,104.0,1976.0
18264,2025-02-20,5401,2023,3,9,2880,0.0,2880.0
18265,2025-06-04,5202,1059,4,8,1680,0.0,1680.0
18266,2025-06-08,5223,1010,4,17,3570,0.0,3570.0
18267,2025-04-07,5494,2021,4,11,2310,0.0,2310.0
18268,2025-01-10,5241,1025,1,4,2080,104.0,1976.0
18269,2025-01-10,5413,2025,2,8,3360,0.0,3360.0
18270,2025-06-03,5084,2004,2,7,2940,0.0,2940.0
18271,2025-03-23,5034,2031,3,10,3200,160.0,3040.0
18272,2025-04-11,5195,1053,3,18,5760,0.0,5760.0
18273,2025-05-29,5442,1014,1,7,3640,0.0,3640.0
18274,2025-05-04,5137,1025,4,24,5040,0.0,5040.0
18275,2025-04-23,5195,2009,3,24,7680,768.0,6912.0
18276,2025-05-30,5260,1052,1,9,4680,0.0,4680.0
18277,2025-05-31,5417,2009,3,23,7360,0.0,7360.0
18278,2025-01-18,5174,1054,3,7,2240,0.0,2240.0
18279,2025-04-04,5497,1051,2,15,6300,0.0,6300.0
18280,2025-06-11,5050,1009,4,7,1470,0.0,1470.0
18281,2025-05-07,5038,1008,3,4,1280,0.0,1280.0
18282,2025-06-06,5259,1013,4,19,3990,199.5,3790.5
18283,2025-01-12,5421,1035,3,9,2880,0.0,2880.0
18284,2025-04-08,5125,1053,2,10,4200,420.0,3780.0
18285,2025-04-17,5200,1054,2,17,7140,357.0,6783.0
18286,2025-03-26,5145,2032,3,2,640,64.0,576.0
18287,2025-05-05,5449,2032,4,24,5040,0.0,5040.0
18288,2025-06-14,5088,1059,2,18,7560,0.0,7560.0
18289,2025-03-08,5472,1008,1,3,1560,0.0,1560.0
18290,2025-05-25,5020,2010,3,12,3840,384.0,3456.0
18291,2025-05-24,5075,1039,3,18,5760,0.0,5760.0
18292,2025-01-26,5020,2006,4,24,5040,0.0,5040.0
18293,2025-03-19,5474,2033,4,3,630,0.0,630.0
18294,2025-03-08,5053,2037,1,20,10400,0.0,10400.0
18295,2025-05-23,5178,1002,4,22,4620,0.0,4620.0
18296,2025-06-04,5128,1021,4,21,4410,220.5,4189.5
18297,2025-01-11,5118,2015,3,22,7040,0.0,7040.0
18298,2025-06-26,5499,1046,4,4,840,84.0,756.0
18299,2025-01-16,5384,2005,1,11,5720,0.0,5720.0
18300,2025-04-13,5081,2034,3,5,1600,0.0,1600.0
18301,2025-02-01,5183,1026,4,10,2100,0.0,2100.0
18302,2025-06-21,5366,1053,2,5,2100,210.0,1890.0
18303,2025-01-28,5399,2008,4,11,2310,115.5,2194.5
18304,2025-03-17,5258,2012,4,15,3150,157.5,2992.5
18305,2025-03-04,5212,2005,1,18,9360,936.0,8424.0
18306,2025-06-28,5068,1032,2,3,1260,0.0,1260.0
18307,2025-01-24,5163,2007,4,16,3360,336.0,3024.0
18308,2025-03-19,5037,1003,1,18,9360,0.0,9360.0
18309,2025-05-05,5406,2007,3,25,8000,0.0,8000.0
18310,2025-05-13,5021,1046,4,1,210,0.0,210.0
18311,2025-05-28,5342,1008,4,2,420,21.0,399.0
18312,2025-05-02,5153,1015,3,7,2240,0.0,2240.0
18313,2025-01-11,5483,2024,1,14,7280,0.0,7280.0
18314,2025-05-29,5103,2033,2,4,1680,0.0,1680.0
18315,2025-05-14,5263,1054,2,16,6720,0.0,6720.0
18316,2025-04-11,5338,1029,3,2,640,0.0,640.0
18317,2025-02-25,5070,1038,1,20,10400,1040.0,9360.0
18318,2025-02-24,5117,1047,1,18,9360,0.0,9360.0
18319,2025-03-12,5012,1057,1,13,6760,0.0,6760.0
18320,2025-04-03,5423,1006,4,17,3570,0.0,3570.0
18321,2025-04-08,5321,2024,1,13,6760,0.0,6760.0
18322,2025-02-06,5159,1013,2,4,1680,168.0,1512.0
18323,2025-04-24,5069,2010,1,24,12480,1248.0,11232.0
18324,2025-02-16,5252,1053,3,19,6080,304.0,5776.0
18325,2025-04-04,5024,2012,1,2,1040,104.0,936.0
18326,2025-02-06,5331,1025,4,17,3570,0.0,3570.0
18327,2025-03-10,5192,1045,4,8,1680,0.0,1680.0
18328,2025-01-03,5486,1055,4,17,3570,0.0,3570.0
18329,2025-04-10,5227,1018,3,12,3840,192.0,3648.0
18330,2025-03-07,5172,1006,4,8,1680,0.0,1680.0
18331,2025-06-07,5114,2020,1,3,1560,156.0,1404.0
18332,2025-04-01,5018,2029,2,1,420,21.0,399.0
18333,2025-01-13,5094,1027,3,6,1920,0.0,1920.0
18334,2025-01-15,5016,2004,4,4,840,84.0,756.0
18335,2025-06-15,5497,1019,2,6,2520,126.0,2394.0
18336,2025-01-29,5101,2029,1,12,6240,624.0,5616.0
18337,2025-06-27,5045,1045,2,22,9240,0.0,9240.0
18338,2025-06-11,5128,2014,4,16,3360,168.0,3192.0
18339,2025-02-23,5398,2004,1,11,5720,572.0,5148.0
18340,2025-04-05,5106,1008,4,7,1470,0.0,1470.0
18341,2025-03-28,5366,2017,2,19,7980,798.0,7182.0
18342,2025-03-04,5261,1049,4,9,1890,0.0,1890.0
18343,2025-03-25,5197,1029,2,18,7560,756.0,6804.0
18344,2025-03-01,5254,1026,2,15,6300,0.0,6300.0
18345,2025-01-17,5309,1018,4,8,1680,0.0,1680.0
18346,2025-02-16,5306,2022,1,14,7280,0.0,7280.0
18347,2025-01-16,5329,2011,1,7,3640,0.0,3640.0
18348,2025-03-23,5235,1057,1,12,6240,0.0,6240.0
18349,2025-01-28,5190,1013,1,15,7800,780.0,7020.0
18350,2025-02-24,5344,1010,1,1,520,0.0,520.0
18351,2025-01-12,5059,1038,1,21,10920,546.0,10374.0
18352,2025-06-29,5397,1051,2,10,4200,0.0,4200.0
18353,2025-06-15,5143,2030,3,6,1920,96.0,1824.0
18354,2025-03-25,5244,1019,3,24,7680,384.0,7296.0
18355,2025-01-30,5246,2007,2,3,1260,0.0,1260.0
18356,2025-01-27,5225,1055,4,7,1470,0.0,1470.0
18357,2025-01-16,5177,1035,2,9,3780,0.0,3780.0
18358,2025-02-10,5121,2035,1,15,7800,390.0,7410.0
18359,2025-02-16,5048,1014,4,10,2100,0.0,2100.0
18360,2025-04-25,5135,1057,3,12,3840,0.0,3840.0
18361,2025-02-07,5498,1058,3,2,640,0.0,640.0
18362,2025-01-06,5458,1027,4,5,1050,105.0,945.0
18363,2025-04-02,5099,2012,4,16,3360,0.0,3360.0
18364,2025-04-10,5059,1033,4,20,4200,0.0,4200.0
18365,2025-06-01,5051,1024,3,5,1600,80.0,1520.0
18366,2025-06-27,5123,1010,4,2,420,42.0,378.0
18367,2025-04-27,5213,1041,3,22,7040,704.0,6336.0
18368,2025-02-18,5215,2016,2,5,2100,0.0,2100.0
18369,2025-01-30,5273,1038,2,11,4620,462.0,4158.0
18370,2025-04-21,5086,1001,1,25,13000,0.0,13000.0
18371,2025-03-22,5024,2010,1,12,6240,0.0,6240.0
18372,2025-02-03,5429,1022,3,23,7360,736.0,6624.0
18373,2025-02-16,5006,2011,3,11,3520,0.0,3520.0
18374,2025-02-27,5401,2029,1,20,10400,520.0,9880.0
18375,2025-03-24,5230,1044,1,21,10920,0.0,10920.0
18376,2025-05-29,5274,1054,4,1,210,21.0,189.0
18377,2025-03-06,5021,1005,3,24,7680,384.0,7296.0
18378,2025-02-27,5467,2011,4,4,840,0.0,840.0
18379,2025-05-15,5194,2035,1,20,10400,0.0,10400.0
18380,2025-02-03,5025,2010,2,2,840,42.0,798.0
18381,2025-02-16,5069,1051,3,23,7360,368.0,6992.0
18382,2025-03-15,5124,1054,2,25,10500,0.0,10500.0
18383,2025-05-17,5259,2021,2,20,8400,0.0,8400.0
18384,2025-06-14,5192,1004,4,24,5040,0.0,5040.0
18385,2025-01-29,5283,2022,4,14,2940,0.0,2940.0
18386,2025-05-04,5313,1009,1,10,5200,260.0,4940.0
18387,2025-04-09,5151,2008,3,12,3840,0.0,3840.0
18388,2025-04-20,5393,1056,1,24,12480,1248.0,11232.0
18389,2025-01-15,5154,2001,3,13,4160,0.0,4160.0
18390,2025-06-25,5131,2010,4,23,4830,241.5,4588.5
18391,2025-06-21,5125,2015,1,5,2600,0.0,2600.0
18392,2025-04-23,5286,1006,3,1,320,0.0,320.0
18393,2025-05-01,5355,1006,4,5,1050,0.0,1050.0
18394,2025-02-24,5316,2036,2,24,10080,504.0,9576.0
18395,2025-02-16,5044,1040,2,5,2100,210.0,1890.0
18396,2025-01-14,5141,1023,2,18,7560,0.0,7560.0
18397,2025-02-19,5313,1003,2,19,7980,0.0,7980.0
18398,2025-02-19,5209,1037,2,1,420,21.0,399.0
18399,2025-01-24,5398,2005,3,23,7360,0.0,7360.0
18400,2025-04-22,5142,2004,1,20,10400,520.0,9880.0
18401,2025-05-19,5406,2018,3,23,7360,0.0,7360.0
18402,2025-03-27,5382,1015,1,19,9880,0.0,9880.0
18403,2025-06-14,5482,2029,4,5,1050,105.0,945.0
18404,2025-06-20,5481,2008,4,23,4830,0.0,4830.0
18405,2025-04-21,5140,1029,3,21,6720,0.0,6720.0
18406,2025-03-01,5266,1043,1,8,4160,0.0,4160.0
18407,2025-02-12,5207,2014,3,17,5440,0.0,5440.0
18408,2025-02-15,5121,1018,4,2,420,0.0,420.0
18409,2025-01-10,5064,1043,1,23,11960,0.0,11960.0
18410,2025-06-07,5460,2018,2,6,2520,0.0,2520.0
18411,2025-02-05,5019,2001,3,18,5760,576.0,5184.0
18412,2025-02-17,5033,1057,3,7,2240,0.0,2240.0
18413,2025-05-13,5037,1016,2,8,3360,0.0,3360.0
18414,2025-04-25,5245,2005,3,9,2880,288.0,2592.0
18415,2025-02-13,5257,1037,3,7,2240,0.0,2240.0
18416,2025-05-07,5378,1053,2,21,8820,441.0,8379.0
18417,2025-06-24,5462,1058,4,13,2730,0.0,2730.0
18418,2025-01-10,5468,2012,4,21,4410,441.0,3969.0
18419,2025-06-21,5342,2021,3,19,6080,608.0,5472.0
18420,2025-05-09,5040,1038,4,16,3360,0.0,3360.0
18421,2025-06-10,5487,1047,1,6,3120,0.0,3120.0
18422,2025-06-12,5395,2036,1,14,7280,364.0,6916.0
18423,2025-04-15,5007,1023,3,9,2880,0.0,2880.0
18424,2025-02-05,5031,1027,4,22,4620,0.0,4620.0
18425,2025-04-19,5206,2015,1,18,9360,468.0,8892.0
18426,2025-01-11,5109,1032,2,18,7560,0.0,7560.0
18427,2025-05-11,5038,2027,1,25,13000,1300.0,11700.0
18428,2025-04-22,5248,1058,2,22,9240,0.0,9240.0
18429,2025-04-14,5498,1020,4,25,5250,0.0,5250.0
18430,2025-05-13,5187,2014,4,2,420,0.0,420.0
18431,2025-03-30,5198,1018,1,6,3120,0.0,3120.0
18432,2025-02-12,5386,1002,2,14,5880,588.0,5292.0
18433,2025-02-28,5432,1055,2,13,5460,0.0,5460.0
18434,2025-03-03,5001,1022,4,2,420,21.0,399.0
18435,2025-04-03,5396,2008,1,24,12480,624.0,11856.0
18436,2025-01-28,5336,1039,4,9,1890,94.5,1795.5
18437,2025-04-19,5124,2040,2,4,1680,0.0,1680.0
18438,2025-03-04,5056,2018,2,1,420,0.0,420.0
18439,2025-01-09,5272,2010,1,25,13000,0.0,13000.0
18440,2025-04-17,5203,1047,1,3,1560,0.0,1560.0
18441,2025-03-23,5032,1055,2,14,5880,294.0,5586.0
18442,2025-01-17,5378,2025,3,5,1600,0.0,1600.0
18443,2025-04-09,5456,1003,3,1,320,0.0,320.0
18444,2025-05-09,5421,2003,1,18,9360,0.0,9360.0
18445,2025-03-16,5046,1026,1,9,4680,0.0,4680.0
18446,2025-06-30,5063,2012,1,5,2600,0.0,2600.0
18447,2025-05-31,5186,2022,2,12,5040,0.0,5040.0
18448,2025-01-07,5038,2012,1,20,10400,0.0,10400.0
18449,2025-02-11,5227,2003,2,7,2940,0.0,2940.0
18450,2025-01-05,5346,1059,1,14,7280,728.0,6552.0
18451,2025-06-24,5122,1038,3,5,1600,0.0,1600.0
18452,2025-03-18,5004,1053,2,24,10080,504.0,9576.0
18453,2025-03-16,5178,2032,3,8,2560,0.0,2560.0
18454,2025-01-05,5449,2025,4,12,2520,0.0,2520.0
18455,2025-03-14,5248,1058,1,4,2080,208.0,1872.0
18456,2025-04-18,5216,1023,1,2,1040,0.0,1040.0
18457,2025-02-27,5381,1036,1,4,2080,0.0,2080.0
18458,2025-05-25,5410,1046,4,23,4830,483.0,4347.0
18459,2025-02-07,5275,2005,2,3,1260,0.0,1260.0
18460,2025-06-19,5023,1043,1,24,12480,624.0,11856.0
18461,2025-01-27,5291,1019,3,12,3840,0.0,3840.0
18462,2025-01-11,5429,2034,4,15,3150,0.0,3150.0
18463,2025-05-09,5214,2020,4,5,1050,0.0,1050.0
18464,2025-03-16,5164,1007,2,10,4200,0.0,4200.0
18465,2025-05-21,5149,1031,2,19,7980,0.0,7980.0
18466,2025-04-19,5027,2033,3,19,6080,304.0,5776.0
18467,2025-02-07,5438,1027,4,24,5040,0.0,5040.0
18468,2025-04-04,5378,1030,4,13,2730,0.0,2730.0
18469,2025-02-11,5422,2027,1,10,5200,0.0,5200.0
18470,2025-03-24,5306,1005,1,21,10920,546.0,10374.0
18471,2025-06-04,5115,2016,3,11,3520,176.0,3344.0
18472,2025-06-05,5137,1047,4,12,2520,0.0,2520.0
18473,2025-02-26,5144,2003,1,19,9880,0.0,9880.0
18474,2025-06-08,5161,1036,4,11,2310,0.0,2310.0
18475,2025-04-29,5136,2005,4,1,210,10.5,199.5
18476,2025-05-31,5143,1058,3,6,1920,0.0,1920.0
18477,2025-01-06,5192,2019,1,2,1040,52.0,988.0
18478,2025-03-05,5260,2019,4,10,2100,105.0,1995.0
18479,2025-05-18,5270,1058,1,1,520,0.0,520.0
18480,2025-04-15,5403,1021,3,11,3520,176.0,3344.0
18481,2025-06-28,5044,1012,2,13,5460,546.0,4914.0
18482,2025-01-15,5383,2009,3,22,7040,0.0,7040.0
18483,2025-03-09,5419,1013,1,4,2080,208.0,1872.0
18484,2025-03-25,5172,1033,4,22,4620,0.0,4620.0
18485,2025-02-17,5048,1041,2,10,4200,0.0,4200.0
18486,2025-04-07,5380,2005,4,22,4620,0.0,4620.0
18487,2025-02-06,5134,1056,3,10,3200,0.0,3200.0
18488,2025-02-14,5390,2036,3,4,1280,64.0,1216.0
18489,2025-06-11,5345,1057,2,22,9240,0.0,9240.0
18490,2025-02-16,5491,2014,2,21,8820,0.0,8820.0
18491,2025-01-25,5104,1033,4,15,3150,157.5,2992.5
18492,2025-02-12,5371,1055,2,21,8820,882.0,7938.0
18493,2025-02-25,5412,2031,4,23,4830,483.0,4347.0
18494,2025-03-24,5245,1031,1,22,11440,1144.0,10296.0
18495,2025-03-10,5276,1054,4,19,3990,199.5,3790.5
18496,2025-01-09,5197,1037,3,8,2560,0.0,2560.0
18497,2025-01-30,5007,2024,1,14,7280,0.0,7280.0
18498,2025-01-10,5020,1025,3,13,4160,0.0,4160.0
18499,2025-02-25,5262,2013,3,17,5440,544.0,4896.0
18500,2025-05-25,5165,1059,3,14,4480,224.0,4256.0
18501,2025-01-08,5166,1051,3,3,960,0.0,960.0
18502,2025-01-17,5242,1010,4,5,1050,0.0,1050.0
18503,2025-05-27,5475,1051,2,8,3360,168.0,3192.0
18504,2025-06-19,5105,1042,3,19,6080,0.0,6080.0
18505,2025-01-06,5307,1037,2,9,3780,189.0,3591.0
18506,2025-04-06,5177,1029,1,24,12480,624.0,11856.0
18507,2025-02-15,5100,1015,4,16,3360,168.0,3192.0
18508,2025-03-18,5418,1040,1,23,11960,0.0,11960.0
18509,2025-05-29,5233,2035,4,13,2730,0.0,2730.0
18510,2025-06-30,5259,2016,2,15,6300,315.0,5985.0
18511,2025-01-05,5184,1004,1,9,4680,0.0,4680.0
18512,2025-01-26,5292,1013,1,16,8320,0.0,8320.0
18513,2025-05-26,5224,2040,4,8,1680,0.0,1680.0
18514,2025-04-09,5316,1008,1,18,9360,0.0,9360.0
18515,2025-06-15,5080,1017,4,15,3150,315.0,2835.0
18516,2025-02-20,5194,1060,2,7,2940,0.0,2940.0
18517,2025-06-01,5144,2022,2,11,4620,0.0,4620.0
18518,2025-03-06,5063,2007,3,8,2560,128.0,2432.0
18519,2025-05-16,5079,1019,4,12,2520,0.0,2520.0
18520,2025-06-14,5217,1001,3,8,2560,0.0,2560.0
18521,2025-02-03,5055,1037,2,16,6720,0.0,6720.0
18522,2025-03-12,5219,1021,2,15,6300,0.0,6300.0
18523,2025-04-01,5012,1015,2,20,8400,420.0,7980.0
18524,2025-05-31,5298,2037,1,25,13000,650.0,12350.0
18525,2025-02-22,5178,2033,1,10,5200,0.0,5200.0
18526,2025-06-26,5147,1025,4,4,840,0.0,840.0
18527,2025-03-14,5434,1018,1,8,4160,416.0,3744.0
18528,2025-06-13,5339,1047,2,6,2520,0.0,2520.0
18529,2025-01-12,5345,2002,4,7,1470,73.5,1396.5
18530,2025-03-15,5234,1004,3,19,6080,0.0,6080.0
18531,2025-01-04,5064,2013,1,22,11440,0.0,11440.0
18532,2025-04-10,5005,1032,4,1,210,0.0,210.0
18533,2025-02-14,5373,1007,2,8,3360,168.0,3192.0
18534,2025-05-25,5231,1045,1,8,4160,416.0,3744.0
18535,2025-04-30,5284,2032,3,16,5120,512.0,4608.0
18536,2025-04-21,5339,1035,4,13,2730,136.5,2593.5
18537,2025-01-07,5480,1008,1,10,5200,520.0,4680.0
18538,2025-01-10,5371,2007,4,20,4200,420.0,3780.0
18539,2025-05-03,5091,1028,4,13,2730,0.0,2730.0
18540,2025-06-13,5050,2025,4,25,5250,0.0,5250.0
18541,2025-02-19,5091,1045,4,9,1890,0.0,1890.0
18542,2025-06-16,5282,1051,1,3,1560,0.0,1560.0
18543,2025-02-15,5381,1054,1,14,7280,728.0,6552.0
18544,2025-04-04,5475,1014,2,2,840,0.0,840.0
18545,2025-04-03,5481,1037,2,4,1680,0.0,1680.0
18546,2025-03-13,5153,1026,4,5,1050,52.5,997.5
18547,2025-02-12,5452,1057,3,23,7360,0.0,7360.0
18548,2025-04-01,5321,1012,1,5,2600,130.0,2470.0
18549,2025-03-28,5110,1039,1,7,3640,182.0,3458.0
18550,2025-02-11,5100,1002,1,21,10920,0.0,10920.0
18551,2025-06-19,5240,2032,4,10,2100,105.0,1995.0
18552,2025-03-27,5390,1028,3,16,5120,0.0,5120.0
18553,2025-03-16,5004,2011,2,12,5040,252.0,4788.0
18554,2025-05-15,5462,2037,3,3,960,0.0,960.0
18555,2025-02-16,5327,1058,4,2,420,0.0,420.0
18556,2025-04-01,5306,2002,2,22,9240,0.0,9240.0
18557,2025-06-24,5114,2022,4,10,2100,210.0,1890.0
18558,2025-03-23,5150,1051,1,2,1040,52.0,988.0
18559,2025-06-09,5193,2005,2,3,1260,0.0,1260.0
18560,2025-02-02,5109,2035,4,14,2940,0.0,2940.0
18561,2025-05-16,5444,1007,3,21,6720,0.0,6720.0
18562,2025-01-08,5219,1035,4,24,5040,0.0,5040.0
18563,2025-02-13,5388,1042,3,9,2880,144.0,2736.0
18564,2025-02-13,5413,1054,2,19,7980,399.0,7581.0
18565,2025-01-06,5326,2003,4,17,3570,0.0,3570.0
18566,2025-04-21,5024,1004,4,6,1260,126.0,1134.0
18567,2025-01-07,5172,2031,2,8,3360,168.0,3192.0
18568,2025-05-21,5018,2037,1,16,8320,832.0,7488.0
18569,2025-04-04,5133,1025,3,2,640,0.0,640.0
18570,2025-04-29,5473,1043,3,14,4480,0.0,4480.0
18571,2025-05-11,5007,1001,4,15,3150,0.0,3150.0
18572,2025-02-06,5041,1015,1,10,5200,0.0,5200.0
18573,2025-05-17,5260,2021,2,10,4200,210.0,3990.0
18574,2025-03-01,5478,1006,4,12,2520,0.0,2520.0
18575,2025-06-11,5241,2022,1,16,8320,0.0,8320.0
18576,2025-03-14,5240,1015,2,18,7560,756.0,6804.0
18577,2025-02-04,5227,1022,1,12,6240,0.0,6240.0
18578,2025-03-13,5183,1016,4,8,1680,168.0,1512.0
18579,2025-03-29,5160,1047,1,4,2080,0.0,2080.0
18580,2025-02-22,5409,1028,1,6,3120,312.0,2808.0
18581,2025-04-23,5441,1019,3,21,6720,672.0,6048.0
18582,2025-04-03,5033,1008,4,2,420,0.0,420.0
18583,2025-02-16,5141,2007,1,16,8320,0.0,8320.0
18584,2025-06-08,5458,1030,1,6,3120,0.0,3120.0
18585,2025-06-09,5460,2014,3,6,1920,0.0,1920.0
18586,2025-05-29,5460,1059,3,19,6080,0.0,6080.0
18587,2025-03-26,5420,1032,1,17,8840,0.0,8840.0
18588,2025-05-06,5136,1046,1,8,4160,208.0,3952.0
18589,2025-02-02,5265,1051,4,2,420,21.0,399.0
18590,2025-04-03,5038,2007,3,10,3200,160.0,3040.0
18591,2025-01-03,5154,1024,1,17,8840,0.0,8840.0
18592,2025-04-02,5388,2038,4,23,4830,483.0,4347.0
18593,2025-04-02,5138,1055,1,22,11440,0.0,11440.0
18594,2025-01-01,5332,1033,4,3,630,0.0,630.0
18595,2025-01-21,5302,1026,1,23,11960,0.0,11960.0
18596,2025-05-12,5495,1023,1,21,10920,0.0,10920.0
18597,2025-04-25,5461,1028,3,14,4480,448.0,4032.0
18598,2025-04-06,5382,1019,3,20,6400,320.0,6080.0
18599,2025-06-21,5049,2020,3,25,8000,0.0,8000.0
18600,2025-04-03,5486,1013,3,12,3840,0.0,3840.0
18601,2025-02-05,5123,1057,1,19,9880,0.0,9880.0
18602,2025-01-12,5416,1044,1,15,7800,0.0,7800.0
18603,2025-06-22,5265,2033,2,21,8820,441.0,8379.0
18604,2025-04-05,5247,1018,4,9,1890,0.0,1890.0
18605,2025-02-05,5483,1035,1,4,2080,104.0,1976.0
18606,2025-02-18,5303,1007,1,12,6240,0.0,6240.0
18607,2025-03-27,5042,1004,2,16,6720,0.0,6720.0
18608,2025-02-17,5170,2004,1,25,13000,650.0,12350.0
18609,2025-06-10,5130,1019,4,5,1050,0.0,1050.0
18610,2025-04-12,5040,1047,2,20,8400,840.0,7560.0
18611,2025-02-04,5155,1023,2,14,5880,0.0,5880.0
18612,2025-01-22,5223,2013,2,3,1260,0.0,1260.0
18613,2025-03-18,5160,1007,3,25,8000,0.0,8000.0
18614,2025-04-23,5361,1014,2,21,8820,0.0,8820.0
18615,2025-06-13,5202,1053,4,9,1890,0.0,1890.0
18616,2025-02-02,5257,2015,3,13,4160,416.0,3744.0
18617,2025-05-06,5170,2001,4,22,4620,231.0,4389.0
18618,2025-05-11,5384,2031,1,4,2080,0.0,2080.0
18619,2025-06-23,5235,1049,2,15,6300,0.0,6300.0
18620,2025-03-22,5213,2019,2,18,7560,0.0,7560.0
18621,2025-06-18,5329,2004,2,3,1260,63.0,1197.0
18622,2025-06-09,5341,1016,1,7,3640,182.0,3458.0
18623,2025-02-19,5479,2029,3,22,7040,0.0,7040.0
18624,2025-06-03,5080,1047,3,5,1600,0.0,1600.0
18625,2025-04-15,5140,1037,4,10,2100,210.0,1890.0
18626,2025-01-09,5304,2035,4,18,3780,0.0,3780.0
18627,2025-02-16,5221,2038,3,4,1280,64.0,1216.0
18628,2025-06-12,5198,2003,1,21,10920,0.0,10920.0
18629,2025-05-16,5069,2024,2,5,2100,105.0,1995.0
18630,2025-05-27,5418,1019,1,4,2080,208.0,1872.0
18631,2025-02-24,5090,2026,3,2,640,64.0,576.0
18632,2025-02-05,5191,1033,2,14,5880,0.0,5880.0
18633,2025-05-17,5362,2038,4,4,840,0.0,840.0
18634,2025-03-25,5016,1053,2,14,5880,0.0,5880.0
18635,2025-05-07,5402,1030,3,5,1600,0.0,1600.0
18636,2025-01-04,5276,2040,3,17,5440,0.0,5440.0
18637,2025-05-27,5125,1041,4,9,1890,0.0,1890.0
18638,2025-03-29,5497,1011,1,10,5200,0.0,5200.0
18639,2025-04-10,5231,2026,2,24,10080,0.0,10080.0
18640,2025-05-29,5302,1005,3,23,7360,0.0,7360.0
18641,2025-05-10,5452,1023,2,17,7140,357.0,6783.0
18642,2025-02-19,5160,1017,3,2,640,32.0,608.0
18643,2025-01-29,5366,1011,2,1,420,0.0,420.0
18644,2025-03-04,5046,1032,1,14,7280,0.0,7280.0
18645,2025-04-06,5018,1038,2,10,4200,210.0,3990.0
18646,2025-06-13,5437,1004,1,13,6760,676.0,6084.0
18647,2025-02-23,5032,1006,3,11,3520,0.0,3520.0
18648,2025-03-29,5187,1006,4,19,3990,0.0,3990.0
18649,2025-06-23,5261,2039,1,19,9880,494.0,9386.0
18650,2025-02-03,5358,2031,4,22,4620,0.0,4620.0
18651,2025-02-07,5003,2038,3,16,5120,256.0,4864.0
18652,2025-03-28,5109,1003,3,9,2880,0.0,2880.0
18653,2025-03-06,5339,1043,4,5,1050,105.0,945.0
18654,2025-06-03,5452,1036,4,10,2100,0.0,2100.0
18655,2025-02-17,5451,1007,4,3,630,0.0,630.0
18656,2025-05-14,5082,1031,1,23,11960,0.0,11960.0
18657,2025-06-27,5227,1018,4,20,4200,0.0,4200.0
18658,2025-03-09,5235,2029,4,3,630,63.0,567.0
18659,2025-05-11,5189,1047,2,17,7140,0.0,7140.0
18660,2025-06-15,5163,1029,3,17,5440,0.0,5440.0
18661,2025-06-10,5338,1053,2,25,10500,0.0,10500.0
18662,2025-06-12,5113,1057,3,7,2240,0.0,2240.0
18663,2025-04-19,5211,2035,4,11,2310,0.0,2310.0
18664,2025-06-29,5006,2032,2,1,420,21.0,399.0
18665,2025-04-12,5230,1050,3,8,2560,0.0,2560.0
18666,2025-04-23,5334,2002,2,4,1680,0.0,1680.0
18667,2025-04-27,5339,1057,1,22,11440,1144.0,10296.0
18668,2025-01-20,5457,2023,2,9,3780,0.0,3780.0
18669,2025-04-05,5286,1041,3,21,6720,0.0,6720.0
18670,2025-01-16,5148,1011,4,13,2730,0.0,2730.0
18671,2025-02-09,5308,2011,4,20,4200,0.0,4200.0
18672,2025-03-08,5165,1015,3,14,4480,0.0,4480.0
18673,2025-05-11,5488,2016,4,11,2310,0.0,2310.0
18674,2025-03-05,5307,2017,4,24,5040,0.0,5040.0
18675,2025-01-23,5200,2034,3,21,6720,0.0,6720.0
18676,2025-04-18,5361,2001,4,7,1470,0.0,1470.0
18677,2025-04-08,5490,2012,1,3,1560,156.0,1404.0
18678,2025-03-01,5408,1036,3,12,3840,192.0,3648.0
18679,2025-06-30,5318,1013,2,8,3360,0.0,3360.0
18680,2025-03-11,5198,2026,3,12,3840,192.0,3648.0
18681,2025-03-07,5377,1041,4,11,2310,0.0,2310.0
18682,2025-01-04,5374,2027,1,22,11440,572.0,10868.0
18683,2025-06-15,5073,1047,2,13,5460,0.0,5460.0
18684,2025-06-28,5235,1060,1,10,5200,0.0,5200.0
18685,2025-01-29,5190,1044,1,4,2080,104.0,1976.0
18686,2025-05-03,5243,1032,2,21,8820,0.0,8820.0
18687,2025-01-18,5384,1050,1,21,10920,546.0,10374.0
18688,2025-03-24,5396,1042,1,16,8320,0.0,8320.0
18689,2025-01-15,5287,1060,3,4,1280,0.0,1280.0
18690,2025-04-13,5176,2017,2,14,5880,588.0,5292.0
18691,2025-02-09,5443,1048,3,5,1600,0.0,1600.0
18692,2025-01-31,5459,2020,3,19,6080,608.0,5472.0
18693,2025-05-14,5211,2004,2,12,5040,0.0,5040.0
18694,2025-01-01,5107,2028,4,17,3570,0.0,3570.0
18695,2025-05-14,5275,2002,3,8,2560,256.0,2304.0
18696,2025-05-12,5153,2029,3,18,5760,576.0,5184.0
18697,2025-02-01,5432,1022,4,24,5040,0.0,5040.0
18698,2025-03-09,5051,1032,4,3,630,0.0,630.0
18699,2025-04-05,5278,1040,1,14,7280,728.0,6552.0
18700,2025-06-13,5089,1033,1,23,11960,0.0,11960.0
18701,2025-02-02,5096,1019,1,12,6240,624.0,5616.0
18702,2025-03-09,5324,1040,3,11,3520,0.0,3520.0
18703,2025-01-04,5194,1032,3,19,6080,0.0,6080.0
18704,2025-02-19,5202,1023,3,12,3840,0.0,3840.0
18705,2025-05-06,5489,1051,1,24,12480,0.0,12480.0
18706,2025-02-04,5467,1045,1,17,8840,0.0,8840.0
18707,2025-02-05,5080,1017,3,22,7040,352.0,6688.0
18708,2025-03-14,5487,2031,4,22,4620,0.0,4620.0
18709,2025-04-21,5161,1035,3,10,3200,160.0,3040.0
18710,2025-02-19,5235,2002,4,1,210,0.0,210.0
18711,2025-06-23,5455,2006,2,10,4200,420.0,3780.0
18712,2025-01-20,5313,1050,2,13,5460,0.0,5460.0
18713,2025-01-30,5271,2030,3,22,7040,704.0,6336.0
18714,2025-02-12,5314,1018,3,15,4800,480.0,4320.0
18715,2025-04-22,5126,1010,2,10,4200,210.0,3990.0
18716,2025-01-08,5308,1039,2,17,7140,714.0,6426.0
18717,2025-03-17,5015,2012,3,22,7040,704.0,6336.0
18718,2025-03-13,5343,1005,3,15,4800,0.0,4800.0
18719,2025-04-04,5177,1027,4,6,1260,0.0,1260.0
18720,2025-01-31,5398,1016,3,11,3520,0.0,3520.0
18721,2025-01-16,5249,2017,3,23,7360,736.0,6624.0
18722,2025-03-22,5485,1002,4,8,1680,0.0,1680.0
18723,2025-03-15,5325,2027,2,6,2520,126.0,2394.0
18724,2025-04-08,5141,1004,2,2,840,84.0,756.0
18725,2025-06-18,5266,1022,1,4,2080,0.0,2080.0
18726,2025-01-15,5236,2004,2,16,6720,0.0,6720.0
18727,2025-01-20,5117,2009,1,6,3120,0.0,3120.0
18728,2025-01-23,5076,1018,3,16,5120,0.0,5120.0
18729,2025-03-01,5051,2025,3,23,7360,736.0,6624.0
18730,2025-02-10,5108,1007,2,9,3780,0.0,3780.0
18731,2025-05-16,5169,2007,4,17,3570,0.0,3570.0
18732,2025-02-10,5195,2019,4,4,840,42.0,798.0
18733,2025-04-02,5082,1056,3,11,3520,352.0,3168.0
18734,2025-03-13,5342,1058,1,20,10400,0.0,10400.0
18735,2025-03-23,5457,2022,2,8,3360,0.0,3360.0
18736,2025-06-30,5481,1033,3,8,2560,256.0,2304.0
18737,2025-06-20,5194,1057,3,10,3200,160.0,3040.0
18738,2025-01-16,5115,1006,4,6,1260,63.0,1197.0
18739,2025-02-18,5130,1059,1,1,520,0.0,520.0
18740,2025-04-22,5330,1052,3,20,6400,0.0,6400.0
18741,2025-06-05,5186,1007,1,16,8320,416.0,7904.0
18742,2025-06-12,5142,1057,3,3,960,0.0,960.0
18743,2025-04-22,5096,1010,1,7,3640,0.0,3640.0
18744,2025-02-23,5453,1003,2,14,5880,0.0,5880.0
18745,2025-06-27,5407,2034,4,2,420,0.0,420.0
18746,2025-05-06,5185,2034,2,21,8820,0.0,8820.0
18747,2025-05-18,5305,2019,4,14,2940,147.0,2793.0
18748,2025-01-07,5455,1042,3,12,3840,384.0,3456.0
18749,2025-06-13,5148,1025,2,6,2520,0.0,2520.0
18750,2025-04-03,5059,2028,1,11,5720,0.0,5720.0
18751,2025-04-02,5481,1054,4,21,4410,0.0,4410.0
18752,2025-06-22,5360,2001,3,23,7360,0.0,7360.0
18753,2025-02-25,5352,1050,1,11,5720,0.0,5720.0
18754,2025-06-07,5265,1025,3,14,4480,224.0,4256.0
18755,2025-06-11,5146,1029,3,19,6080,0.0,6080.0
18756,2025-06-22,5466,1001,1,21,10920,0.0,10920.0
18757,2025-01-28,5083,1008,2,20,8400,0.0,8400.0
18758,2025-06-02,5163,1028,4,22,4620,0.0,4620.0
18759,2025-02-13,5343,2036,4,2,420,0.0,420.0
18760,2025-04-09,5025,1003,2,2,840,42.0,798.0
18761,2025-03-12,5139,2034,2,10,4200,420.0,3780.0
18762,2025-01-25,5442,1050,1,1,520,26.0,494.0
18763,2025-05-21,5392,1037,1,12,6240,0.0,6240.0
18764,2025-04-08,5173,1057,2,21,8820,882.0,7938.0
18765,2025-01-04,5439,2013,1,7,3640,0.0,3640.0
18766,2025-04-07,5248,2009,3,4,1280,128.0,1152.0
18767,2025-01-13,5034,1028,2,2,840,84.0,756.0
18768,2025-02-12,5149,1023,1,22,11440,0.0,11440.0
18769,2025-04-10,5331,1001,2,15,6300,0.0,6300.0
18770,2025-05-18,5209,2004,4,4,840,84.0,756.0
18771,2025-06-17,5220,2001,1,23,11960,0.0,11960.0
18772,2025-03-27,5080,1034,3,19,6080,0.0,6080.0
18773,2025-06-27,5105,1001,2,2,840,84.0,756.0
18774,2025-02-11,5245,1053,1,4,2080,104.0,1976.0
18775,2025-06-08,5172,2001,1,14,7280,0.0,7280.0
18776,2025-02-10,5171,2034,1,5,2600,0.0,2600.0
18777,2025-04-30,5381,1018,4,19,3990,199.5,3790.5
18778,2025-01-24,5472,2032,2,3,1260,0.0,1260.0
18779,2025-02-05,5487,2022,2,11,4620,462.0,4158.0
18780,2025-02-09,5049,1005,1,19,9880,0.0,9880.0
18781,2025-05-26,5178,1060,2,12,5040,0.0,5040.0
18782,2025-04-27,5112,1059,2,8,3360,0.0,3360.0
18783,2025-03-12,5281,2030,1,1,520,0.0,520.0
18784,2025-06-20,5133,2013,3,22,7040,0.0,7040.0
18785,2025-03-09,5343,1060,4,11,2310,0.0,2310.0
18786,2025-01-20,5096,1029,3,17,5440,0.0,5440.0
18787,2025-03-09,5336,2001,1,25,13000,1300.0,11700.0
18788,2025-05-30,5332,1040,4,5,1050,0.0,1050.0
18789,2025-01-04,5090,2039,2,2,840,42.0,798.0
18790,2025-05-31,5498,1035,1,11,5720,286.0,5434.0
18791,2025-04-12,5414,2021,3,7,2240,224.0,2016.0
18792,2025-03-18,5248,2033,1,15,7800,0.0,7800.0
18793,2025-01-23,5346,1043,1,15,7800,780.0,7020.0
18794,2025-03-08,5353,2001,2,18,7560,0.0,7560.0
18795,2025-06-23,5455,1018,4,5,1050,0.0,1050.0
18796,2025-05-10,5115,1043,1,5,2600,0.0,2600.0
18797,2025-02-16,5177,2028,4,8,1680,84.0,1596.0
18798,2025-06-09,5439,2019,1,10,5200,0.0,5200.0
18799,2025-04-28,5341,1011,3,20,6400,640.0,5760.0
18800,2025-05-28,5128,1046,4,15,3150,315.0,2835.0
18801,2025-05-10,5217,1060,2,3,1260,63.0,1197.0
18802,2025-03-23,5124,1030,3,12,3840,0.0,3840.0
18803,2025-02-02,5089,2001,4,7,1470,0.0,1470.0
18804,2025-02-12,5066,2011,2,3,1260,0.0,1260.0
18805,2025-02-19,5351,1059,2,7,2940,147.0,2793.0
18806,2025-05-16,5373,1001,4,6,1260,0.0,1260.0
18807,2025-06-09,5177,1043,4,18,3780,0.0,3780.0
18808,2025-05-29,5484,2034,1,8,4160,0.0,4160.0
18809,2025-01-03,5497,2035,1,12,6240,312.0,5928.0
18810,2025-06-16,5171,1028,3,19,6080,0.0,6080.0
18811,2025-02-05,5212,2016,3,17,5440,0.0,5440.0
18812,2025-02-11,5313,1013,2,19,7980,798.0,7182.0
18813,2025-04-03,5357,1046,3,18,5760,0.0,5760.0
18814,2025-06-23,5255,1007,2,4,1680,168.0,1512.0
18815,2025-04-22,5349,2003,3,9,2880,0.0,2880.0
18816,2025-06-07,5468,1014,4,21,4410,0.0,4410.0
18817,2025-04-29,5241,1058,4,9,1890,94.5,1795.5
18818,2025-05-11,5007,2025,1,5,2600,260.0,2340.0
18819,2025-02-01,5232,1053,3,15,4800,0.0,4800.0
18820,2025-04-06,5201,1044,4,16,3360,0.0,3360.0
18821,2025-05-25,5161,1007,4,16,3360,0.0,3360.0
18822,2025-02-21,5190,1036,3,5,1600,0.0,1600.0
18823,2025-01-20,5327,2003,4,15,3150,0.0,3150.0
18824,2025-03-21,5112,1039,3,15,4800,240.0,4560.0
18825,2025-06-29,5025,1025,4,11,2310,115.5,2194.5
18826,2025-05-08,5431,2019,1,17,8840,442.0,8398.0
18827,2025-02-28,5044,1055,3,13,4160,0.0,4160.0
18828,2025-04-25,5405,1047,4,20,4200,0.0,4200.0
18829,2025-04-04,5446,2018,2,1,420,42.0,378.0
18830,2025-04-10,5343,2016,4,9,1890,0.0,1890.0
18831,2025-06-10,5115,1058,3,13,4160,208.0,3952.0
18832,2025-03-25,5255,1025,2,17,7140,0.0,7140.0
18833,2025-05-30,5261,1027,2,4,1680,0.0,1680.0
18834,2025-06-12,5320,2032,1,13,6760,676.0,6084.0
18835,2025-02-23,5172,1049,3,20,6400,0.0,6400.0
18836,2025-02-23,5177,1015,3,13,4160,0.0,4160.0
18837,2025-01-19,5097,1032,2,11,4620,0.0,4620.0
18838,2025-02-20,5166,2003,3,13,4160,0.0,4160.0
18839,2025-03-08,5434,1002,3,4,1280,0.0,1280.0
18840,2025-05-26,5143,1024,1,17,8840,884.0,7956.0
18841,2025-04-23,5144,2011,1,21,10920,546.0,10374.0
18842,2025-06-19,5143,2030,2,20,8400,840.0,7560.0
18843,2025-04-07,5349,2013,2,1,420,42.0,378.0
18844,2025-03-17,5207,1029,1,9,4680,0.0,4680.0
18845,2025-04-12,5301,2035,1,12,6240,624.0,5616.0
18846,2025-02-19,5430,2008,1,3,1560,156.0,1404.0
18847,2025-03-02,5395,1008,3,23,7360,0.0,7360.0
18848,2025-06-23,5120,2002,3,23,7360,736.0,6624.0
18849,2025-05-27,5484,1056,1,10,5200,260.0,4940.0
18850,2025-03-20,5149,2031,3,2,640,0.0,640.0
18851,2025-04-05,5266,1042,2,11,4620,0.0,4620.0
18852,2025-01-18,5480,1057,1,10,5200,0.0,5200.0
18853,2025-05-15,5267,1025,2,10,4200,420.0,3780.0
18854,2025-01-16,5278,1015,4,2,420,21.0,399.0
18855,2025-05-30,5127,2035,3,22,7040,704.0,6336.0
18856,2025-06-16,5152,1024,1,5,2600,0.0,2600.0
18857,2025-02-10,5198,2033,1,18,9360,0.0,9360.0
18858,2025-02-25,5380,2002,2,8,3360,0.0,3360.0
18859,2025-04-14,5222,2008,1,15,7800,0.0,7800.0
18860,2025-02-28,5474,2018,1,3,1560,0.0,1560.0
18861,2025-02-03,5085,2035,4,2,420,42.0,378.0
18862,2025-06-01,5407,1010,3,7,2240,0.0,2240.0
18863,2025-06-16,5111,1058,2,23,9660,966.0,8694.0
18864,2025-01-23,5080,2037,1,14,7280,364.0,6916.0
18865,2025-06-17,5377,2006,3,4,1280,64.0,1216.0
18866,2025-02-12,5269,1056,2,2,840,84.0,756.0
18867,2025-03-22,5049,1045,4,9,1890,189.0,1701.0
18868,2025-01-23,5455,2020,1,4,2080,0.0,2080.0
18869,2025-01-22,5275,1019,1,11,5720,0.0,5720.0
18870,2025-06-03,5022,1052,1,5,2600,130.0,2470.0
18871,2025-02-13,5144,1042,4,9,1890,0.0,1890.0
18872,2025-04-24,5427,1031,4,4,840,0.0,840.0
18873,2025-04-19,5237,1003,1,7,3640,364.0,3276.0
18874,2025-01-18,5196,2027,2,24,10080,0.0,10080.0
18875,2025-03-08,5458,1013,4,14,2940,294.0,2646.0
18876,2025-05-20,5167,1053,4,4,840,0.0,840.0
18877,2025-05-23,5485,1031,2,13,5460,0.0,5460.0
18878,2025-04-08,5163,2006,3,17,5440,0.0,5440.0
18879,2025-06-08,5138,1002,3,24,7680,0.0,7680.0
18880,2025-06-26,5227,1029,1,4,2080,0.0,2080.0
18881,2025-04-07,5407,1017,1,10,5200,0.0,5200.0
18882,2025-04-06,5123,1050,1,20,10400,520.0,9880.0
18883,2025-06-15,5411,2031,4,23,4830,0.0,4830.0
18884,2025-06-14,5066,2002,2,24,10080,1008.0,9072.0
18885,2025-02-13,5132,2007,1,11,5720,0.0,5720.0
18886,2025-06-29,5024,1050,4,24,5040,0.0,5040.0
18887,2025-02-21,5011,1012,3,13,4160,0.0,4160.0
18888,2025-03-20,5016,2010,4,16,3360,0.0,3360.0
18889,2025-05-06,5158,1007,3,18,5760,288.0,5472.0
18890,2025-06-11,5285,1055,2,8,3360,336.0,3024.0
18891,2025-05-07,5216,2007,1,17,8840,0.0,8840.0
18892,2025-01-13,5392,1048,4,22,4620,231.0,4389.0
18893,2025-03-11,5300,1039,1,1,520,26.0,494.0
18894,2025-03-07,5289,1038,2,4,1680,0.0,1680.0
18895,2025-04-11,5282,1051,2,21,8820,0.0,8820.0
18896,2025-05-14,5493,1020,3,8,2560,0.0,2560.0
18897,2025-05-03,5120,1033,4,9,1890,0.0,1890.0
18898,2025-03-13,5292,1021,2,21,8820,0.0,8820.0
18899,2025-06-19,5288,1050,4,12,2520,0.0,2520.0
18900,2025-01-28,5496,2035,3,8,2560,128.0,2432.0
18901,2025-03-10,5007,1003,3,18,5760,576.0,5184.0
18902,2025-01-19,5175,1005,1,13,6760,0.0,6760.0
18903,2025-03-28,5072,1047,1,21,10920,1092.0,9828.0
18904,2025-03-05,5108,2025,1,16,8320,0.0,8320.0
18905,2025-03-17,5338,1048,1,23,11960,1196.0,10764.0
18906,2025-02-24,5241,1038,4,19,3990,199.5,3790.5
18907,2025-04-07,5450,1059,1,16,8320,0.0,8320.0
18908,2025-05-26,5022,2016,2,20,8400,0.0,8400.0
18909,2025-02-16,5041,2005,4,23,4830,0.0,4830.0
18910,2025-01-15,5074,1046,4,18,3780,189.0,3591.0
18911,2025-01-17,5498,1005,1,3,1560,156.0,1404.0
18912,2025-01-17,5326,2037,1,23,11960,598.0,11362.0
18913,2025-04-16,5238,1051,4,25,5250,262.5,4987.5
18914,2025-05-09,5188,1001,3,4,1280,0.0,1280.0
18915,2025-01-25,5193,2028,4,21,4410,0.0,4410.0
18916,2025-05-18,5190,1054,4,3,630,0.0,630.0
18917,2025-02-09,5451,2020,3,21,6720,336.0,6384.0
18918,2025-03-08,5412,1028,3,14,4480,0.0,4480.0
18919,2025-01-29,5464,1045,1,8,4160,208.0,3952.0
18920,2025-06-24,5117,1001,3,13,4160,0.0,4160.0
18921,2025-05-26,5311,2009,4,12,2520,0.0,2520.0
18922,2025-05-03,5011,1040,4,15,3150,0.0,3150.0
18923,2025-01-09,5322,1028,3,20,6400,640.0,5760.0
18924,2025-01-11,5405,1057,4,15,3150,315.0,2835.0
18925,2025-03-25,5461,2014,2,12,5040,0.0,5040.0
18926,2025-04-17,5022,2039,4,4,840,0.0,840.0
18927,2025-02-15,5011,1057,3,21,6720,0.0,6720.0
18928,2025-02-18,5246,2030,2,7,2940,0.0,2940.0
18929,2025-06-26,5007,1001,3,19,6080,608.0,5472.0
18930,2025-02-24,5279,1017,2,6,2520,126.0,2394.0
18931,2025-04-13,5034,2025,3,3,960,0.0,960.0
18932,2025-01-24,5253,2020,3,2,640,0.0,640.0
18933,2025-01-20,5163,2018,4,1,210,0.0,210.0
18934,2025-01-18,5053,1016,2,12,5040,504.0,4536.0
18935,2025-05-08,5131,1058,2,18,7560,0.0,7560.0
18936,2025-06-13,5486,1002,4,2,420,0.0,420.0
18937,2025-01-18,5265,1021,2,15,6300,0.0,6300.0
18938,2025-04-10,5187,2018,4,11,2310,231.0,2079.0
18939,2025-02-28,5241,2025,4,10,2100,0.0,2100.0
18940,2025-05-04,5312,2040,1,14,7280,0.0,7280.0
18941,2025-02-03,5430,1049,3,21,6720,336.0,6384.0
18942,2025-01-21,5242,2010,1,15,7800,780.0,7020.0
18943,2025-05-30,5225,2011,3,2,640,32.0,608.0
18944,2025-01-14,5326,2014,4,16,3360,168.0,3192.0
18945,2025-01-18,5269,1012,2,24,10080,0.0,10080.0
18946,2025-02-01,5496,2013,1,3,1560,78.0,1482.0
18947,2025-04-05,5257,1005,2,23,9660,0.0,9660.0
18948,2025-05-10,5204,1024,2,19,7980,0.0,7980.0
18949,2025-02-19,5429,1019,2,4,1680,0.0,1680.0
18950,2025-04-18,5329,2017,3,15,4800,0.0,4800.0
18951,2025-06-05,5403,1052,3,4,1280,0.0,1280.0
18952,2025-06-08,5187,1044,3,16,5120,0.0,5120.0
18953,2025-03-24,5365,2006,4,22,4620,231.0,4389.0
18954,2025-02-12,5225,1035,3,19,6080,0.0,6080.0
18955,2025-03-27,5176,2040,3,16,5120,512.0,4608.0
18956,2025-01-19,5301,1031,4,9,1890,0.0,1890.0
18957,2025-03-12,5422,1010,3,10,3200,160.0,3040.0
18958,2025-06-19,5330,1002,2,11,4620,462.0,4158.0
18959,2025-01-17,5433,1033,2,17,7140,714.0,6426.0
18960,2025-01-16,5467,1049,1,7,3640,0.0,3640.0
18961,2025-06-29,5348,1040,2,13,5460,0.0,5460.0
18962,2025-02-01,5492,1001,1,17,8840,0.0,8840.0
18963,2025-04-08,5433,2023,3,19,6080,304.0,5776.0
18964,2025-01-18,5129,1033,3,5,1600,160.0,1440.0
18965,2025-03-07,5133,1012,3,12,3840,0.0,3840.0
18966,2025-03-26,5007,1057,3,18,5760,0.0,5760.0
18967,2025-02-12,5084,1012,2,12,5040,0.0,5040.0
18968,2025-04-22,5060,1026,3,21,6720,0.0,6720.0
18969,2025-03-12,5363,1004,2,22,9240,924.0,8316.0
18970,2025-01-15,5439,1050,4,13,2730,273.0,2457.0
18971,2025-06-07,5039,2026,2,14,5880,294.0,5586.0
18972,2025-05-02,5047,1014,2,8,3360,0.0,3360.0
18973,2025-06-14,5014,1058,2,12,5040,0.0,5040.0
18974,2025-03-28,5248,1041,1,4,2080,0.0,2080.0
18975,2025-03-17,5206,2002,2,10,4200,210.0,3990.0
18976,2025-02-11,5500,1036,2,21,8820,0.0,8820.0
18977,2025-03-16,5318,1012,1,12,6240,624.0,5616.0
18978,2025-05-04,5113,1004,3,7,2240,224.0,2016.0
18979,2025-03-01,5221,1004,4,23,4830,0.0,4830.0
18980,2025-01-02,5232,1024,1,1,520,26.0,494.0
18981,2025-03-23,5479,1014,4,24,5040,0.0,5040.0
18982,2025-02-16,5380,1029,2,24,10080,0.0,10080.0
18983,2025-04-27,5329,2037,4,7,1470,0.0,1470.0
18984,2025-06-02,5222,2016,4,15,3150,0.0,3150.0
18985,2025-03-29,5130,2028,4,6,1260,126.0,1134.0
18986,2025-05-03,5293,1045,4,9,1890,94.5,1795.5
18987,2025-04-24,5230,1003,3,13,4160,0.0,4160.0
18988,2025-04-07,5111,2026,4,5,1050,0.0,1050.0
18989,2025-01-06,5346,1035,4,11,2310,0.0,2310.0
18990,2025-01-23,5440,1038,2,4,1680,168.0,1512.0
18991,2025-03-17,5420,2005,3,12,3840,192.0,3648.0
18992,2025-04-07,5265,2012,1,15,7800,0.0,7800.0
18993,2025-03-21,5132,1008,4,17,3570,0.0,3570.0
18994,2025-03-03,5227,2025,1,16,8320,0.0,8320.0
18995,2025-05-19,5003,1012,2,3,1260,63.0,1197.0
18996,2025-02-15,5314,1001,1,13,6760,676.0,6084.0
18997,2025-03-12,5217,1041,2,10,4200,0.0,4200.0
18998,2025-04-23,5483,2023,4,13,2730,0.0,2730.0
18999,2025-04-27,5256,1016,2,6,2520,252.0,2268.0
19000,2025-05-21,5201,1058,4,3,630,0.0,630.0
19001,2025-03-04,5227,1052,3,18,5760,288.0,5472.0
19002,2025-06-23,5316,1021,4,15,3150,157.5,2992.5
19003,2025-04-22,5401,1018,1,11,5720,286.0,5434.0
19004,2025-05-31,5476,1025,3,18,5760,0.0,5760.0
19005,2025-06-12,5435,2024,2,20,8400,0.0,8400.0
19006,2025-01-31,5214,1046,2,9,3780,0.0,3780.0
19007,2025-04-09,5010,1056,1,8,4160,0.0,4160.0
19008,2025-06-13,5479,1054,3,5,1600,0.0,1600.0
19009,2025-04-11,5410,1029,2,5,2100,0.0,2100.0
19010,2025-06-16,5175,1027,4,15,3150,0.0,3150.0
19011,2025-02-07,5058,1004,4,14,2940,147.0,2793.0
19012,2025-01-14,5243,2005,2,8,3360,336.0,3024.0
19013,2025-01-25,5385,2024,3,25,8000,400.0,7600.0
19014,2025-05-17,5074,1058,3,6,1920,0.0,1920.0
19015,2025-03-22,5154,1040,1,11,5720,0.0,5720.0
19016,2025-04-02,5089,2030,4,1,210,21.0,189.0
19017,2025-01-24,5447,1033,1,1,520,52.0,468.0
19018,2025-04-03,5339,1034,1,10,5200,260.0,4940.0
19019,2025-05-18,5344,2037,2,12,5040,0.0,5040.0
19020,2025-04-25,5019,1057,2,3,1260,63.0,1197.0
19021,2025-02-10,5067,2023,2,21,8820,882.0,7938.0
19022,2025-06-03,5057,2017,2,11,4620,0.0,4620.0
19023,2025-01-30,5104,1020,4,8,1680,0.0,1680.0
19024,2025-06-28,5492,2026,3,16,5120,0.0,5120.0
19025,2025-06-20,5071,1028,1,18,9360,936.0,8424.0
19026,2025-02-12,5469,2040,3,4,1280,64.0,1216.0
19027,2025-02-12,5098,1022,2,25,10500,0.0,10500.0
19028,2025-02-11,5363,1011,4,18,3780,0.0,3780.0
19029,2025-05-18,5272,2024,3,20,6400,0.0,6400.0
19030,2025-03-21,5307,2016,2,13,5460,0.0,5460.0
19031,2025-01-21,5406,1049,2,8,3360,0.0,3360.0
19032,2025-06-11,5074,1037,3,16,5120,256.0,4864.0
19033,2025-01-04,5140,1017,1,22,11440,572.0,10868.0
19034,2025-02-07,5115,1002,2,6,2520,126.0,2394.0
19035,2025-02-06,5196,1010,3,24,7680,0.0,7680.0
19036,2025-02-21,5093,1030,3,21,6720,672.0,6048.0
19037,2025-02-22,5411,1017,3,3,960,96.0,864.0
19038,2025-01-28,5471,1020,2,24,10080,504.0,9576.0
19039,2025-01-19,5213,1038,4,9,1890,94.5,1795.5
19040,2025-03-20,5449,2031,3,11,3520,0.0,3520.0
19041,2025-06-22,5313,1045,1,17,8840,0.0,8840.0
19042,2025-03-12,5180,1004,2,6,2520,0.0,2520.0
19043,2025-06-29,5483,2011,4,24,5040,0.0,5040.0
19044,2025-03-14,5079,1023,3,15,4800,240.0,4560.0
19045,2025-02-17,5159,2005,1,2,1040,52.0,988.0
19046,2025-01-22,5417,1015,1,13,6760,338.0,6422.0
19047,2025-02-16,5493,1030,3,15,4800,480.0,4320.0
19048,2025-02-01,5138,2026,3,21,6720,0.0,6720.0
19049,2025-04-10,5346,1037,2,9,3780,378.0,3402.0
19050,2025-05-21,5180,2023,3,15,4800,240.0,4560.0
19051,2025-04-03,5023,2027,3,12,3840,0.0,3840.0
19052,2025-06-08,5389,2012,2,22,9240,0.0,9240.0
19053,2025-01-16,5428,1049,1,9,4680,468.0,4212.0
19054,2025-06-13,5462,1022,4,3,630,63.0,567.0
19055,2025-06-16,5137,2020,3,13,4160,0.0,4160.0
19056,2025-02-21,5400,1037,3,11,3520,176.0,3344.0
19057,2025-05-14,5447,2016,2,4,1680,0.0,1680.0
19058,2025-03-11,5402,1053,2,20,8400,0.0,8400.0
19059,2025-02-25,5130,2009,2,19,7980,798.0,7182.0
19060,2025-02-12,5254,2015,4,5,1050,52.5,997.5
19061,2025-01-08,5187,1024,4,1,210,0.0,210.0
19062,2025-01-15,5231,1043,1,13,6760,0.0,6760.0
19063,2025-06-15,5416,1002,2,15,6300,0.0,6300.0
19064,2025-04-28,5289,2002,3,23,7360,0.0,7360.0
19065,2025-03-05,5396,1044,3,23,7360,0.0,7360.0
19066,2025-02-05,5432,1031,3,19,6080,0.0,6080.0
19067,2025-03-07,5449,2004,2,24,10080,0.0,10080.0
19068,2025-04-30,5183,1015,2,16,6720,336.0,6384.0
19069,2025-02-04,5170,1005,2,20,8400,0.0,8400.0
19070,2025-01-20,5284,2031,2,7,2940,147.0,2793.0
19071,2025-05-06,5019,2017,1,2,1040,52.0,988.0
19072,2025-06-27,5151,2014,2,24,10080,504.0,9576.0
19073,2025-03-26,5350,2026,3,5,1600,0.0,1600.0
19074,2025-05-17,5236,1055,1,7,3640,0.0,3640.0
19075,2025-06-21,5075,1059,2,23,9660,966.0,8694.0
19076,2025-05-03,5038,1020,2,1,420,42.0,378.0
19077,2025-01-23,5446,2019,1,10,5200,260.0,4940.0
19078,2025-04-30,5476,1014,3,1,320,0.0,320.0
19079,2025-05-24,5410,1033,2,16,6720,672.0,6048.0
19080,2025-01-24,5257,2016,3,18,5760,0.0,5760.0
19081,2025-01-17,5072,1058,1,19,9880,0.0,9880.0
19082,2025-02-07,5349,2017,3,22,7040,0.0,7040.0
19083,2025-01-26,5226,1007,3,20,6400,640.0,5760.0
19084,2025-04-06,5380,1053,3,23,7360,736.0,6624.0
19085,2025-01-13,5411,2029,2,5,2100,0.0,2100.0
19086,2025-04-17,5027,1016,1,22,11440,572.0,10868.0
19087,2025-06-08,5450,1020,4,9,1890,189.0,1701.0
19088,2025-05-29,5030,2021,4,17,3570,178.5,3391.5
19089,2025-02-13,5469,2014,3,23,7360,736.0,6624.0
19090,2025-03-28,5065,1019,2,2,840,0.0,840.0
19091,2025-05-04,5429,1029,1,11,5720,572.0,5148.0
19092,2025-05-17,5147,1019,3,18,5760,0.0,5760.0
19093,2025-06-25,5333,2002,1,14,7280,364.0,6916.0
19094,2025-01-09,5272,1012,4,8,1680,168.0,1512.0
19095,2025-04-01,5363,1038,2,14,5880,588.0,5292.0
19096,2025-03-16,5488,2019,2,8,3360,0.0,3360.0
19097,2025-03-31,5393,1040,2,11,4620,231.0,4389.0
19098,2025-06-27,5146,1058,3,25,8000,400.0,7600.0
19099,2025-06-11,5014,2004,2,10,4200,0.0,4200.0
19100,2025-05-23,5233,1028,3,4,1280,0.0,1280.0
19101,2025-06-27,5206,2001,2,20,8400,840.0,7560.0
19102,2025-04-07,5384,2018,4,22,4620,462.0,4158.0
19103,2025-02-06,5443,1018,4,16,3360,0.0,3360.0
19104,2025-06-22,5128,1029,4,6,1260,126.0,1134.0
19105,2025-01-29,5468,2011,1,10,5200,0.0,5200.0
19106,2025-03-17,5486,1045,4,25,5250,0.0,5250.0
19107,2025-05-17,5339,2006,3,2,640,0.0,640.0
19108,2025-03-19,5165,2013,1,5,2600,130.0,2470.0
19109,2025-04-26,5165,1042,1,25,13000,0.0,13000.0
19110,2025-01-12,5129,1042,2,25,10500,0.0,10500.0
19111,2025-05-09,5041,1042,3,12,3840,384.0,3456.0
19112,2025-06-04,5036,1016,2,24,10080,0.0,10080.0
19113,2025-04-25,5132,1030,2,4,1680,168.0,1512.0
19114,2025-06-15,5157,2032,3,14,4480,0.0,4480.0
19115,2025-03-05,5006,2012,4,8,1680,0.0,1680.0
19116,2025-05-21,5389,1050,3,18,5760,0.0,5760.0
19117,2025-02-08,5019,1021,4,4,840,0.0,840.0
19118,2025-03-02,5305,1054,3,4,1280,0.0,1280.0
19119,2025-02-28,5283,1044,4,7,1470,147.0,1323.0
19120,2025-05-06,5239,2025,3,11,3520,352.0,3168.0
19121,2025-06-18,5142,2013,2,15,6300,0.0,6300.0
19122,2025-04-30,5458,1033,4,3,630,31.5,598.5
19123,2025-03-15,5324,1030,1,22,11440,572.0,10868.0
19124,2025-06-09,5228,1039,4,10,2100,0.0,2100.0
19125,2025-04-15,5069,2040,1,24,12480,0.0,12480.0
19126,2025-04-02,5408,1021,3,4,1280,64.0,1216.0
19127,2025-02-17,5465,1016,1,3,1560,0.0,1560.0
19128,2025-05-15,5095,2035,4,23,4830,0.0,4830.0
19129,2025-03-25,5431,1036,4,2,420,0.0,420.0
19130,2025-06-17,5320,1016,2,12,5040,252.0,4788.0
19131,2025-02-03,5359,1030,4,4,840,0.0,840.0
19132,2025-04-15,5361,1008,3,4,1280,128.0,1152.0
19133,2025-02-16,5405,1042,2,6,2520,252.0,2268.0
19134,2025-06-20,5250,2013,2,16,6720,0.0,6720.0
19135,2025-05-09,5323,1017,4,5,1050,0.0,1050.0
19136,2025-02-08,5204,2008,1,23,11960,598.0,11362.0
19137,2025-01-09,5388,2012,1,9,4680,234.0,4446.0
19138,2025-03-21,5026,1035,3,4,1280,0.0,1280.0
19139,2025-01-04,5252,2036,1,21,10920,0.0,10920.0
19140,2025-02-18,5310,2039,2,4,1680,0.0,1680.0
19141,2025-03-25,5215,1025,1,21,10920,0.0,10920.0
19142,2025-01-22,5272,1039,2,24,10080,0.0,10080.0
19143,2025-05-27,5190,2037,4,2,420,0.0,420.0
19144,2025-02-14,5229,2039,4,7,1470,147.0,1323.0
19145,2025-05-11,5023,2015,2,12,5040,0.0,5040.0
19146,2025-05-20,5043,2002,2,19,7980,798.0,7182.0
19147,2025-05-07,5207,1039,1,2,1040,52.0,988.0
19148,2025-05-01,5024,1031,4,4,840,0.0,840.0
19149,2025-06-22,5473,1026,2,4,1680,0.0,1680.0
19150,2025-04-13,5030,2012,3,23,7360,0.0,7360.0
19151,2025-03-02,5483,1007,4,9,1890,0.0,1890.0
19152,2025-06-24,5066,1045,3,11,3520,352.0,3168.0
19153,2025-06-25,5361,1006,4,10,2100,105.0,1995.0
19154,2025-04-09,5081,1021,2,7,2940,0.0,2940.0
19155,2025-01-06,5090,1029,3,15,4800,0.0,4800.0
19156,2025-02-22,5352,1042,4,23,4830,0.0,4830.0
19157,2025-04-10,5452,1004,4,19,3990,0.0,3990.0
19158,2025-03-04,5233,1054,4,22,4620,231.0,4389.0
19159,2025-06-16,5181,1051,2,4,1680,168.0,1512.0
19160,2025-03-05,5171,2021,4,10,2100,105.0,1995.0
19161,2025-02-12,5428,2037,1,7,3640,0.0,3640.0
19162,2025-06-27,5044,1048,2,25,10500,0.0,10500.0
19163,2025-03-28,5342,1047,3,1,320,16.0,304.0
19164,2025-06-18,5067,1016,3,5,1600,0.0,1600.0
19165,2025-02-18,5492,1001,1,19,9880,988.0,8892.0
19166,2025-05-22,5324,2027,3,8,2560,128.0,2432.0
19167,2025-05-14,5407,1014,1,11,5720,0.0,5720.0
19168,2025-05-17,5154,1011,4,8,1680,0.0,1680.0
19169,2025-02-23,5488,2024,3,21,6720,0.0,6720.0
19170,2025-02-27,5342,2010,4,2,420,21.0,399.0
19171,2025-01-07,5049,2023,2,12,5040,252.0,4788.0
19172,2025-06-08,5184,1035,1,20,10400,0.0,10400.0
19173,2025-02-07,5262,2035,4,7,1470,147.0,1323.0
19174,2025-06-26,5235,2026,2,10,4200,0.0,4200.0
19175,2025-06-20,5159,1008,1,17,8840,0.0,8840.0
19176,2025-02-25,5057,2018,1,14,7280,0.0,7280.0
19177,2025-01-10,5209,1023,1,6,3120,156.0,2964.0
19178,2025-04-30,5203,2034,1,6,3120,156.0,2964.0
19179,2025-01-12,5367,1006,4,2,420,21.0,399.0
19180,2025-04-14,5318,2038,1,25,13000,0.0,13000.0
19181,2025-03-09,5431,2034,2,16,6720,336.0,6384.0
19182,2025-03-09,5424,2017,1,22,11440,0.0,11440.0
19183,2025-03-13,5455,2017,4,16,3360,336.0,3024.0
19184,2025-06-29,5470,2007,3,19,6080,608.0,5472.0
19185,2025-05-13,5254,2020,1,7,3640,364.0,3276.0
19186,2025-06-15,5101,1057,2,11,4620,231.0,4389.0
19187,2025-03-21,5474,1057,1,8,4160,0.0,4160.0
19188,2025-05-05,5037,1008,1,14,7280,0.0,7280.0
19189,2025-05-09,5046,1055,4,14,2940,294.0,2646.0
19190,2025-02-08,5227,2016,4,8,1680,0.0,1680.0
19191,2025-02-10,5212,1006,2,21,8820,441.0,8379.0
19192,2025-04-22,5462,1047,1,3,1560,0.0,1560.0
19193,2025-03-25,5024,1047,2,15,6300,0.0,6300.0
19194,2025-01-08,5229,2013,1,9,4680,468.0,4212.0
19195,2025-06-24,5002,1022,2,7,2940,147.0,2793.0
19196,2025-01-20,5460,1036,3,3,960,0.0,960.0
19197,2025-01-17,5198,1039,4,13,2730,136.5,2593.5
19198,2025-04-30,5307,1051,4,13,2730,0.0,2730.0
19199,2025-05-23,5058,2037,2,24,10080,504.0,9576.0
19200,2025-06-12,5056,1003,1,22,11440,572.0,10868.0
19201,2025-02-16,5244,2027,4,16,3360,0.0,3360.0
19202,2025-01-24,5279,1026,4,6,1260,0.0,1260.0
19203,2025-03-26,5368,2034,2,24,10080,0.0,10080.0
19204,2025-05-23,5179,1007,3,20,6400,320.0,6080.0
19205,2025-06-26,5116,2030,4,1,210,0.0,210.0
19206,2025-03-31,5123,2028,4,22,4620,462.0,4158.0
19207,2025-04-05,5092,1037,1,18,9360,468.0,8892.0
19208,2025-03-26,5450,2009,3,3,960,0.0,960.0
19209,2025-01-09,5382,2038,3,12,3840,192.0,3648.0
19210,2025-02-24,5126,1019,4,14,2940,0.0,2940.0
19211,2025-01-31,5262,2001,1,11,5720,0.0,5720.0
19212,2025-03-21,5166,2015,1,11,5720,0.0,5720.0
19213,2025-02-01,5365,2036,3,17,5440,0.0,5440.0
19214,2025-01-02,5087,2020,2,11,4620,0.0,4620.0
19215,2025-01-13,5335,1054,3,8,2560,256.0,2304.0
19216,2025-06-27,5159,1053,2,6,2520,0.0,2520.0
19217,2025-06-29,5317,1015,2,11,4620,0.0,4620.0
19218,2025-03-21,5454,1036,1,4,2080,0.0,2080.0
19219,2025-04-26,5357,2040,4,17,3570,0.0,3570.0
19220,2025-02-19,5074,2036,3,4,1280,128.0,1152.0
19221,2025-02-04,5344,1044,1,5,2600,0.0,2600.0
19222,2025-06-11,5237,2033,1,13,6760,0.0,6760.0
19223,2025-05-15,5204,1060,3,14,4480,0.0,4480.0
19224,2025-02-01,5227,2029,2,15,6300,315.0,5985.0
19225,2025-02-11,5096,2027,2,4,1680,84.0,1596.0
19226,2025-06-04,5471,2033,4,3,630,0.0,630.0
19227,2025-03-04,5433,2040,3,8,2560,0.0,2560.0
19228,2025-04-08,5107,2007,4,25,5250,0.0,5250.0
19229,2025-04-04,5259,1031,3,20,6400,0.0,6400.0
19230,2025-04-19,5480,1034,3,16,5120,512.0,4608.0
19231,2025-05-06,5390,1026,3,16,5120,0.0,5120.0
19232,2025-01-11,5041,1032,1,2,1040,0.0,1040.0
19233,2025-02-19,5168,1010,1,1,520,52.0,468.0
19234,2025-03-11,5331,1008,1,23,11960,598.0,11362.0
19235,2025-05-04,5403,2034,3,12,3840,0.0,3840.0
19236,2025-06-21,5499,1004,3,14,4480,224.0,4256.0
19237,2025-05-10,5006,1059,4,5,1050,0.0,1050.0
19238,2025-02-21,5292,1006,2,20,8400,0.0,8400.0
19239,2025-01-01,5440,1017,3,10,3200,160.0,3040.0
19240,2025-05-07,5427,2013,4,3,630,63.0,567.0
19241,2025-03-30,5477,1025,2,15,6300,0.0,6300.0
19242,2025-02-27,5351,2034,3,11,3520,352.0,3168.0
19243,2025-02-18,5198,2007,1,5,2600,130.0,2470.0
19244,2025-03-20,5188,2030,3,20,6400,0.0,6400.0
19245,2025-01-02,5073,1033,2,19,7980,0.0,7980.0
19246,2025-01-25,5450,2024,2,1,420,0.0,420.0
19247,2025-02-28,5083,2027,2,12,5040,252.0,4788.0
19248,2025-02-21,5455,2034,1,1,520,0.0,520.0
19249,2025-05-23,5016,2022,2,16,6720,0.0,6720.0
19250,2025-01-19,5189,2029,3,3,960,96.0,864.0
19251,2025-01-07,5480,1015,3,21,6720,0.0,6720.0
19252,2025-01-31,5098,2027,1,5,2600,0.0,2600.0
19253,2025-04-13,5244,2009,4,7,1470,0.0,1470.0
19254,2025-04-11,5500,1015,1,3,1560,156.0,1404.0
19255,2025-04-05,5095,1031,2,23,9660,0.0,9660.0
19256,2025-04-04,5209,2035,4,15,3150,315.0,2835.0
19257,2025-04-10,5476,1001,1,3,1560,0.0,1560.0
19258,2025-06-06,5346,2002,3,12,3840,0.0,3840.0
19259,2025-06-02,5091,1011,3,24,7680,0.0,7680.0
19260,2025-01-23,5204,1035,2,11,4620,0.0,4620.0
19261,2025-03-04,5010,1029,3,1,320,0.0,320.0
19262,2025-03-15,5002,2009,2,7,2940,147.0,2793.0
19263,2025-05-08,5136,2006,4,11,2310,0.0,2310.0
19264,2025-02-09,5272,1009,1,24,12480,624.0,11856.0
19265,2025-03-30,5293,1045,1,7,3640,0.0,3640.0
19266,2025-05-25,5206,1048,3,18,5760,0.0,5760.0
19267,2025-02-25,5253,1033,3,25,8000,0.0,8000.0
19268,2025-02-05,5350,2018,1,13,6760,0.0,6760.0
19269,2025-06-16,5144,2011,4,9,1890,0.0,1890.0
19270,2025-05-31,5361,1051,2,5,2100,0.0,2100.0
19271,2025-02-05,5005,2022,2,12,5040,0.0,5040.0
19272,2025-01-01,5351,1011,3,6,1920,0.0,1920.0
19273,2025-03-25,5401,2023,1,6,3120,0.0,3120.0
19274,2025-06-30,5397,1011,2,15,6300,630.0,5670.0
19275,2025-03-26,5251,1013,4,20,4200,0.0,4200.0
19276,2025-06-24,5428,2005,1,9,4680,234.0,4446.0
19277,2025-04-04,5033,1050,3,19,6080,0.0,6080.0
19278,2025-03-02,5335,1048,2,18,7560,0.0,7560.0
19279,2025-01-30,5039,1045,3,23,7360,736.0,6624.0
19280,2025-04-09,5172,1047,3,1,320,0.0,320.0
19281,2025-06-20,5338,2009,3,16,5120,256.0,4864.0
19282,2025-06-25,5087,1049,1,25,13000,0.0,13000.0
19283,2025-03-09,5145,2037,2,22,9240,462.0,8778.0
19284,2025-05-29,5492,2032,1,12,6240,0.0,6240.0
19285,2025-03-21,5455,1028,3,10,3200,0.0,3200.0
19286,2025-06-03,5304,1035,4,12,2520,0.0,2520.0
19287,2025-01-02,5372,2037,2,21,8820,0.0,8820.0
19288,2025-04-21,5046,1018,1,14,7280,728.0,6552.0
19289,2025-02-25,5364,2040,1,5,2600,0.0,2600.0
19290,2025-04-12,5249,2004,3,9,2880,0.0,2880.0
19291,2025-02-25,5190,1018,4,5,1050,0.0,1050.0
19292,2025-03-05,5498,1006,1,2,1040,52.0,988.0
19293,2025-04-07,5016,2006,2,21,8820,882.0,7938.0
19294,2025-05-25,5465,1052,4,3,630,63.0,567.0
19295,2025-02-25,5232,2017,4,25,5250,262.5,4987.5
19296,2025-01-19,5352,2037,2,18,7560,0.0,7560.0
19297,2025-05-05,5152,1060,4,4,840,0.0,840.0
19298,2025-05-31,5482,1053,1,7,3640,364.0,3276.0
19299,2025-04-08,5287,1044,4,15,3150,0.0,3150.0
19300,2025-01-25,5443,1008,2,22,9240,924.0,8316.0
19301,2025-03-19,5127,1037,4,21,4410,0.0,4410.0
19302,2025-05-03,5397,1058,1,21,10920,0.0,10920.0
19303,2025-05-27,5395,1029,3,2,640,64.0,576.0
19304,2025-04-22,5329,1016,4,17,3570,0.0,3570.0
19305,2025-01-17,5273,2007,4,21,4410,0.0,4410.0
19306,2025-06-11,5468,1024,3,10,3200,0.0,3200.0
19307,2025-05-31,5302,2038,2,2,840,84.0,756.0
19308,2025-05-06,5053,1010,1,22,11440,0.0,11440.0
19309,2025-02-24,5230,2026,4,18,3780,0.0,3780.0
19310,2025-02-08,5126,1022,1,13,6760,338.0,6422.0
19311,2025-01-07,5406,1043,1,20,10400,0.0,10400.0
19312,2025-01-25,5322,2026,4,13,2730,0.0,2730.0
19313,2025-05-26,5410,2030,4,13,2730,0.0,2730.0
19314,2025-02-06,5286,1058,1,9,4680,234.0,4446.0
19315,2025-03-16,5319,2034,2,13,5460,273.0,5187.0
19316,2025-06-25,5273,2014,4,9,1890,189.0,1701.0
19317,2025-01-19,5122,2029,2,15,6300,0.0,6300.0
19318,2025-01-01,5377,2004,1,22,11440,0.0,11440.0
19319,2025-06-24,5031,1037,4,7,1470,73.5,1396.5
19320,2025-02-03,5105,2034,4,8,1680,0.0,1680.0
19321,2025-01-24,5450,2002,1,11,5720,0.0,5720.0
19322,2025-04-17,5045,2032,1,23,11960,0.0,11960.0
19323,2025-01-08,5272,2038,2,10,4200,0.0,4200.0
19324,2025-03-27,5403,2020,2,3,1260,126.0,1134.0
19325,2025-04-06,5266,1034,4,4,840,0.0,840.0
19326,2025-01-08,5037,1018,1,10,5200,0.0,5200.0
19327,2025-04-19,5083,1044,1,10,5200,0.0,5200.0
19328,2025-05-17,5040,2018,1,21,10920,0.0,10920.0
19329,2025-06-28,5235,1056,2,13,5460,0.0,5460.0
19330,2025-06-27,5276,2023,3,9,2880,0.0,2880.0
19331,2025-03-19,5455,2035,1,18,9360,468.0,8892.0
19332,2025-06-01,5278,2022,3,12,3840,0.0,3840.0
19333,2025-05-19,5249,1029,3,23,7360,0.0,7360.0
19334,2025-02-24,5277,1052,1,9,4680,0.0,4680.0
19335,2025-04-20,5033,2038,4,15,3150,0.0,3150.0
19336,2025-03-05,5188,1006,2,23,9660,483.0,9177.0
19337,2025-06-10,5015,2019,4,17,3570,178.5,3391.5
19338,2025-06-30,5247,1008,4,10,2100,105.0,1995.0
19339,2025-02-21,5148,1028,2,20,8400,0.0,8400.0
19340,2025-04-29,5111,2019,1,8,4160,0.0,4160.0
19341,2025-06-17,5005,1033,3,17,5440,0.0,5440.0
19342,2025-04-12,5212,2002,3,1,320,32.0,288.0
19343,2025-03-03,5272,2028,2,20,8400,0.0,8400.0
19344,2025-01-09,5068,1019,4,7,1470,147.0,1323.0
19345,2025-01-03,5439,1007,2,17,7140,0.0,7140.0
19346,2025-04-22,5344,2013,3,4,1280,0.0,1280.0
19347,2025-06-06,5094,2003,1,5,2600,0.0,2600.0
19348,2025-04-15,5318,2027,2,22,9240,924.0,8316.0
19349,2025-06-16,5285,2013,3,24,7680,0.0,7680.0
19350,2025-03-15,5285,2009,4,7,1470,0.0,1470.0
19351,2025-02-27,5336,1032,1,5,2600,0.0,2600.0
19352,2025-05-30,5278,1013,1,4,2080,0.0,2080.0
19353,2025-05-22,5302,2039,2,14,5880,0.0,5880.0
19354,2025-04-07,5040,1031,3,25,8000,0.0,8000.0
19355,2025-03-22,5049,1013,3,18,5760,0.0,5760.0
19356,2025-02-03,5068,1007,3,20,6400,0.0,6400.0
19357,2025-01-08,5253,1027,4,7,1470,73.5,1396.5
19358,2025-03-20,5204,1037,3,8,2560,0.0,2560.0
19359,2025-03-28,5020,2004,2,4,1680,168.0,1512.0
19360,2025-06-15,5063,2007,4,6,1260,0.0,1260.0
19361,2025-04-25,5490,2014,1,11,5720,286.0,5434.0
19362,2025-04-27,5055,1022,3,5,1600,0.0,1600.0
19363,2025-02-18,5082,1016,4,23,4830,0.0,4830.0
19364,2025-03-25,5284,2018,2,25,10500,0.0,10500.0
19365,2025-01-24,5038,1019,2,6,2520,252.0,2268.0
19366,2025-02-15,5005,1043,3,5,1600,0.0,1600.0
19367,2025-03-31,5082,1050,3,12,3840,192.0,3648.0
19368,2025-04-29,5500,2033,3,6,1920,192.0,1728.0
19369,2025-03-30,5443,2031,1,15,7800,0.0,7800.0
19370,2025-02-19,5328,1057,1,3,1560,0.0,1560.0
19371,2025-01-17,5067,1034,2,10,4200,0.0,4200.0
19372,2025-02-28,5351,1009,2,6,2520,0.0,2520.0
19373,2025-06-20,5239,1021,3,17,5440,0.0,5440.0
19374,2025-06-04,5499,1013,4,14,2940,147.0,2793.0
19375,2025-01-03,5207,2029,4,18,3780,189.0,3591.0
19376,2025-06-21,5474,1047,4,11,2310,0.0,2310.0
19377,2025-05-17,5470,2020,4,1,210,10.5,199.5
19378,2025-03-04,5124,1008,1,15,7800,390.0,7410.0
19379,2025-05-25,5029,2017,1,10,5200,260.0,4940.0
19380,2025-03-26,5327,1043,2,12,5040,0.0,5040.0
19381,2025-04-24,5222,1013,1,2,1040,104.0,936.0
19382,2025-04-17,5348,1002,4,9,1890,189.0,1701.0
19383,2025-01-13,5121,2029,2,2,840,0.0,840.0
19384,2025-05-25,5184,1047,4,10,2100,0.0,2100.0
19385,2025-04-15,5075,2013,3,10,3200,0.0,3200.0
19386,2025-02-21,5231,1060,4,2,420,0.0,420.0
19387,2025-04-30,5101,1046,1,7,3640,0.0,3640.0
19388,2025-04-27,5106,2020,4,9,1890,0.0,1890.0
19389,2025-06-29,5230,1058,2,16,6720,0.0,6720.0
19390,2025-01-03,5399,1053,4,18,3780,0.0,3780.0
19391,2025-02-07,5456,1038,4,5,1050,52.5,997.5
19392,2025-02-11,5015,1010,3,7,2240,0.0,2240.0
19393,2025-06-28,5414,2031,3,22,7040,0.0,7040.0
19394,2025-04-27,5251,2008,4,9,1890,0.0,1890.0
19395,2025-05-31,5033,1031,1,15,7800,0.0,7800.0
19396,2025-03-04,5144,1026,2,8,3360,168.0,3192.0
19397,2025-04-07,5041,2012,1,6,3120,0.0,3120.0
19398,2025-05-18,5220,1030,3,6,1920,0.0,1920.0
19399,2025-06-17,5204,1034,2,21,8820,0.0,8820.0
19400,2025-04-05,5293,2026,1,17,8840,442.0,8398.0
19401,2025-06-08,5115,2014,1,10,5200,0.0,5200.0
19402,2025-01-24,5215,1059,3,17,5440,272.0,5168.0
19403,2025-01-03,5498,1014,4,23,4830,0.0,4830.0
19404,2025-05-06,5299,2011,3,23,7360,0.0,7360.0
19405,2025-05-01,5325,2021,1,3,1560,0.0,1560.0
19406,2025-05-11,5191,1028,3,18,5760,288.0,5472.0
19407,2025-01-22,5047,2027,1,19,9880,0.0,9880.0
19408,2025-06-03,5434,1024,1,23,11960,0.0,11960.0
19409,2025-05-02,5364,1003,2,3,1260,0.0,1260.0
19410,2025-06-27,5199,1053,3,15,4800,480.0,4320.0
19411,2025-05-29,5395,1032,1,16,8320,0.0,8320.0
19412,2025-01-09,5193,2003,4,5,1050,105.0,945.0
19413,2025-01-19,5468,2034,4,7,1470,0.0,1470.0
19414,2025-02-08,5481,1044,4,19,3990,0.0,3990.0
19415,2025-01-09,5193,1004,2,20,8400,0.0,8400.0
19416,2025-02-18,5112,1055,3,17,5440,0.0,5440.0
19417,2025-02-10,5167,2007,3,18,5760,0.0,5760.0
19418,2025-05-23,5354,1008,4,25,5250,525.0,4725.0
19419,2025-06-12,5415,2017,4,6,1260,0.0,1260.0
19420,2025-05-17,5432,1054,3,15,4800,0.0,4800.0
19421,2025-05-04,5280,2024,4,18,3780,378.0,3402.0
19422,2025-03-19,5114,2032,1,19,9880,0.0,9880.0
19423,2025-01-10,5184,2004,3,18,5760,0.0,5760.0
19424,2025-06-06,5040,2005,4,16,3360,0.0,3360.0
19425,2025-03-05,5328,1058,2,5,2100,0.0,2100.0
19426,2025-01-06,5218,1019,4,13,2730,136.5,2593.5
19427,2025-01-01,5323,2039,4,22,4620,231.0,4389.0
19428,2025-02-08,5168,2021,4,19,3990,0.0,3990.0
19429,2025-02-26,5378,2016,4,25,5250,0.0,5250.0
19430,2025-01-24,5479,2007,1,8,4160,0.0,4160.0
19431,2025-02-10,5034,1030,3,12,3840,384.0,3456.0
19432,2025-01-10,5313,1021,3,11,3520,0.0,3520.0
19433,2025-02-10,5228,1056,1,6,3120,156.0,2964.0
19434,2025-02-26,5449,1058,2,24,10080,0.0,10080.0
19435,2025-04-29,5377,1007,2,19,7980,0.0,7980.0
19436,2025-02-20,5417,1053,2,18,7560,378.0,7182.0
19437,2025-06-06,5267,2022,3,13,4160,416.0,3744.0
19438,2025-04-01,5131,1009,4,9,1890,0.0,1890.0
19439,2025-01-15,5379,2030,3,6,1920,0.0,1920.0
19440,2025-02-26,5384,1045,1,3,1560,78.0,1482.0
19441,2025-05-23,5492,1047,3,17,5440,272.0,5168.0
19442,2025-05-31,5453,1003,4,24,5040,0.0,5040.0
19443,2025-04-05,5442,2030,1,17,8840,0.0,8840.0
19444,2025-04-08,5443,2031,2,23,9660,0.0,9660.0
19445,2025-04-21,5154,1049,3,24,7680,0.0,7680.0
19446,2025-01-29,5080,1050,2,18,7560,0.0,7560.0
19447,2025-06-29,5389,1028,3,18,5760,0.0,5760.0
19448,2025-03-30,5284,2024,2,12,5040,252.0,4788.0
19449,2025-02-04,5066,2029,4,11,2310,0.0,2310.0
19450,2025-01-01,5039,2029,4,10,2100,0.0,2100.0
19451,2025-05-08,5141,1026,3,1,320,0.0,320.0
19452,2025-01-29,5339,1034,2,11,4620,0.0,4620.0
19453,2025-04-16,5425,1045,4,4,840,0.0,840.0
19454,2025-03-25,5206,1050,1,2,1040,0.0,1040.0
19455,2025-03-23,5222,1038,2,16,6720,336.0,6384.0
19456,2025-03-03,5090,1008,4,3,630,63.0,567.0
19457,2025-04-12,5006,1015,1,25,13000,0.0,13000.0
19458,2025-06-19,5110,1051,3,1,320,0.0,320.0
19459,2025-03-11,5490,1060,1,10,5200,0.0,5200.0
19460,2025-05-10,5357,1053,3,2,640,32.0,608.0
19461,2025-01-14,5412,1006,2,3,1260,0.0,1260.0
19462,2025-02-15,5116,2039,2,1,420,0.0,420.0
19463,2025-06-13,5363,1039,3,21,6720,0.0,6720.0
19464,2025-02-24,5177,2017,1,7,3640,364.0,3276.0
19465,2025-03-21,5335,1041,1,21,10920,0.0,10920.0
19466,2025-04-13,5201,2016,2,19,7980,0.0,7980.0
19467,2025-02-05,5259,1059,3,21,6720,336.0,6384.0
19468,2025-02-03,5310,1026,4,9,1890,94.5,1795.5
19469,2025-03-12,5083,2035,3,16,5120,0.0,5120.0
19470,2025-02-18,5219,1051,2,21,8820,882.0,7938.0
19471,2025-05-27,5393,1047,2,21,8820,882.0,7938.0
19472,2025-01-10,5128,1033,1,12,6240,0.0,6240.0
19473,2025-03-21,5250,2011,1,13,6760,0.0,6760.0
19474,2025-03-16,5388,2040,3,1,320,0.0,320.0
19475,2025-06-15,5015,1041,1,25,13000,0.0,13000.0
19476,2025-06-01,5124,1025,4,1,210,0.0,210.0
19477,2025-01-11,5411,1026,3,21,6720,0.0,6720.0
19478,2025-04-21,5057,1030,1,9,4680,0.0,4680.0
19479,2025-06-05,5477,2003,4,19,3990,0.0,3990.0
19480,2025-05-25,5280,1028,2,23,9660,0.0,9660.0
19481,2025-02-19,5434,2030,3,5,1600,80.0,1520.0
19482,2025-06-23,5044,1011,4,25,5250,0.0,5250.0
19483,2025-02-08,5481,1001,1,7,3640,182.0,3458.0
19484,2025-03-23,5030,2040,1,24,12480,0.0,12480.0
19485,2025-05-11,5353,1024,3,9,2880,144.0,2736.0
19486,2025-02-24,5083,2013,2,11,4620,0.0,4620.0
19487,2025-01-16,5060,1044,1,18,9360,468.0,8892.0
19488,2025-03-20,5294,1024,3,8,2560,0.0,2560.0
19489,2025-03-09,5046,1031,2,15,6300,0.0,6300.0
19490,2025-02-23,5421,1052,3,18,5760,576.0,5184.0
19491,2025-05-18,5423,2007,1,3,1560,78.0,1482.0
19492,2025-02-12,5128,1038,4,2,420,42.0,378.0
19493,2025-06-01,5329,1048,3,24,7680,384.0,7296.0
19494,2025-05-20,5294,1013,3,7,2240,0.0,2240.0
19495,2025-06-13,5044,1039,2,20,8400,0.0,8400.0
19496,2025-01-04,5085,2037,3,14,4480,0.0,4480.0
19497,2025-05-27,5096,1006,1,16,8320,0.0,8320.0
19498,2025-02-15,5003,1054,3,13,4160,0.0,4160.0
19499,2025-04-27,5138,2037,4,8,1680,0.0,1680.0
19500,2025-05-22,5274,2029,1,11,5720,0.0,5720.0
19501,2025-04-28,5317,2019,2,6,2520,252.0,2268.0
19502,2025-06-17,5273,2026,1,15,7800,0.0,7800.0
19503,2025-01-04,5159,1037,4,20,4200,0.0,4200.0
19504,2025-05-06,5351,1046,3,13,4160,0.0,4160.0
19505,2025-06-09,5046,1059,1,11,5720,0.0,5720.0
19506,2025-03-29,5249,1002,1,3,1560,156.0,1404.0
19507,2025-02-24,5472,1010,4,13,2730,0.0,2730.0
19508,2025-03-06,5481,1016,1,10,5200,0.0,5200.0
19509,2025-01-31,5343,1023,4,3,630,63.0,567.0
19510,2025-01-15,5398,2026,4,14,2940,147.0,2793.0
19511,2025-02-03,5109,2030,2,17,7140,0.0,7140.0
19512,2025-05-28,5174,1028,4,10,2100,105.0,1995.0
19513,2025-04-04,5099,2028,4,4,840,0.0,840.0
19514,2025-05-23,5173,2015,2,5,2100,105.0,1995.0
19515,2025-01-24,5419,1048,4,13,2730,136.5,2593.5
19516,2025-01-16,5286,1033,1,10,5200,0.0,5200.0
19517,2025-05-28,5167,2036,1,23,11960,0.0,11960.0
19518,2025-06-07,5075,1024,2,8,3360,0.0,3360.0
19519,2025-05-05,5064,1003,1,25,13000,0.0,13000.0
19520,2025-05-13,5354,1019,3,23,7360,736.0,6624.0
19521,2025-04-12,5227,1042,3,13,4160,0.0,4160.0
19522,2025-04-06,5147,1042,3,11,3520,0.0,3520.0
19523,2025-04-15,5233,2016,2,12,5040,504.0,4536.0
19524,2025-06-19,5248,1044,1,5,2600,0.0,2600.0
19525,2025-01-09,5116,1012,3,16,5120,0.0,5120.0
19526,2025-04-06,5235,2008,2,11,4620,231.0,4389.0
19527,2025-06-18,5044,1048,2,16,6720,0.0,6720.0
19528,2025-05-01,5151,1051,1,24,12480,0.0,12480.0
19529,2025-06-21,5380,1023,3,14,4480,0.0,4480.0
19530,2025-05-29,5106,1027,1,22,11440,0.0,11440.0
19531,2025-03-17,5493,2005,4,25,5250,0.0,5250.0
19532,2025-06-12,5039,1004,1,24,12480,0.0,12480.0
19533,2025-04-20,5163,1053,2,1,420,0.0,420.0
19534,2025-03-22,5385,2014,2,10,4200,0.0,4200.0
19535,2025-01-29,5154,1014,2,9,3780,0.0,3780.0
19536,2025-02-24,5218,1044,1,14,7280,0.0,7280.0
19537,2025-06-10,5162,2002,4,11,2310,0.0,2310.0
19538,2025-04-16,5376,1007,3,13,4160,416.0,3744.0
19539,2025-06-23,5484,2011,1,24,12480,0.0,12480.0
19540,2025-02-10,5400,2004,2,18,7560,0.0,7560.0
19541,2025-05-31,5333,1011,2,13,5460,0.0,5460.0
19542,2025-04-23,5405,1008,1,7,3640,0.0,3640.0
19543,2025-05-18,5091,1012,2,21,8820,0.0,8820.0
19544,2025-06-07,5351,1031,2,22,9240,462.0,8778.0
19545,2025-02-01,5323,2005,1,22,11440,0.0,11440.0
19546,2025-06-29,5132,1054,1,10,5200,0.0,5200.0
19547,2025-06-13,5268,1040,1,4,2080,104.0,1976.0
19548,2025-06-07,5046,1046,2,23,9660,966.0,8694.0
19549,2025-01-29,5152,1003,3,1,320,16.0,304.0
19550,2025-01-18,5376,1036,3,4,1280,64.0,1216.0
19551,2025-03-23,5316,1048,3,18,5760,0.0,5760.0
19552,2025-05-10,5216,1019,4,8,1680,168.0,1512.0
19553,2025-04-15,5215,1005,4,20,4200,420.0,3780.0
19554,2025-06-16,5047,1007,2,3,1260,126.0,1134.0
19555,2025-03-04,5075,1003,4,21,4410,0.0,4410.0
19556,2025-01-29,5145,2016,4,23,4830,0.0,4830.0
19557,2025-01-16,5090,1005,2,23,9660,0.0,9660.0
19558,2025-03-21,5134,1018,4,2,420,0.0,420.0
19559,2025-03-15,5211,1009,2,10,4200,0.0,4200.0
19560,2025-05-15,5071,1025,3,4,1280,128.0,1152.0
19561,2025-01-14,5054,2014,2,18,7560,378.0,7182.0
19562,2025-05-27,5062,2039,3,14,4480,0.0,4480.0
19563,2025-01-21,5356,2023,4,6,1260,63.0,1197.0
19564,2025-01-08,5133,1016,1,24,12480,624.0,11856.0
19565,2025-06-18,5387,1021,1,4,2080,0.0,2080.0
19566,2025-03-13,5184,1016,3,19,6080,304.0,5776.0
19567,2025-01-14,5428,1028,4,18,3780,0.0,3780.0
19568,2025-01-07,5320,1055,3,8,2560,0.0,2560.0
19569,2025-01-17,5424,1025,1,12,6240,0.0,6240.0
19570,2025-03-05,5353,1049,1,24,12480,0.0,12480.0
19571,2025-05-06,5105,1029,2,12,5040,0.0,5040.0
19572,2025-05-22,5380,1019,1,14,7280,0.0,7280.0
19573,2025-06-30,5009,1047,2,11,4620,0.0,4620.0
19574,2025-04-05,5485,2026,1,24,12480,0.0,12480.0
19575,2025-02-20,5048,1001,1,16,8320,416.0,7904.0
19576,2025-02-14,5327,1001,2,18,7560,756.0,6804.0
19577,2025-04-03,5019,2005,3,6,1920,0.0,1920.0
19578,2025-02-17,5315,1016,2,2,840,0.0,840.0
19579,2025-01-29,5177,2036,4,4,840,84.0,756.0
19580,2025-04-27,5261,1042,1,17,8840,442.0,8398.0
19581,2025-02-15,5400,1035,4,5,1050,0.0,1050.0
19582,2025-04-24,5459,2023,3,18,5760,288.0,5472.0
19583,2025-06-03,5033,2019,4,17,3570,0.0,3570.0
19584,2025-03-15,5356,1041,1,24,12480,624.0,11856.0
19585,2025-01-01,5333,1052,1,17,8840,884.0,7956.0
19586,2025-05-20,5415,1001,4,19,3990,0.0,3990.0
19587,2025-04-07,5342,2007,2,17,7140,357.0,6783.0
19588,2025-02-25,5152,1027,1,17,8840,884.0,7956.0
19589,2025-01-14,5211,2004,4,8,1680,84.0,1596.0
19590,2025-02-22,5346,2028,1,2,1040,0.0,1040.0
19591,2025-06-14,5084,1056,2,15,6300,0.0,6300.0
19592,2025-02-10,5002,1003,1,10,5200,260.0,4940.0
19593,2025-01-11,5499,1049,4,9,1890,94.5,1795.5
19594,2025-05-03,5386,2002,3,6,1920,0.0,1920.0
19595,2025-03-01,5230,1041,4,5,1050,0.0,1050.0
19596,2025-04-30,5185,1014,3,4,1280,128.0,1152.0
19597,2025-02-15,5117,1054,4,4,840,0.0,840.0
19598,2025-06-23,5080,1022,2,17,7140,714.0,6426.0
19599,2025-06-30,5343,1027,3,2,640,0.0,640.0
19600,2025-02-16,5451,2013,3,21,6720,0.0,6720.0
19601,2025-02-26,5050,1043,1,18,9360,0.0,9360.0
19602,2025-06-24,5342,1024,1,7,3640,364.0,3276.0
19603,2025-02-24,5034,1019,1,3,1560,0.0,1560.0
19604,2025-05-17,5423,1023,2,24,10080,0.0,10080.0
19605,2025-04-01,5191,1026,3,19,6080,304.0,5776.0
19606,2025-04-21,5079,2017,4,11,2310,231.0,2079.0
19607,2025-01-08,5344,1059,3,21,6720,0.0,6720.0
19608,2025-03-22,5266,1001,1,11,5720,0.0,5720.0
19609,2025-01-21,5155,1044,3,6,1920,0.0,1920.0
19610,2025-02-18,5105,2021,1,13,6760,338.0,6422.0
19611,2025-02-27,5042,1020,1,5,2600,0.0,2600.0
19612,2025-03-02,5240,1043,4,21,4410,0.0,4410.0
19613,2025-01-13,5173,2019,2,22,9240,0.0,9240.0
19614,2025-03-13,5288,1001,2,21,8820,441.0,8379.0
19615,2025-05-27,5414,1006,3,6,1920,96.0,1824.0
19616,2025-01-23,5325,1041,3,25,8000,0.0,8000.0
19617,2025-06-07,5262,1054,2,16,6720,0.0,6720.0
19618,2025-01-12,5177,1007,1,12,6240,624.0,5616.0
19619,2025-03-11,5180,2001,3,18,5760,576.0,5184.0
19620,2025-06-02,5187,1016,4,4,840,0.0,840.0
19621,2025-02-24,5302,2018,3,24,7680,384.0,7296.0
19622,2025-06-20,5486,1011,3,23,7360,0.0,7360.0
19623,2025-06-10,5306,1003,3,17,5440,0.0,5440.0
19624,2025-05-15,5494,1055,1,12,6240,624.0,5616.0
19625,2025-01-12,5039,1028,3,11,3520,0.0,3520.0
19626,2025-01-15,5438,1020,1,10,5200,0.0,5200.0
19627,2025-03-03,5252,2036,2,2,840,42.0,798.0
19628,2025-02-01,5275,1057,4,10,2100,105.0,1995.0
19629,2025-06-23,5132,2010,1,18,9360,0.0,9360.0
19630,2025-02-18,5090,1015,3,15,4800,480.0,4320.0
19631,2025-04-14,5027,1038,2,23,9660,966.0,8694.0
19632,2025-05-13,5327,1026,4,24,5040,0.0,5040.0
19633,2025-06-14,5301,1042,4,22,4620,462.0,4158.0
19634,2025-05-28,5393,1023,4,4,840,84.0,756.0
19635,2025-04-24,5268,1049,1,24,12480,0.0,12480.0
19636,2025-01-04,5236,1025,3,24,7680,768.0,6912.0
19637,2025-01-28,5388,1045,3,19,6080,608.0,5472.0
19638,2025-03-12,5291,1028,1,2,1040,0.0,1040.0
19639,2025-04-05,5096,1044,4,17,3570,0.0,3570.0
19640,2025-02-02,5496,2037,4,10,2100,0.0,2100.0
19641,2025-01-10,5278,2004,1,21,10920,1092.0,9828.0
19642,2025-05-09,5263,1048,1,25,13000,0.0,13000.0
19643,2025-02-21,5436,2005,2,17,7140,714.0,6426.0
19644,2025-01-08,5255,2012,3,23,7360,736.0,6624.0
19645,2025-03-23,5297,2021,4,23,4830,241.5,4588.5
19646,2025-01-25,5245,2033,4,16,3360,336.0,3024.0
19647,2025-01-26,5268,2018,2,14,5880,0.0,5880.0
19648,2025-03-16,5105,1045,3,11,3520,352.0,3168.0
19649,2025-05-02,5465,2033,3,20,6400,640.0,5760.0
19650,2025-01-02,5260,1047,1,10,5200,520.0,4680.0
19651,2025-04-13,5267,1005,1,1,520,52.0,468.0
19652,2025-01-09,5077,2034,3,14,4480,0.0,4480.0
19653,2025-04-26,5102,1046,1,22,11440,1144.0,10296.0
19654,2025-02-03,5052,1041,4,21,4410,0.0,4410.0
19655,2025-06-08,5014,1018,2,25,10500,0.0,10500.0
19656,2025-03-26,5133,1028,1,15,7800,0.0,7800.0
19657,2025-03-26,5458,2012,1,5,2600,260.0,2340.0
19658,2025-02-26,5137,2010,4,2,420,42.0,378.0
19659,2025-05-16,5378,1007,2,18,7560,0.0,7560.0
19660,2025-04-14,5411,2019,4,21,4410,220.5,4189.5
19661,2025-04-04,5209,1017,4,14,2940,0.0,2940.0
19662,2025-06-24,5095,2017,1,15,7800,0.0,7800.0
19663,2025-01-26,5316,2024,1,1,520,26.0,494.0
19664,2025-03-01,5202,1031,1,18,9360,936.0,8424.0
19665,2025-04-22,5398,1007,1,17,8840,0.0,8840.0
19666,2025-02-22,5018,2014,3,9,2880,0.0,2880.0
19667,2025-06-09,5035,2033,4,20,4200,210.0,3990.0
19668,2025-05-12,5242,2030,4,19,3990,399.0,3591.0
19669,2025-02-24,5478,2024,4,14,2940,294.0,2646.0
19670,2025-05-03,5428,1005,3,21,6720,0.0,6720.0
19671,2025-05-20,5112,2026,4,10,2100,0.0,2100.0
19672,2025-01-23,5134,2029,3,23,7360,0.0,7360.0
19673,2025-02-04,5180,2008,1,18,9360,468.0,8892.0
19674,2025-04-12,5057,1010,1,15,7800,780.0,7020.0
19675,2025-01-06,5468,2009,1,17,8840,0.0,8840.0
19676,2025-01-21,5274,1055,4,6,1260,0.0,1260.0
19677,2025-01-06,5206,1014,3,23,7360,0.0,7360.0
19678,2025-03-30,5334,1012,1,2,1040,52.0,988.0
19679,2025-01-21,5257,2021,1,5,2600,260.0,2340.0
19680,2025-05-22,5009,2010,4,12,2520,0.0,2520.0
19681,2025-01-26,5072,1055,2,18,7560,756.0,6804.0
19682,2025-01-24,5077,1055,1,14,7280,0.0,7280.0
19683,2025-05-21,5385,1037,4,3,630,31.5,598.5
19684,2025-06-04,5500,1007,2,14,5880,0.0,5880.0
19685,2025-06-30,5009,1030,1,17,8840,0.0,8840.0
19686,2025-02-15,5490,1019,1,23,11960,1196.0,10764.0
19687,2025-06-11,5410,1018,1,17,8840,0.0,8840.0
19688,2025-03-21,5198,1021,3,10,3200,0.0,3200.0
19689,2025-05-07,5173,1051,4,20,4200,0.0,4200.0
19690,2025-04-08,5431,1034,3,23,7360,368.0,6992.0
19691,2025-03-28,5092,2029,1,2,1040,0.0,1040.0
19692,2025-06-23,5376,2021,1,20,10400,0.0,10400.0
19693,2025-06-05,5425,2006,1,2,1040,0.0,1040.0
19694,2025-02-27,5278,1022,4,23,4830,0.0,4830.0
19695,2025-06-17,5296,1042,2,9,3780,0.0,3780.0
19696,2025-06-29,5432,1001,3,10,3200,0.0,3200.0
19697,2025-06-11,5268,2014,3,4,1280,128.0,1152.0
19698,2025-01-05,5098,2031,3,4,1280,0.0,1280.0
19699,2025-03-01,5257,1014,1,8,4160,0.0,4160.0
19700,2025-06-18,5078,1055,2,12,5040,0.0,5040.0
19701,2025-04-30,5239,1021,1,9,4680,0.0,4680.0
19702,2025-05-13,5167,1010,4,22,4620,0.0,4620.0
19703,2025-04-07,5112,1026,2,17,7140,0.0,7140.0
19704,2025-01-07,5107,1060,1,4,2080,0.0,2080.0
19705,2025-01-23,5027,1001,3,25,8000,800.0,7200.0
19706,2025-06-30,5014,1011,3,20,6400,0.0,6400.0
19707,2025-01-25,5262,1059,1,11,5720,0.0,5720.0
19708,2025-06-13,5094,1058,2,1,420,0.0,420.0
19709,2025-03-12,5442,2013,2,15,6300,630.0,5670.0
19710,2025-06-02,5011,2013,2,25,10500,0.0,10500.0
19711,2025-04-06,5221,1020,2,10,4200,0.0,4200.0
19712,2025-01-17,5113,1022,2,5,2100,105.0,1995.0
19713,2025-05-13,5199,1053,3,19,6080,608.0,5472.0
19714,2025-06-10,5463,2020,2,19,7980,798.0,7182.0
19715,2025-05-22,5312,1012,4,1,210,10.5,199.5
19716,2025-03-29,5265,1023,3,7,2240,224.0,2016.0
19717,2025-02-25,5457,2025,1,17,8840,0.0,8840.0
19718,2025-02-26,5332,2022,3,24,7680,384.0,7296.0
19719,2025-03-11,5197,1045,2,16,6720,336.0,6384.0
19720,2025-06-17,5013,2014,2,8,3360,336.0,3024.0
19721,2025-02-18,5026,2021,3,24,7680,384.0,7296.0
19722,2025-05-01,5242,1013,4,25,5250,262.5,4987.5
19723,2025-06-25,5265,2009,4,16,3360,336.0,3024.0
19724,2025-02-17,5035,1021,2,6,2520,0.0,2520.0
19725,2025-05-04,5484,2036,1,4,2080,208.0,1872.0
19726,2025-03-06,5260,1031,4,8,1680,0.0,1680.0
19727,2025-06-27,5177,2039,2,24,10080,0.0,10080.0
19728,2025-06-23,5263,1060,3,9,2880,0.0,2880.0
19729,2025-04-13,5341,1007,3,1,320,0.0,320.0
19730,2025-02-15,5313,2004,4,21,4410,441.0,3969.0
19731,2025-01-03,5083,1013,4,24,5040,252.0,4788.0
19732,2025-05-13,5092,1031,3,12,3840,192.0,3648.0
19733,2025-01-24,5045,1005,4,2,420,42.0,378.0
19734,2025-01-16,5177,1055,1,6,3120,0.0,3120.0
19735,2025-05-12,5306,1002,4,16,3360,0.0,3360.0
19736,2025-01-10,5110,1058,4,5,1050,52.5,997.5
19737,2025-03-14,5110,2005,4,14,2940,0.0,2940.0
19738,2025-02-24,5411,1051,3,6,1920,0.0,1920.0
19739,2025-05-21,5046,2024,2,20,8400,0.0,8400.0
19740,2025-02-24,5283,1006,3,1,320,0.0,320.0
19741,2025-06-30,5138,1001,1,20,10400,520.0,9880.0
19742,2025-03-28,5173,1029,3,8,2560,256.0,2304.0
19743,2025-05-12,5243,2030,4,7,1470,0.0,1470.0
19744,2025-04-03,5270,2027,3,8,2560,0.0,2560.0
19745,2025-05-12,5249,1033,3,20,6400,320.0,6080.0
19746,2025-03-04,5067,1016,1,25,13000,0.0,13000.0
19747,2025-01-24,5288,1010,4,15,3150,0.0,3150.0
19748,2025-06-17,5451,1001,4,6,1260,126.0,1134.0
19749,2025-03-10,5175,1056,3,16,5120,512.0,4608.0
19750,2025-02-07,5228,2016,3,4,1280,64.0,1216.0
19751,2025-01-14,5214,1059,2,19,7980,0.0,7980.0
19752,2025-06-24,5294,2012,4,25,5250,262.5,4987.5
19753,2025-06-08,5028,1028,2,8,3360,0.0,3360.0
19754,2025-03-11,5249,1049,2,5,2100,0.0,2100.0
19755,2025-01-27,5295,1002,1,16,8320,0.0,8320.0
19756,2025-03-21,5223,1025,2,8,3360,0.0,3360.0
19757,2025-03-18,5385,1010,1,5,2600,0.0,2600.0
19758,2025-01-03,5226,1034,1,6,3120,0.0,3120.0
19759,2025-03-16,5422,2028,3,17,5440,0.0,5440.0
19760,2025-05-05,5066,1001,3,10,3200,160.0,3040.0
19761,2025-03-08,5074,1035,4,7,1470,147.0,1323.0
19762,2025-01-26,5248,2008,3,10,3200,160.0,3040.0
19763,2025-06-19,5470,1005,1,13,6760,676.0,6084.0
19764,2025-06-19,5251,1058,2,5,2100,0.0,2100.0
19765,2025-02-06,5207,1050,1,14,7280,728.0,6552.0
19766,2025-06-16,5251,1027,3,16,5120,256.0,4864.0
19767,2025-04-11,5219,2031,3,9,2880,0.0,2880.0
19768,2025-04-18,5368,2013,1,21,10920,1092.0,9828.0
19769,2025-01-16,5177,1038,2,10,4200,0.0,4200.0
19770,2025-04-19,5392,2033,1,12,6240,0.0,6240.0
19771,2025-06-09,5069,1045,3,17,5440,272.0,5168.0
19772,2025-06-08,5108,1020,4,16,3360,0.0,3360.0
19773,2025-04-17,5125,1047,3,2,640,64.0,576.0
19774,2025-02-18,5191,1029,4,23,4830,483.0,4347.0
19775,2025-04-18,5050,1024,4,23,4830,483.0,4347.0
19776,2025-01-12,5317,1010,3,5,1600,0.0,1600.0
19777,2025-03-28,5016,2018,1,25,13000,0.0,13000.0
19778,2025-03-24,5375,1035,2,8,3360,0.0,3360.0
19779,2025-01-02,5035,1027,1,8,4160,208.0,3952.0
19780,2025-01-02,5261,2003,2,7,2940,0.0,2940.0
19781,2025-03-18,5400,2033,3,3,960,48.0,912.0
19782,2025-04-19,5251,1008,1,13,6760,0.0,6760.0
19783,2025-02-27,5482,2026,1,3,1560,78.0,1482.0
19784,2025-01-09,5249,2016,2,5,2100,0.0,2100.0
19785,2025-06-05,5142,1058,3,14,4480,224.0,4256.0
19786,2025-06-22,5495,1058,2,3,1260,63.0,1197.0
19787,2025-02-12,5366,1026,1,16,8320,416.0,7904.0
19788,2025-06-08,5455,2035,3,24,7680,0.0,7680.0
19789,2025-04-03,5398,1018,1,25,13000,650.0,12350.0
19790,2025-05-12,5439,2029,4,22,4620,231.0,4389.0
19791,2025-06-06,5174,1053,4,12,2520,0.0,2520.0
19792,2025-01-04,5369,1047,3,24,7680,384.0,7296.0
19793,2025-03-01,5209,2003,1,4,2080,0.0,2080.0
19794,2025-06-07,5391,1021,1,24,12480,0.0,12480.0
19795,2025-05-24,5022,2005,4,19,3990,0.0,3990.0
19796,2025-05-26,5280,2012,3,22,7040,704.0,6336.0
19797,2025-03-18,5084,2008,3,16,5120,0.0,5120.0
19798,2025-02-03,5233,2014,1,22,11440,572.0,10868.0
19799,2025-03-13,5168,2015,1,1,520,0.0,520.0
19800,2025-03-04,5310,2004,1,25,13000,1300.0,11700.0
19801,2025-02-23,5377,1018,4,9,1890,0.0,1890.0
19802,2025-04-27,5039,1022,4,3,630,0.0,630.0
19803,2025-02-03,5024,2002,2,3,1260,63.0,1197.0
19804,2025-04-12,5429,1012,1,7,3640,0.0,3640.0
19805,2025-03-08,5205,2036,3,5,1600,0.0,1600.0
19806,2025-05-05,5332,1047,1,7,3640,0.0,3640.0
19807,2025-02-01,5045,1032,1,5,2600,0.0,2600.0
19808,2025-03-24,5038,1006,4,20,4200,0.0,4200.0
19809,2025-06-08,5080,1038,3,21,6720,0.0,6720.0
19810,2025-04-20,5037,1021,4,14,2940,0.0,2940.0
19811,2025-06-14,5002,1042,4,4,840,0.0,840.0
19812,2025-06-24,5020,1043,3,7,2240,0.0,2240.0
19813,2025-02-14,5056,1007,3,11,3520,0.0,3520.0
19814,2025-05-10,5383,1051,4,7,1470,0.0,1470.0
19815,2025-06-05,5468,1012,3,25,8000,400.0,7600.0
19816,2025-04-03,5382,1026,1,12,6240,312.0,5928.0
19817,2025-06-08,5241,1020,1,22,11440,0.0,11440.0
19818,2025-04-18,5043,1019,3,16,5120,0.0,5120.0
19819,2025-05-23,5358,1017,1,10,5200,0.0,5200.0
19820,2025-03-18,5407,2016,4,10,2100,105.0,1995.0
19821,2025-06-13,5141,1054,2,16,6720,0.0,6720.0
19822,2025-06-18,5182,1021,1,2,1040,0.0,1040.0
19823,2025-01-23,5266,2011,4,14,2940,147.0,2793.0
19824,2025-05-18,5274,1006,3,20,6400,0.0,6400.0
19825,2025-05-11,5169,1002,4,22,4620,462.0,4158.0
19826,2025-05-08,5479,1033,3,11,3520,0.0,3520.0
19827,2025-03-17,5284,2014,2,23,9660,966.0,8694.0
19828,2025-06-03,5463,2037,4,5,1050,0.0,1050.0
19829,2025-01-07,5397,2037,1,3,1560,78.0,1482.0
19830,2025-05-03,5490,1007,3,4,1280,128.0,1152.0
19831,2025-03-20,5449,1052,1,7,3640,364.0,3276.0
19832,2025-02-07,5143,2034,1,13,6760,0.0,6760.0
19833,2025-03-23,5458,1001,3,20,6400,0.0,6400.0
19834,2025-06-10,5127,2030,1,25,13000,0.0,13000.0
19835,2025-05-31,5150,2011,1,6,3120,0.0,3120.0
19836,2025-02-21,5179,2040,3,15,4800,480.0,4320.0
19837,2025-02-01,5453,1056,3,22,7040,0.0,7040.0
19838,2025-06-26,5401,2017,4,13,2730,0.0,2730.0
19839,2025-05-29,5293,2036,1,23,11960,598.0,11362.0
19840,2025-05-12,5392,1054,1,20,10400,0.0,10400.0
19841,2025-03-16,5079,2032,2,4,1680,0.0,1680.0
19842,2025-04-08,5457,2019,3,4,1280,0.0,1280.0
19843,2025-02-06,5245,2017,3,9,2880,144.0,2736.0
19844,2025-02-25,5389,2012,1,17,8840,442.0,8398.0
19845,2025-05-03,5358,1057,2,17,7140,714.0,6426.0
19846,2025-01-19,5185,2037,1,18,9360,936.0,8424.0
19847,2025-02-28,5323,1039,4,1,210,0.0,210.0
19848,2025-05-25,5318,1038,3,6,1920,192.0,1728.0
19849,2025-04-25,5424,1012,2,18,7560,0.0,7560.0
19850,2025-02-07,5239,2026,1,19,9880,0.0,9880.0
19851,2025-01-23,5473,1012,2,19,7980,0.0,7980.0
19852,2025-04-01,5281,2017,2,10,4200,0.0,4200.0
19853,2025-06-13,5389,2031,1,10,5200,0.0,5200.0
19854,2025-03-29,5476,1015,2,14,5880,0.0,5880.0
19855,2025-05-09,5065,1027,1,17,8840,0.0,8840.0
19856,2025-02-09,5436,1057,3,20,6400,0.0,6400.0
19857,2025-05-06,5009,1049,1,19,9880,494.0,9386.0
19858,2025-01-27,5052,1006,1,13,6760,0.0,6760.0
19859,2025-05-13,5468,1046,4,10,2100,0.0,2100.0
19860,2025-05-20,5128,2034,1,21,10920,0.0,10920.0
19861,2025-06-05,5362,2013,3,6,1920,96.0,1824.0
19862,2025-03-31,5391,2026,3,15,4800,480.0,4320.0
19863,2025-06-10,5500,2036,4,1,210,0.0,210.0
19864,2025-04-30,5110,1044,2,2,840,0.0,840.0
19865,2025-04-03,5046,2016,4,3,630,0.0,630.0
19866,2025-02-18,5092,2040,1,3,1560,78.0,1482.0
19867,2025-03-12,5143,2012,1,15,7800,0.0,7800.0
19868,2025-01-05,5273,1012,2,12,5040,0.0,5040.0
19869,2025-06-01,5085,2002,3,9,2880,288.0,2592.0
19870,2025-01-01,5229,1047,1,14,7280,364.0,6916.0
19871,2025-03-26,5218,2006,2,1,420,42.0,378.0
19872,2025-03-29,5317,2028,2,20,8400,0.0,8400.0
19873,2025-04-20,5022,1005,1,8,4160,0.0,4160.0
19874,2025-01-07,5122,2040,1,9,4680,468.0,4212.0
19875,2025-03-15,5096,1008,2,24,10080,1008.0,9072.0
19876,2025-04-08,5059,1053,4,1,210,10.5,199.5
19877,2025-02-24,5434,1030,2,14,5880,588.0,5292.0
19878,2025-04-12,5183,1045,1,21,10920,1092.0,9828.0
19879,2025-05-28,5038,2040,4,3,630,31.5,598.5
19880,2025-05-25,5310,2019,3,25,8000,0.0,8000.0
19881,2025-05-15,5368,2039,4,23,4830,241.5,4588.5
19882,2025-01-11,5413,1003,3,24,7680,0.0,7680.0
19883,2025-02-17,5440,2019,1,2,1040,104.0,936.0
19884,2025-01-12,5097,2019,3,15,4800,240.0,4560.0
19885,2025-05-13,5381,2005,4,19,3990,399.0,3591.0
19886,2025-05-01,5133,2035,3,10,3200,0.0,3200.0
19887,2025-03-16,5090,2015,4,7,1470,0.0,1470.0
19888,2025-01-27,5017,1014,3,11,3520,0.0,3520.0
19889,2025-04-23,5296,2035,3,5,1600,80.0,1520.0
19890,2025-01-28,5043,1026,2,11,4620,0.0,4620.0
19891,2025-06-06,5413,2015,1,3,1560,0.0,1560.0
19892,2025-01-25,5254,1052,2,21,8820,882.0,7938.0
19893,2025-04-05,5313,2016,2,21,8820,0.0,8820.0
19894,2025-05-08,5323,1020,2,21,8820,882.0,7938.0
19895,2025-05-02,5093,2026,2,5,2100,105.0,1995.0
19896,2025-03-19,5117,1024,1,6,3120,0.0,3120.0
19897,2025-05-26,5359,2002,3,23,7360,368.0,6992.0
19898,2025-06-08,5440,1040,2,14,5880,0.0,5880.0
19899,2025-05-31,5162,1006,2,9,3780,0.0,3780.0
19900,2025-01-11,5424,1041,4,8,1680,0.0,1680.0
19901,2025-01-20,5093,1030,3,1,320,0.0,320.0
19902,2025-04-09,5155,2028,1,23,11960,0.0,11960.0
19903,2025-02-11,5466,1057,1,5,2600,130.0,2470.0
19904,2025-01-16,5231,1034,2,9,3780,378.0,3402.0
19905,2025-05-05,5449,1012,4,20,4200,0.0,4200.0
19906,2025-04-10,5369,2001,3,15,4800,240.0,4560.0
19907,2025-02-25,5427,1021,3,2,640,64.0,576.0
19908,2025-02-01,5004,1010,3,15,4800,480.0,4320.0
19909,2025-05-02,5119,2019,4,2,420,21.0,399.0
19910,2025-04-19,5452,2025,2,24,10080,504.0,9576.0
19911,2025-01-17,5009,2023,1,23,11960,0.0,11960.0
19912,2025-01-12,5266,2006,4,13,2730,0.0,2730.0
19913,2025-03-24,5407,2019,4,2,420,0.0,420.0
19914,2025-03-18,5164,2027,2,9,3780,189.0,3591.0
19915,2025-04-09,5338,1043,2,14,5880,294.0,5586.0
19916,2025-05-28,5423,2007,1,23,11960,0.0,11960.0
19917,2025-05-13,5171,1014,4,15,3150,157.5,2992.5
19918,2025-01-06,5491,2001,3,3,960,48.0,912.0
19919,2025-05-11,5039,2022,2,1,420,42.0,378.0
19920,2025-06-05,5260,2024,3,20,6400,0.0,6400.0
19921,2025-06-08,5051,1017,1,19,9880,988.0,8892.0
19922,2025-03-11,5111,2003,4,23,4830,483.0,4347.0
19923,2025-02-08,5454,2020,1,15,7800,0.0,7800.0
19924,2025-04-08,5374,2006,4,9,1890,0.0,1890.0
19925,2025-02-08,5373,1025,3,10,3200,320.0,2880.0
19926,2025-02-19,5397,2039,2,7,2940,0.0,2940.0
19927,2025-04-15,5413,2002,1,6,3120,0.0,3120.0
19928,2025-06-15,5266,1045,1,4,2080,0.0,2080.0
19929,2025-04-16,5144,2018,1,15,7800,0.0,7800.0
19930,2025-05-15,5023,2033,1,7,3640,364.0,3276.0
19931,2025-02-08,5031,1001,1,23,11960,0.0,11960.0
19932,2025-04-13,5309,2038,1,23,11960,0.0,11960.0
19933,2025-05-07,5106,2017,3,15,4800,240.0,4560.0
19934,2025-04-30,5411,2019,3,9,2880,0.0,2880.0
19935,2025-06-08,5421,2006,4,8,1680,0.0,1680.0
19936,2025-04-03,5315,1032,1,16,8320,832.0,7488.0
19937,2025-06-16,5252,1027,3,3,960,0.0,960.0
19938,2025-03-27,5277,2034,1,2,1040,104.0,936.0
19939,2025-04-06,5198,1038,1,10,5200,520.0,4680.0
19940,2025-06-29,5149,2003,2,21,8820,0.0,8820.0
19941,2025-04-08,5382,2035,1,11,5720,286.0,5434.0
19942,2025-01-22,5018,2039,3,2,640,64.0,576.0
19943,2025-02-15,5190,1058,4,23,4830,241.5,4588.5
19944,2025-06-24,5002,1042,3,12,3840,0.0,3840.0
19945,2025-03-07,5231,1006,3,9,2880,0.0,2880.0
19946,2025-06-18,5365,2018,4,8,1680,168.0,1512.0
19947,2025-05-20,5281,1027,4,11,2310,0.0,2310.0
19948,2025-06-20,5233,2020,2,22,9240,462.0,8778.0
19949,2025-01-22,5364,1015,1,7,3640,0.0,3640.0
19950,2025-06-07,5353,2036,3,25,8000,800.0,7200.0
19951,2025-03-01,5150,1017,2,2,840,0.0,840.0
19952,2025-05-05,5029,1043,4,9,1890,189.0,1701.0
19953,2025-04-05,5344,2040,3,1,320,0.0,320.0
19954,2025-01-09,5486,2019,2,20,8400,0.0,8400.0
19955,2025-01-22,5451,2027,2,18,7560,0.0,7560.0
19956,2025-05-04,5476,2006,3,18,5760,0.0,5760.0
19957,2025-03-10,5350,1058,1,2,1040,0.0,1040.0
19958,2025-01-27,5490,2004,1,1,520,52.0,468.0
19959,2025-01-20,5261,1014,2,2,840,0.0,840.0
19960,2025-01-14,5166,1031,1,9,4680,0.0,4680.0
19961,2025-03-08,5006,1058,1,22,11440,0.0,11440.0
19962,2025-04-28,5363,1044,2,19,7980,0.0,7980.0
19963,2025-01-12,5056,2011,3,17,5440,544.0,4896.0
19964,2025-04-02,5247,2030,1,23,11960,0.0,11960.0
19965,2025-02-10,5006,2010,2,12,5040,0.0,5040.0
19966,2025-05-12,5293,2037,3,1,320,0.0,320.0
19967,2025-02-19,5308,2036,4,6,1260,0.0,1260.0
19968,2025-02-20,5219,2014,4,9,1890,189.0,1701.0
19969,2025-03-19,5264,1045,4,18,3780,0.0,3780.0
19970,2025-03-01,5104,1003,1,12,6240,0.0,6240.0
19971,2025-06-24,5340,2006,4,11,2310,231.0,2079.0
19972,2025-06-01,5284,2031,1,7,3640,0.0,3640.0
19973,2025-04-20,5120,1007,3,5,1600,0.0,1600.0
19974,2025-04-30,5384,2022,4,9,1890,94.5,1795.5
19975,2025-05-01,5134,2019,1,10,5200,0.0,5200.0
19976,2025-01-04,5416,2035,4,11,2310,0.0,2310.0
19977,2025-03-02,5015,1059,4,13,2730,0.0,2730.0
19978,2025-04-18,5432,1018,4,17,3570,178.5,3391.5
19979,2025-05-20,5181,2017,3,9,2880,288.0,2592.0
19980,2025-04-30,5261,2033,3,1,320,32.0,288.0
19981,2025-03-09,5022,2007,3,21,6720,672.0,6048.0
19982,2025-01-20,5369,2027,1,6,3120,0.0,3120.0
19983,2025-05-19,5405,1051,3,22,7040,0.0,7040.0
19984,2025-01-09,5329,1013,4,15,3150,0.0,3150.0
19985,2025-02-27,5011,2024,4,6,1260,126.0,1134.0
19986,2025-02-14,5121,1035,1,20,10400,1040.0,9360.0
19987,2025-05-25,5107,1013,4,16,3360,0.0,3360.0
19988,2025-05-13,5088,1005,2,23,9660,483.0,9177.0
19989,2025-05-28,5445,1041,2,4,1680,168.0,1512.0
19990,2025-01-05,5091,1007,1,16,8320,416.0,7904.0
19991,2025-01-25,5436,2036,2,2,840,0.0,840.0
19992,2025-06-05,5410,1040,1,7,3640,0.0,3640.0
19993,2025-02-17,5490,1012,4,2,420,0.0,420.0
19994,2025-04-18,5415,2017,4,6,1260,0.0,1260.0
19995,2025-03-16,5069,1008,3,2,640,0.0,640.0
19996,2025-01-22,5347,2024,4,1,210,21.0,189.0
19997,2025-01-05,5252,2024,3,21,6720,0.0,6720.0
19998,2025-05-19,5235,1046,4,4,840,0.0,840.0
19999,2025-05-26,5272,1006,1,15,7800,0.0,7800.0
20000,2025-03-15,5138,1034,3,14,4480,224.0,4256.0
