id_oportunidade,cliente_id,vendedor_id,data_abertura,valor_estimado,linha,status
1,5141,1022,2025-06-06,13445,Strong,Perdido
2,5195,1007,2025-01-14,3825,Epikut,Fechado ganho
3,5350,2028,2025-03-06,20548,Unitite,Proposta
4,5004,1009,2025-04-22,11207,Unitite,Perdido
5,5372,1052,2025-05-17,25348,Tryon,Fechado ganho
6,5397,1015,2025-03-15,12809,Strong,Negociação
7,5474,1024,2025-02-17,10394,Tryon,Fechado ganho
8,5225,1051,2025-06-06,27222,Epikut,Perdido
9,5046,2007,2025-03-25,5295,Strong,Perdido
10,5175,1030,2025-01-14,3074,Epikut,Proposta
11,5411,2003,2025-02-04,25419,Epikut,Fechado ganho
12,5197,1011,2025-05-04,2180,Unitite,Negociação
13,5153,2032,2025-02-09,28089,Epikut,Fechado ganho
14,5339,1024,2025-06-07,3189,Tryon,Negociação
15,5425,1018,2025-06-27,23751,Strong,Negociação
16,5331,2006,2025-05-06,28509,Strong,Perdido
17,5009,1003,2025-06-27,28870,Epikut,Perdido
18,5244,1008,2025-05-29,25748,Tryon,Negociação
19,5095,2031,2025-06-04,7214,Tryon,Perdido
20,5295,1053,2025-05-07,9489,Tryon,Perdido
21,5161,1042,2025-03-29,17997,Epikut,Fechado ganho
22,5019,1029,2025-02-22,3550,Tryon,Fechado ganho
23,5266,1050,2025-06-28,26684,Epikut,Negociação
24,5200,1004,2025-04-08,15322,Tryon,Proposta
25,5407,1023,2025-05-07,6469,Tryon,Proposta
26,5264,2004,2025-03-16,7586,Tryon,Fechado ganho
27,5228,1013,2025-04-01,8058,Epikut,Fechado ganho
28,5184,2031,2025-02-07,6954,Unitite,Proposta
29,5015,1017,2025-03-14,20774,Tryon,Fechado ganho
30,5116,1017,2025-06-17,14652,Strong,Negociação
31,5078,2025,2025-01-24,23524,Strong,Perdido
32,5420,2031,2025-02-01,14978,Unitite,Proposta
33,5409,1020,2025-05-21,20444,Tryon,Proposta
34,5012,1050,2025-01-22,9248,Tryon,Perdido
35,5473,2021,2025-03-18,15043,Epikut,Fechado ganho
36,5028,2038,2025-02-13,21143,Strong,Proposta
37,5299,1027,2025-02-11,16241,Strong,Fechado ganho
38,5338,1048,2025-06-20,17050,Strong,Proposta
39,5472,1004,2025-03-10,16859,Strong,Proposta
40,5233,2036,2025-03-05,20146,Epikut,Perdido
41,5274,1046,2025-04-02,16054,Epikut,Negociação
42,5229,1059,2025-03-07,15955,Tryon,Fechado ganho
43,5401,1012,2025-05-05,7050,Strong,Proposta
44,5388,2032,2025-01-14,8969,Epikut,Fechado ganho
45,5260,1017,2025-02-28,2183,Tryon,Fechado ganho
46,5080,2012,2025-05-19,18000,Strong,Negociação
47,5409,1044,2025-02-19,10040,Tryon,Proposta
48,5144,2004,2025-03-10,18638,Epikut,Perdido
49,5023,1017,2025-02-20,11966,Unitite,Negociação
50,5233,1037,2025-06-13,27992,Unitite,Negociação
51,5065,1033,2025-04-20,11853,Epikut,Negociação
52,5034,1047,2025-04-01,10863,Tryon,Proposta
53,5098,1046,2025-01-16,12088,Tryon,Proposta
54,5150,2012,2025-06-13,7757,Unitite,Fechado ganho
55,5065,1044,2025-05-31,9712,Tryon,Negociação
56,5312,1005,2025-05-03,11519,Unitite,Perdido
57,5025,1049,2025-05-11,29710,Strong,Negociação
58,5492,1053,2025-04-10,26096,Epikut,Fechado ganho
59,5437,1051,2025-05-13,21733,Tryon,Perdido
60,5022,1014,2025-02-07,17397,Epikut,Negociação
61,5359,2016,2025-06-27,29181,Tryon,Perdido
62,5439,1004,2025-06-01,17973,Epikut,Perdido
63,5431,2030,2025-04-07,16784,Epikut,Fechado ganho
64,5303,2004,2025-06-15,15084,Unitite,Perdido
65,5439,1041,2025-05-30,4409,Strong,Perdido
66,5030,1028,2025-05-08,26684,Epikut,Perdido
67,5084,1052,2025-03-29,19657,Epikut,Perdido
68,5201,1043,2025-05-31,23168,Strong,Perdido
69,5313,1037,2025-05-01,7233,Epikut,Proposta
70,5266,2039,2025-06-26,26677,Strong,Proposta
71,5197,1036,2025-04-05,19462,Tryon,Negociação
72,5442,1031,2025-02-13,6802,Tryon,Fechado ganho
73,5117,2035,2025-04-20,14800,Unitite,Negociação
74,5223,2011,2025-06-03,6221,Epikut,Fechado ganho
75,5215,1043,2025-04-10,16721,Strong,Perdido
76,5206,2024,2025-06-25,3031,Unitite,Proposta
77,5135,1055,2025-05-31,18315,Epikut,Fechado ganho
78,5147,1019,2025-04-20,2506,Unitite,Fechado ganho
79,5004,2007,2025-06-20,3260,Epikut,Fechado ganho
80,5258,1001,2025-05-14,28114,Epikut,Fechado ganho
81,5381,1032,2025-05-09,20711,Unitite,Proposta
82,5005,2034,2025-03-05,2007,Unitite,Perdido
83,5033,1049,2025-01-15,6030,Strong,Proposta
84,5246,1002,2025-03-31,18098,Tryon,Proposta
85,5205,2021,2025-06-10,24544,Unitite,Proposta
86,5074,1004,2025-05-10,18492,Strong,Perdido
87,5486,2033,2025-01-31,24143,Strong,Negociação
88,5319,2013,2025-06-16,9215,Strong,Negociação
89,5095,1032,2025-01-03,25888,Tryon,Perdido
90,5430,2014,2025-01-08,13752,Strong,Fechado ganho
91,5134,1029,2025-05-28,27765,Unitite,Fechado ganho
92,5456,1040,2025-02-21,26129,Strong,Fechado ganho
93,5257,1029,2025-05-23,9344,Strong,Proposta
94,5184,1009,2025-06-05,17989,Epikut,Negociação
95,5413,1035,2025-01-01,27414,Tryon,Proposta
96,5479,2038,2025-03-08,7175,Epikut,Perdido
97,5457,1010,2025-02-25,16165,Tryon,Fechado ganho
98,5420,1030,2025-01-10,14638,Epikut,Fechado ganho
99,5013,1041,2025-01-15,4775,Tryon,Fechado ganho
100,5231,1003,2025-02-28,23941,Epikut,Fechado ganho
101,5406,1046,2025-01-10,27902,Tryon,Negociação
102,5109,2030,2025-06-28,11347,Strong,Negociação
103,5234,1034,2025-02-12,2089,Unitite,Negociação
104,5088,2012,2025-04-28,12411,Epikut,Perdido
105,5217,2032,2025-01-20,18918,Epikut,Proposta
106,5160,1015,2025-02-22,15320,Strong,Fechado ganho
107,5276,2016,2025-02-19,18336,Unitite,Fechado ganho
108,5231,1048,2025-02-13,23615,Unitite,Fechado ganho
109,5279,2032,2025-01-23,28187,Epikut,Negociação
110,5478,1023,2025-03-05,26265,Unitite,Perdido
111,5154,1057,2025-01-29,27487,Tryon,Proposta
112,5402,1004,2025-02-25,29578,Unitite,Proposta
113,5305,1005,2025-06-18,4086,Tryon,Proposta
114,5332,2035,2025-06-19,12799,Epikut,Perdido
115,5329,2037,2025-06-01,7597,Epikut,Fechado ganho
116,5373,1015,2025-05-26,28983,Epikut,Proposta
117,5190,1023,2025-04-18,11482,Unitite,Proposta
118,5124,2002,2025-02-08,26949,Strong,Proposta
119,5404,1006,2025-05-28,17851,Tryon,Proposta
120,5073,1032,2025-03-28,20738,Tryon,Proposta
121,5390,1060,2025-06-08,25279,Strong,Proposta
122,5463,2023,2025-01-15,21907,Tryon,Perdido
123,5489,2020,2025-04-11,18910,Tryon,Proposta
124,5116,2015,2025-02-23,28387,Strong,Negociação
125,5050,1006,2025-04-26,17109,Tryon,Perdido
126,5295,1052,2025-05-13,17910,Epikut,Proposta
127,5056,1031,2025-01-29,21683,Strong,Negociação
128,5111,1010,2025-05-22,9271,Epikut,Fechado ganho
129,5287,1006,2025-04-28,3005,Tryon,Fechado ganho
130,5265,1008,2025-06-26,6556,Strong,Fechado ganho
131,5160,1040,2025-02-27,27653,Unitite,Perdido
132,5394,1060,2025-03-10,21111,Epikut,Perdido
133,5365,2016,2025-04-15,13971,Tryon,Proposta
134,5409,2015,2025-05-02,10274,Epikut,Fechado ganho
135,5469,2034,2025-03-06,15596,Tryon,Proposta
136,5017,2004,2025-05-23,21668,Unitite,Negociação
137,5211,2031,2025-04-05,22369,Epikut,Perdido
138,5234,2033,2025-02-05,26577,Strong,Negociação
139,5092,2011,2025-06-13,6874,Epikut,Negociação
140,5049,2038,2025-01-13,5721,Epikut,Fechado ganho
141,5214,2002,2025-05-14,9282,Epikut,Negociação
142,5119,1038,2025-05-06,21669,Epikut,Proposta
143,5458,1018,2025-01-24,9500,Epikut,Proposta
144,5041,1057,2025-06-23,25700,Tryon,Negociação
145,5297,1022,2025-03-17,16590,Epikut,Negociação
146,5401,2008,2025-02-24,9703,Tryon,Fechado ganho
147,5337,2005,2025-03-07,27266,Strong,Proposta
148,5091,1023,2025-02-03,24854,Strong,Proposta
149,5425,2024,2025-02-01,26239,Epikut,Fechado ganho
150,5374,2016,2025-04-23,17998,Tryon,Proposta
151,5004,1034,2025-06-22,8243,Unitite,Proposta
152,5333,1027,2025-03-30,25184,Unitite,Proposta
153,5498,1022,2025-05-14,4851,Unitite,Perdido
154,5283,2003,2025-03-27,25534,Tryon,Proposta
155,5227,2012,2025-01-10,24074,Unitite,Fechado ganho
156,5371,2002,2025-02-04,24924,Epikut,Fechado ganho
157,5485,1041,2025-02-25,17074,Strong,Negociação
158,5152,1047,2025-01-18,5428,Epikut,Perdido
159,5303,2016,2025-01-14,14252,Tryon,Fechado ganho
160,5249,1055,2025-04-05,6590,Unitite,Perdido
161,5095,2007,2025-05-22,15352,Tryon,Fechado ganho
162,5365,1010,2025-02-07,23470,Epikut,Perdido
163,5135,1054,2025-05-10,12168,Tryon,Negociação
164,5174,2025,2025-05-21,15614,Epikut,Negociação
165,5238,1035,2025-04-08,23739,Unitite,Negociação
166,5021,1052,2025-02-03,14759,Unitite,Negociação
167,5378,2005,2025-03-17,12059,Unitite,Perdido
168,5031,1029,2025-04-30,13016,Unitite,Negociação
169,5010,1012,2025-02-08,15082,Strong,Negociação
170,5097,1001,2025-02-06,12281,Strong,Proposta
171,5494,2018,2025-06-17,26102,Unitite,Perdido
172,5119,2021,2025-01-05,25078,Unitite,Negociação
173,5233,2026,2025-02-25,27458,Epikut,Perdido
174,5004,1043,2025-04-22,17936,Unitite,Fechado ganho
175,5268,1007,2025-05-08,4769,Strong,Fechado ganho
176,5269,2022,2025-03-22,3105,Epikut,Proposta
177,5229,1023,2025-03-30,28444,Unitite,Fechado ganho
178,5435,2032,2025-01-02,23962,Epikut,Proposta
179,5467,1042,2025-02-17,8171,Epikut,Negociação
180,5232,1021,2025-03-12,3735,Strong,Negociação
181,5445,2004,2025-06-10,23343,Unitite,Negociação
182,5112,1060,2025-02-02,11695,Strong,Negociação
183,5074,1024,2025-03-18,21781,Epikut,Negociação
184,5090,2006,2025-05-28,25349,Tryon,Proposta
185,5257,1045,2025-06-05,9063,Unitite,Fechado ganho
186,5172,1055,2025-06-13,17754,Tryon,Proposta
187,5061,1026,2025-01-05,4134,Unitite,Proposta
188,5442,1011,2025-04-07,25041,Strong,Negociação
189,5318,1057,2025-05-26,24855,Epikut,Negociação
190,5488,2040,2025-06-22,23473,Unitite,Perdido
191,5497,2009,2025-05-23,24837,Tryon,Perdido
192,5148,1059,2025-02-06,24726,Tryon,Negociação
193,5247,1020,2025-04-18,11039,Strong,Perdido
194,5463,2008,2025-02-07,25974,Tryon,Fechado ganho
195,5368,1055,2025-03-28,25108,Strong,Proposta
196,5286,1032,2025-05-10,12938,Epikut,Negociação
197,5043,1040,2025-02-02,15693,Strong,Perdido
198,5141,1012,2025-03-23,10047,Tryon,Fechado ganho
199,5234,1040,2025-05-07,8402,Tryon,Perdido
200,5462,1018,2025-04-07,21041,Strong,Fechado ganho
201,5241,2032,2025-02-22,12750,Tryon,Negociação
202,5205,1028,2025-05-04,18377,Epikut,Proposta
203,5282,2027,2025-05-02,27827,Strong,Perdido
204,5433,2021,2025-02-04,21077,Tryon,Perdido
205,5453,2026,2025-06-12,24473,Strong,Negociação
206,5226,1050,2025-03-07,23221,Tryon,Proposta
207,5193,1020,2025-03-19,26023,Tryon,Perdido
208,5007,1008,2025-04-30,8693,Strong,Negociação
209,5026,2026,2025-04-19,3768,Epikut,Proposta
210,5332,2031,2025-01-02,8139,Tryon,Perdido
211,5064,1022,2025-05-09,7141,Strong,Fechado ganho
212,5090,2028,2025-04-23,22884,Epikut,Fechado ganho
213,5060,1025,2025-04-24,19848,Strong,Fechado ganho
214,5096,1034,2025-02-14,25005,Unitite,Perdido
215,5439,2038,2025-02-13,25248,Unitite,Fechado ganho
216,5419,1038,2025-02-18,6546,Unitite,Perdido
217,5059,1016,2025-04-10,13727,Strong,Negociação
218,5087,1025,2025-05-24,23926,Unitite,Perdido
219,5049,1001,2025-06-18,5770,Strong,Perdido
220,5256,2005,2025-06-11,9026,Strong,Proposta
221,5390,1039,2025-02-21,19161,Tryon,Fechado ganho
222,5407,1053,2025-01-12,8246,Strong,Perdido
223,5383,1031,2025-01-05,9979,Epikut,Negociação
224,5478,1040,2025-05-09,22276,Unitite,Perdido
225,5470,1025,2025-02-10,9919,Epikut,Fechado ganho
226,5115,1036,2025-06-21,7963,Unitite,Perdido
227,5358,1001,2025-04-25,3879,Tryon,Proposta
228,5438,1033,2025-04-09,22673,Strong,Fechado ganho
229,5317,1018,2025-01-30,29816,Strong,Proposta
230,5402,1005,2025-04-15,8665,Tryon,Proposta
231,5315,1048,2025-05-09,27616,Epikut,Perdido
232,5091,1012,2025-05-10,22315,Strong,Fechado ganho
233,5213,2037,2025-06-13,20160,Unitite,Proposta
234,5117,1036,2025-06-10,15922,Epikut,Negociação
235,5137,1045,2025-03-06,13111,Unitite,Perdido
236,5422,2012,2025-04-03,24376,Tryon,Perdido
237,5198,2001,2025-03-21,23801,Epikut,Negociação
238,5308,1040,2025-03-18,11460,Epikut,Perdido
239,5270,2024,2025-02-10,22236,Epikut,Negociação
240,5364,2029,2025-06-02,27066,Unitite,Fechado ganho
241,5367,2028,2025-02-26,3715,Unitite,Fechado ganho
242,5428,1051,2025-04-29,2718,Epikut,Fechado ganho
243,5149,2031,2025-06-27,27246,Unitite,Fechado ganho
244,5415,1003,2025-05-11,13900,Strong,Fechado ganho
245,5111,1060,2025-03-04,26546,Unitite,Fechado ganho
246,5183,2021,2025-03-30,23613,Epikut,Perdido
247,5464,1042,2025-03-28,27546,Tryon,Negociação
248,5213,2030,2025-03-21,19816,Epikut,Negociação
249,5002,2001,2025-01-28,15483,Strong,Perdido
250,5410,2009,2025-05-03,29158,Tryon,Perdido
251,5154,2007,2025-05-01,7609,Epikut,Proposta
252,5203,1044,2025-06-14,27323,Strong,Fechado ganho
253,5319,2008,2025-02-05,4166,Unitite,Fechado ganho
254,5395,2003,2025-06-23,5724,Tryon,Fechado ganho
255,5024,2012,2025-02-16,15591,Strong,Proposta
256,5444,1009,2025-05-02,18700,Unitite,Fechado ganho
257,5017,2023,2025-03-27,20658,Epikut,Negociação
258,5482,1033,2025-01-27,23116,Tryon,Perdido
259,5138,1055,2025-06-22,21300,Tryon,Proposta
260,5267,2019,2025-03-06,29153,Strong,Negociação
261,5237,1004,2025-05-21,6474,Strong,Negociação
262,5388,1001,2025-02-11,17391,Epikut,Perdido
263,5167,1045,2025-03-09,21536,Tryon,Negociação
264,5459,1034,2025-05-17,25624,Strong,Fechado ganho
265,5145,1036,2025-06-23,19068,Epikut,Negociação
266,5160,2034,2025-04-14,24278,Strong,Fechado ganho
267,5217,1042,2025-02-14,18517,Epikut,Fechado ganho
268,5150,2017,2025-03-20,13185,Strong,Proposta
269,5445,2007,2025-01-29,26969,Epikut,Fechado ganho
270,5270,2028,2025-06-11,23210,Strong,Proposta
271,5260,1009,2025-06-24,16997,Tryon,Negociação
272,5291,1045,2025-06-18,22239,Unitite,Perdido
273,5304,1046,2025-05-15,26716,Strong,Perdido
274,5330,2033,2025-01-12,20564,Tryon,Proposta
275,5113,1015,2025-06-21,25385,Epikut,Proposta
276,5428,2018,2025-06-11,6522,Epikut,Perdido
277,5069,2034,2025-02-13,3136,Unitite,Proposta
278,5371,2036,2025-05-21,6018,Strong,Fechado ganho
279,5448,2039,2025-05-25,13651,Epikut,Proposta
280,5123,2031,2025-03-17,8953,Unitite,Negociação
281,5372,1007,2025-02-09,3698,Epikut,Fechado ganho
282,5349,1023,2025-01-27,25586,Tryon,Negociação
283,5179,2008,2025-01-16,25503,Unitite,Perdido
284,5108,1021,2025-06-16,11910,Tryon,Negociação
285,5467,1047,2025-03-29,14431,Strong,Negociação
286,5227,1049,2025-02-03,24858,Epikut,Perdido
287,5469,1021,2025-03-16,14820,Strong,Proposta
288,5144,2040,2025-03-14,14827,Epikut,Proposta
289,5200,1010,2025-05-09,3931,Epikut,Perdido
290,5441,2014,2025-03-22,28337,Strong,Perdido
291,5150,1016,2025-05-22,9928,Epikut,Negociação
292,5458,1012,2025-01-18,11502,Tryon,Fechado ganho
293,5231,1046,2025-06-02,2163,Tryon,Negociação
294,5389,1022,2025-05-27,3277,Unitite,Fechado ganho
295,5130,2037,2025-02-07,20038,Epikut,Negociação
296,5370,1010,2025-06-04,20397,Unitite,Negociação
297,5002,2009,2025-05-02,12935,Unitite,Perdido
298,5005,1052,2025-06-17,17799,Epikut,Perdido
299,5216,2034,2025-03-25,15991,Strong,Proposta
300,5257,1033,2025-01-02,8607,Strong,Negociação
301,5234,2018,2025-01-02,20464,Epikut,Perdido
302,5143,1040,2025-03-01,10948,Epikut,Perdido
303,5179,2026,2025-01-06,25943,Strong,Negociação
304,5278,1003,2025-03-27,11357,Unitite,Perdido
305,5149,2008,2025-03-30,19812,Unitite,Negociação
306,5473,2006,2025-02-04,7568,Strong,Fechado ganho
307,5455,1036,2025-04-26,18089,Tryon,Negociação
308,5081,1010,2025-06-02,20639,Tryon,Proposta
309,5338,1019,2025-02-06,28941,Strong,Perdido
310,5176,1024,2025-01-16,11572,Unitite,Proposta
311,5312,1049,2025-02-26,15970,Unitite,Fechado ganho
312,5204,1034,2025-02-02,20786,Tryon,Perdido
313,5347,1055,2025-04-14,12542,Strong,Fechado ganho
314,5065,1046,2025-04-26,26902,Tryon,Fechado ganho
315,5170,1024,2025-06-01,21006,Tryon,Proposta
316,5225,1055,2025-02-03,23918,Unitite,Negociação
317,5169,2006,2025-05-23,20185,Unitite,Perdido
318,5319,1044,2025-05-14,19287,Strong,Proposta
319,5183,1007,2025-02-25,23042,Strong,Perdido
320,5471,1053,2025-04-21,28453,Tryon,Negociação
321,5410,1021,2025-03-18,28313,Unitite,Proposta
322,5236,1044,2025-01-21,17134,Unitite,Negociação
323,5393,2008,2025-04-04,13304,Unitite,Proposta
324,5028,2007,2025-05-31,25848,Tryon,Fechado ganho
325,5267,1037,2025-03-28,3801,Tryon,Perdido
326,5270,1025,2025-05-21,24798,Unitite,Proposta
327,5065,1022,2025-01-03,15552,Epikut,Perdido
328,5395,1016,2025-04-20,10017,Epikut,Proposta
329,5312,2018,2025-06-14,14273,Tryon,Proposta
330,5233,1022,2025-03-29,26156,Unitite,Proposta
331,5368,2012,2025-05-07,2527,Tryon,Negociação
332,5321,2021,2025-06-01,2005,Strong,Fechado ganho
333,5340,2009,2025-03-26,16848,Strong,Fechado ganho
334,5387,1031,2025-03-30,29749,Strong,Perdido
335,5072,1045,2025-03-15,12055,Strong,Negociação
336,5102,1046,2025-04-18,23033,Tryon,Proposta
337,5330,2025,2025-05-27,14327,Tryon,Perdido
338,5281,1001,2025-06-05,9786,Strong,Proposta
339,5418,2033,2025-03-27,5898,Epikut,Proposta
340,5071,1059,2025-05-03,11063,Epikut,Perdido
341,5500,2008,2025-04-15,15368,Epikut,Perdido
342,5012,1049,2025-06-21,16125,Unitite,Proposta
343,5011,1051,2025-02-21,23081,Strong,Proposta
344,5354,1043,2025-02-03,11062,Strong,Perdido
345,5402,1008,2025-02-21,19274,Tryon,Negociação
346,5382,1053,2025-05-02,16513,Strong,Perdido
347,5370,1039,2025-01-12,13400,Unitite,Proposta
348,5481,2008,2025-01-11,14859,Epikut,Fechado ganho
349,5034,2010,2025-02-02,25323,Tryon,Perdido
350,5021,1057,2025-05-19,23963,Tryon,Fechado ganho
351,5362,1022,2025-03-06,15195,Unitite,Fechado ganho
352,5308,1028,2025-06-17,11133,Tryon,Proposta
353,5500,1024,2025-01-19,9696,Unitite,Negociação
354,5064,2025,2025-06-27,24300,Unitite,Proposta
355,5197,2019,2025-05-11,4175,Tryon,Perdido
356,5405,1031,2025-05-11,11369,Epikut,Fechado ganho
357,5235,1031,2025-05-07,2434,Epikut,Fechado ganho
358,5042,2015,2025-04-16,26742,Epikut,Perdido
359,5347,2006,2025-04-30,11386,Strong,Negociação
360,5152,1050,2025-01-08,19278,Strong,Fechado ganho
361,5454,1020,2025-04-26,26345,Tryon,Proposta
362,5179,2007,2025-01-11,2079,Tryon,Proposta
363,5151,1057,2025-05-26,15772,Strong,Fechado ganho
364,5082,1040,2025-03-27,3843,Tryon,Fechado ganho
365,5281,2040,2025-06-27,3318,Tryon,Fechado ganho
366,5207,2029,2025-04-07,29546,Epikut,Fechado ganho
367,5286,1029,2025-06-05,7406,Epikut,Proposta
368,5216,1019,2025-04-03,13548,Epikut,Negociação
369,5485,2018,2025-06-24,8626,Strong,Fechado ganho
370,5442,2016,2025-05-12,13903,Tryon,Fechado ganho
371,5157,1017,2025-05-21,13857,Strong,Perdido
372,5350,2035,2025-03-28,3407,Epikut,Proposta
373,5430,1020,2025-02-10,3655,Tryon,Proposta
374,5348,1048,2025-04-05,13070,Strong,Negociação
375,5444,1044,2025-03-24,10730,Tryon,Proposta
376,5043,1059,2025-02-16,20246,Epikut,Perdido
377,5106,2007,2025-05-09,24422,Unitite,Negociação
378,5254,2012,2025-03-07,24294,Tryon,Negociação
379,5463,1038,2025-03-17,2570,Unitite,Negociação
380,5166,1045,2025-05-02,9156,Unitite,Perdido
381,5361,1026,2025-02-19,15612,Epikut,Negociação
382,5016,2032,2025-05-25,25500,Epikut,Perdido
383,5326,2019,2025-02-18,22764,Tryon,Proposta
384,5109,1023,2025-01-17,2348,Unitite,Fechado ganho
385,5063,1038,2025-01-15,22430,Strong,Fechado ganho
386,5377,2009,2025-01-03,7103,Strong,Fechado ganho
387,5282,2021,2025-06-06,6063,Unitite,Proposta
388,5038,2027,2025-01-17,29659,Epikut,Negociação
389,5111,2017,2025-05-14,16678,Tryon,Fechado ganho
390,5181,1035,2025-05-25,21776,Epikut,Fechado ganho
391,5361,1031,2025-04-10,3529,Epikut,Negociação
392,5433,2038,2025-05-08,26961,Unitite,Proposta
393,5430,2009,2025-02-16,10425,Epikut,Proposta
394,5007,1003,2025-02-03,14122,Unitite,Negociação
395,5381,1037,2025-04-03,25683,Unitite,Perdido
396,5164,2010,2025-02-15,18978,Strong,Negociação
397,5362,1027,2025-03-03,11134,Unitite,Fechado ganho
398,5398,1038,2025-02-16,5444,Strong,Perdido
399,5276,1043,2025-04-16,9642,Epikut,Proposta
400,5234,1014,2025-05-21,23975,Epikut,Perdido
401,5328,1050,2025-01-05,23712,Unitite,Negociação
402,5132,2013,2025-01-18,24916,Tryon,Negociação
403,5105,2034,2025-06-01,3047,Unitite,Proposta
404,5314,2039,2025-03-31,13146,Unitite,Perdido
405,5304,2011,2025-06-05,3481,Epikut,Negociação
406,5074,2039,2025-06-29,2252,Unitite,Proposta
407,5346,1017,2025-05-02,21645,Tryon,Proposta
408,5126,2021,2025-01-27,20425,Strong,Negociação
409,5232,1039,2025-01-14,28711,Tryon,Proposta
410,5118,2013,2025-01-17,14536,Strong,Negociação
411,5222,2032,2025-04-17,6131,Strong,Perdido
412,5438,1041,2025-06-24,27256,Epikut,Proposta
413,5191,1053,2025-02-22,2666,Epikut,Fechado ganho
414,5398,2015,2025-02-14,15903,Strong,Perdido
415,5157,1050,2025-05-09,14300,Tryon,Perdido
416,5137,2039,2025-02-19,6700,Unitite,Proposta
417,5098,1014,2025-02-06,19976,Tryon,Proposta
418,5440,2027,2025-01-17,13395,Unitite,Perdido
419,5204,2010,2025-03-16,4733,Unitite,Proposta
420,5448,1008,2025-02-06,2662,Strong,Negociação
421,5362,2005,2025-06-20,23135,Unitite,Proposta
422,5397,1027,2025-06-11,26207,Strong,Negociação
423,5383,2028,2025-04-11,27499,Unitite,Perdido
424,5305,2018,2025-04-04,7479,Tryon,Fechado ganho
425,5244,1039,2025-06-21,26149,Tryon,Proposta
426,5100,1003,2025-05-04,23159,Strong,Negociação
427,5328,1019,2025-04-27,18100,Strong,Fechado ganho
428,5264,1051,2025-04-18,25045,Strong,Perdido
429,5477,1022,2025-04-15,7107,Epikut,Perdido
430,5172,1043,2025-04-16,3655,Unitite,Perdido
431,5003,1008,2025-05-24,22052,Unitite,Fechado ganho
432,5420,2006,2025-05-16,15387,Unitite,Negociação
433,5431,1045,2025-04-14,27320,Strong,Negociação
434,5344,2013,2025-02-15,7586,Strong,Negociação
435,5199,2014,2025-05-21,12351,Strong,Negociação
436,5431,2008,2025-04-29,25789,Unitite,Perdido
437,5081,1042,2025-05-14,11075,Tryon,Fechado ganho
438,5330,2016,2025-06-01,11898,Tryon,Negociação
439,5256,2006,2025-05-04,29722,Epikut,Negociação
440,5449,1031,2025-05-05,8232,Tryon,Proposta
441,5376,1043,2025-06-18,22736,Tryon,Fechado ganho
442,5129,1051,2025-06-27,29368,Tryon,Negociação
443,5325,1017,2025-03-30,27574,Unitite,Proposta
444,5236,1019,2025-03-17,5107,Unitite,Negociação
445,5072,2011,2025-02-13,14750,Tryon,Fechado ganho
446,5492,1020,2025-02-22,25049,Tryon,Fechado ganho
447,5368,1059,2025-05-24,12122,Tryon,Proposta
448,5462,1024,2025-03-22,8452,Unitite,Perdido
449,5378,1053,2025-02-09,29659,Epikut,Perdido
450,5262,1043,2025-04-09,22657,Tryon,Proposta
451,5339,1003,2025-06-11,21248,Epikut,Proposta
452,5185,1020,2025-01-07,13870,Tryon,Negociação
453,5472,1005,2025-04-05,2747,Tryon,Fechado ganho
454,5149,1029,2025-04-28,26466,Epikut,Negociação
455,5033,1049,2025-03-21,11368,Epikut,Fechado ganho
456,5003,2040,2025-06-07,15374,Unitite,Perdido
457,5181,1026,2025-04-26,10700,Epikut,Proposta
458,5040,2018,2025-02-11,24664,Epikut,Negociação
459,5430,1037,2025-02-01,19116,Unitite,Negociação
460,5191,2001,2025-03-10,19212,Unitite,Perdido
461,5288,1013,2025-02-17,27693,Epikut,Proposta
462,5405,2005,2025-02-24,21709,Epikut,Perdido
463,5315,1051,2025-04-10,25353,Strong,Fechado ganho
464,5145,1052,2025-04-11,23558,Tryon,Proposta
465,5212,1045,2025-05-20,5221,Tryon,Perdido
466,5144,2013,2025-03-13,10311,Tryon,Negociação
467,5078,1027,2025-04-14,21812,Unitite,Fechado ganho
468,5163,1040,2025-05-04,14679,Epikut,Perdido
469,5197,1048,2025-04-24,20675,Epikut,Negociação
470,5355,1016,2025-06-19,6091,Strong,Fechado ganho
471,5313,1022,2025-01-06,23750,Unitite,Negociação
472,5121,2027,2025-03-16,29378,Epikut,Fechado ganho
473,5255,2025,2025-04-01,24681,Unitite,Fechado ganho
474,5176,1048,2025-02-22,9274,Strong,Perdido
475,5407,1014,2025-01-13,18553,Epikut,Proposta
476,5067,2022,2025-02-15,26959,Unitite,Proposta
477,5010,1045,2025-05-09,10480,Unitite,Fechado ganho
478,5458,2019,2025-06-29,17326,Strong,Proposta
479,5393,1028,2025-01-24,28824,Tryon,Fechado ganho
480,5388,1001,2025-03-01,26433,Epikut,Perdido
481,5361,1012,2025-05-30,19865,Epikut,Fechado ganho
482,5421,2025,2025-02-10,9345,Epikut,Proposta
483,5105,1056,2025-05-27,29911,Strong,Fechado ganho
484,5159,1013,2025-01-23,26988,Unitite,Proposta
485,5416,1010,2025-06-18,12805,Unitite,Proposta
486,5157,1058,2025-04-03,24091,Unitite,Perdido
487,5291,2002,2025-02-08,3795,Epikut,Negociação
488,5365,1035,2025-05-28,5304,Tryon,Proposta
489,5470,1023,2025-04-18,7766,Unitite,Fechado ganho
490,5472,1013,2025-02-06,7504,Epikut,Fechado ganho
491,5427,1018,2025-01-28,27718,Strong,Negociação
492,5495,1015,2025-04-29,8180,Epikut,Fechado ganho
493,5322,1051,2025-06-19,29833,Unitite,Proposta
494,5218,2035,2025-02-13,9309,Strong,Perdido
495,5023,1031,2025-03-18,24344,Epikut,Fechado ganho
496,5403,1022,2025-04-11,15763,Tryon,Perdido
497,5305,1020,2025-03-04,4988,Tryon,Negociação
498,5487,1016,2025-06-09,26946,Unitite,Negociação
499,5004,1038,2025-04-25,20704,Unitite,Fechado ganho
500,5182,1015,2025-01-08,22124,Epikut,Proposta
501,5109,2016,2025-01-13,3183,Unitite,Proposta
502,5354,1026,2025-04-19,16210,Epikut,Proposta
503,5431,1002,2025-04-27,25518,Strong,Fechado ganho
504,5020,1048,2025-04-02,2493,Unitite,Proposta
505,5318,1051,2025-05-05,8106,Epikut,Proposta
506,5497,1047,2025-03-13,15272,Strong,Perdido
507,5102,1040,2025-01-31,5829,Unitite,Perdido
508,5021,2012,2025-05-17,19734,Tryon,Negociação
509,5076,2027,2025-05-06,15638,Epikut,Perdido
510,5436,2008,2025-01-15,20573,Strong,Perdido
511,5369,2011,2025-01-16,6189,Tryon,Negociação
512,5317,2034,2025-04-14,19634,Unitite,Fechado ganho
513,5376,1022,2025-06-03,17924,Epikut,Negociação
514,5189,1028,2025-05-18,6369,Unitite,Fechado ganho
515,5212,2001,2025-02-15,9616,Epikut,Negociação
516,5035,1001,2025-03-30,10165,Tryon,Negociação
517,5358,2004,2025-02-05,10943,Epikut,Fechado ganho
518,5334,1008,2025-04-14,17658,Strong,Perdido
519,5176,2017,2025-01-21,15785,Unitite,Negociação
520,5290,1057,2025-04-19,3746,Epikut,Negociação
521,5064,1009,2025-05-07,10881,Epikut,Negociação
522,5091,1053,2025-06-16,20520,Tryon,Perdido
523,5013,1007,2025-01-14,22014,Unitite,Proposta
524,5411,1004,2025-01-12,14620,Strong,Fechado ganho
525,5455,2002,2025-06-05,7685,Unitite,Negociação
526,5124,2030,2025-04-04,5914,Tryon,Perdido
527,5184,2014,2025-05-07,19792,Tryon,Negociação
528,5147,1057,2025-06-25,14077,Epikut,Proposta
529,5407,2007,2025-01-14,5081,Tryon,Proposta
530,5064,1033,2025-06-23,16845,Epikut,Negociação
531,5329,1028,2025-05-19,17333,Epikut,Fechado ganho
532,5058,2030,2025-01-08,7731,Strong,Perdido
533,5134,2013,2025-04-26,11436,Unitite,Perdido
534,5053,1001,2025-01-07,9455,Tryon,Negociação
535,5048,1007,2025-04-01,12653,Strong,Negociação
536,5056,2017,2025-05-04,2664,Epikut,Negociação
537,5092,1027,2025-01-20,10189,Unitite,Negociação
538,5166,1009,2025-04-14,26847,Strong,Proposta
539,5200,2002,2025-01-31,11441,Unitite,Perdido
540,5471,2024,2025-01-24,17113,Unitite,Fechado ganho
541,5212,2016,2025-06-01,24991,Tryon,Fechado ganho
542,5345,1038,2025-03-28,27887,Epikut,Fechado ganho
543,5320,2011,2025-01-19,12382,Unitite,Perdido
544,5007,1042,2025-05-15,3688,Tryon,Fechado ganho
545,5083,1054,2025-01-06,7002,Epikut,Negociação
546,5001,1020,2025-01-04,25730,Unitite,Negociação
547,5388,1031,2025-03-14,8857,Tryon,Fechado ganho
548,5481,1014,2025-04-01,15283,Strong,Negociação
549,5389,2007,2025-04-09,18406,Tryon,Fechado ganho
550,5183,2015,2025-03-07,20618,Tryon,Perdido
551,5472,1041,2025-05-27,2223,Tryon,Perdido
552,5414,1053,2025-06-30,5879,Strong,Fechado ganho
553,5190,2016,2025-01-20,10555,Strong,Negociação
554,5207,1042,2025-04-28,14999,Strong,Perdido
555,5359,2005,2025-06-18,14917,Epikut,Fechado ganho
556,5340,2003,2025-04-24,11989,Unitite,Fechado ganho
557,5135,1022,2025-05-17,21719,Tryon,Perdido
558,5025,1033,2025-03-14,8012,Epikut,Negociação
559,5203,1051,2025-03-31,3679,Tryon,Proposta
560,5031,1054,2025-06-21,29917,Epikut,Fechado ganho
561,5196,1042,2025-04-20,14701,Unitite,Perdido
562,5490,1012,2025-03-12,5842,Unitite,Proposta
563,5399,1051,2025-04-09,6903,Tryon,Perdido
564,5264,1019,2025-01-04,16559,Strong,Proposta
565,5216,2017,2025-01-05,12401,Unitite,Negociação
566,5277,1008,2025-03-09,7709,Epikut,Proposta
567,5015,1053,2025-03-10,16685,Tryon,Perdido
568,5185,2010,2025-04-09,23295,Epikut,Fechado ganho
569,5282,1027,2025-04-07,18696,Unitite,Negociação
570,5237,2016,2025-05-03,13405,Tryon,Perdido
571,5048,1027,2025-03-31,11457,Tryon,Negociação
572,5168,2035,2025-02-22,27054,Epikut,Fechado ganho
573,5359,1006,2025-06-15,16150,Tryon,Negociação
574,5336,2026,2025-01-05,16513,Unitite,Negociação
575,5427,1044,2025-02-15,24756,Epikut,Proposta
576,5357,2031,2025-03-25,18588,Tryon,Negociação
577,5213,1012,2025-05-22,23146,Unitite,Negociação
578,5072,2021,2025-01-22,3656,Unitite,Negociação
579,5135,1050,2025-02-28,20177,Unitite,Proposta
580,5415,1029,2025-02-06,7813,Strong,Negociação
581,5394,1032,2025-04-24,12658,Strong,Proposta
582,5044,1039,2025-06-25,29177,Unitite,Perdido
583,5485,1008,2025-02-07,2602,Epikut,Negociação
584,5250,1030,2025-05-27,22212,Unitite,Negociação
585,5062,1013,2025-01-31,25307,Strong,Perdido
586,5308,2002,2025-01-13,15632,Epikut,Proposta
587,5351,1026,2025-06-29,20594,Strong,Negociação
588,5194,1016,2025-06-27,14751,Epikut,Fechado ganho
589,5406,1013,2025-02-10,12627,Tryon,Proposta
590,5200,2016,2025-06-14,8602,Tryon,Negociação
591,5195,2003,2025-01-26,17963,Tryon,Perdido
592,5320,2038,2025-05-19,23395,Tryon,Fechado ganho
593,5018,1053,2025-03-10,3252,Strong,Perdido
594,5325,1016,2025-01-04,12237,Tryon,Perdido
595,5383,2019,2025-03-06,28616,Strong,Proposta
596,5392,1045,2025-01-06,16313,Epikut,Negociação
597,5393,1008,2025-01-02,9344,Unitite,Fechado ganho
598,5491,1057,2025-04-30,16337,Epikut,Negociação
599,5427,1028,2025-04-30,11719,Epikut,Proposta
600,5107,2018,2025-01-27,6842,Epikut,Negociação
601,5487,1046,2025-01-30,17884,Epikut,Negociação
602,5473,2020,2025-02-22,11474,Tryon,Proposta
603,5311,1030,2025-04-09,10530,Strong,Fechado ganho
604,5497,1053,2025-03-27,13214,Unitite,Perdido
605,5288,1051,2025-03-18,27004,Strong,Negociação
606,5147,2024,2025-03-27,3488,Tryon,Perdido
607,5205,1005,2025-06-22,3541,Epikut,Perdido
608,5500,2017,2025-04-29,10197,Epikut,Fechado ganho
609,5379,2029,2025-03-10,6147,Unitite,Proposta
610,5239,1044,2025-03-17,16288,Epikut,Proposta
611,5220,1024,2025-03-17,23444,Strong,Perdido
612,5471,2040,2025-04-05,6453,Epikut,Fechado ganho
613,5280,2012,2025-01-05,8813,Strong,Negociação
614,5195,2005,2025-04-28,29688,Strong,Perdido
615,5471,1010,2025-03-15,26260,Tryon,Fechado ganho
616,5195,1058,2025-02-20,10086,Strong,Perdido
617,5456,1003,2025-06-15,3477,Strong,Fechado ganho
618,5165,1019,2025-02-05,18538,Tryon,Negociação
619,5407,1026,2025-03-07,5710,Unitite,Proposta
620,5153,1010,2025-01-31,17521,Epikut,Negociação
621,5276,1049,2025-03-08,26817,Unitite,Proposta
622,5223,1031,2025-03-14,9508,Unitite,Negociação
623,5449,1056,2025-01-23,25790,Tryon,Fechado ganho
624,5028,1019,2025-04-15,13973,Unitite,Proposta
625,5329,1004,2025-06-02,26340,Unitite,Negociação
626,5414,1018,2025-06-09,13204,Strong,Negociação
627,5053,1033,2025-03-19,8822,Unitite,Proposta
628,5015,1027,2025-04-01,17834,Unitite,Negociação
629,5082,1007,2025-03-24,21477,Strong,Proposta
630,5467,1014,2025-05-08,14330,Epikut,Perdido
631,5018,2032,2025-05-18,24236,Strong,Negociação
632,5175,1036,2025-06-06,25738,Unitite,Fechado ganho
633,5400,1020,2025-04-15,14616,Unitite,Fechado ganho
634,5468,1028,2025-05-27,17590,Strong,Negociação
635,5362,1037,2025-03-27,22043,Epikut,Fechado ganho
636,5123,1041,2025-01-10,22867,Strong,Fechado ganho
637,5451,2033,2025-05-23,8336,Tryon,Perdido
638,5233,2014,2025-03-08,22041,Strong,Proposta
639,5274,2005,2025-03-16,15366,Tryon,Proposta
640,5219,2013,2025-04-02,24836,Epikut,Fechado ganho
641,5406,1009,2025-04-04,9137,Tryon,Proposta
642,5170,1023,2025-02-08,13302,Tryon,Fechado ganho
643,5345,2010,2025-03-11,12733,Unitite,Perdido
644,5343,1039,2025-02-09,4298,Tryon,Negociação
645,5035,2003,2025-01-10,9536,Epikut,Negociação
646,5476,2002,2025-04-08,5631,Unitite,Fechado ganho
647,5334,1009,2025-05-17,5391,Unitite,Negociação
648,5088,2004,2025-05-03,25997,Unitite,Negociação
649,5323,1030,2025-06-30,4986,Strong,Perdido
650,5283,1027,2025-05-17,11564,Strong,Negociação
651,5005,1008,2025-03-01,24319,Strong,Perdido
652,5033,2035,2025-06-16,21296,Epikut,Fechado ganho
653,5373,1044,2025-01-26,17684,Unitite,Proposta
654,5171,2028,2025-05-15,26053,Strong,Fechado ganho
655,5042,1013,2025-05-16,24466,Epikut,Perdido
656,5214,1052,2025-03-07,9038,Unitite,Perdido
657,5175,1059,2025-05-03,23367,Epikut,Negociação
658,5173,2027,2025-05-09,12693,Tryon,Perdido
659,5348,2039,2025-04-11,5535,Epikut,Fechado ganho
660,5048,1008,2025-05-23,29237,Unitite,Perdido
661,5386,2038,2025-02-11,7979,Unitite,Negociação
662,5013,2017,2025-02-12,19029,Tryon,Perdido
663,5415,1012,2025-04-09,28386,Tryon,Negociação
664,5377,2032,2025-04-16,22863,Tryon,Fechado ganho
665,5410,2029,2025-05-20,5727,Epikut,Negociação
666,5466,2030,2025-06-27,21439,Unitite,Proposta
667,5389,1051,2025-01-14,28588,Epikut,Proposta
668,5377,1003,2025-06-02,18222,Tryon,Negociação
669,5153,2026,2025-01-04,10473,Strong,Proposta
670,5316,1040,2025-01-19,5630,Unitite,Perdido
671,5148,1032,2025-05-31,18568,Epikut,Proposta
672,5368,2010,2025-05-19,8689,Strong,Proposta
673,5354,1025,2025-05-21,13529,Unitite,Perdido
674,5241,1037,2025-04-05,24111,Tryon,Proposta
675,5053,2020,2025-03-14,24691,Epikut,Proposta
676,5066,1038,2025-06-02,5560,Unitite,Proposta
677,5108,1021,2025-04-26,7560,Epikut,Negociação
678,5288,1025,2025-01-19,25490,Epikut,Perdido
679,5494,1036,2025-02-12,5897,Epikut,Negociação
680,5458,2028,2025-06-28,12024,Unitite,Fechado ganho
681,5469,1029,2025-03-26,16258,Epikut,Negociação
682,5034,1030,2025-03-03,15775,Strong,Fechado ganho
683,5303,1034,2025-03-31,27973,Strong,Perdido
684,5359,1012,2025-06-24,26871,Tryon,Fechado ganho
685,5406,1033,2025-01-02,12286,Strong,Fechado ganho
686,5156,2029,2025-02-01,14992,Tryon,Fechado ganho
687,5391,2003,2025-01-02,11886,Unitite,Perdido
688,5307,1016,2025-06-26,2836,Epikut,Perdido
689,5017,1009,2025-04-09,15497,Strong,Fechado ganho
690,5210,1035,2025-02-27,13228,Strong,Fechado ganho
691,5270,2026,2025-04-26,8296,Strong,Perdido
692,5339,1054,2025-01-11,2627,Tryon,Perdido
693,5282,1037,2025-03-23,24085,Epikut,Perdido
694,5082,1014,2025-03-08,6015,Strong,Negociação
695,5363,1041,2025-04-22,25843,Tryon,Proposta
696,5480,1025,2025-01-08,16947,Unitite,Proposta
697,5170,2019,2025-04-03,5789,Unitite,Perdido
698,5432,1024,2025-05-18,6626,Tryon,Fechado ganho
699,5093,1021,2025-03-01,20198,Epikut,Fechado ganho
700,5070,1034,2025-03-29,29632,Tryon,Perdido
701,5226,2027,2025-04-12,13152,Unitite,Perdido
702,5142,1055,2025-03-04,21258,Tryon,Proposta
703,5339,1031,2025-01-30,27986,Tryon,Proposta
704,5429,1002,2025-05-17,3461,Strong,Perdido
705,5408,2035,2025-03-15,8612,Unitite,Proposta
706,5490,2030,2025-01-22,10628,Epikut,Negociação
707,5017,1047,2025-03-08,20672,Unitite,Perdido
708,5061,2034,2025-06-16,29120,Unitite,Proposta
709,5423,1019,2025-02-20,14275,Epikut,Proposta
710,5216,1010,2025-02-11,11567,Tryon,Negociação
711,5203,1015,2025-06-06,11488,Strong,Negociação
712,5345,2015,2025-01-19,28083,Unitite,Fechado ganho
713,5490,1026,2025-05-21,19501,Epikut,Fechado ganho
714,5151,2013,2025-04-19,25903,Unitite,Fechado ganho
715,5274,1004,2025-03-22,8855,Strong,Negociação
716,5314,1033,2025-05-02,4150,Tryon,Proposta
717,5293,2014,2025-01-18,20418,Unitite,Negociação
718,5177,1039,2025-04-30,13236,Tryon,Proposta
719,5462,1006,2025-01-20,27796,Unitite,Proposta
720,5052,2036,2025-04-22,6131,Tryon,Perdido
721,5245,1043,2025-03-09,3006,Strong,Proposta
722,5133,2021,2025-01-28,16403,Strong,Negociação
723,5313,1037,2025-03-01,25529,Tryon,Fechado ganho
724,5059,1001,2025-06-15,23827,Unitite,Perdido
725,5302,1027,2025-05-18,4341,Tryon,Proposta
726,5346,2018,2025-01-07,23081,Epikut,Perdido
727,5037,2007,2025-05-21,27417,Epikut,Fechado ganho
728,5180,1044,2025-06-21,22956,Tryon,Perdido
729,5043,1058,2025-04-30,25141,Tryon,Negociação
730,5053,1049,2025-01-18,12248,Epikut,Proposta
731,5175,2021,2025-06-10,8164,Epikut,Proposta
732,5204,1040,2025-04-12,20817,Unitite,Fechado ganho
733,5057,1030,2025-01-07,26201,Unitite,Negociação
734,5145,1027,2025-02-08,9283,Epikut,Negociação
735,5169,2025,2025-05-17,13088,Tryon,Proposta
736,5330,1033,2025-06-14,3829,Epikut,Fechado ganho
737,5403,1052,2025-02-20,14155,Epikut,Fechado ganho
738,5234,2020,2025-03-16,26699,Tryon,Proposta
739,5153,1035,2025-05-01,20838,Unitite,Fechado ganho
740,5028,1056,2025-06-14,10886,Strong,Fechado ganho
741,5182,2029,2025-04-11,20691,Tryon,Perdido
742,5199,2023,2025-01-13,7365,Strong,Proposta
743,5074,1033,2025-01-02,26302,Epikut,Perdido
744,5485,2009,2025-01-29,12048,Epikut,Negociação
745,5079,2016,2025-06-17,21402,Unitite,Negociação
746,5413,1037,2025-02-21,27867,Unitite,Perdido
747,5026,2007,2025-04-13,19505,Tryon,Negociação
748,5214,2015,2025-02-19,9227,Epikut,Perdido
749,5294,1019,2025-05-02,13930,Epikut,Fechado ganho
750,5027,1023,2025-06-07,21705,Tryon,Perdido
751,5098,2018,2025-02-25,4449,Unitite,Negociação
752,5118,1007,2025-03-29,28595,Strong,Proposta
753,5421,2006,2025-03-22,9035,Strong,Fechado ganho
754,5333,2030,2025-04-12,5634,Strong,Perdido
755,5495,2023,2025-04-01,24179,Unitite,Perdido
756,5496,1020,2025-06-16,27609,Epikut,Fechado ganho
757,5387,2018,2025-01-03,8157,Epikut,Negociação
758,5472,2032,2025-04-17,19302,Unitite,Perdido
759,5032,1007,2025-03-22,19302,Strong,Perdido
760,5150,1010,2025-04-25,6281,Tryon,Proposta
761,5374,1032,2025-02-26,12030,Tryon,Perdido
762,5432,1037,2025-04-20,23812,Strong,Proposta
763,5230,1028,2025-03-10,24848,Epikut,Fechado ganho
764,5242,1011,2025-03-14,22420,Tryon,Perdido
765,5197,1055,2025-05-02,24754,Epikut,Perdido
766,5119,2007,2025-05-22,10799,Unitite,Proposta
767,5124,1024,2025-04-18,26993,Tryon,Proposta
768,5398,1049,2025-03-23,7521,Strong,Perdido
769,5415,2025,2025-03-08,9415,Tryon,Proposta
770,5175,2018,2025-04-27,14064,Epikut,Fechado ganho
771,5226,1041,2025-06-13,12298,Epikut,Perdido
772,5285,1058,2025-04-11,27812,Unitite,Fechado ganho
773,5226,1007,2025-06-23,18130,Tryon,Fechado ganho
774,5055,1017,2025-06-20,22469,Unitite,Fechado ganho
775,5098,2031,2025-02-09,11771,Unitite,Proposta
776,5217,1027,2025-05-31,8698,Epikut,Proposta
777,5094,1003,2025-01-29,29052,Tryon,Negociação
778,5271,2017,2025-02-16,19411,Strong,Proposta
779,5357,1009,2025-02-14,2804,Tryon,Perdido
780,5217,2030,2025-01-01,15724,Strong,Negociação
781,5184,1054,2025-02-10,25385,Strong,Negociação
782,5421,2034,2025-05-25,11725,Unitite,Fechado ganho
783,5026,1026,2025-01-17,8837,Strong,Proposta
784,5100,1010,2025-03-29,2298,Epikut,Proposta
785,5297,2030,2025-02-12,7099,Epikut,Negociação
786,5006,1032,2025-03-12,20149,Epikut,Fechado ganho
787,5411,1048,2025-04-27,3756,Epikut,Perdido
788,5065,1002,2025-06-21,12617,Tryon,Fechado ganho
789,5334,1039,2025-04-23,25437,Epikut,Proposta
790,5232,2021,2025-05-31,28432,Tryon,Fechado ganho
791,5289,1018,2025-04-15,17827,Strong,Negociação
792,5212,1055,2025-03-04,6315,Tryon,Negociação
793,5235,1056,2025-02-21,2581,Epikut,Proposta
794,5071,1055,2025-02-07,26513,Tryon,Proposta
795,5258,2002,2025-06-26,11424,Tryon,Proposta
796,5230,2022,2025-02-08,23370,Unitite,Fechado ganho
797,5470,2005,2025-02-23,19010,Strong,Negociação
798,5490,1048,2025-06-29,23048,Tryon,Fechado ganho
799,5328,2011,2025-04-27,24849,Unitite,Negociação
800,5199,1053,2025-01-31,18180,Unitite,Fechado ganho
801,5077,1018,2025-06-28,16034,Tryon,Perdido
802,5224,2031,2025-03-10,24035,Strong,Proposta
803,5441,2033,2025-03-29,19456,Strong,Proposta
804,5377,1041,2025-04-19,7839,Tryon,Fechado ganho
805,5054,1009,2025-02-16,15816,Epikut,Perdido
806,5243,1028,2025-03-07,10621,Unitite,Proposta
807,5079,1037,2025-04-18,24355,Unitite,Fechado ganho
808,5382,1029,2025-05-03,3482,Strong,Proposta
809,5339,1033,2025-01-24,3464,Tryon,Proposta
810,5285,1020,2025-01-09,27660,Unitite,Negociação
811,5397,1048,2025-01-03,19551,Tryon,Perdido
812,5254,2016,2025-05-23,21082,Unitite,Negociação
813,5247,1029,2025-03-10,16919,Unitite,Proposta
814,5194,1019,2025-03-07,27483,Tryon,Perdido
815,5299,1055,2025-05-05,3059,Strong,Negociação
816,5378,1037,2025-03-09,5138,Epikut,Negociação
817,5405,2007,2025-02-10,3878,Tryon,Proposta
818,5110,2026,2025-03-17,21066,Epikut,Fechado ganho
819,5404,2015,2025-05-07,10632,Strong,Negociação
820,5108,1045,2025-02-03,28791,Tryon,Perdido
821,5245,1028,2025-01-15,11015,Epikut,Negociação
822,5173,1011,2025-06-07,23537,Strong,Perdido
823,5289,2036,2025-04-24,22085,Tryon,Negociação
824,5174,2029,2025-05-01,5002,Tryon,Fechado ganho
825,5245,2036,2025-06-18,3359,Epikut,Perdido
826,5470,1013,2025-04-20,17178,Strong,Proposta
827,5138,1024,2025-06-08,18629,Unitite,Perdido
828,5395,1020,2025-05-22,14786,Unitite,Proposta
829,5010,1056,2025-03-08,9638,Unitite,Perdido
830,5291,1017,2025-05-27,9095,Tryon,Proposta
831,5162,2019,2025-03-15,12074,Tryon,Proposta
832,5375,2030,2025-02-19,26806,Unitite,Proposta
833,5464,2001,2025-06-02,14133,Strong,Proposta
834,5474,2012,2025-04-28,17555,Epikut,Negociação
835,5074,1049,2025-02-25,23929,Unitite,Fechado ganho
836,5342,1020,2025-03-11,29049,Strong,Negociação
837,5149,1006,2025-02-01,28061,Epikut,Proposta
838,5293,1028,2025-04-19,11256,Unitite,Fechado ganho
839,5203,2011,2025-05-29,14044,Epikut,Negociação
840,5264,2021,2025-04-13,14241,Strong,Negociação
841,5268,1058,2025-05-16,24314,Epikut,Negociação
842,5433,1004,2025-03-26,15834,Epikut,Perdido
843,5477,1057,2025-01-02,25604,Unitite,Fechado ganho
844,5500,1027,2025-03-23,21931,Tryon,Fechado ganho
845,5434,2024,2025-04-26,11317,Unitite,Perdido
846,5327,2026,2025-01-18,11490,Unitite,Perdido
847,5130,1032,2025-03-28,6625,Unitite,Perdido
848,5184,1044,2025-01-23,11696,Epikut,Fechado ganho
849,5434,2016,2025-02-16,9460,Strong,Perdido
850,5175,1042,2025-06-20,5203,Tryon,Fechado ganho
851,5191,1002,2025-06-21,9863,Unitite,Negociação
852,5103,1050,2025-03-03,19560,Unitite,Proposta
853,5213,1037,2025-05-17,21106,Tryon,Proposta
854,5011,1024,2025-03-10,16458,Tryon,Negociação
855,5428,2027,2025-02-15,5803,Strong,Perdido
856,5131,1055,2025-04-20,28743,Epikut,Negociação
857,5161,1049,2025-03-03,2193,Epikut,Proposta
858,5319,1008,2025-01-23,10736,Epikut,Negociação
859,5248,2023,2025-06-02,28817,Epikut,Proposta
860,5370,1043,2025-06-21,29216,Strong,Proposta
861,5361,1035,2025-02-25,10436,Epikut,Negociação
862,5401,1022,2025-02-04,24158,Strong,Negociação
863,5252,1011,2025-03-05,18686,Strong,Proposta
864,5326,2033,2025-05-04,17327,Epikut,Proposta
865,5290,1030,2025-01-30,10450,Strong,Proposta
866,5482,2035,2025-04-10,7802,Strong,Perdido
867,5450,1022,2025-05-07,4214,Strong,Proposta
868,5174,2015,2025-01-31,26623,Tryon,Negociação
869,5363,2022,2025-01-16,14824,Tryon,Negociação
870,5382,1039,2025-05-10,6374,Epikut,Perdido
871,5370,1043,2025-05-26,8709,Unitite,Negociação
872,5457,1033,2025-05-10,29764,Epikut,Fechado ganho
873,5212,2034,2025-01-01,14386,Strong,Fechado ganho
874,5346,2006,2025-02-15,18594,Epikut,Negociação
875,5048,1051,2025-06-11,20303,Strong,Perdido
876,5398,1020,2025-06-04,14024,Strong,Perdido
877,5018,2031,2025-02-14,6920,Strong,Fechado ganho
878,5113,2019,2025-01-24,27551,Tryon,Perdido
879,5253,1034,2025-04-21,13651,Epikut,Proposta
880,5074,1044,2025-01-03,5307,Strong,Perdido
881,5087,1034,2025-04-20,4948,Unitite,Negociação
882,5133,1037,2025-06-21,27144,Unitite,Negociação
883,5214,1027,2025-03-13,14222,Strong,Perdido
884,5347,1003,2025-03-15,25012,Tryon,Negociação
885,5453,1022,2025-06-20,20747,Strong,Fechado ganho
886,5112,1009,2025-03-29,2466,Tryon,Fechado ganho
887,5098,2025,2025-01-07,20464,Strong,Negociação
888,5293,1054,2025-01-02,4987,Epikut,Perdido
889,5048,1032,2025-01-15,18619,Tryon,Proposta
890,5492,2010,2025-04-15,21241,Unitite,Perdido
891,5001,2021,2025-01-01,2362,Strong,Negociação
892,5219,1036,2025-03-17,6200,Epikut,Proposta
893,5221,1020,2025-03-13,22762,Tryon,Proposta
894,5460,2015,2025-02-10,19730,Strong,Fechado ganho
895,5433,1029,2025-03-12,6110,Tryon,Fechado ganho
896,5265,1017,2025-01-01,25880,Tryon,Proposta
897,5058,1043,2025-01-03,15358,Unitite,Proposta
898,5289,1008,2025-02-27,28471,Epikut,Perdido
899,5413,1008,2025-05-08,22368,Unitite,Perdido
900,5312,1006,2025-01-07,20718,Strong,Negociação
901,5489,2019,2025-06-20,7783,Strong,Perdido
902,5221,1034,2025-05-14,15823,Unitite,Perdido
903,5312,1013,2025-05-21,10277,Tryon,Fechado ganho
904,5393,1010,2025-05-28,12199,Strong,Proposta
905,5052,2011,2025-02-21,29456,Tryon,Perdido
906,5468,1043,2025-03-11,2483,Unitite,Negociação
907,5222,2018,2025-03-04,22778,Strong,Proposta
908,5405,2021,2025-02-23,16609,Unitite,Perdido
909,5051,1008,2025-04-03,5763,Unitite,Proposta
910,5033,2012,2025-06-22,8726,Epikut,Proposta
911,5037,1044,2025-06-18,9495,Epikut,Negociação
912,5370,2002,2025-06-14,11387,Epikut,Fechado ganho
913,5352,1038,2025-05-16,28093,Epikut,Fechado ganho
914,5481,2003,2025-03-03,21689,Tryon,Fechado ganho
915,5296,1015,2025-05-18,16803,Unitite,Fechado ganho
916,5459,2040,2025-01-09,17411,Tryon,Fechado ganho
917,5297,1058,2025-05-03,22211,Epikut,Fechado ganho
918,5164,2002,2025-06-23,19958,Strong,Fechado ganho
919,5497,1039,2025-04-19,19518,Strong,Fechado ganho
920,5214,1015,2025-06-10,28772,Tryon,Negociação
921,5127,2028,2025-05-17,5494,Strong,Proposta
922,5412,1031,2025-01-15,8878,Unitite,Negociação
923,5260,2026,2025-02-19,18877,Strong,Fechado ganho
924,5023,1011,2025-05-17,24844,Strong,Negociação
925,5035,1024,2025-02-08,2899,Tryon,Negociação
926,5196,1021,2025-01-07,11443,Strong,Proposta
927,5179,2011,2025-05-04,23968,Unitite,Fechado ganho
928,5098,1024,2025-04-14,20141,Tryon,Proposta
929,5456,1028,2025-04-05,6563,Unitite,Fechado ganho
930,5279,1033,2025-06-28,20308,Epikut,Proposta
931,5216,1020,2025-06-17,14692,Unitite,Proposta
932,5255,2007,2025-05-26,3035,Unitite,Fechado ganho
933,5298,2023,2025-06-14,12184,Strong,Fechado ganho
934,5472,1030,2025-04-06,21883,Strong,Perdido
935,5304,1017,2025-02-22,10665,Epikut,Perdido
936,5091,2022,2025-03-25,4507,Strong,Negociação
937,5447,2005,2025-06-23,5194,Strong,Proposta
938,5268,1001,2025-03-08,22351,Strong,Negociação
939,5159,1053,2025-04-28,16397,Epikut,Negociação
940,5405,1029,2025-04-22,25329,Strong,Negociação
941,5211,1020,2025-03-09,28371,Tryon,Negociação
942,5123,1012,2025-04-10,11676,Strong,Perdido
943,5329,1028,2025-04-25,2833,Epikut,Perdido
944,5477,1006,2025-03-07,29892,Epikut,Fechado ganho
945,5289,2019,2025-04-09,8720,Unitite,Fechado ganho
946,5262,1016,2025-03-09,23402,Strong,Negociação
947,5480,1035,2025-03-24,3550,Strong,Perdido
948,5380,1033,2025-02-07,5647,Epikut,Fechado ganho
949,5454,1006,2025-06-27,2410,Tryon,Perdido
950,5062,2012,2025-04-13,22739,Strong,Fechado ganho
951,5086,1053,2025-04-13,20003,Strong,Fechado ganho
952,5472,1028,2025-01-21,13350,Epikut,Proposta
953,5484,2013,2025-06-18,28831,Epikut,Fechado ganho
954,5390,2040,2025-04-12,10704,Strong,Perdido
955,5190,2009,2025-04-09,25358,Unitite,Negociação
956,5391,1051,2025-01-18,11676,Epikut,Proposta
957,5012,1060,2025-04-12,14347,Epikut,Perdido
958,5063,1060,2025-05-25,23881,Tryon,Fechado ganho
959,5172,1007,2025-01-20,14687,Tryon,Perdido
960,5487,2025,2025-03-12,3276,Unitite,Negociação
961,5361,1060,2025-06-08,2234,Epikut,Fechado ganho
962,5124,1059,2025-02-28,18246,Unitite,Perdido
963,5234,2031,2025-06-22,9432,Strong,Perdido
964,5053,1015,2025-03-08,5897,Epikut,Perdido
965,5010,1056,2025-05-03,21960,Unitite,Fechado ganho
966,5493,1043,2025-04-01,14935,Unitite,Fechado ganho
967,5443,2018,2025-04-17,9113,Unitite,Proposta
968,5067,1023,2025-05-28,23122,Strong,Fechado ganho
969,5240,1037,2025-02-06,26577,Epikut,Perdido
970,5463,1055,2025-05-18,3185,Strong,Fechado ganho
971,5397,1037,2025-05-11,8829,Epikut,Perdido
972,5432,1010,2025-06-21,8559,Strong,Perdido
973,5003,1045,2025-01-29,29269,Tryon,Fechado ganho
974,5097,1035,2025-06-27,18772,Tryon,Negociação
975,5023,1044,2025-05-18,27100,Strong,Proposta
976,5496,1030,2025-06-12,3107,Strong,Fechado ganho
977,5255,2021,2025-06-29,24543,Epikut,Fechado ganho
978,5456,1028,2025-02-15,19066,Epikut,Fechado ganho
979,5328,1053,2025-04-18,3867,Strong,Perdido
980,5185,2029,2025-03-19,17886,Strong,Fechado ganho
981,5208,1036,2025-06-20,24811,Strong,Perdido
982,5393,1026,2025-02-04,6180,Unitite,Fechado ganho
983,5103,2013,2025-02-10,13663,Strong,Negociação
984,5331,1041,2025-04-22,12317,Strong,Negociação
985,5458,1010,2025-04-30,6600,Epikut,Perdido
986,5047,1001,2025-03-26,26326,Tryon,Proposta
987,5065,1025,2025-05-13,13906,Strong,Perdido
988,5215,1012,2025-04-03,14495,Tryon,Negociação
989,5340,1056,2025-02-25,6321,Epikut,Perdido
990,5395,1006,2025-03-12,24961,Epikut,Fechado ganho
991,5078,2018,2025-01-15,13301,Unitite,Negociação
992,5035,2035,2025-02-21,3943,Strong,Fechado ganho
993,5318,1040,2025-06-07,18766,Strong,Fechado ganho
994,5035,1046,2025-06-18,22206,Unitite,Perdido
995,5431,1048,2025-03-08,25083,Unitite,Perdido
996,5451,1055,2025-03-02,27786,Epikut,Negociação
997,5179,1020,2025-05-17,9237,Tryon,Proposta
998,5211,1036,2025-01-04,4403,Tryon,Perdido
999,5425,1049,2025-06-15,14645,Unitite,Proposta
1000,5188,1038,2025-04-14,25057,Unitite,Negociação
1001,5379,2006,2025-02-10,18907,Strong,Perdido
1002,5389,1024,2025-01-29,17869,Strong,Fechado ganho
1003,5187,1045,2025-04-09,3078,Unitite,Proposta
1004,5414,1026,2025-04-10,28569,Unitite,Fechado ganho
1005,5449,1019,2025-04-06,24329,Unitite,Fechado ganho
1006,5088,1013,2025-06-21,19852,Unitite,Perdido
1007,5164,1005,2025-01-15,17050,Unitite,Negociação
1008,5421,1024,2025-04-23,2919,Unitite,Perdido
1009,5162,2017,2025-06-28,27912,Unitite,Perdido
1010,5005,1055,2025-01-30,18896,Strong,Fechado ganho
1011,5106,1019,2025-06-14,3259,Epikut,Fechado ganho
1012,5210,1049,2025-06-04,28157,Epikut,Perdido
1013,5279,1044,2025-02-08,5308,Strong,Perdido
1014,5310,1019,2025-04-10,3256,Unitite,Fechado ganho
1015,5194,1001,2025-03-30,23024,Unitite,Perdido
1016,5440,2026,2025-06-19,12338,Unitite,Perdido
1017,5295,1014,2025-06-12,25920,Strong,Perdido
1018,5240,1007,2025-03-23,28414,Unitite,Fechado ganho
1019,5251,1038,2025-05-13,4013,Strong,Proposta
1020,5437,2013,2025-05-25,18499,Strong,Perdido
1021,5434,1019,2025-04-09,8778,Strong,Negociação
1022,5469,1030,2025-05-18,29741,Epikut,Fechado ganho
1023,5035,1029,2025-02-05,23426,Epikut,Perdido
1024,5478,1009,2025-05-16,22765,Epikut,Negociação
1025,5470,1044,2025-06-23,24056,Strong,Fechado ganho
1026,5147,2005,2025-04-25,3473,Epikut,Negociação
1027,5049,2027,2025-03-30,10724,Tryon,Proposta
1028,5484,1026,2025-02-15,2427,Tryon,Perdido
1029,5192,1057,2025-01-02,27342,Strong,Fechado ganho
1030,5035,2023,2025-01-12,17755,Strong,Fechado ganho
1031,5189,1032,2025-05-14,10578,Strong,Proposta
1032,5141,2022,2025-06-01,10930,Strong,Proposta
1033,5372,1007,2025-05-31,18896,Epikut,Negociação
1034,5188,2016,2025-06-24,5132,Strong,Proposta
1035,5254,2036,2025-06-19,5202,Epikut,Perdido
1036,5090,1056,2025-03-16,24959,Strong,Proposta
1037,5276,2012,2025-04-03,25339,Tryon,Negociação
1038,5396,1060,2025-03-29,15328,Tryon,Fechado ganho
1039,5407,1034,2025-05-04,11294,Epikut,Negociação
1040,5223,1027,2025-02-03,18049,Strong,Fechado ganho
1041,5126,1013,2025-04-06,8425,Unitite,Perdido
1042,5300,1037,2025-01-20,19608,Epikut,Negociação
1043,5102,2009,2025-02-02,14616,Epikut,Proposta
1044,5491,1052,2025-05-18,18271,Unitite,Negociação
1045,5085,1053,2025-01-07,9539,Epikut,Perdido
1046,5310,2026,2025-01-25,8321,Epikut,Perdido
1047,5428,2013,2025-03-28,15127,Unitite,Fechado ganho
1048,5074,1013,2025-05-19,9727,Tryon,Perdido
1049,5263,1006,2025-04-13,28751,Unitite,Proposta
1050,5005,1030,2025-06-09,25492,Unitite,Perdido
1051,5497,1024,2025-01-27,16897,Epikut,Fechado ganho
1052,5163,2017,2025-03-23,21721,Epikut,Proposta
1053,5312,1006,2025-04-07,2095,Unitite,Proposta
1054,5165,1059,2025-05-29,25858,Tryon,Proposta
1055,5023,1060,2025-04-02,2484,Strong,Perdido
1056,5438,2021,2025-01-18,12312,Unitite,Proposta
1057,5321,1048,2025-03-17,27329,Unitite,Perdido
1058,5103,1059,2025-04-16,7572,Unitite,Negociação
1059,5478,1046,2025-02-06,12499,Tryon,Fechado ganho
1060,5315,2008,2025-02-20,3072,Tryon,Perdido
1061,5086,2003,2025-05-15,24212,Epikut,Proposta
1062,5350,1040,2025-05-25,20392,Unitite,Perdido
1063,5201,1016,2025-06-04,13634,Tryon,Negociação
1064,5443,1026,2025-02-04,7646,Epikut,Proposta
1065,5314,2004,2025-06-04,20017,Unitite,Proposta
1066,5407,2011,2025-03-06,6830,Epikut,Fechado ganho
1067,5490,1040,2025-06-26,13670,Tryon,Perdido
1068,5008,2027,2025-06-10,10733,Strong,Negociação
1069,5269,1060,2025-02-13,11474,Tryon,Perdido
1070,5013,1046,2025-05-29,27758,Unitite,Fechado ganho
1071,5371,1026,2025-05-14,28167,Strong,Fechado ganho
1072,5335,1037,2025-02-04,7777,Epikut,Negociação
1073,5471,1040,2025-05-25,9944,Strong,Proposta
1074,5160,2014,2025-06-26,28687,Epikut,Perdido
1075,5391,1055,2025-04-18,19548,Strong,Negociação
1076,5037,1052,2025-05-22,27275,Epikut,Negociação
1077,5325,2004,2025-06-28,9771,Strong,Proposta
1078,5497,2009,2025-02-14,19907,Epikut,Perdido
1079,5096,2034,2025-06-22,8228,Tryon,Negociação
1080,5431,1019,2025-06-22,8581,Strong,Perdido
1081,5049,1004,2025-04-30,15991,Strong,Negociação
1082,5228,1002,2025-02-20,14019,Epikut,Fechado ganho
1083,5083,1001,2025-04-06,4947,Unitite,Negociação
1084,5165,2012,2025-01-01,13763,Strong,Perdido
1085,5440,2019,2025-03-24,28493,Epikut,Perdido
1086,5492,2036,2025-03-15,28481,Tryon,Negociação
1087,5151,1014,2025-05-07,28252,Strong,Fechado ganho
1088,5377,1041,2025-02-15,8320,Unitite,Negociação
1089,5478,2017,2025-01-23,24656,Epikut,Perdido
1090,5068,1044,2025-01-22,17300,Strong,Negociação
1091,5495,2009,2025-01-11,10976,Epikut,Negociação
1092,5274,1060,2025-01-13,21592,Epikut,Fechado ganho
1093,5269,2013,2025-06-04,4577,Tryon,Proposta
1094,5291,1004,2025-01-20,4751,Epikut,Fechado ganho
1095,5067,2016,2025-04-17,22951,Strong,Negociação
1096,5190,1054,2025-01-15,14755,Tryon,Negociação
1097,5372,1037,2025-05-02,9448,Epikut,Perdido
1098,5463,2031,2025-04-04,27438,Unitite,Proposta
1099,5220,2007,2025-04-14,24204,Tryon,Perdido
1100,5392,1006,2025-03-16,3190,Strong,Perdido
1101,5095,1049,2025-06-05,11877,Epikut,Fechado ganho
1102,5437,1053,2025-01-16,18937,Tryon,Negociação
1103,5132,1016,2025-05-13,2110,Tryon,Perdido
1104,5314,2037,2025-01-06,2566,Epikut,Fechado ganho
1105,5069,1055,2025-05-12,9832,Strong,Fechado ganho
1106,5245,1009,2025-02-22,26895,Tryon,Negociação
1107,5133,2014,2025-05-03,13734,Unitite,Proposta
1108,5205,1043,2025-02-07,26798,Epikut,Perdido
1109,5121,1010,2025-06-24,19615,Strong,Perdido
1110,5056,1047,2025-05-15,27267,Unitite,Negociação
1111,5490,2011,2025-01-22,6185,Epikut,Fechado ganho
1112,5283,2006,2025-02-10,29988,Tryon,Negociação
1113,5297,1043,2025-03-21,8658,Strong,Perdido
1114,5101,1037,2025-02-18,27633,Tryon,Negociação
1115,5276,1029,2025-06-22,20379,Unitite,Fechado ganho
1116,5213,1030,2025-06-21,9423,Epikut,Proposta
1117,5091,1030,2025-03-19,5361,Strong,Fechado ganho
1118,5129,1045,2025-03-20,2379,Epikut,Perdido
1119,5320,2022,2025-04-21,19797,Tryon,Negociação
1120,5113,2002,2025-03-02,2639,Unitite,Perdido
1121,5323,1016,2025-01-01,12996,Unitite,Negociação
1122,5076,1014,2025-04-18,23274,Unitite,Fechado ganho
1123,5486,1018,2025-06-10,26695,Epikut,Negociação
1124,5087,2002,2025-03-17,28668,Tryon,Negociação
1125,5481,2015,2025-01-06,3515,Epikut,Perdido
1126,5036,1022,2025-05-01,4080,Epikut,Negociação
1127,5378,2035,2025-05-09,4584,Unitite,Proposta
1128,5284,1004,2025-05-24,15254,Tryon,Proposta
1129,5422,2006,2025-04-08,19504,Tryon,Fechado ganho
1130,5256,2039,2025-05-15,23288,Tryon,Fechado ganho
1131,5153,1058,2025-03-30,2912,Tryon,Fechado ganho
1132,5067,2024,2025-04-08,7923,Strong,Perdido
1133,5380,2034,2025-04-26,26883,Unitite,Perdido
1134,5041,2027,2025-06-14,16118,Tryon,Negociação
1135,5213,1020,2025-04-26,28979,Epikut,Negociação
1136,5206,1016,2025-03-06,21933,Tryon,Perdido
1137,5041,1031,2025-05-17,23630,Strong,Fechado ganho
1138,5379,2015,2025-02-17,10480,Tryon,Negociação
1139,5118,2021,2025-06-20,8334,Unitite,Proposta
1140,5218,1051,2025-06-06,29577,Unitite,Proposta
1141,5137,1034,2025-06-02,3085,Unitite,Perdido
1142,5402,1056,2025-05-30,3545,Tryon,Fechado ganho
1143,5460,1019,2025-05-14,3580,Strong,Perdido
1144,5263,2016,2025-03-24,10786,Tryon,Perdido
1145,5031,2021,2025-02-05,15584,Unitite,Fechado ganho
1146,5004,2017,2025-01-22,3029,Unitite,Negociação
1147,5453,1003,2025-05-10,27754,Epikut,Negociação
1148,5169,1025,2025-05-07,19894,Strong,Perdido
1149,5029,2016,2025-01-14,20702,Unitite,Negociação
1150,5205,1001,2025-04-28,12041,Unitite,Perdido
1151,5082,1012,2025-04-07,11797,Strong,Fechado ganho
1152,5202,2007,2025-04-05,25980,Epikut,Negociação
1153,5005,2017,2025-01-08,15595,Unitite,Fechado ganho
1154,5077,1022,2025-01-01,13327,Epikut,Perdido
1155,5247,2025,2025-05-04,12236,Strong,Negociação
1156,5023,2017,2025-06-13,17724,Unitite,Perdido
1157,5385,1029,2025-01-19,14716,Epikut,Perdido
1158,5010,1022,2025-01-08,2425,Strong,Negociação
1159,5273,1029,2025-03-16,9070,Epikut,Fechado ganho
1160,5072,1022,2025-06-16,17838,Unitite,Fechado ganho
1161,5493,2004,2025-01-20,10859,Epikut,Negociação
1162,5134,1041,2025-03-14,25266,Epikut,Negociação
1163,5195,2008,2025-01-23,10687,Unitite,Negociação
1164,5020,1046,2025-04-07,11335,Unitite,Proposta
1165,5218,1026,2025-01-13,3763,Strong,Fechado ganho
1166,5336,1015,2025-05-25,20215,Unitite,Perdido
1167,5409,2021,2025-03-07,5770,Epikut,Negociação
1168,5019,2029,2025-03-10,8789,Epikut,Proposta
1169,5020,2018,2025-03-26,12500,Strong,Negociação
1170,5456,2028,2025-04-28,21055,Strong,Negociação
1171,5349,1005,2025-06-10,17574,Epikut,Negociação
1172,5342,2011,2025-05-27,13733,Unitite,Proposta
1173,5467,1060,2025-04-28,14794,Epikut,Negociação
1174,5475,1005,2025-03-09,18792,Tryon,Negociação
1175,5430,2021,2025-05-25,4714,Unitite,Perdido
1176,5027,2036,2025-03-12,5832,Unitite,Fechado ganho
1177,5076,1036,2025-01-26,11789,Unitite,Proposta
1178,5489,1047,2025-05-25,29555,Epikut,Perdido
1179,5216,2025,2025-05-12,26959,Strong,Fechado ganho
1180,5317,2024,2025-05-01,22697,Unitite,Fechado ganho
1181,5266,2028,2025-01-28,10162,Unitite,Negociação
1182,5080,1009,2025-04-15,12490,Unitite,Fechado ganho
1183,5294,1048,2025-04-13,5960,Epikut,Proposta
1184,5270,2013,2025-04-23,4901,Epikut,Perdido
1185,5372,1026,2025-04-22,19152,Tryon,Negociação
1186,5165,2001,2025-01-09,20576,Unitite,Fechado ganho
1187,5386,1020,2025-01-20,23049,Strong,Perdido
1188,5306,1002,2025-04-19,8523,Epikut,Fechado ganho
1189,5432,1008,2025-04-27,20856,Epikut,Perdido
1190,5335,1053,2025-04-11,7418,Tryon,Perdido
1191,5092,2032,2025-05-09,28395,Strong,Negociação
1192,5253,1019,2025-03-19,22421,Unitite,Perdido
1193,5189,1031,2025-05-12,24474,Epikut,Negociação
1194,5435,1006,2025-02-28,4851,Unitite,Perdido
1195,5146,1017,2025-02-07,19523,Unitite,Proposta
1196,5131,1026,2025-04-18,18340,Unitite,Perdido
1197,5428,2029,2025-02-10,29437,Unitite,Proposta
1198,5015,1047,2025-01-22,14655,Epikut,Perdido
1199,5274,2039,2025-05-05,22705,Tryon,Perdido
1200,5231,2015,2025-04-01,25984,Strong,Fechado ganho
1201,5260,1018,2025-02-04,11029,Tryon,Proposta
1202,5078,1041,2025-05-09,24879,Strong,Fechado ganho
1203,5074,2001,2025-05-07,14979,Strong,Negociação
1204,5030,1029,2025-04-18,3341,Strong,Proposta
1205,5434,1004,2025-06-05,14296,Epikut,Fechado ganho
1206,5090,1023,2025-04-19,3124,Strong,Perdido
1207,5464,2033,2025-04-18,19690,Unitite,Negociação
1208,5392,2001,2025-01-29,13606,Epikut,Fechado ganho
1209,5335,2015,2025-05-14,9714,Strong,Perdido
1210,5329,1028,2025-01-20,16442,Tryon,Fechado ganho
1211,5292,2035,2025-05-14,8419,Unitite,Fechado ganho
1212,5032,1058,2025-01-14,26610,Strong,Negociação
1213,5200,2007,2025-06-19,5779,Epikut,Perdido
1214,5182,2003,2025-05-27,22301,Strong,Proposta
1215,5428,2015,2025-06-01,24848,Unitite,Fechado ganho
1216,5133,2013,2025-01-11,15665,Epikut,Perdido
1217,5407,1026,2025-04-11,14737,Unitite,Proposta
1218,5275,2021,2025-03-03,11761,Unitite,Fechado ganho
1219,5052,2027,2025-04-18,23701,Epikut,Proposta
1220,5127,1001,2025-03-27,13655,Epikut,Proposta
1221,5093,1007,2025-03-29,29764,Epikut,Fechado ganho
1222,5267,1035,2025-04-15,28368,Tryon,Fechado ganho
1223,5251,1029,2025-05-28,27708,Unitite,Negociação
1224,5191,1058,2025-02-16,23044,Unitite,Fechado ganho
1225,5491,2027,2025-05-07,4832,Tryon,Proposta
1226,5300,1048,2025-01-04,9429,Strong,Negociação
1227,5156,1032,2025-06-04,5013,Epikut,Negociação
1228,5262,1018,2025-05-30,14318,Strong,Negociação
1229,5367,2032,2025-06-02,3152,Strong,Fechado ganho
1230,5232,2002,2025-01-20,22062,Strong,Fechado ganho
1231,5284,2013,2025-04-02,12961,Unitite,Negociação
1232,5277,1034,2025-01-24,29415,Unitite,Perdido
1233,5078,2027,2025-02-13,4549,Tryon,Negociação
1234,5261,1050,2025-01-13,3439,Unitite,Proposta
1235,5442,1059,2025-04-07,28303,Strong,Perdido
1236,5096,2012,2025-02-17,24745,Epikut,Fechado ganho
1237,5201,2037,2025-04-28,28541,Unitite,Proposta
1238,5224,2038,2025-01-01,9129,Unitite,Negociação
1239,5092,2020,2025-01-01,6301,Tryon,Fechado ganho
1240,5305,1017,2025-01-30,19631,Unitite,Fechado ganho
1241,5395,2005,2025-05-10,8784,Tryon,Proposta
1242,5135,2023,2025-04-23,25680,Epikut,Proposta
1243,5059,1001,2025-04-13,10582,Epikut,Fechado ganho
1244,5105,1057,2025-01-08,27660,Epikut,Perdido
1245,5340,1019,2025-03-05,28235,Strong,Negociação
1246,5494,1052,2025-03-20,27694,Tryon,Fechado ganho
1247,5475,2017,2025-04-19,28697,Tryon,Proposta
1248,5305,1018,2025-05-08,9390,Unitite,Proposta
1249,5028,1040,2025-04-07,25903,Epikut,Perdido
1250,5453,2018,2025-06-24,23278,Epikut,Negociação
1251,5239,1060,2025-05-04,28235,Tryon,Negociação
1252,5042,2004,2025-06-26,25246,Epikut,Proposta
1253,5306,1049,2025-05-31,23064,Epikut,Fechado ganho
1254,5185,2029,2025-02-02,19695,Strong,Negociação
1255,5236,1035,2025-06-30,14118,Strong,Perdido
1256,5371,1018,2025-06-13,28785,Strong,Fechado ganho
1257,5062,2018,2025-04-11,6245,Epikut,Proposta
1258,5353,1044,2025-04-30,28656,Unitite,Proposta
1259,5302,1015,2025-06-17,14443,Strong,Perdido
1260,5079,1033,2025-01-28,8114,Tryon,Proposta
1261,5069,2028,2025-04-03,15606,Epikut,Proposta
1262,5015,2012,2025-01-15,12600,Tryon,Fechado ganho
1263,5421,1020,2025-03-31,3901,Tryon,Proposta
1264,5342,1058,2025-03-14,27783,Tryon,Perdido
1265,5037,1056,2025-01-22,27643,Epikut,Perdido
1266,5085,1030,2025-06-28,17884,Tryon,Proposta
1267,5467,1051,2025-04-15,25519,Strong,Fechado ganho
1268,5292,2022,2025-04-29,5203,Tryon,Negociação
1269,5347,2016,2025-03-05,26123,Epikut,Proposta
1270,5439,1054,2025-05-03,18074,Epikut,Proposta
1271,5389,2010,2025-01-23,28392,Unitite,Perdido
1272,5025,1039,2025-04-29,13163,Unitite,Negociação
1273,5402,2018,2025-01-07,21877,Tryon,Fechado ganho
1274,5251,1019,2025-02-07,2027,Tryon,Proposta
1275,5399,1021,2025-06-23,22704,Epikut,Perdido
1276,5107,2008,2025-06-30,15320,Strong,Proposta
1277,5066,1011,2025-04-24,18251,Tryon,Negociação
1278,5137,1032,2025-06-19,18828,Tryon,Fechado ganho
1279,5067,1059,2025-04-30,17588,Tryon,Proposta
1280,5478,2012,2025-05-19,7139,Strong,Fechado ganho
1281,5261,2025,2025-06-25,15284,Unitite,Fechado ganho
1282,5202,1046,2025-02-16,23586,Tryon,Negociação
1283,5120,2039,2025-01-20,25926,Epikut,Proposta
1284,5155,2013,2025-06-03,18475,Unitite,Fechado ganho
1285,5036,2040,2025-02-02,29915,Tryon,Perdido
1286,5186,1009,2025-02-22,20508,Tryon,Proposta
1287,5023,1057,2025-03-12,28952,Epikut,Fechado ganho
1288,5304,1055,2025-03-23,17382,Epikut,Proposta
1289,5260,1006,2025-01-14,20842,Unitite,Perdido
1290,5091,1019,2025-06-25,25919,Strong,Negociação
1291,5319,1008,2025-06-08,4661,Epikut,Fechado ganho
1292,5486,1003,2025-02-19,20212,Tryon,Proposta
1293,5189,2037,2025-02-27,12647,Epikut,Perdido
1294,5393,2014,2025-05-20,17415,Strong,Perdido
1295,5455,2009,2025-04-22,8200,Tryon,Fechado ganho
1296,5167,1053,2025-03-16,22289,Epikut,Perdido
1297,5311,1010,2025-03-09,26495,Unitite,Perdido
1298,5062,1050,2025-02-04,21400,Tryon,Proposta
1299,5094,1007,2025-01-25,27468,Tryon,Perdido
1300,5385,1033,2025-05-01,11935,Strong,Perdido
1301,5229,2040,2025-02-03,16194,Epikut,Negociação
1302,5201,1038,2025-05-23,25009,Epikut,Negociação
1303,5102,2002,2025-03-25,23255,Unitite,Proposta
1304,5226,2020,2025-03-30,15159,Tryon,Negociação
1305,5493,2040,2025-04-09,3265,Strong,Perdido
1306,5204,1006,2025-02-07,6436,Tryon,Perdido
1307,5090,1027,2025-03-03,22346,Epikut,Negociação
1308,5471,1004,2025-02-14,28721,Strong,Perdido
1309,5473,1060,2025-04-09,13175,Unitite,Fechado ganho
1310,5049,2011,2025-01-28,28885,Strong,Perdido
1311,5444,1017,2025-05-20,20588,Epikut,Fechado ganho
1312,5354,1056,2025-06-10,19510,Tryon,Proposta
1313,5327,2022,2025-02-04,20972,Strong,Negociação
1314,5348,1045,2025-06-13,19735,Tryon,Proposta
1315,5187,2033,2025-05-17,22894,Strong,Proposta
1316,5197,1051,2025-03-20,18129,Unitite,Fechado ganho
1317,5369,1060,2025-02-06,17902,Epikut,Fechado ganho
1318,5101,1059,2025-01-15,18713,Tryon,Perdido
1319,5432,2021,2025-02-09,16436,Unitite,Proposta
1320,5059,1001,2025-06-09,10769,Strong,Proposta
1321,5393,1056,2025-02-07,6598,Epikut,Perdido
1322,5106,1043,2025-04-06,8209,Tryon,Fechado ganho
1323,5038,1006,2025-02-07,22960,Strong,Proposta
1324,5200,1033,2025-06-10,22137,Unitite,Perdido
1325,5203,1019,2025-05-01,22231,Tryon,Perdido
1326,5031,1046,2025-05-01,7262,Unitite,Negociação
1327,5098,1032,2025-04-15,13123,Tryon,Fechado ganho
1328,5350,2040,2025-03-06,22461,Unitite,Proposta
1329,5348,2011,2025-05-02,11811,Epikut,Proposta
1330,5021,1049,2025-05-12,15875,Epikut,Perdido
1331,5427,1058,2025-02-19,11113,Strong,Fechado ganho
1332,5323,2035,2025-04-19,9145,Epikut,Perdido
1333,5116,1044,2025-03-28,18727,Tryon,Perdido
1334,5377,2030,2025-01-20,5954,Tryon,Fechado ganho
1335,5386,1027,2025-01-28,12077,Unitite,Perdido
1336,5209,2032,2025-06-17,27510,Epikut,Perdido
1337,5093,1037,2025-02-23,13299,Epikut,Perdido
1338,5237,2037,2025-01-03,5517,Unitite,Fechado ganho
1339,5241,1046,2025-06-09,12933,Epikut,Negociação
1340,5159,2004,2025-05-04,15762,Epikut,Negociação
1341,5004,2024,2025-06-20,21522,Tryon,Fechado ganho
1342,5348,2034,2025-03-03,12185,Tryon,Fechado ganho
1343,5108,2024,2025-04-18,17833,Tryon,Negociação
1344,5371,2012,2025-03-31,26689,Strong,Perdido
1345,5339,1039,2025-06-22,13487,Tryon,Fechado ganho
1346,5099,1048,2025-02-19,16154,Strong,Fechado ganho
1347,5230,1044,2025-05-13,28275,Strong,Perdido
1348,5492,2037,2025-03-02,17797,Tryon,Perdido
1349,5220,2025,2025-03-30,22418,Strong,Fechado ganho
1350,5487,2015,2025-05-08,25100,Epikut,Fechado ganho
1351,5324,1035,2025-01-27,5188,Unitite,Fechado ganho
1352,5316,2021,2025-06-02,15193,Unitite,Negociação
1353,5433,1008,2025-01-03,13138,Unitite,Proposta
1354,5447,2030,2025-06-07,7663,Tryon,Proposta
1355,5091,1059,2025-05-10,19037,Strong,Proposta
1356,5009,2001,2025-06-04,27740,Epikut,Fechado ganho
1357,5472,1027,2025-05-21,29560,Strong,Fechado ganho
1358,5288,1049,2025-02-21,28212,Strong,Fechado ganho
1359,5192,1022,2025-05-02,24561,Epikut,Perdido
1360,5063,1033,2025-01-06,5864,Strong,Proposta
1361,5153,2005,2025-03-06,24694,Tryon,Negociação
1362,5041,2026,2025-02-14,4632,Epikut,Fechado ganho
1363,5141,2008,2025-05-12,18287,Unitite,Fechado ganho
1364,5152,2018,2025-03-26,22944,Epikut,Fechado ganho
1365,5433,1025,2025-02-23,13965,Unitite,Perdido
1366,5389,1038,2025-06-11,10593,Unitite,Perdido
1367,5346,2031,2025-02-03,6243,Epikut,Perdido
1368,5288,1050,2025-03-07,2870,Unitite,Perdido
1369,5338,1031,2025-02-15,7534,Unitite,Proposta
1370,5374,1018,2025-03-24,19676,Unitite,Proposta
1371,5390,1051,2025-06-01,18807,Strong,Proposta
1372,5139,1022,2025-01-07,12123,Unitite,Negociação
1373,5487,2033,2025-01-06,13517,Strong,Proposta
1374,5376,1047,2025-03-14,15778,Strong,Perdido
1375,5380,1013,2025-05-28,12486,Unitite,Proposta
1376,5309,2008,2025-06-14,17855,Strong,Perdido
1377,5321,1042,2025-01-05,29225,Epikut,Proposta
1378,5040,2005,2025-05-26,16472,Strong,Perdido
1379,5451,1003,2025-05-07,18668,Tryon,Proposta
1380,5098,1034,2025-04-13,5403,Unitite,Proposta
1381,5151,1016,2025-01-11,17598,Strong,Perdido
1382,5016,1042,2025-04-12,18207,Tryon,Negociação
1383,5055,1032,2025-04-12,23882,Epikut,Perdido
1384,5095,2020,2025-06-29,25627,Unitite,Perdido
1385,5010,2025,2025-02-22,20497,Strong,Proposta
1386,5262,1049,2025-03-24,7684,Tryon,Fechado ganho
1387,5431,2038,2025-01-05,28017,Strong,Negociação
1388,5091,2007,2025-04-19,20793,Unitite,Perdido
1389,5314,1022,2025-01-31,7905,Unitite,Fechado ganho
1390,5404,1056,2025-05-08,15350,Unitite,Proposta
1391,5408,1034,2025-05-11,7102,Tryon,Fechado ganho
1392,5443,2024,2025-04-11,9519,Tryon,Proposta
1393,5110,1006,2025-03-10,29703,Unitite,Fechado ganho
1394,5179,1033,2025-01-09,9388,Strong,Proposta
1395,5467,2032,2025-04-20,26199,Strong,Proposta
1396,5149,1053,2025-04-17,6586,Tryon,Proposta
1397,5094,1046,2025-01-16,20609,Unitite,Negociação
1398,5202,2004,2025-04-04,3786,Unitite,Proposta
1399,5307,2001,2025-03-06,4341,Strong,Proposta
1400,5243,2005,2025-01-24,19065,Strong,Negociação
1401,5370,1055,2025-01-21,18767,Strong,Proposta
1402,5399,2022,2025-03-31,24675,Strong,Perdido
1403,5333,1008,2025-01-26,28554,Strong,Perdido
1404,5245,1037,2025-04-22,18184,Strong,Fechado ganho
1405,5019,2024,2025-04-24,2665,Strong,Perdido
1406,5440,2014,2025-06-01,25724,Unitite,Perdido
1407,5015,1023,2025-03-27,22021,Epikut,Perdido
1408,5489,1015,2025-05-14,6697,Unitite,Negociação
1409,5058,1008,2025-02-06,24488,Epikut,Negociação
1410,5214,1009,2025-01-26,24822,Unitite,Proposta
1411,5043,1058,2025-05-30,21764,Strong,Perdido
1412,5119,1006,2025-04-10,22325,Strong,Perdido
1413,5233,1004,2025-01-27,16565,Tryon,Fechado ganho
1414,5016,2011,2025-02-24,18022,Tryon,Perdido
1415,5110,2017,2025-01-19,19365,Strong,Negociação
1416,5028,1007,2025-02-25,3719,Tryon,Fechado ganho
1417,5366,1036,2025-02-10,4186,Strong,Proposta
1418,5457,1020,2025-03-11,4061,Strong,Proposta
1419,5100,1052,2025-02-15,26066,Epikut,Fechado ganho
1420,5373,1044,2025-06-30,16928,Epikut,Perdido
1421,5500,1037,2025-02-23,12059,Tryon,Proposta
1422,5438,2024,2025-05-30,18923,Tryon,Negociação
1423,5468,1021,2025-05-13,6808,Strong,Proposta
1424,5421,2012,2025-05-07,29569,Unitite,Proposta
1425,5096,1053,2025-02-20,12098,Epikut,Fechado ganho
1426,5099,1031,2025-02-19,15521,Unitite,Negociação
1427,5226,1051,2025-04-25,28370,Unitite,Negociação
1428,5350,1007,2025-03-27,18851,Strong,Perdido
1429,5388,1027,2025-04-20,25190,Strong,Negociação
1430,5338,1001,2025-04-29,6145,Unitite,Negociação
1431,5069,1032,2025-05-21,18693,Unitite,Negociação
1432,5373,2009,2025-01-23,8166,Epikut,Proposta
1433,5230,1004,2025-05-13,21100,Epikut,Negociação
1434,5268,1021,2025-02-28,15169,Strong,Perdido
1435,5259,1021,2025-03-26,18247,Strong,Perdido
1436,5115,1008,2025-01-12,17034,Epikut,Perdido
1437,5255,2026,2025-04-04,9209,Epikut,Negociação
1438,5030,1038,2025-04-21,5236,Strong,Negociação
1439,5154,1040,2025-04-17,16887,Epikut,Negociação
1440,5332,2034,2025-04-16,7504,Unitite,Perdido
1441,5018,2023,2025-06-30,11532,Epikut,Negociação
1442,5432,1007,2025-06-14,19813,Unitite,Fechado ganho
1443,5448,1002,2025-04-18,25548,Strong,Perdido
1444,5475,2006,2025-04-18,6906,Epikut,Proposta
1445,5371,2019,2025-01-27,20676,Strong,Fechado ganho
1446,5115,1030,2025-01-23,25597,Tryon,Proposta
1447,5108,1060,2025-05-22,29782,Tryon,Perdido
1448,5337,2005,2025-04-05,4567,Epikut,Perdido
1449,5443,2014,2025-03-17,2271,Epikut,Proposta
1450,5354,2002,2025-01-13,29987,Tryon,Negociação
1451,5132,1034,2025-06-03,4440,Tryon,Negociação
1452,5123,2007,2025-03-09,11711,Epikut,Proposta
1453,5053,2022,2025-06-04,20929,Epikut,Perdido
1454,5007,1009,2025-05-16,7911,Unitite,Proposta
1455,5436,2003,2025-05-07,6102,Strong,Fechado ganho
1456,5439,1022,2025-02-23,29919,Tryon,Perdido
1457,5369,2021,2025-06-21,12752,Strong,Negociação
1458,5330,2015,2025-05-20,16733,Epikut,Perdido
1459,5402,1051,2025-05-05,14547,Epikut,Fechado ganho
1460,5235,1038,2025-05-25,13976,Epikut,Fechado ganho
1461,5052,1035,2025-01-09,19332,Unitite,Perdido
1462,5115,2018,2025-05-07,29070,Strong,Negociação
1463,5237,1011,2025-01-12,10701,Epikut,Negociação
1464,5294,1060,2025-01-16,23140,Strong,Proposta
1465,5170,1046,2025-06-11,10245,Tryon,Perdido
1466,5284,2008,2025-04-12,2841,Strong,Fechado ganho
1467,5412,1039,2025-02-28,8279,Epikut,Perdido
1468,5361,2035,2025-02-17,13633,Epikut,Perdido
1469,5181,1013,2025-03-05,26745,Strong,Fechado ganho
1470,5038,1041,2025-03-27,24490,Tryon,Perdido
1471,5268,2028,2025-05-14,3483,Epikut,Perdido
1472,5171,1005,2025-04-18,27611,Epikut,Negociação
1473,5149,2004,2025-02-11,28313,Tryon,Perdido
1474,5477,1051,2025-03-13,13557,Tryon,Perdido
1475,5152,1037,2025-03-23,24373,Epikut,Negociação
1476,5346,1019,2025-03-25,28280,Strong,Fechado ganho
1477,5118,1056,2025-05-01,11043,Unitite,Fechado ganho
1478,5101,2035,2025-06-07,2581,Epikut,Fechado ganho
1479,5088,1042,2025-03-09,26512,Epikut,Negociação
1480,5411,2020,2025-06-07,24394,Tryon,Fechado ganho
1481,5249,2008,2025-03-19,27627,Strong,Negociação
1482,5414,1020,2025-02-16,7959,Unitite,Proposta
1483,5203,2022,2025-01-18,24701,Epikut,Perdido
1484,5356,1015,2025-04-11,29962,Unitite,Fechado ganho
1485,5382,1041,2025-05-24,9607,Unitite,Fechado ganho
1486,5487,2001,2025-06-16,4336,Unitite,Proposta
1487,5276,1011,2025-02-09,8900,Unitite,Negociação
1488,5073,2040,2025-03-01,15764,Tryon,Perdido
1489,5137,1027,2025-01-08,2800,Epikut,Perdido
1490,5343,2025,2025-05-25,9095,Epikut,Fechado ganho
1491,5353,1003,2025-02-27,8657,Strong,Fechado ganho
1492,5068,2017,2025-06-27,2478,Unitite,Fechado ganho
1493,5408,1024,2025-06-08,19423,Epikut,Proposta
1494,5116,2006,2025-03-23,17688,Epikut,Negociação
1495,5349,2022,2025-03-16,13427,Strong,Proposta
1496,5463,1022,2025-04-14,28642,Unitite,Perdido
1497,5096,2012,2025-02-16,5766,Tryon,Proposta
1498,5486,1013,2025-05-23,29205,Tryon,Negociação
1499,5009,1008,2025-06-23,26991,Tryon,Negociação
1500,5113,2014,2025-03-28,11210,Tryon,Fechado ganho
1501,5030,1034,2025-05-21,21541,Tryon,Fechado ganho
1502,5034,1013,2025-02-12,11442,Epikut,Negociação
1503,5304,2012,2025-01-18,24159,Epikut,Negociação
1504,5490,1014,2025-01-19,20833,Tryon,Perdido
1505,5124,1055,2025-02-18,16721,Tryon,Negociação
1506,5185,2034,2025-05-08,26633,Unitite,Perdido
1507,5204,1001,2025-01-10,9757,Epikut,Fechado ganho
1508,5426,1034,2025-05-22,13559,Tryon,Fechado ganho
1509,5024,2038,2025-04-17,2282,Unitite,Perdido
1510,5371,1052,2025-06-17,25112,Tryon,Negociação
1511,5370,1023,2025-06-10,20764,Tryon,Proposta
1512,5137,1031,2025-01-07,13942,Strong,Perdido
1513,5247,1038,2025-06-30,5972,Strong,Fechado ganho
1514,5222,1009,2025-04-12,4895,Tryon,Perdido
1515,5331,2040,2025-04-21,9706,Tryon,Negociação
1516,5082,2036,2025-06-07,4669,Epikut,Fechado ganho
1517,5490,2023,2025-05-21,17060,Epikut,Negociação
1518,5114,1014,2025-02-17,22805,Strong,Fechado ganho
1519,5462,1043,2025-01-23,17857,Tryon,Fechado ganho
1520,5354,1030,2025-04-03,9478,Strong,Fechado ganho
1521,5262,1038,2025-06-21,17834,Tryon,Perdido
1522,5187,1034,2025-03-22,23564,Epikut,Negociação
1523,5086,1011,2025-01-27,7350,Unitite,Negociação
1524,5030,1057,2025-05-22,15375,Tryon,Proposta
1525,5190,1016,2025-05-14,18070,Tryon,Fechado ganho
1526,5127,1048,2025-05-12,13566,Tryon,Perdido
1527,5399,1047,2025-05-14,21863,Strong,Negociação
1528,5007,1049,2025-05-28,15501,Strong,Proposta
1529,5412,2003,2025-01-31,4643,Strong,Negociação
1530,5476,2024,2025-06-28,2395,Strong,Perdido
1531,5270,2040,2025-01-09,2041,Unitite,Proposta
1532,5429,1048,2025-03-09,29707,Tryon,Perdido
1533,5187,1006,2025-04-20,13410,Epikut,Perdido
1534,5399,1013,2025-01-03,4668,Epikut,Negociação
1535,5482,1051,2025-01-31,28358,Tryon,Proposta
1536,5396,1018,2025-05-01,2209,Tryon,Negociação
1537,5037,2032,2025-02-11,10222,Strong,Perdido
1538,5424,2015,2025-05-28,25278,Strong,Proposta
1539,5416,2011,2025-04-08,22661,Strong,Proposta
1540,5446,1028,2025-04-05,16049,Tryon,Fechado ganho
1541,5072,1050,2025-06-13,23236,Tryon,Negociação
1542,5279,1036,2025-02-05,27272,Tryon,Proposta
1543,5098,1055,2025-03-12,20949,Strong,Fechado ganho
1544,5285,2011,2025-03-07,20480,Tryon,Proposta
1545,5093,1051,2025-06-24,13063,Unitite,Perdido
1546,5233,1044,2025-01-09,20853,Strong,Negociação
1547,5350,1029,2025-03-17,13325,Tryon,Proposta
1548,5466,1046,2025-04-06,12714,Unitite,Fechado ganho
1549,5111,1015,2025-01-18,20666,Unitite,Perdido
1550,5336,1055,2025-05-26,15412,Strong,Proposta
1551,5332,1021,2025-02-18,13694,Epikut,Fechado ganho
1552,5455,2016,2025-01-04,16179,Epikut,Perdido
1553,5156,1042,2025-06-24,29276,Epikut,Fechado ganho
1554,5235,2007,2025-01-25,15430,Unitite,Proposta
1555,5014,1027,2025-04-01,25758,Strong,Perdido
1556,5463,2020,2025-03-04,17750,Unitite,Perdido
1557,5232,1023,2025-04-08,15500,Epikut,Negociação
1558,5016,1025,2025-05-11,25096,Strong,Fechado ganho
1559,5103,2024,2025-01-18,2116,Strong,Perdido
1560,5001,1059,2025-04-26,29426,Unitite,Perdido
1561,5424,2015,2025-01-24,18543,Strong,Perdido
1562,5411,1028,2025-02-14,9426,Epikut,Fechado ganho
1563,5148,2018,2025-03-15,23590,Epikut,Proposta
1564,5497,1040,2025-01-15,20337,Tryon,Proposta
1565,5352,2001,2025-01-22,7298,Epikut,Negociação
1566,5047,2025,2025-03-26,5660,Epikut,Negociação
1567,5190,2013,2025-02-06,16034,Unitite,Negociação
1568,5409,2026,2025-06-27,11262,Epikut,Negociação
1569,5223,1034,2025-03-08,17896,Strong,Perdido
1570,5366,1047,2025-03-03,29316,Unitite,Fechado ganho
1571,5173,1013,2025-01-26,14472,Epikut,Perdido
1572,5492,2013,2025-04-13,25241,Unitite,Fechado ganho
1573,5406,2012,2025-04-11,7772,Unitite,Proposta
1574,5335,1059,2025-05-20,14797,Epikut,Fechado ganho
1575,5490,1060,2025-02-23,9034,Unitite,Fechado ganho
1576,5135,1012,2025-02-28,10372,Tryon,Proposta
1577,5018,1023,2025-05-30,18617,Strong,Fechado ganho
1578,5052,1019,2025-02-07,23067,Tryon,Negociação
1579,5451,2019,2025-05-28,29066,Epikut,Proposta
1580,5229,1020,2025-01-10,21000,Strong,Fechado ganho
1581,5185,1039,2025-03-30,15615,Tryon,Proposta
1582,5123,2013,2025-02-07,12546,Strong,Proposta
1583,5082,1029,2025-06-10,20142,Strong,Fechado ganho
1584,5321,1019,2025-02-28,4480,Strong,Fechado ganho
1585,5153,1038,2025-03-23,17931,Unitite,Fechado ganho
1586,5296,1013,2025-01-03,27636,Unitite,Proposta
1587,5094,1046,2025-06-21,22755,Epikut,Negociação
1588,5255,2031,2025-03-15,9034,Unitite,Negociação
1589,5450,1015,2025-01-23,6429,Strong,Fechado ganho
1590,5303,1021,2025-05-01,6228,Strong,Fechado ganho
1591,5159,2029,2025-03-09,25475,Epikut,Negociação
1592,5244,2020,2025-02-09,17327,Tryon,Proposta
1593,5326,2038,2025-03-01,10151,Strong,Perdido
1594,5177,1054,2025-06-01,16173,Epikut,Perdido
1595,5004,2009,2025-01-17,8926,Unitite,Perdido
1596,5244,2029,2025-04-09,11021,Unitite,Negociação
1597,5108,1022,2025-05-30,25371,Epikut,Perdido
1598,5049,2026,2025-02-25,6181,Strong,Negociação
1599,5158,2003,2025-03-12,29796,Epikut,Fechado ganho
1600,5486,2007,2025-03-23,11976,Strong,Negociação
1601,5296,1015,2025-06-16,23377,Strong,Negociação
1602,5098,1009,2025-05-24,24773,Tryon,Perdido
1603,5107,2012,2025-02-12,20995,Unitite,Proposta
1604,5022,1018,2025-01-17,20331,Strong,Perdido
1605,5115,2012,2025-03-28,29607,Tryon,Fechado ganho
1606,5125,2005,2025-04-08,24479,Tryon,Perdido
1607,5127,2033,2025-02-03,26122,Unitite,Fechado ganho
1608,5006,1045,2025-01-15,10121,Strong,Negociação
1609,5273,1019,2025-06-08,9512,Epikut,Perdido
1610,5077,1029,2025-01-01,5755,Tryon,Negociação
1611,5479,1044,2025-02-13,24626,Tryon,Fechado ganho
1612,5172,1038,2025-03-22,18941,Epikut,Perdido
1613,5229,1019,2025-01-21,27502,Strong,Fechado ganho
1614,5486,1004,2025-05-27,21299,Epikut,Proposta
1615,5304,1010,2025-02-22,13895,Epikut,Proposta
1616,5376,1015,2025-03-05,23421,Unitite,Negociação
1617,5355,2025,2025-01-18,6220,Tryon,Negociação
1618,5162,2011,2025-02-15,17349,Strong,Perdido
1619,5303,1058,2025-05-07,22237,Unitite,Negociação
1620,5179,1042,2025-01-01,20483,Epikut,Fechado ganho
1621,5232,2019,2025-06-19,7266,Unitite,Perdido
1622,5104,2021,2025-01-02,11163,Unitite,Fechado ganho
1623,5035,1007,2025-03-29,21597,Tryon,Negociação
1624,5432,1028,2025-04-06,12574,Epikut,Fechado ganho
1625,5184,2006,2025-04-16,12007,Epikut,Fechado ganho
1626,5280,1051,2025-02-25,28522,Tryon,Negociação
1627,5229,2031,2025-01-18,13841,Tryon,Perdido
1628,5324,2029,2025-04-01,29746,Unitite,Fechado ganho
1629,5116,2002,2025-06-20,22989,Unitite,Fechado ganho
1630,5340,1027,2025-05-11,14698,Unitite,Fechado ganho
1631,5145,1033,2025-05-07,2169,Tryon,Perdido
1632,5347,2027,2025-03-13,29820,Epikut,Proposta
1633,5226,2027,2025-05-27,6771,Strong,Perdido
1634,5382,1057,2025-06-19,17795,Epikut,Fechado ganho
1635,5037,1009,2025-02-25,17160,Tryon,Negociação
1636,5167,2020,2025-03-19,14498,Unitite,Proposta
1637,5383,2024,2025-01-26,8472,Epikut,Perdido
1638,5076,1055,2025-01-20,10182,Epikut,Proposta
1639,5262,1011,2025-03-04,28873,Strong,Perdido
1640,5325,2031,2025-05-07,9749,Strong,Perdido
1641,5386,1041,2025-04-23,24249,Epikut,Fechado ganho
1642,5072,1048,2025-06-25,23434,Strong,Fechado ganho
1643,5133,2027,2025-05-09,4970,Strong,Negociação
1644,5296,2031,2025-02-11,9933,Unitite,Negociação
1645,5437,2001,2025-02-07,4850,Epikut,Perdido
1646,5282,1028,2025-03-27,7385,Unitite,Proposta
1647,5427,1005,2025-02-14,15139,Strong,Perdido
1648,5473,2030,2025-04-30,27728,Epikut,Negociação
1649,5427,1007,2025-05-28,25153,Unitite,Fechado ganho
1650,5029,2032,2025-01-23,22163,Unitite,Perdido
1651,5256,2009,2025-06-21,27316,Epikut,Negociação
1652,5340,1054,2025-05-28,16869,Epikut,Proposta
1653,5401,2039,2025-03-29,7674,Strong,Perdido
1654,5339,2008,2025-04-10,23422,Epikut,Negociação
1655,5421,2014,2025-06-24,5336,Unitite,Negociação
1656,5262,2038,2025-03-08,23510,Tryon,Perdido
1657,5124,1037,2025-04-08,8724,Unitite,Proposta
1658,5416,1053,2025-04-04,6128,Tryon,Negociação
1659,5181,1058,2025-02-20,19168,Strong,Perdido
1660,5007,2037,2025-02-01,10784,Tryon,Negociação
1661,5025,2010,2025-01-05,15920,Tryon,Fechado ganho
1662,5320,2001,2025-05-16,2207,Epikut,Negociação
1663,5409,1057,2025-04-25,14596,Tryon,Perdido
1664,5182,1024,2025-01-21,13572,Tryon,Perdido
1665,5278,1040,2025-06-25,10674,Strong,Negociação
1666,5363,2013,2025-01-23,21215,Strong,Perdido
1667,5200,1029,2025-02-21,4851,Tryon,Negociação
1668,5140,2009,2025-05-17,25670,Unitite,Perdido
1669,5088,1024,2025-06-15,13690,Strong,Proposta
1670,5237,2024,2025-05-21,3133,Unitite,Negociação
1671,5423,1056,2025-04-07,19984,Strong,Negociação
1672,5394,1046,2025-01-04,15369,Tryon,Perdido
1673,5129,2018,2025-01-08,17975,Strong,Proposta
1674,5138,1056,2025-01-05,20743,Epikut,Fechado ganho
1675,5158,2024,2025-05-02,9703,Tryon,Negociação
1676,5196,1054,2025-06-11,15580,Tryon,Perdido
1677,5423,1045,2025-03-16,17945,Epikut,Negociação
1678,5198,2038,2025-02-14,7083,Tryon,Negociação
1679,5297,2039,2025-01-17,17423,Epikut,Fechado ganho
1680,5291,2002,2025-03-28,5462,Tryon,Perdido
1681,5358,1038,2025-03-13,11306,Tryon,Proposta
1682,5371,2029,2025-03-18,28668,Strong,Proposta
1683,5049,2013,2025-04-25,2895,Epikut,Proposta
1684,5406,2004,2025-02-27,3168,Epikut,Perdido
1685,5248,2026,2025-05-02,20896,Strong,Perdido
1686,5211,1034,2025-04-08,3858,Unitite,Proposta
1687,5048,1023,2025-04-15,6430,Epikut,Perdido
1688,5382,1051,2025-03-06,8148,Strong,Fechado ganho
1689,5218,1002,2025-01-12,13035,Unitite,Negociação
1690,5011,1046,2025-05-13,17368,Strong,Negociação
1691,5378,2038,2025-01-19,28937,Unitite,Proposta
1692,5408,1005,2025-01-07,20411,Strong,Proposta
1693,5150,1017,2025-02-23,23182,Unitite,Perdido
1694,5346,1037,2025-06-25,13561,Unitite,Proposta
1695,5397,1010,2025-05-10,28869,Epikut,Proposta
1696,5342,1043,2025-03-16,5133,Epikut,Fechado ganho
1697,5107,2028,2025-05-24,13187,Unitite,Perdido
1698,5445,2002,2025-06-13,21733,Strong,Proposta
1699,5149,1044,2025-05-11,26801,Strong,Fechado ganho
1700,5398,2004,2025-03-18,11464,Tryon,Proposta
1701,5287,2022,2025-01-14,19134,Tryon,Fechado ganho
1702,5455,1051,2025-04-22,9832,Tryon,Negociação
1703,5006,2033,2025-04-11,10118,Strong,Negociação
1704,5307,2002,2025-01-06,19451,Strong,Negociação
1705,5012,1018,2025-01-13,23042,Strong,Negociação
1706,5056,2019,2025-04-19,25161,Epikut,Perdido
1707,5306,1008,2025-02-15,3842,Unitite,Perdido
1708,5456,1031,2025-02-12,18287,Strong,Perdido
1709,5464,1004,2025-05-30,10373,Unitite,Negociação
1710,5357,1047,2025-04-06,9113,Unitite,Perdido
1711,5088,2007,2025-02-26,8759,Tryon,Negociação
1712,5301,1003,2025-04-29,11995,Tryon,Proposta
1713,5146,1051,2025-04-24,16463,Strong,Proposta
1714,5338,2001,2025-06-28,5939,Tryon,Fechado ganho
1715,5249,2001,2025-05-18,26163,Unitite,Proposta
1716,5169,2019,2025-02-24,10730,Unitite,Fechado ganho
1717,5070,1025,2025-06-24,27164,Unitite,Proposta
1718,5110,2028,2025-04-24,27521,Epikut,Perdido
1719,5037,1001,2025-03-29,12828,Strong,Fechado ganho
1720,5241,1006,2025-03-27,18113,Strong,Negociação
1721,5176,1019,2025-03-13,21541,Epikut,Proposta
1722,5119,1020,2025-03-10,2386,Strong,Perdido
1723,5386,2010,2025-04-18,15685,Unitite,Proposta
1724,5239,2027,2025-01-25,6463,Epikut,Fechado ganho
1725,5120,1060,2025-02-06,14482,Strong,Fechado ganho
1726,5084,1057,2025-02-19,22756,Strong,Proposta
1727,5117,1016,2025-04-13,22581,Unitite,Proposta
1728,5349,1057,2025-04-24,19866,Unitite,Proposta
1729,5462,1031,2025-04-16,8141,Epikut,Proposta
1730,5047,2009,2025-04-19,28421,Strong,Perdido
1731,5290,1014,2025-02-11,29124,Tryon,Perdido
1732,5419,1054,2025-02-03,27926,Unitite,Fechado ganho
1733,5169,2014,2025-03-27,24214,Unitite,Fechado ganho
1734,5190,1052,2025-05-20,4182,Strong,Fechado ganho
1735,5093,2023,2025-02-20,28484,Tryon,Fechado ganho
1736,5361,2019,2025-04-17,23599,Strong,Fechado ganho
1737,5031,1034,2025-06-15,13020,Tryon,Proposta
1738,5220,1022,2025-04-23,7191,Epikut,Negociação
1739,5442,1018,2025-05-06,9572,Unitite,Negociação
1740,5391,2037,2025-03-28,26460,Tryon,Perdido
1741,5452,1012,2025-04-13,20260,Unitite,Negociação
1742,5129,1028,2025-01-31,4639,Epikut,Fechado ganho
1743,5452,2039,2025-02-14,29495,Unitite,Fechado ganho
1744,5042,2039,2025-06-07,19010,Tryon,Fechado ganho
1745,5387,1009,2025-01-26,25571,Epikut,Perdido
1746,5462,1038,2025-01-20,13526,Unitite,Perdido
1747,5347,1054,2025-03-12,24964,Unitite,Fechado ganho
1748,5364,2035,2025-03-20,13570,Tryon,Perdido
1749,5339,2002,2025-02-16,29043,Strong,Negociação
1750,5081,1016,2025-04-25,4389,Unitite,Negociação
1751,5430,2017,2025-03-07,26370,Epikut,Negociação
1752,5045,1005,2025-02-20,23734,Unitite,Proposta
1753,5372,1004,2025-02-28,23156,Epikut,Perdido
1754,5062,2013,2025-04-26,5437,Epikut,Proposta
1755,5133,1012,2025-02-08,20165,Strong,Negociação
1756,5446,2023,2025-04-08,19141,Unitite,Proposta
1757,5252,1009,2025-05-27,22642,Epikut,Perdido
1758,5304,1025,2025-03-17,6698,Epikut,Perdido
1759,5016,2005,2025-01-27,22667,Tryon,Perdido
1760,5180,1051,2025-03-17,4530,Tryon,Perdido
1761,5218,2011,2025-06-15,3763,Tryon,Perdido
1762,5079,1035,2025-02-18,28539,Epikut,Perdido
1763,5423,2022,2025-04-02,5737,Tryon,Proposta
1764,5173,1047,2025-03-09,18855,Epikut,Negociação
1765,5396,1009,2025-06-22,11352,Epikut,Fechado ganho
1766,5107,1033,2025-01-06,16616,Epikut,Proposta
1767,5175,2008,2025-03-14,26102,Tryon,Fechado ganho
1768,5030,1055,2025-01-08,8052,Unitite,Proposta
1769,5151,1054,2025-01-15,25922,Epikut,Negociação
1770,5087,2019,2025-06-14,5638,Unitite,Fechado ganho
1771,5119,1024,2025-02-05,23205,Tryon,Fechado ganho
1772,5061,1005,2025-02-13,28005,Unitite,Fechado ganho
1773,5148,1034,2025-03-15,17446,Strong,Negociação
1774,5095,2024,2025-02-22,24883,Strong,Fechado ganho
1775,5042,1002,2025-03-23,2957,Tryon,Perdido
1776,5026,1049,2025-06-05,14829,Tryon,Fechado ganho
1777,5401,1023,2025-03-23,28571,Epikut,Proposta
1778,5406,1016,2025-04-07,25830,Unitite,Proposta
1779,5228,2028,2025-05-07,28755,Epikut,Perdido
1780,5082,1009,2025-04-22,19699,Unitite,Negociação
1781,5284,1026,2025-04-25,24338,Strong,Perdido
1782,5471,1033,2025-05-09,12041,Unitite,Fechado ganho
1783,5198,2005,2025-02-02,14699,Strong,Perdido
1784,5133,2020,2025-04-13,20811,Strong,Perdido
1785,5412,2032,2025-05-01,29930,Tryon,Perdido
1786,5479,2021,2025-01-07,16794,Strong,Proposta
1787,5226,1005,2025-06-24,26497,Tryon,Fechado ganho
1788,5352,1018,2025-02-22,28312,Unitite,Fechado ganho
1789,5080,1033,2025-02-14,29265,Unitite,Fechado ganho
1790,5175,1028,2025-05-28,6108,Epikut,Fechado ganho
1791,5472,1041,2025-04-01,25496,Tryon,Proposta
1792,5402,2030,2025-05-24,23088,Unitite,Perdido
1793,5057,1041,2025-04-05,24527,Strong,Fechado ganho
1794,5211,1057,2025-04-09,3712,Unitite,Perdido
1795,5165,1027,2025-04-11,20518,Epikut,Negociação
1796,5365,2028,2025-04-23,27509,Unitite,Proposta
1797,5436,1048,2025-03-08,21296,Tryon,Perdido
1798,5208,2008,2025-01-02,3641,Unitite,Negociação
1799,5356,2029,2025-05-01,11630,Tryon,Negociação
1800,5076,1019,2025-03-24,7034,Epikut,Perdido
1801,5283,1049,2025-01-13,22915,Unitite,Proposta
1802,5437,2034,2025-06-30,26783,Strong,Perdido
1803,5044,2014,2025-06-14,6917,Unitite,Fechado ganho
1804,5315,2032,2025-01-31,10375,Strong,Perdido
1805,5248,1059,2025-03-20,24102,Strong,Proposta
1806,5294,1038,2025-01-23,24989,Unitite,Fechado ganho
1807,5489,1055,2025-06-09,10462,Epikut,Perdido
1808,5031,2002,2025-01-03,7366,Epikut,Perdido
1809,5248,2008,2025-06-01,21460,Strong,Perdido
1810,5233,2038,2025-05-14,8170,Unitite,Negociação
1811,5408,2014,2025-06-18,19692,Tryon,Perdido
1812,5176,2040,2025-06-22,4355,Epikut,Proposta
1813,5279,1032,2025-05-27,13979,Strong,Negociação
1814,5302,2017,2025-02-10,25734,Strong,Proposta
1815,5120,2019,2025-04-18,15148,Tryon,Perdido
1816,5264,1030,2025-05-02,26988,Tryon,Fechado ganho
1817,5012,1016,2025-01-14,9955,Epikut,Perdido
1818,5303,1028,2025-06-03,16091,Tryon,Fechado ganho
1819,5030,2004,2025-03-31,12691,Unitite,Fechado ganho
1820,5050,2033,2025-04-21,5909,Epikut,Perdido
1821,5172,1017,2025-01-28,18756,Tryon,Negociação
1822,5262,1048,2025-03-08,23539,Strong,Perdido
1823,5069,1060,2025-03-30,22406,Epikut,Negociação
1824,5442,1026,2025-06-12,9332,Tryon,Negociação
1825,5391,2001,2025-06-21,6426,Strong,Proposta
1826,5378,1028,2025-01-07,29540,Epikut,Negociação
1827,5283,2019,2025-01-18,11632,Tryon,Proposta
1828,5036,1002,2025-01-30,12563,Tryon,Negociação
1829,5316,2022,2025-03-23,6375,Tryon,Negociação
1830,5441,1014,2025-01-26,29652,Strong,Proposta
1831,5174,1038,2025-04-23,11403,Epikut,Fechado ganho
1832,5007,2030,2025-05-21,8121,Strong,Fechado ganho
1833,5417,1004,2025-06-23,3465,Tryon,Negociação
1834,5118,1018,2025-05-28,7681,Unitite,Perdido
1835,5247,2032,2025-01-26,20381,Unitite,Fechado ganho
1836,5078,2025,2025-06-28,13072,Epikut,Perdido
1837,5260,1016,2025-02-17,27906,Unitite,Proposta
1838,5294,1030,2025-02-08,29310,Tryon,Negociação
1839,5192,1042,2025-02-22,4419,Strong,Fechado ganho
1840,5261,1052,2025-04-08,13707,Tryon,Fechado ganho
1841,5105,1053,2025-01-22,13197,Epikut,Perdido
1842,5156,1038,2025-05-23,18073,Unitite,Fechado ganho
1843,5030,2031,2025-01-19,21406,Epikut,Negociação
1844,5372,1020,2025-01-05,10526,Tryon,Fechado ganho
1845,5467,2037,2025-01-02,23556,Epikut,Negociação
1846,5211,1007,2025-03-16,28960,Epikut,Fechado ganho
1847,5488,1018,2025-05-04,25588,Strong,Fechado ganho
1848,5238,1003,2025-06-04,8017,Strong,Perdido
1849,5189,2022,2025-02-16,29583,Tryon,Proposta
1850,5473,2010,2025-01-25,10351,Tryon,Perdido
1851,5187,1048,2025-04-12,21540,Strong,Negociação
1852,5175,2033,2025-02-22,2493,Strong,Fechado ganho
1853,5146,2040,2025-04-21,16662,Unitite,Proposta
1854,5395,2012,2025-03-13,18624,Epikut,Perdido
1855,5241,1013,2025-03-28,11818,Epikut,Negociação
1856,5208,1048,2025-06-30,20932,Epikut,Perdido
1857,5318,2016,2025-01-01,3675,Epikut,Perdido
1858,5423,1041,2025-02-22,8976,Tryon,Perdido
1859,5391,1053,2025-04-01,5044,Tryon,Perdido
1860,5104,2031,2025-04-08,9748,Unitite,Negociação
1861,5309,1044,2025-02-08,9931,Tryon,Negociação
1862,5134,1004,2025-01-30,26593,Epikut,Fechado ganho
1863,5384,1027,2025-04-27,3712,Unitite,Proposta
1864,5136,1040,2025-01-22,23888,Strong,Proposta
1865,5476,1016,2025-01-24,28587,Strong,Perdido
1866,5305,1036,2025-06-05,25277,Tryon,Negociação
1867,5042,1038,2025-03-20,28997,Epikut,Negociação
1868,5248,1058,2025-01-04,2523,Strong,Negociação
1869,5364,1039,2025-01-18,16555,Tryon,Proposta
1870,5300,2013,2025-03-06,2463,Unitite,Fechado ganho
1871,5265,1044,2025-01-23,28163,Unitite,Proposta
1872,5356,2016,2025-02-05,15456,Strong,Fechado ganho
1873,5397,1057,2025-05-09,15701,Unitite,Negociação
1874,5258,1060,2025-05-02,7592,Unitite,Negociação
1875,5162,1038,2025-05-25,10546,Tryon,Proposta
1876,5097,1050,2025-01-19,24537,Tryon,Proposta
1877,5475,2009,2025-05-20,2419,Epikut,Perdido
1878,5473,1030,2025-05-07,8828,Unitite,Fechado ganho
1879,5286,2037,2025-03-12,13359,Strong,Fechado ganho
1880,5334,1060,2025-06-28,23132,Strong,Perdido
1881,5468,2004,2025-03-02,23170,Unitite,Fechado ganho
1882,5277,1005,2025-01-05,15791,Epikut,Fechado ganho
1883,5430,1043,2025-01-01,13572,Unitite,Proposta
1884,5054,2015,2025-01-21,19787,Tryon,Proposta
1885,5245,2036,2025-04-11,22923,Strong,Perdido
1886,5346,2010,2025-04-19,17607,Epikut,Fechado ganho
1887,5165,2002,2025-03-25,12137,Strong,Negociação
1888,5323,1006,2025-01-10,16603,Strong,Fechado ganho
1889,5191,2023,2025-04-14,8963,Strong,Fechado ganho
1890,5108,2010,2025-01-25,9914,Strong,Fechado ganho
1891,5351,1006,2025-06-06,9750,Unitite,Fechado ganho
1892,5138,2011,2025-04-20,15493,Strong,Negociação
1893,5361,1030,2025-04-28,29961,Strong,Proposta
1894,5014,2019,2025-05-20,2084,Epikut,Proposta
1895,5343,1025,2025-06-22,22048,Unitite,Proposta
1896,5481,1042,2025-06-29,21566,Unitite,Fechado ganho
1897,5228,2026,2025-05-20,3252,Epikut,Negociação
1898,5164,1013,2025-04-01,17306,Tryon,Negociação
1899,5093,2007,2025-01-15,18172,Unitite,Negociação
1900,5431,1039,2025-02-14,6270,Unitite,Fechado ganho
1901,5147,2015,2025-02-15,23787,Unitite,Perdido
1902,5395,2040,2025-01-02,23227,Tryon,Perdido
1903,5115,2031,2025-04-15,8723,Strong,Perdido
1904,5418,2002,2025-03-31,4459,Unitite,Proposta
1905,5016,1059,2025-01-16,23185,Strong,Negociação
1906,5453,1019,2025-02-12,20067,Strong,Perdido
1907,5249,2028,2025-06-29,18299,Strong,Negociação
1908,5489,1002,2025-01-06,18946,Unitite,Fechado ganho
1909,5214,2022,2025-02-04,9879,Strong,Perdido
1910,5008,1019,2025-06-29,19221,Strong,Fechado ganho
1911,5398,1033,2025-04-04,20158,Strong,Fechado ganho
1912,5155,2009,2025-05-19,2316,Strong,Proposta
1913,5250,1006,2025-06-15,19316,Unitite,Proposta
1914,5032,1048,2025-02-23,24271,Unitite,Perdido
1915,5410,1027,2025-01-29,13385,Epikut,Proposta
1916,5432,1032,2025-04-20,7991,Epikut,Proposta
1917,5114,2019,2025-04-16,25427,Epikut,Negociação
1918,5347,2004,2025-03-25,29142,Epikut,Negociação
1919,5443,2015,2025-04-16,27843,Tryon,Proposta
1920,5311,2013,2025-03-06,17113,Epikut,Proposta
1921,5393,1004,2025-03-26,14816,Epikut,Perdido
1922,5059,2034,2025-01-16,10358,Strong,Fechado ganho
1923,5062,1017,2025-01-25,6205,Unitite,Negociação
1924,5163,2025,2025-01-10,21293,Strong,Proposta
1925,5035,1051,2025-03-08,21376,Unitite,Negociação
1926,5043,2006,2025-01-21,10404,Strong,Proposta
1927,5320,1005,2025-01-31,12042,Unitite,Perdido
1928,5006,1008,2025-03-07,28106,Tryon,Proposta
1929,5163,1056,2025-04-12,3121,Unitite,Negociação
1930,5030,2029,2025-06-30,11579,Strong,Perdido
1931,5290,2031,2025-03-24,5940,Tryon,Fechado ganho
1932,5397,1054,2025-02-13,13200,Unitite,Fechado ganho
1933,5472,2036,2025-02-15,9203,Unitite,Proposta
1934,5039,2038,2025-06-19,14577,Tryon,Negociação
1935,5251,2039,2025-01-22,28031,Unitite,Fechado ganho
1936,5494,2008,2025-06-09,11314,Tryon,Proposta
1937,5344,1032,2025-01-04,27837,Epikut,Negociação
1938,5450,2038,2025-04-01,4637,Strong,Perdido
1939,5055,1035,2025-05-17,29824,Strong,Perdido
1940,5053,1002,2025-03-02,18319,Epikut,Negociação
1941,5377,2012,2025-02-20,12382,Tryon,Negociação
1942,5084,1042,2025-05-10,27835,Epikut,Perdido
1943,5294,1024,2025-06-25,17531,Tryon,Perdido
1944,5031,1005,2025-05-05,13721,Strong,Negociação
1945,5111,2001,2025-02-02,23019,Tryon,Proposta
1946,5448,2028,2025-04-22,22189,Unitite,Perdido
1947,5020,1001,2025-02-26,21418,Strong,Proposta
1948,5424,1041,2025-06-13,7611,Epikut,Perdido
1949,5079,1039,2025-05-29,16765,Strong,Proposta
1950,5215,1053,2025-01-28,19567,Epikut,Perdido
1951,5499,1017,2025-03-17,13393,Unitite,Proposta
1952,5332,1042,2025-03-14,28155,Unitite,Fechado ganho
1953,5407,1049,2025-02-28,4796,Tryon,Negociação
1954,5484,2018,2025-03-14,17756,Epikut,Proposta
1955,5180,2021,2025-05-10,24461,Tryon,Proposta
1956,5269,2008,2025-05-06,27212,Epikut,Negociação
1957,5340,2015,2025-02-23,22693,Epikut,Fechado ganho
1958,5488,1028,2025-06-11,5061,Tryon,Proposta
1959,5162,2006,2025-01-30,13608,Tryon,Proposta
1960,5452,2039,2025-04-14,18221,Unitite,Fechado ganho
1961,5062,1034,2025-05-13,22740,Tryon,Proposta
1962,5339,2030,2025-05-27,22584,Strong,Proposta
1963,5174,2038,2025-01-29,6278,Strong,Fechado ganho
1964,5323,1050,2025-04-12,28786,Epikut,Perdido
1965,5385,2028,2025-02-26,27826,Tryon,Fechado ganho
1966,5427,1058,2025-03-30,4991,Tryon,Proposta
1967,5337,1053,2025-06-23,7412,Unitite,Negociação
1968,5100,1059,2025-01-06,7831,Unitite,Proposta
1969,5437,1030,2025-03-06,17844,Epikut,Negociação
1970,5428,1005,2025-05-02,28913,Strong,Negociação
1971,5317,1038,2025-06-04,3577,Tryon,Negociação
1972,5258,1019,2025-03-29,29651,Strong,Perdido
1973,5288,2020,2025-03-25,5228,Epikut,Perdido
1974,5238,1046,2025-02-10,18393,Epikut,Negociação
1975,5464,1054,2025-04-20,12980,Epikut,Fechado ganho
1976,5482,1054,2025-01-23,5371,Unitite,Negociação
1977,5326,2028,2025-06-23,20572,Epikut,Proposta
1978,5498,1051,2025-03-22,4059,Tryon,Proposta
1979,5290,2019,2025-01-05,16243,Tryon,Negociação
1980,5310,2010,2025-05-30,18977,Strong,Proposta
1981,5011,1046,2025-03-14,16359,Unitite,Fechado ganho
1982,5026,1057,2025-02-20,14533,Tryon,Perdido
1983,5412,2011,2025-04-23,27611,Unitite,Negociação
1984,5411,2027,2025-05-15,23284,Tryon,Perdido
1985,5317,1006,2025-06-05,13822,Unitite,Proposta
1986,5332,1060,2025-02-10,3045,Unitite,Negociação
1987,5331,2038,2025-02-25,23609,Tryon,Perdido
1988,5414,1036,2025-01-26,8715,Strong,Perdido
1989,5015,1032,2025-06-29,14366,Unitite,Fechado ganho
1990,5238,2040,2025-04-06,25599,Strong,Fechado ganho
1991,5486,1021,2025-03-03,13123,Strong,Negociação
1992,5152,1060,2025-02-19,20508,Epikut,Fechado ganho
1993,5041,1024,2025-05-28,17319,Tryon,Negociação
1994,5094,1044,2025-02-01,15046,Tryon,Fechado ganho
1995,5370,1052,2025-03-28,9221,Epikut,Negociação
1996,5375,1047,2025-03-10,26197,Tryon,Negociação
1997,5382,1014,2025-02-14,11568,Tryon,Perdido
1998,5045,2023,2025-01-24,23800,Tryon,Proposta
1999,5293,2011,2025-01-28,27119,Unitite,Proposta
2000,5079,1050,2025-02-11,27883,Strong,Perdido
2001,5362,1059,2025-05-18,24768,Unitite,Perdido
2002,5278,1054,2025-04-23,17146,Unitite,Fechado ganho
2003,5263,1035,2025-06-29,19594,Tryon,Perdido
2004,5344,2002,2025-02-01,27092,Unitite,Fechado ganho
2005,5162,1048,2025-06-23,15709,Unitite,Proposta
2006,5091,2031,2025-02-01,27997,Unitite,Fechado ganho
2007,5476,1034,2025-04-11,16176,Unitite,Negociação
2008,5500,1034,2025-04-21,18424,Unitite,Fechado ganho
2009,5110,1030,2025-01-26,28183,Epikut,Negociação
2010,5047,1051,2025-03-19,15369,Epikut,Perdido
2011,5068,2022,2025-05-19,21282,Tryon,Fechado ganho
2012,5498,1050,2025-02-19,29059,Unitite,Perdido
2013,5300,1009,2025-05-04,16349,Strong,Perdido
2014,5302,1013,2025-02-09,11297,Unitite,Proposta
2015,5061,1033,2025-03-26,24774,Epikut,Proposta
2016,5482,2011,2025-01-02,20710,Unitite,Fechado ganho
2017,5276,1013,2025-05-31,13717,Tryon,Perdido
2018,5091,1032,2025-04-13,10763,Epikut,Proposta
2019,5038,2002,2025-04-02,27800,Strong,Negociação
2020,5436,2028,2025-02-05,8721,Strong,Negociação
2021,5095,2028,2025-06-30,6453,Unitite,Negociação
2022,5087,1007,2025-04-05,28008,Epikut,Fechado ganho
2023,5407,1018,2025-05-16,15239,Unitite,Negociação
2024,5373,1052,2025-03-09,17291,Epikut,Perdido
2025,5368,1015,2025-05-19,6609,Tryon,Proposta
2026,5439,1049,2025-05-11,7935,Epikut,Proposta
2027,5080,2028,2025-03-09,9290,Strong,Perdido
2028,5004,1047,2025-06-18,4258,Unitite,Fechado ganho
2029,5299,2013,2025-04-05,28438,Epikut,Proposta
2030,5010,1016,2025-01-29,29244,Strong,Fechado ganho
2031,5075,2026,2025-06-06,25916,Tryon,Proposta
2032,5461,1007,2025-02-10,19707,Tryon,Proposta
2033,5446,2014,2025-01-12,8264,Epikut,Fechado ganho
2034,5252,1036,2025-01-21,15666,Strong,Negociação
2035,5015,2024,2025-04-03,22296,Epikut,Fechado ganho
2036,5147,1002,2025-01-13,26740,Tryon,Proposta
2037,5485,1050,2025-04-12,19835,Strong,Fechado ganho
2038,5266,1026,2025-01-24,8882,Epikut,Proposta
2039,5242,1008,2025-01-21,24611,Unitite,Negociação
2040,5014,1009,2025-06-30,25600,Unitite,Proposta
2041,5308,1020,2025-06-28,4002,Epikut,Fechado ganho
2042,5382,2024,2025-05-02,25711,Strong,Proposta
2043,5360,1022,2025-06-23,13540,Strong,Proposta
2044,5169,1024,2025-04-09,29869,Epikut,Proposta
2045,5027,1045,2025-04-07,4677,Tryon,Fechado ganho
2046,5286,2035,2025-04-04,4344,Epikut,Perdido
2047,5145,1015,2025-05-20,15719,Strong,Fechado ganho
2048,5431,1046,2025-06-01,25526,Epikut,Negociação
2049,5500,1053,2025-04-05,3633,Strong,Negociação
2050,5251,1057,2025-05-03,11224,Strong,Negociação
2051,5103,2003,2025-02-12,17597,Unitite,Proposta
2052,5376,1011,2025-05-20,4296,Strong,Fechado ganho
2053,5204,1043,2025-04-11,14041,Unitite,Fechado ganho
2054,5325,1001,2025-02-08,2152,Unitite,Perdido
2055,5337,1048,2025-04-05,20723,Strong,Negociação
2056,5364,1021,2025-01-06,6261,Strong,Proposta
2057,5455,1036,2025-06-03,6714,Epikut,Perdido
2058,5455,1032,2025-03-21,9310,Tryon,Proposta
2059,5464,2029,2025-02-24,6995,Tryon,Fechado ganho
2060,5145,2040,2025-03-24,16689,Epikut,Fechado ganho
2061,5234,1048,2025-05-07,3656,Unitite,Proposta
2062,5106,1028,2025-04-07,8045,Strong,Proposta
2063,5303,2031,2025-04-02,20514,Tryon,Proposta
2064,5171,1006,2025-05-22,14245,Epikut,Perdido
2065,5185,1056,2025-06-09,27343,Tryon,Fechado ganho
2066,5449,2026,2025-04-26,16815,Tryon,Perdido
2067,5191,1057,2025-01-08,24393,Strong,Fechado ganho
2068,5227,2031,2025-03-13,18958,Strong,Negociação
2069,5345,1037,2025-01-27,17550,Tryon,Proposta
2070,5381,1056,2025-06-23,21781,Strong,Proposta
2071,5319,1056,2025-05-05,12387,Unitite,Proposta
2072,5434,1024,2025-05-29,8849,Tryon,Perdido
2073,5104,1059,2025-04-01,11491,Tryon,Perdido
2074,5381,2038,2025-01-06,25676,Tryon,Proposta
2075,5123,1027,2025-03-01,7885,Strong,Perdido
2076,5433,2013,2025-06-11,15665,Epikut,Proposta
2077,5375,1025,2025-04-20,28668,Unitite,Proposta
2078,5395,1034,2025-04-24,27952,Unitite,Fechado ganho
2079,5272,1013,2025-04-23,7893,Tryon,Negociação
2080,5474,1041,2025-01-23,16377,Tryon,Proposta
2081,5088,2010,2025-05-08,11288,Tryon,Fechado ganho
2082,5319,2007,2025-01-07,21536,Strong,Fechado ganho
2083,5178,1016,2025-03-27,16728,Tryon,Proposta
2084,5237,2035,2025-06-22,26915,Strong,Proposta
2085,5382,2023,2025-01-04,18582,Epikut,Negociação
2086,5158,1055,2025-03-11,18670,Unitite,Perdido
2087,5395,1042,2025-04-27,12874,Strong,Proposta
2088,5454,1038,2025-01-19,22602,Unitite,Perdido
2089,5221,2040,2025-06-24,5830,Tryon,Perdido
2090,5050,1026,2025-05-30,4315,Strong,Negociação
2091,5369,2033,2025-06-07,20909,Unitite,Perdido
2092,5234,2031,2025-03-10,5802,Unitite,Fechado ganho
2093,5085,2035,2025-05-06,23007,Epikut,Fechado ganho
2094,5231,1020,2025-01-16,4440,Epikut,Perdido
2095,5116,2025,2025-02-25,10591,Unitite,Perdido
2096,5115,2034,2025-03-20,2677,Unitite,Perdido
2097,5443,1003,2025-02-15,20577,Unitite,Proposta
2098,5310,1003,2025-03-21,23287,Epikut,Perdido
2099,5402,2022,2025-03-06,8057,Strong,Perdido
2100,5052,1034,2025-02-02,11998,Tryon,Proposta
2101,5289,1036,2025-01-10,20975,Tryon,Negociação
2102,5067,1010,2025-01-15,5063,Unitite,Perdido
2103,5107,2001,2025-06-07,5163,Unitite,Proposta
2104,5013,1033,2025-04-26,6937,Strong,Fechado ganho
2105,5246,2013,2025-06-06,4570,Epikut,Fechado ganho
2106,5341,2014,2025-03-20,13345,Tryon,Negociação
2107,5455,2005,2025-06-11,25388,Unitite,Perdido
2108,5391,2007,2025-05-12,27422,Epikut,Fechado ganho
2109,5226,2025,2025-01-15,28468,Unitite,Negociação
2110,5140,1012,2025-03-28,10657,Unitite,Negociação
2111,5425,1003,2025-01-28,9851,Strong,Fechado ganho
2112,5051,1050,2025-05-27,26220,Tryon,Fechado ganho
2113,5198,2027,2025-05-12,21123,Tryon,Perdido
2114,5304,2010,2025-05-25,12527,Epikut,Negociação
2115,5043,1034,2025-03-18,12684,Tryon,Proposta
2116,5440,1001,2025-02-05,24143,Strong,Negociação
2117,5297,2028,2025-06-13,9092,Epikut,Fechado ganho
2118,5193,2008,2025-01-17,18851,Epikut,Perdido
2119,5288,1001,2025-01-13,19011,Epikut,Fechado ganho
2120,5210,1050,2025-06-19,21226,Epikut,Perdido
2121,5171,2017,2025-01-17,20000,Strong,Proposta
2122,5202,1053,2025-03-26,3003,Tryon,Perdido
2123,5278,1047,2025-02-16,28094,Strong,Perdido
2124,5346,1057,2025-06-23,9489,Tryon,Negociação
2125,5299,1053,2025-04-29,10306,Epikut,Fechado ganho
2126,5134,2009,2025-04-09,10445,Tryon,Negociação
2127,5032,1035,2025-03-30,10725,Strong,Negociação
2128,5192,1045,2025-06-23,25484,Strong,Proposta
2129,5130,1009,2025-03-20,9682,Strong,Perdido
2130,5349,2014,2025-02-17,20377,Epikut,Negociação
2131,5079,2027,2025-01-05,10011,Unitite,Perdido
2132,5182,1014,2025-02-07,3125,Unitite,Perdido
2133,5416,1015,2025-04-04,29281,Epikut,Perdido
2134,5089,2040,2025-04-09,29119,Epikut,Perdido
2135,5176,2005,2025-05-11,4632,Unitite,Negociação
2136,5422,2028,2025-03-20,3220,Epikut,Negociação
2137,5359,2032,2025-03-20,29068,Tryon,Proposta
2138,5292,1019,2025-05-04,27136,Strong,Negociação
2139,5213,1009,2025-04-23,18671,Epikut,Fechado ganho
2140,5218,2023,2025-05-11,14172,Tryon,Negociação
2141,5461,1055,2025-06-23,15733,Tryon,Perdido
2142,5029,1009,2025-01-03,8582,Epikut,Proposta
2143,5376,1031,2025-03-10,26489,Unitite,Proposta
2144,5376,1016,2025-01-10,7373,Unitite,Perdido
2145,5087,1037,2025-01-20,20868,Strong,Fechado ganho
2146,5290,2023,2025-03-22,5480,Strong,Proposta
2147,5407,2019,2025-04-21,13431,Strong,Perdido
2148,5195,1015,2025-05-26,29215,Strong,Fechado ganho
2149,5278,1033,2025-04-05,10322,Strong,Perdido
2150,5265,1037,2025-01-27,27097,Tryon,Negociação
2151,5225,2026,2025-06-26,13615,Epikut,Negociação
2152,5277,2008,2025-04-05,24744,Strong,Perdido
2153,5094,2014,2025-04-21,14312,Epikut,Proposta
2154,5176,2036,2025-01-21,15566,Strong,Negociação
2155,5258,2040,2025-05-11,4002,Tryon,Proposta
2156,5434,1015,2025-06-03,8671,Strong,Proposta
2157,5332,2015,2025-02-01,13332,Epikut,Fechado ganho
2158,5061,1004,2025-01-11,14729,Strong,Fechado ganho
2159,5339,1040,2025-04-18,24703,Tryon,Proposta
2160,5206,2028,2025-02-19,17493,Tryon,Fechado ganho
2161,5381,2023,2025-05-14,11799,Tryon,Fechado ganho
2162,5143,2012,2025-06-06,20994,Epikut,Negociação
2163,5184,2027,2025-05-06,11874,Unitite,Negociação
2164,5204,1008,2025-04-09,22333,Unitite,Negociação
2165,5013,2013,2025-05-08,11084,Unitite,Fechado ganho
2166,5360,2001,2025-02-11,8771,Unitite,Perdido
2167,5293,1033,2025-06-08,19100,Tryon,Proposta
2168,5228,2018,2025-01-20,15486,Epikut,Negociação
2169,5053,1018,2025-02-28,29387,Unitite,Proposta
2170,5313,1030,2025-04-14,10189,Tryon,Perdido
2171,5328,2022,2025-02-08,19359,Strong,Negociação
2172,5180,1006,2025-01-08,3717,Unitite,Fechado ganho
2173,5257,1034,2025-05-30,8958,Strong,Fechado ganho
2174,5409,1042,2025-03-14,28237,Epikut,Proposta
2175,5236,2020,2025-03-25,26918,Tryon,Proposta
2176,5099,1028,2025-06-30,12938,Strong,Proposta
2177,5495,1022,2025-06-28,26798,Strong,Perdido
2178,5087,1006,2025-03-16,18313,Tryon,Fechado ganho
2179,5165,2033,2025-02-18,10784,Tryon,Fechado ganho
2180,5206,1046,2025-03-08,26250,Tryon,Proposta
2181,5095,1060,2025-06-25,12029,Unitite,Perdido
2182,5043,1019,2025-01-11,7315,Unitite,Negociação
2183,5284,1028,2025-02-02,4240,Tryon,Negociação
2184,5221,1059,2025-05-22,9056,Tryon,Negociação
2185,5170,2001,2025-06-26,13626,Strong,Perdido
2186,5254,1035,2025-05-17,20104,Unitite,Fechado ganho
2187,5360,1050,2025-04-19,20043,Strong,Proposta
2188,5335,2037,2025-04-03,8030,Unitite,Perdido
2189,5411,1027,2025-03-23,15454,Unitite,Proposta
2190,5028,1059,2025-02-24,29147,Strong,Fechado ganho
2191,5485,1015,2025-05-04,7402,Tryon,Proposta
2192,5252,1006,2025-02-21,24573,Epikut,Perdido
2193,5487,1027,2025-05-15,27518,Epikut,Negociação
2194,5035,1048,2025-01-20,3832,Unitite,Fechado ganho
2195,5452,1022,2025-01-08,22002,Strong,Negociação
2196,5319,1034,2025-01-28,24799,Tryon,Fechado ganho
2197,5151,1006,2025-06-24,9789,Epikut,Proposta
2198,5011,2016,2025-05-23,18944,Strong,Perdido
2199,5419,1030,2025-01-20,3360,Tryon,Negociação
2200,5227,1051,2025-05-20,28794,Tryon,Proposta
2201,5091,1021,2025-02-17,19434,Unitite,Perdido
2202,5483,2021,2025-04-15,11669,Unitite,Proposta
2203,5500,2030,2025-06-14,19045,Epikut,Fechado ganho
2204,5065,1033,2025-05-13,16774,Strong,Perdido
2205,5102,1028,2025-03-05,2900,Epikut,Negociação
2206,5280,2017,2025-03-30,10254,Unitite,Perdido
2207,5106,1022,2025-02-10,6492,Unitite,Perdido
2208,5313,1003,2025-05-18,19175,Unitite,Negociação
2209,5025,2006,2025-04-11,18777,Strong,Proposta
2210,5241,2013,2025-04-25,4762,Unitite,Perdido
2211,5229,1029,2025-04-30,26057,Epikut,Fechado ganho
2212,5016,1032,2025-06-30,7275,Tryon,Fechado ganho
2213,5104,1004,2025-03-10,14667,Unitite,Proposta
2214,5058,1040,2025-01-04,2207,Tryon,Perdido
2215,5384,2027,2025-03-28,12699,Epikut,Fechado ganho
2216,5013,1024,2025-05-19,21180,Strong,Negociação
2217,5249,2026,2025-02-25,14099,Strong,Fechado ganho
2218,5087,2002,2025-06-07,12929,Tryon,Negociação
2219,5040,2025,2025-03-28,27915,Tryon,Perdido
2220,5478,1033,2025-04-18,2615,Unitite,Negociação
2221,5410,1015,2025-05-22,17107,Strong,Proposta
2222,5302,1024,2025-05-13,14272,Epikut,Fechado ganho
2223,5188,1046,2025-06-07,5543,Epikut,Fechado ganho
2224,5125,1046,2025-03-12,22875,Unitite,Proposta
2225,5244,2014,2025-01-14,29029,Tryon,Negociação
2226,5266,2002,2025-01-04,23930,Unitite,Fechado ganho
2227,5035,1059,2025-01-07,18017,Strong,Negociação
2228,5172,1057,2025-02-08,12940,Unitite,Perdido
2229,5264,2016,2025-06-27,11765,Unitite,Negociação
2230,5178,2008,2025-02-12,22954,Tryon,Perdido
2231,5350,1059,2025-04-29,13050,Epikut,Proposta
2232,5499,2028,2025-04-21,2923,Unitite,Proposta
2233,5139,2018,2025-02-21,26196,Unitite,Negociação
2234,5211,1040,2025-02-25,9059,Tryon,Fechado ganho
2235,5269,1058,2025-02-04,3699,Strong,Perdido
2236,5296,2025,2025-04-14,11992,Tryon,Negociação
2237,5064,1017,2025-06-12,5167,Unitite,Perdido
2238,5055,1021,2025-04-12,7049,Tryon,Fechado ganho
2239,5144,1023,2025-02-13,12868,Unitite,Fechado ganho
2240,5078,2004,2025-02-07,6330,Strong,Negociação
2241,5130,2039,2025-01-17,24100,Epikut,Perdido
2242,5085,2001,2025-01-19,13023,Strong,Negociação
2243,5097,2001,2025-03-21,14974,Epikut,Perdido
2244,5045,1056,2025-04-13,23507,Tryon,Negociação
2245,5199,2028,2025-04-24,4994,Unitite,Fechado ganho
2246,5226,2015,2025-02-13,22180,Epikut,Negociação
2247,5280,2007,2025-04-15,10334,Strong,Negociação
2248,5391,1047,2025-06-03,22782,Epikut,Negociação
2249,5465,1056,2025-01-06,13458,Epikut,Negociação
2250,5395,1021,2025-02-07,22397,Unitite,Perdido
2251,5349,2023,2025-01-09,26730,Strong,Fechado ganho
2252,5250,2031,2025-06-06,18408,Strong,Proposta
2253,5036,1021,2025-06-28,23745,Epikut,Proposta
2254,5286,1032,2025-02-21,6428,Strong,Proposta
2255,5355,1036,2025-02-07,13691,Epikut,Negociação
2256,5353,1007,2025-02-21,12325,Unitite,Negociação
2257,5114,1029,2025-03-13,23214,Epikut,Proposta
2258,5410,1008,2025-06-01,9764,Unitite,Perdido
2259,5166,2004,2025-03-14,14410,Strong,Perdido
2260,5207,2001,2025-04-02,2381,Epikut,Negociação
2261,5391,2018,2025-05-18,15066,Strong,Negociação
2262,5290,1010,2025-03-16,27203,Strong,Proposta
2263,5053,1060,2025-06-17,27729,Strong,Negociação
2264,5175,1054,2025-01-26,11496,Strong,Fechado ganho
2265,5252,1045,2025-05-27,8000,Unitite,Perdido
2266,5173,1029,2025-03-16,18801,Strong,Proposta
2267,5130,1017,2025-02-07,21751,Unitite,Negociação
2268,5037,2014,2025-05-10,6044,Strong,Fechado ganho
2269,5098,2025,2025-01-14,20358,Tryon,Fechado ganho
2270,5187,2006,2025-02-18,6931,Epikut,Proposta
2271,5157,2026,2025-04-07,19472,Tryon,Negociação
2272,5063,2001,2025-02-12,29526,Tryon,Negociação
2273,5265,2002,2025-05-15,28343,Unitite,Proposta
2274,5468,2015,2025-02-02,25993,Epikut,Perdido
2275,5220,1059,2025-05-31,3509,Unitite,Negociação
2276,5383,2040,2025-05-01,14096,Strong,Proposta
2277,5335,1019,2025-05-29,3738,Unitite,Negociação
2278,5237,2001,2025-03-28,29585,Unitite,Fechado ganho
2279,5282,2021,2025-02-03,2286,Strong,Fechado ganho
2280,5130,2001,2025-05-16,20741,Epikut,Proposta
2281,5429,2001,2025-01-24,5649,Tryon,Negociação
2282,5425,2012,2025-02-11,9493,Strong,Negociação
2283,5466,2002,2025-01-23,26445,Epikut,Fechado ganho
2284,5366,1021,2025-04-18,15703,Strong,Fechado ganho
2285,5121,2020,2025-02-09,20053,Unitite,Proposta
2286,5067,2001,2025-03-04,7847,Epikut,Proposta
2287,5394,1052,2025-01-12,22389,Unitite,Perdido
2288,5130,1022,2025-04-03,23894,Unitite,Fechado ganho
2289,5060,1015,2025-04-26,15215,Strong,Proposta
2290,5332,2021,2025-05-02,2970,Tryon,Negociação
2291,5069,1054,2025-02-13,19373,Unitite,Fechado ganho
2292,5385,2019,2025-06-30,11196,Epikut,Perdido
2293,5451,1053,2025-06-16,2452,Strong,Proposta
2294,5178,1019,2025-02-12,17075,Unitite,Negociação
2295,5312,1051,2025-04-06,2747,Epikut,Perdido
2296,5160,2011,2025-06-12,15105,Tryon,Proposta
2297,5306,1041,2025-05-09,22451,Unitite,Perdido
2298,5135,2014,2025-02-15,27844,Strong,Fechado ganho
2299,5352,1054,2025-05-16,4816,Strong,Negociação
2300,5382,2015,2025-05-20,10900,Tryon,Proposta
2301,5175,2025,2025-04-14,12126,Tryon,Proposta
2302,5279,1012,2025-01-30,20052,Tryon,Fechado ganho
2303,5097,1054,2025-06-04,2882,Epikut,Fechado ganho
2304,5180,1057,2025-03-10,3954,Strong,Perdido
2305,5484,1051,2025-01-15,15994,Unitite,Fechado ganho
2306,5480,2008,2025-01-31,23878,Epikut,Perdido
2307,5148,1053,2025-03-25,10379,Unitite,Negociação
2308,5299,1016,2025-03-08,12736,Strong,Perdido
2309,5231,1055,2025-02-11,9166,Epikut,Fechado ganho
2310,5373,1058,2025-06-21,23783,Tryon,Proposta
2311,5403,2024,2025-01-23,22469,Strong,Negociação
2312,5131,1024,2025-01-22,18153,Tryon,Proposta
2313,5259,1042,2025-02-15,8552,Unitite,Perdido
2314,5272,1060,2025-04-17,7736,Epikut,Perdido
2315,5198,1032,2025-03-31,26496,Epikut,Fechado ganho
2316,5231,1059,2025-02-18,11586,Strong,Negociação
2317,5127,1044,2025-05-12,5533,Strong,Fechado ganho
2318,5033,2028,2025-04-28,6745,Epikut,Perdido
2319,5105,2032,2025-04-10,5710,Unitite,Proposta
2320,5445,1023,2025-05-28,13468,Tryon,Perdido
2321,5189,1015,2025-04-01,26764,Strong,Perdido
2322,5319,2020,2025-06-18,17728,Strong,Fechado ganho
2323,5026,1044,2025-01-02,24323,Strong,Proposta
2324,5353,2002,2025-06-16,13346,Unitite,Proposta
2325,5314,1038,2025-01-26,25786,Strong,Negociação
2326,5297,2015,2025-01-31,6986,Epikut,Proposta
2327,5366,1034,2025-02-15,7423,Epikut,Fechado ganho
2328,5384,1059,2025-06-28,20654,Strong,Fechado ganho
2329,5219,2019,2025-03-19,10997,Tryon,Perdido
2330,5434,2032,2025-03-07,21300,Epikut,Proposta
2331,5368,1003,2025-04-22,3466,Epikut,Fechado ganho
2332,5125,1038,2025-05-26,26356,Tryon,Proposta
2333,5302,1006,2025-02-10,11142,Epikut,Fechado ganho
2334,5100,2017,2025-01-21,15861,Unitite,Perdido
2335,5347,1027,2025-03-09,10467,Unitite,Fechado ganho
2336,5153,2038,2025-06-06,13691,Strong,Negociação
2337,5104,2014,2025-03-24,23975,Tryon,Perdido
2338,5351,1001,2025-01-13,2580,Epikut,Proposta
2339,5284,2012,2025-02-20,12870,Strong,Perdido
2340,5408,2023,2025-06-13,5266,Epikut,Proposta
2341,5044,1040,2025-05-20,10160,Strong,Proposta
2342,5424,2037,2025-05-07,13655,Tryon,Fechado ganho
2343,5405,1054,2025-06-17,5887,Unitite,Negociação
2344,5427,1055,2025-03-08,22815,Unitite,Perdido
2345,5111,2037,2025-02-22,10321,Epikut,Fechado ganho
2346,5166,2002,2025-04-24,3433,Tryon,Negociação
2347,5456,1021,2025-06-23,7482,Unitite,Negociação
2348,5124,1012,2025-03-31,18152,Strong,Fechado ganho
2349,5186,1033,2025-05-18,6721,Strong,Fechado ganho
2350,5203,1057,2025-04-13,4415,Epikut,Perdido
2351,5292,1037,2025-02-17,11277,Tryon,Perdido
2352,5309,1017,2025-04-27,20464,Strong,Fechado ganho
2353,5142,2031,2025-03-18,24445,Unitite,Negociação
2354,5054,2019,2025-03-16,6003,Epikut,Proposta
2355,5049,2023,2025-06-25,19189,Tryon,Perdido
2356,5107,1031,2025-03-03,25368,Tryon,Perdido
2357,5163,1051,2025-01-28,20322,Strong,Negociação
2358,5356,1048,2025-05-02,9122,Strong,Proposta
2359,5483,1039,2025-05-21,4229,Epikut,Negociação
2360,5183,2025,2025-03-30,8551,Strong,Perdido
2361,5355,2020,2025-04-21,25699,Epikut,Perdido
2362,5462,1015,2025-02-15,6099,Unitite,Negociação
2363,5390,1001,2025-01-02,26453,Unitite,Perdido
2364,5495,2036,2025-01-10,2913,Unitite,Proposta
2365,5070,1025,2025-04-22,12488,Strong,Negociação
2366,5341,1022,2025-01-25,23668,Tryon,Perdido
2367,5072,1035,2025-03-07,10789,Strong,Perdido
2368,5149,2021,2025-01-22,20607,Unitite,Fechado ganho
2369,5308,2012,2025-01-11,2420,Tryon,Negociação
2370,5221,2004,2025-06-17,11592,Strong,Negociação
2371,5298,2004,2025-02-05,7843,Epikut,Fechado ganho
2372,5374,1017,2025-03-25,17953,Unitite,Negociação
2373,5400,1008,2025-06-16,26378,Epikut,Proposta
2374,5231,2018,2025-06-13,20298,Strong,Negociação
2375,5461,2006,2025-05-27,2590,Strong,Perdido
2376,5489,2006,2025-04-27,8136,Strong,Fechado ganho
2377,5468,1035,2025-06-20,25819,Tryon,Perdido
2378,5105,2011,2025-03-09,2426,Tryon,Proposta
2379,5472,1043,2025-01-12,18679,Tryon,Proposta
2380,5500,1019,2025-04-04,6108,Strong,Proposta
2381,5145,2009,2025-03-09,2261,Tryon,Proposta
2382,5214,1029,2025-01-30,20915,Strong,Proposta
2383,5202,1026,2025-05-01,5883,Tryon,Fechado ganho
2384,5441,1030,2025-03-30,22963,Strong,Fechado ganho
2385,5291,1017,2025-01-06,12497,Strong,Proposta
2386,5116,2006,2025-01-31,24424,Tryon,Fechado ganho
2387,5317,1014,2025-05-03,22102,Tryon,Proposta
2388,5102,2029,2025-01-15,15648,Strong,Fechado ganho
2389,5233,1056,2025-02-02,25517,Epikut,Negociação
2390,5350,1002,2025-06-13,4636,Unitite,Perdido
2391,5160,2039,2025-02-10,23305,Strong,Perdido
2392,5024,1056,2025-01-18,23714,Unitite,Fechado ganho
2393,5098,2028,2025-05-28,12904,Tryon,Proposta
2394,5278,2007,2025-04-06,24340,Strong,Fechado ganho
2395,5140,1006,2025-04-22,8566,Unitite,Negociação
2396,5421,1057,2025-02-21,3281,Epikut,Perdido
2397,5151,2002,2025-06-25,27707,Strong,Fechado ganho
2398,5037,1009,2025-03-06,22924,Epikut,Fechado ganho
2399,5214,1054,2025-05-19,17109,Tryon,Negociação
2400,5118,2030,2025-06-02,23740,Unitite,Proposta
2401,5002,1016,2025-06-20,20091,Epikut,Perdido
2402,5300,1017,2025-04-30,3365,Tryon,Fechado ganho
2403,5490,1032,2025-04-12,16595,Unitite,Proposta
2404,5062,1044,2025-06-10,3905,Unitite,Proposta
2405,5035,2013,2025-05-08,21404,Epikut,Perdido
2406,5338,2033,2025-06-15,16488,Unitite,Perdido
2407,5249,2017,2025-02-12,16616,Tryon,Perdido
2408,5497,2021,2025-05-13,3833,Unitite,Negociação
2409,5458,1019,2025-02-07,25849,Tryon,Perdido
2410,5087,1053,2025-02-13,14673,Epikut,Proposta
2411,5109,2026,2025-06-19,8936,Strong,Negociação
2412,5396,1027,2025-05-06,10507,Epikut,Perdido
2413,5485,2025,2025-06-29,10948,Unitite,Proposta
2414,5457,1059,2025-05-17,3705,Tryon,Fechado ganho
2415,5161,1054,2025-06-07,16251,Strong,Fechado ganho
2416,5273,1048,2025-04-02,3760,Strong,Negociação
2417,5083,1010,2025-06-16,5862,Unitite,Proposta
2418,5076,2040,2025-06-28,26772,Tryon,Fechado ganho
2419,5395,1033,2025-06-15,28035,Epikut,Proposta
2420,5349,1047,2025-02-09,17843,Unitite,Fechado ganho
2421,5275,1020,2025-06-03,8856,Strong,Negociação
2422,5167,2033,2025-06-01,18422,Tryon,Proposta
2423,5270,1024,2025-06-03,11937,Unitite,Fechado ganho
2424,5454,1034,2025-01-31,9570,Strong,Negociação
2425,5197,2029,2025-01-30,20546,Strong,Perdido
2426,5490,2032,2025-06-06,28134,Epikut,Fechado ganho
2427,5268,2022,2025-02-14,12743,Epikut,Negociação
2428,5110,1059,2025-01-31,18255,Strong,Negociação
2429,5062,1007,2025-02-05,2293,Unitite,Negociação
2430,5335,1050,2025-04-30,10793,Unitite,Perdido
2431,5234,2030,2025-05-01,7297,Unitite,Perdido
2432,5398,2027,2025-01-03,20408,Strong,Fechado ganho
2433,5464,1011,2025-04-14,21870,Unitite,Fechado ganho
2434,5211,1035,2025-05-21,12607,Tryon,Proposta
2435,5261,1009,2025-05-04,24545,Tryon,Proposta
2436,5263,1056,2025-04-19,11729,Unitite,Negociação
2437,5323,2037,2025-05-07,22787,Strong,Proposta
2438,5021,1056,2025-06-20,24072,Strong,Negociação
2439,5216,1003,2025-02-02,12613,Unitite,Fechado ganho
2440,5045,1026,2025-01-24,8058,Unitite,Perdido
2441,5383,2030,2025-02-05,28128,Tryon,Negociação
2442,5299,1039,2025-02-06,6074,Epikut,Fechado ganho
2443,5475,2003,2025-01-22,10324,Strong,Negociação
2444,5029,1004,2025-05-01,12971,Unitite,Negociação
2445,5083,1027,2025-06-22,23510,Epikut,Perdido
2446,5254,2027,2025-04-13,21425,Unitite,Perdido
2447,5464,2037,2025-03-26,12633,Tryon,Fechado ganho
2448,5150,2026,2025-02-14,6935,Epikut,Proposta
2449,5285,1038,2025-04-03,12315,Tryon,Proposta
2450,5035,1012,2025-06-14,16424,Unitite,Fechado ganho
2451,5457,1024,2025-02-08,23556,Unitite,Proposta
2452,5483,1048,2025-01-14,11346,Tryon,Fechado ganho
2453,5087,2014,2025-05-12,9007,Unitite,Proposta
2454,5004,2038,2025-03-03,20389,Strong,Fechado ganho
2455,5070,2010,2025-02-08,26898,Unitite,Fechado ganho
2456,5237,2001,2025-03-04,13949,Unitite,Negociação
2457,5012,1045,2025-01-24,5970,Tryon,Perdido
2458,5261,1044,2025-04-26,19721,Unitite,Fechado ganho
2459,5446,1002,2025-01-06,29288,Strong,Negociação
2460,5043,2012,2025-03-27,18329,Epikut,Negociação
2461,5486,2017,2025-06-29,14387,Tryon,Perdido
2462,5387,2029,2025-06-26,21608,Strong,Fechado ganho
2463,5066,1044,2025-02-10,12332,Epikut,Proposta
2464,5067,1048,2025-06-25,3500,Epikut,Proposta
2465,5157,1028,2025-04-11,2387,Tryon,Negociação
2466,5441,1040,2025-02-28,18960,Unitite,Perdido
2467,5250,2014,2025-02-18,27746,Epikut,Fechado ganho
2468,5217,2013,2025-06-08,2505,Tryon,Proposta
2469,5468,1030,2025-06-30,20428,Tryon,Perdido
2470,5023,2016,2025-03-28,14864,Strong,Perdido
2471,5107,2033,2025-06-28,22498,Unitite,Negociação
2472,5329,1004,2025-01-20,16123,Tryon,Proposta
2473,5086,2037,2025-01-19,18655,Epikut,Negociação
2474,5401,1021,2025-06-29,13246,Unitite,Negociação
2475,5141,1042,2025-04-10,17360,Tryon,Negociação
2476,5438,1019,2025-04-09,20428,Tryon,Fechado ganho
2477,5125,1051,2025-05-20,8421,Epikut,Negociação
2478,5052,1005,2025-01-03,8148,Epikut,Negociação
2479,5365,1001,2025-05-04,7971,Epikut,Fechado ganho
2480,5109,1021,2025-02-08,5821,Tryon,Fechado ganho
2481,5037,2028,2025-03-08,17744,Strong,Perdido
2482,5248,1057,2025-05-17,20708,Tryon,Negociação
2483,5306,2003,2025-04-19,2834,Strong,Perdido
2484,5427,2023,2025-06-05,7787,Strong,Fechado ganho
2485,5300,1012,2025-03-14,3721,Strong,Proposta
2486,5292,1021,2025-02-05,22339,Strong,Fechado ganho
2487,5277,2004,2025-04-16,2142,Epikut,Fechado ganho
2488,5016,1031,2025-02-12,9429,Strong,Negociação
2489,5339,1020,2025-05-24,6520,Epikut,Negociação
2490,5163,2019,2025-01-06,17117,Tryon,Perdido
2491,5030,2033,2025-01-01,14267,Tryon,Fechado ganho
2492,5167,1040,2025-06-27,18273,Epikut,Proposta
2493,5172,1025,2025-01-12,28612,Strong,Fechado ganho
2494,5033,1013,2025-01-24,2372,Tryon,Proposta
2495,5416,2001,2025-02-07,23832,Strong,Proposta
2496,5466,1056,2025-03-01,16166,Epikut,Perdido
2497,5034,1035,2025-01-05,14403,Unitite,Fechado ganho
2498,5200,1029,2025-05-29,22962,Epikut,Perdido
2499,5308,2030,2025-01-12,21653,Tryon,Perdido
2500,5256,2030,2025-05-14,7311,Epikut,Perdido
2501,5166,2011,2025-02-26,21807,Tryon,Perdido
2502,5026,2008,2025-04-04,23959,Unitite,Negociação
2503,5410,1054,2025-03-24,13758,Unitite,Perdido
2504,5205,2004,2025-06-28,22554,Epikut,Proposta
2505,5129,1055,2025-03-19,3066,Strong,Negociação
2506,5425,2007,2025-06-02,2311,Epikut,Perdido
2507,5326,2012,2025-02-10,10376,Epikut,Proposta
2508,5178,2039,2025-05-31,20816,Strong,Fechado ganho
2509,5230,2004,2025-02-04,27382,Strong,Proposta
2510,5055,1048,2025-01-14,19846,Strong,Fechado ganho
2511,5010,2022,2025-01-24,17580,Unitite,Negociação
2512,5014,1007,2025-05-20,15828,Epikut,Proposta
2513,5104,1014,2025-06-10,16914,Epikut,Proposta
2514,5003,2004,2025-02-17,8696,Strong,Fechado ganho
2515,5105,1004,2025-03-13,21451,Tryon,Perdido
2516,5438,2035,2025-05-16,19413,Tryon,Perdido
2517,5304,2004,2025-02-22,19928,Unitite,Perdido
2518,5196,2019,2025-03-07,10082,Epikut,Proposta
2519,5289,1015,2025-05-11,11234,Epikut,Negociação
2520,5228,1017,2025-05-12,9281,Tryon,Negociação
2521,5378,2019,2025-04-26,17218,Tryon,Perdido
2522,5004,1024,2025-05-02,29765,Unitite,Fechado ganho
2523,5064,1003,2025-04-04,7338,Strong,Fechado ganho
2524,5199,1028,2025-03-16,9956,Strong,Proposta
2525,5204,1023,2025-01-10,25852,Strong,Negociação
2526,5214,2039,2025-03-10,21812,Epikut,Perdido
2527,5187,2010,2025-01-31,27144,Tryon,Fechado ganho
2528,5132,1053,2025-06-16,8378,Unitite,Fechado ganho
2529,5323,1040,2025-06-08,22220,Tryon,Perdido
2530,5031,1053,2025-03-29,14516,Strong,Negociação
2531,5338,1044,2025-02-09,3319,Epikut,Negociação
2532,5145,1004,2025-03-15,21116,Epikut,Negociação
2533,5457,2027,2025-06-01,27669,Strong,Negociação
2534,5088,1029,2025-06-06,28539,Epikut,Perdido
2535,5270,1010,2025-02-05,16472,Unitite,Negociação
2536,5221,1030,2025-06-29,26707,Tryon,Perdido
2537,5243,1026,2025-01-22,20496,Epikut,Perdido
2538,5203,1060,2025-05-28,5414,Strong,Negociação
2539,5459,2023,2025-03-31,6903,Epikut,Negociação
2540,5425,1047,2025-03-20,15935,Unitite,Negociação
2541,5108,1019,2025-04-28,12741,Strong,Negociação
2542,5498,2030,2025-03-20,25347,Tryon,Negociação
2543,5026,1024,2025-04-03,27619,Epikut,Proposta
2544,5151,1027,2025-04-12,9530,Tryon,Negociação
2545,5320,1030,2025-05-25,8830,Tryon,Proposta
2546,5345,2036,2025-04-18,24137,Tryon,Negociação
2547,5438,1023,2025-04-25,13144,Tryon,Perdido
2548,5231,1003,2025-03-22,23331,Epikut,Perdido
2549,5067,1005,2025-06-15,19593,Strong,Proposta
2550,5224,2024,2025-03-03,26829,Tryon,Negociação
2551,5055,1056,2025-04-07,21569,Tryon,Perdido
2552,5056,1039,2025-04-30,18926,Tryon,Proposta
2553,5341,1023,2025-06-25,15457,Strong,Perdido
2554,5213,1056,2025-06-27,6463,Tryon,Negociação
2555,5066,2001,2025-02-11,13786,Tryon,Proposta
2556,5104,1044,2025-03-22,20290,Strong,Perdido
2557,5084,1014,2025-03-04,4810,Unitite,Perdido
2558,5039,2016,2025-04-27,21550,Unitite,Proposta
2559,5087,1003,2025-05-02,20748,Tryon,Fechado ganho
2560,5313,1045,2025-01-18,11148,Strong,Perdido
2561,5146,1060,2025-04-22,21555,Unitite,Negociação
2562,5186,1044,2025-02-14,22967,Unitite,Proposta
2563,5034,1034,2025-05-14,12015,Tryon,Fechado ganho
2564,5287,1046,2025-03-12,20230,Tryon,Perdido
2565,5260,2015,2025-02-10,18891,Strong,Perdido
2566,5130,2020,2025-05-24,20733,Tryon,Fechado ganho
2567,5320,2019,2025-06-06,28887,Tryon,Fechado ganho
2568,5412,1036,2025-01-05,15761,Tryon,Negociação
2569,5130,1019,2025-06-25,28531,Strong,Perdido
2570,5211,1026,2025-05-21,15470,Strong,Negociação
2571,5145,2015,2025-02-07,6696,Epikut,Proposta
2572,5047,1035,2025-02-07,18436,Unitite,Proposta
2573,5289,1037,2025-02-01,29024,Epikut,Perdido
2574,5321,2015,2025-01-03,16882,Epikut,Proposta
2575,5362,2015,2025-05-14,17099,Unitite,Proposta
2576,5026,1009,2025-02-25,25527,Tryon,Fechado ganho
2577,5202,2029,2025-03-13,13694,Unitite,Proposta
2578,5124,1057,2025-05-01,26512,Epikut,Proposta
2579,5016,1018,2025-05-01,11611,Strong,Perdido
2580,5067,2030,2025-04-24,14766,Strong,Proposta
2581,5222,1035,2025-04-08,29072,Unitite,Proposta
2582,5486,1013,2025-01-17,4033,Epikut,Perdido
2583,5134,2006,2025-01-07,20099,Unitite,Negociação
2584,5248,2018,2025-01-05,21437,Epikut,Proposta
2585,5118,1060,2025-04-23,12996,Tryon,Proposta
2586,5182,1019,2025-05-16,25734,Epikut,Negociação
2587,5342,2016,2025-03-10,22698,Tryon,Proposta
2588,5334,1006,2025-05-19,19481,Strong,Negociação
2589,5476,1011,2025-03-21,18813,Strong,Negociação
2590,5436,2006,2025-03-17,3003,Strong,Perdido
2591,5474,2026,2025-05-24,11474,Tryon,Fechado ganho
2592,5054,1049,2025-06-01,13084,Epikut,Fechado ganho
2593,5040,1058,2025-04-29,14400,Tryon,Perdido
2594,5287,2014,2025-05-04,17332,Epikut,Perdido
2595,5135,2038,2025-03-05,11507,Unitite,Fechado ganho
2596,5413,1027,2025-06-09,2387,Epikut,Negociação
2597,5007,1022,2025-03-14,23562,Unitite,Perdido
2598,5088,1022,2025-01-11,5194,Tryon,Negociação
2599,5301,1030,2025-04-28,15321,Epikut,Proposta
2600,5269,2029,2025-02-18,19077,Tryon,Fechado ganho
2601,5052,2024,2025-04-04,2227,Unitite,Negociação
2602,5108,2005,2025-04-11,4131,Tryon,Negociação
2603,5379,2024,2025-04-12,2720,Strong,Proposta
2604,5247,1012,2025-03-24,9517,Strong,Perdido
2605,5129,1044,2025-06-23,13279,Unitite,Negociação
2606,5257,2025,2025-05-03,5990,Unitite,Perdido
2607,5312,2025,2025-02-05,15639,Unitite,Fechado ganho
2608,5444,1059,2025-06-29,10638,Strong,Perdido
2609,5274,1041,2025-05-31,21667,Epikut,Perdido
2610,5286,1009,2025-02-28,5812,Tryon,Proposta
2611,5138,1023,2025-03-19,6135,Tryon,Perdido
2612,5106,1015,2025-01-10,23482,Unitite,Negociação
2613,5341,2006,2025-03-19,2966,Strong,Negociação
2614,5242,1009,2025-06-09,6723,Unitite,Perdido
2615,5245,2027,2025-04-14,19640,Unitite,Perdido
2616,5261,2033,2025-01-10,2742,Epikut,Perdido
2617,5358,1023,2025-04-12,10859,Unitite,Negociação
2618,5497,1032,2025-04-09,6509,Epikut,Negociação
2619,5308,1007,2025-01-12,4817,Epikut,Negociação
2620,5183,2032,2025-03-13,26995,Tryon,Negociação
2621,5115,1029,2025-06-03,13238,Tryon,Proposta
2622,5276,1014,2025-03-28,14440,Strong,Proposta
2623,5249,1033,2025-05-03,15071,Tryon,Proposta
2624,5342,1002,2025-02-06,12828,Epikut,Proposta
2625,5420,2025,2025-06-03,10052,Unitite,Fechado ganho
2626,5094,2034,2025-01-15,11456,Epikut,Proposta
2627,5013,2031,2025-02-24,13299,Unitite,Fechado ganho
2628,5104,1038,2025-02-25,25012,Epikut,Negociação
2629,5199,1011,2025-05-07,12696,Epikut,Proposta
2630,5351,1010,2025-04-27,21865,Unitite,Proposta
2631,5091,1032,2025-03-16,4162,Unitite,Perdido
2632,5243,1031,2025-03-05,24274,Strong,Perdido
2633,5186,1056,2025-04-30,20843,Unitite,Perdido
2634,5014,2001,2025-03-20,9267,Tryon,Proposta
2635,5499,1026,2025-03-06,23438,Tryon,Fechado ganho
2636,5408,2006,2025-04-26,16032,Epikut,Perdido
2637,5061,1045,2025-05-01,3069,Tryon,Perdido
2638,5022,1012,2025-06-17,13006,Unitite,Proposta
2639,5195,1035,2025-02-04,2840,Strong,Proposta
2640,5491,2031,2025-03-18,20618,Strong,Proposta
2641,5281,1016,2025-05-22,24001,Epikut,Fechado ganho
2642,5121,2002,2025-02-11,25899,Tryon,Fechado ganho
2643,5071,2030,2025-01-06,4518,Epikut,Negociação
2644,5157,2021,2025-01-22,8670,Tryon,Perdido
2645,5455,1020,2025-01-10,15732,Strong,Perdido
2646,5399,1052,2025-05-30,17722,Unitite,Negociação
2647,5286,1040,2025-05-25,20837,Tryon,Fechado ganho
2648,5423,2020,2025-04-02,11646,Strong,Perdido
2649,5243,1031,2025-02-07,6818,Tryon,Fechado ganho
2650,5282,1035,2025-06-29,29582,Tryon,Negociação
2651,5174,2007,2025-05-10,28957,Epikut,Proposta
2652,5265,1011,2025-01-26,6562,Tryon,Negociação
2653,5123,1037,2025-04-13,11742,Unitite,Perdido
2654,5119,1035,2025-06-24,18628,Tryon,Proposta
2655,5347,2012,2025-05-17,2674,Tryon,Perdido
2656,5158,1009,2025-04-16,6643,Strong,Fechado ganho
2657,5334,1047,2025-01-04,22198,Strong,Negociação
2658,5442,1033,2025-05-26,6017,Tryon,Fechado ganho
2659,5161,1047,2025-02-01,7172,Strong,Fechado ganho
2660,5165,1019,2025-01-25,9345,Strong,Fechado ganho
2661,5303,1017,2025-05-10,25857,Strong,Fechado ganho
2662,5109,1055,2025-02-23,15171,Tryon,Proposta
2663,5415,1016,2025-05-18,2140,Epikut,Perdido
2664,5242,2007,2025-06-03,12817,Unitite,Proposta
2665,5189,1001,2025-05-12,3734,Tryon,Perdido
2666,5281,1003,2025-01-15,20865,Tryon,Proposta
2667,5053,1036,2025-05-23,13618,Tryon,Proposta
2668,5065,1052,2025-05-05,21871,Epikut,Fechado ganho
2669,5420,1043,2025-04-08,26630,Strong,Fechado ganho
2670,5457,1039,2025-06-30,29745,Epikut,Proposta
2671,5249,1022,2025-04-06,16492,Unitite,Perdido
2672,5435,2013,2025-05-18,9068,Unitite,Perdido
2673,5435,1008,2025-01-19,6868,Tryon,Proposta
2674,5118,2018,2025-02-22,14444,Strong,Perdido
2675,5323,2001,2025-03-15,16685,Tryon,Perdido
2676,5288,1012,2025-05-19,19703,Tryon,Proposta
2677,5367,1011,2025-04-23,11612,Unitite,Perdido
2678,5334,1003,2025-03-24,24162,Unitite,Fechado ganho
2679,5251,2027,2025-04-29,23606,Tryon,Negociação
2680,5328,1047,2025-02-25,12976,Strong,Fechado ganho
2681,5182,2021,2025-05-22,15911,Strong,Perdido
2682,5029,1028,2025-03-11,22895,Tryon,Fechado ganho
2683,5248,2015,2025-02-09,18820,Tryon,Negociação
2684,5138,1034,2025-01-13,19364,Strong,Proposta
2685,5090,2019,2025-03-16,29967,Tryon,Proposta
2686,5184,1053,2025-04-17,8986,Epikut,Negociação
2687,5215,1055,2025-06-20,15766,Strong,Perdido
2688,5215,2025,2025-02-28,6067,Unitite,Perdido
2689,5111,1033,2025-01-15,22422,Epikut,Negociação
2690,5208,1016,2025-06-08,18849,Tryon,Proposta
2691,5218,1057,2025-06-13,23005,Unitite,Perdido
2692,5271,1026,2025-01-17,26334,Unitite,Fechado ganho
2693,5152,1051,2025-06-13,20985,Epikut,Perdido
2694,5155,2001,2025-03-21,11436,Epikut,Proposta
2695,5002,1051,2025-05-27,15305,Tryon,Proposta
2696,5168,2025,2025-01-03,14675,Unitite,Fechado ganho
2697,5166,1021,2025-06-02,22008,Tryon,Perdido
2698,5248,1001,2025-01-07,13181,Epikut,Negociação
2699,5250,2038,2025-05-04,5425,Epikut,Fechado ganho
2700,5027,1048,2025-04-22,15779,Strong,Fechado ganho
2701,5412,1007,2025-01-07,20977,Strong,Perdido
2702,5264,1023,2025-03-05,15520,Tryon,Perdido
2703,5059,2018,2025-03-15,11315,Tryon,Proposta
2704,5228,2026,2025-06-20,18615,Unitite,Perdido
2705,5410,1005,2025-04-14,27019,Tryon,Negociação
2706,5342,1040,2025-04-13,15352,Strong,Fechado ganho
2707,5200,2010,2025-05-08,29363,Unitite,Negociação
2708,5411,1034,2025-05-10,4791,Unitite,Proposta
2709,5308,2033,2025-01-22,14222,Tryon,Perdido
2710,5139,2007,2025-06-28,17933,Unitite,Perdido
2711,5035,1037,2025-05-03,29972,Tryon,Fechado ganho
2712,5309,2009,2025-05-28,4660,Strong,Fechado ganho
2713,5148,1036,2025-03-29,9292,Epikut,Proposta
2714,5470,2004,2025-05-17,28223,Tryon,Perdido
2715,5178,2040,2025-04-29,22059,Epikut,Perdido
2716,5304,1022,2025-03-09,25852,Unitite,Negociação
2717,5381,1005,2025-01-17,27935,Tryon,Perdido
2718,5425,2023,2025-02-02,9296,Epikut,Fechado ganho
2719,5402,2001,2025-04-14,29203,Tryon,Perdido
2720,5429,2034,2025-01-30,10006,Epikut,Negociação
2721,5349,1055,2025-03-24,26331,Epikut,Negociação
2722,5383,2033,2025-04-20,11511,Strong,Negociação
2723,5127,2008,2025-04-14,3901,Unitite,Fechado ganho
2724,5111,2030,2025-03-29,25268,Unitite,Fechado ganho
2725,5233,1043,2025-04-28,8775,Epikut,Proposta
2726,5324,2001,2025-01-09,15061,Epikut,Perdido
2727,5001,1024,2025-01-24,10742,Unitite,Proposta
2728,5102,1052,2025-01-29,19612,Unitite,Negociação
2729,5029,1039,2025-06-27,10070,Tryon,Proposta
2730,5393,1048,2025-04-23,27112,Epikut,Fechado ganho
2731,5313,1028,2025-06-03,2348,Unitite,Fechado ganho
2732,5082,2031,2025-01-24,6694,Tryon,Perdido
2733,5331,1026,2025-04-11,20499,Epikut,Perdido
2734,5431,2015,2025-04-23,27157,Epikut,Proposta
2735,5094,1011,2025-05-06,16482,Epikut,Fechado ganho
2736,5077,2039,2025-02-25,4489,Unitite,Negociação
2737,5042,1021,2025-02-15,11592,Epikut,Proposta
2738,5358,1017,2025-04-03,23811,Unitite,Fechado ganho
2739,5235,1012,2025-04-02,5264,Tryon,Negociação
2740,5322,1044,2025-06-23,16741,Tryon,Fechado ganho
2741,5212,1058,2025-04-04,16620,Unitite,Negociação
2742,5367,1004,2025-05-26,7884,Strong,Negociação
2743,5094,2002,2025-02-16,26088,Tryon,Perdido
2744,5325,1020,2025-02-23,18026,Unitite,Fechado ganho
2745,5461,1036,2025-06-08,11496,Unitite,Fechado ganho
2746,5126,1029,2025-03-13,7293,Epikut,Negociação
2747,5490,2018,2025-02-04,8821,Tryon,Fechado ganho
2748,5406,1017,2025-05-01,14633,Strong,Proposta
2749,5332,1016,2025-04-21,18155,Tryon,Negociação
2750,5457,1055,2025-02-04,13087,Strong,Perdido
2751,5346,1046,2025-06-16,10044,Strong,Negociação
2752,5311,1013,2025-01-24,10382,Strong,Fechado ganho
2753,5054,1041,2025-05-03,23820,Epikut,Proposta
2754,5057,2004,2025-02-09,17814,Epikut,Negociação
2755,5017,1018,2025-02-10,13979,Strong,Perdido
2756,5460,2025,2025-03-19,9343,Unitite,Negociação
2757,5011,2008,2025-05-07,15755,Strong,Negociação
2758,5228,1007,2025-06-18,13197,Unitite,Perdido
2759,5009,1001,2025-04-08,20751,Unitite,Fechado ganho
2760,5003,2028,2025-04-07,14755,Strong,Fechado ganho
2761,5098,1021,2025-02-27,16272,Strong,Fechado ganho
2762,5374,1049,2025-05-01,28707,Tryon,Perdido
2763,5272,1047,2025-05-29,20868,Epikut,Negociação
2764,5293,1040,2025-02-11,2935,Strong,Proposta
2765,5262,1029,2025-06-20,5696,Tryon,Perdido
2766,5343,1020,2025-04-11,16573,Strong,Negociação
2767,5238,1014,2025-04-02,15334,Epikut,Fechado ganho
2768,5001,1018,2025-01-14,18474,Tryon,Negociação
2769,5366,1050,2025-04-17,28831,Epikut,Negociação
2770,5241,1014,2025-02-10,28625,Strong,Fechado ganho
2771,5186,2032,2025-01-17,11222,Tryon,Perdido
2772,5083,1021,2025-04-26,5151,Strong,Fechado ganho
2773,5305,2003,2025-03-18,17488,Tryon,Negociação
2774,5101,2003,2025-04-01,3924,Tryon,Perdido
2775,5068,2020,2025-02-16,21339,Unitite,Fechado ganho
2776,5341,1059,2025-02-18,24188,Tryon,Fechado ganho
2777,5135,1007,2025-01-24,26176,Epikut,Fechado ganho
2778,5177,1058,2025-04-19,5779,Unitite,Perdido
2779,5160,1006,2025-04-10,8075,Epikut,Negociação
2780,5216,1014,2025-02-06,15065,Epikut,Proposta
2781,5085,1034,2025-01-14,16946,Epikut,Perdido
2782,5192,1051,2025-01-07,17096,Epikut,Proposta
2783,5355,1026,2025-01-13,8021,Unitite,Perdido
2784,5118,2006,2025-02-24,12365,Epikut,Fechado ganho
2785,5113,2038,2025-04-06,19496,Epikut,Negociação
2786,5083,1044,2025-05-13,7731,Tryon,Negociação
2787,5418,1018,2025-03-01,27191,Tryon,Negociação
2788,5025,2004,2025-04-14,12745,Strong,Negociação
2789,5489,2035,2025-06-01,14004,Epikut,Perdido
2790,5316,1013,2025-06-07,2729,Epikut,Proposta
2791,5106,1040,2025-05-23,23584,Unitite,Proposta
2792,5263,1007,2025-05-13,28062,Strong,Perdido
2793,5249,1033,2025-05-22,15642,Unitite,Fechado ganho
2794,5198,1040,2025-02-05,24445,Strong,Perdido
2795,5276,1020,2025-03-06,20946,Strong,Negociação
2796,5063,1042,2025-04-24,20561,Tryon,Proposta
2797,5042,2034,2025-04-27,18789,Unitite,Proposta
2798,5072,2033,2025-01-17,20124,Tryon,Fechado ganho
2799,5399,1024,2025-05-16,10974,Strong,Fechado ganho
2800,5401,1030,2025-05-08,4187,Unitite,Negociação
2801,5048,1013,2025-02-07,15890,Unitite,Fechado ganho
2802,5097,2028,2025-04-04,14230,Strong,Proposta
2803,5482,1036,2025-01-02,13158,Tryon,Negociação
2804,5473,1051,2025-01-05,8404,Epikut,Negociação
2805,5058,2011,2025-02-17,17117,Tryon,Negociação
2806,5371,1058,2025-03-21,19147,Tryon,Fechado ganho
2807,5407,2030,2025-01-16,27946,Epikut,Proposta
2808,5303,1005,2025-06-09,12165,Tryon,Perdido
2809,5141,2032,2025-04-01,3868,Epikut,Perdido
2810,5012,1042,2025-02-28,4945,Epikut,Perdido
2811,5158,1026,2025-01-07,18769,Tryon,Negociação
2812,5333,1027,2025-05-30,25869,Unitite,Fechado ganho
2813,5213,1037,2025-06-22,17272,Strong,Proposta
2814,5390,2012,2025-06-01,19846,Epikut,Negociação
2815,5042,2040,2025-02-25,13391,Epikut,Fechado ganho
2816,5046,1001,2025-02-10,14758,Tryon,Negociação
2817,5197,1058,2025-01-10,29777,Epikut,Negociação
2818,5226,2016,2025-04-05,3764,Unitite,Fechado ganho
2819,5177,1003,2025-02-10,15392,Strong,Proposta
2820,5279,2012,2025-06-05,28284,Strong,Fechado ganho
2821,5049,1049,2025-05-24,26030,Strong,Fechado ganho
2822,5468,1029,2025-05-20,10629,Tryon,Proposta
2823,5300,1033,2025-02-21,13665,Unitite,Perdido
2824,5128,2034,2025-06-27,17733,Tryon,Negociação
2825,5162,1037,2025-06-16,21401,Unitite,Perdido
2826,5425,2020,2025-06-13,6461,Strong,Proposta
2827,5165,1055,2025-06-27,28280,Tryon,Negociação
2828,5050,2004,2025-06-08,18342,Strong,Fechado ganho
2829,5241,1030,2025-01-19,28280,Epikut,Perdido
2830,5403,2039,2025-04-06,23079,Epikut,Negociação
2831,5087,2035,2025-03-06,4526,Strong,Perdido
2832,5283,1027,2025-02-21,26429,Unitite,Proposta
2833,5107,1042,2025-02-04,9478,Epikut,Fechado ganho
2834,5416,2027,2025-02-16,23634,Epikut,Proposta
2835,5150,1036,2025-06-24,17242,Epikut,Fechado ganho
2836,5307,2034,2025-01-30,22405,Strong,Negociação
2837,5081,2027,2025-05-14,24464,Tryon,Negociação
2838,5061,1041,2025-05-22,6624,Tryon,Perdido
2839,5496,2034,2025-04-13,29457,Unitite,Negociação
2840,5292,2015,2025-04-21,20362,Tryon,Proposta
2841,5036,1025,2025-03-18,19019,Strong,Proposta
2842,5200,2027,2025-03-11,21528,Unitite,Negociação
2843,5310,2006,2025-04-04,9554,Strong,Proposta
2844,5001,2036,2025-04-03,8279,Strong,Perdido
2845,5171,1021,2025-04-17,9912,Unitite,Perdido
2846,5223,2038,2025-05-24,5352,Tryon,Proposta
2847,5275,2036,2025-03-29,19652,Tryon,Negociação
2848,5289,1021,2025-04-28,16591,Unitite,Fechado ganho
2849,5444,1053,2025-06-16,28636,Epikut,Perdido
2850,5007,2007,2025-04-15,27964,Unitite,Fechado ganho
2851,5208,1026,2025-01-20,10659,Epikut,Proposta
2852,5118,1011,2025-02-05,21883,Tryon,Perdido
2853,5186,1040,2025-04-25,25008,Epikut,Proposta
2854,5010,1011,2025-06-22,26382,Strong,Perdido
2855,5453,1042,2025-05-28,12900,Strong,Negociação
2856,5309,2019,2025-04-08,26654,Tryon,Perdido
2857,5116,2015,2025-06-22,11788,Epikut,Fechado ganho
2858,5323,2029,2025-01-26,5029,Epikut,Proposta
2859,5072,1052,2025-01-29,23900,Epikut,Fechado ganho
2860,5177,1030,2025-03-19,8883,Tryon,Fechado ganho
2861,5466,1035,2025-04-11,20008,Epikut,Proposta
2862,5393,1045,2025-01-14,3059,Strong,Negociação
2863,5202,2017,2025-01-04,24611,Unitite,Fechado ganho
2864,5337,1007,2025-05-06,2243,Epikut,Proposta
2865,5054,2006,2025-01-25,28458,Unitite,Fechado ganho
2866,5091,2009,2025-06-18,7458,Epikut,Negociação
2867,5384,1048,2025-06-16,13029,Tryon,Perdido
2868,5403,1025,2025-03-26,9542,Strong,Fechado ganho
2869,5287,1059,2025-02-04,7001,Strong,Proposta
2870,5230,1044,2025-02-10,16321,Strong,Negociação
2871,5131,1051,2025-02-15,2910,Tryon,Proposta
2872,5218,2039,2025-05-20,15813,Strong,Negociação
2873,5079,2028,2025-05-31,5421,Epikut,Perdido
2874,5318,2014,2025-04-21,4204,Unitite,Perdido
2875,5472,1045,2025-05-07,24849,Unitite,Negociação
2876,5156,2025,2025-03-03,11840,Tryon,Proposta
2877,5064,2006,2025-01-20,28304,Strong,Perdido
2878,5072,1015,2025-05-02,13744,Unitite,Negociação
2879,5422,1015,2025-02-18,28324,Epikut,Perdido
2880,5352,2001,2025-02-24,20929,Strong,Fechado ganho
2881,5195,1044,2025-02-21,6312,Strong,Negociação
2882,5059,1010,2025-06-16,6934,Epikut,Perdido
2883,5328,1054,2025-01-13,18990,Tryon,Proposta
2884,5281,1003,2025-05-12,21174,Epikut,Perdido
2885,5372,2009,2025-03-11,16331,Unitite,Perdido
2886,5229,2022,2025-06-03,5807,Epikut,Fechado ganho
2887,5051,1031,2025-06-01,27539,Strong,Proposta
2888,5209,1009,2025-04-25,21931,Tryon,Perdido
2889,5451,2031,2025-04-17,24716,Epikut,Fechado ganho
2890,5329,1020,2025-03-13,7320,Epikut,Negociação
2891,5100,1012,2025-04-11,19999,Unitite,Perdido
2892,5085,2012,2025-02-26,18641,Epikut,Proposta
2893,5088,1055,2025-03-14,15035,Unitite,Proposta
2894,5123,2022,2025-05-23,25289,Unitite,Perdido
2895,5322,1046,2025-03-20,13883,Tryon,Negociação
2896,5013,1007,2025-03-17,18108,Tryon,Perdido
2897,5299,1041,2025-05-31,24239,Epikut,Proposta
2898,5204,1055,2025-03-11,2775,Unitite,Negociação
2899,5249,2003,2025-06-02,23524,Tryon,Negociação
2900,5141,1036,2025-02-15,28660,Unitite,Proposta
2901,5223,2009,2025-02-23,8749,Strong,Proposta
2902,5498,2029,2025-05-22,18952,Strong,Fechado ganho
2903,5072,1042,2025-01-10,19425,Epikut,Proposta
2904,5277,1011,2025-03-30,22591,Strong,Proposta
2905,5181,2038,2025-06-12,28479,Unitite,Negociação
2906,5263,2033,2025-05-21,23794,Tryon,Perdido
2907,5390,1026,2025-01-01,25615,Epikut,Fechado ganho
2908,5104,1021,2025-04-23,3591,Epikut,Perdido
2909,5349,1056,2025-02-24,19079,Strong,Proposta
2910,5331,1020,2025-06-20,8205,Tryon,Negociação
2911,5437,1049,2025-04-16,26208,Strong,Negociação
2912,5313,2019,2025-04-09,19135,Strong,Perdido
2913,5074,2024,2025-03-05,26935,Unitite,Proposta
2914,5500,1017,2025-04-13,25237,Unitite,Negociação
2915,5291,2009,2025-04-21,7976,Tryon,Negociação
2916,5442,2010,2025-03-06,21117,Strong,Perdido
2917,5280,1037,2025-01-01,15774,Unitite,Perdido
2918,5320,2014,2025-05-16,14638,Epikut,Proposta
2919,5366,2019,2025-01-16,28100,Strong,Perdido
2920,5028,1012,2025-01-16,13075,Strong,Proposta
2921,5492,1058,2025-05-27,15588,Unitite,Negociação
2922,5026,2027,2025-03-21,7466,Unitite,Perdido
2923,5081,1016,2025-05-31,29423,Epikut,Negociação
2924,5493,1050,2025-04-23,27088,Tryon,Perdido
2925,5487,1052,2025-02-02,28776,Tryon,Perdido
2926,5314,1036,2025-06-28,10866,Tryon,Negociação
2927,5202,1058,2025-01-26,29861,Epikut,Fechado ganho
2928,5479,2011,2025-03-07,23281,Unitite,Proposta
2929,5274,1039,2025-01-14,24111,Unitite,Negociação
2930,5444,2005,2025-04-10,17464,Tryon,Negociação
2931,5002,1044,2025-01-06,4659,Epikut,Fechado ganho
2932,5009,2029,2025-04-10,14615,Strong,Perdido
2933,5066,1036,2025-01-31,16599,Tryon,Fechado ganho
2934,5144,1057,2025-02-24,8494,Strong,Negociação
2935,5421,1003,2025-06-24,25242,Tryon,Fechado ganho
2936,5240,2006,2025-02-16,27813,Strong,Perdido
2937,5477,2033,2025-05-24,17128,Strong,Perdido
2938,5341,2015,2025-02-07,24905,Epikut,Perdido
2939,5434,2024,2025-04-16,20878,Tryon,Negociação
2940,5091,1039,2025-02-10,16938,Epikut,Fechado ganho
2941,5211,2033,2025-03-14,14019,Epikut,Fechado ganho
2942,5480,2033,2025-02-04,6198,Unitite,Proposta
2943,5475,2022,2025-05-05,23230,Strong,Proposta
2944,5050,1002,2025-05-05,9913,Tryon,Proposta
2945,5159,2040,2025-01-04,16059,Epikut,Proposta
2946,5248,2015,2025-03-03,13133,Strong,Negociação
2947,5135,1016,2025-03-21,28795,Unitite,Proposta
2948,5336,2030,2025-05-13,29472,Strong,Fechado ganho
2949,5424,2037,2025-02-22,23490,Strong,Fechado ganho
2950,5397,2001,2025-03-23,16655,Epikut,Fechado ganho
2951,5490,2010,2025-06-22,9526,Unitite,Perdido
2952,5343,2007,2025-03-25,14123,Tryon,Negociação
2953,5407,1049,2025-06-26,12556,Epikut,Negociação
2954,5144,1047,2025-03-20,6553,Strong,Proposta
2955,5062,1007,2025-04-12,6636,Epikut,Perdido
2956,5020,2002,2025-04-21,7411,Unitite,Proposta
2957,5046,2030,2025-03-07,26029,Unitite,Negociação
2958,5002,1048,2025-04-24,11263,Strong,Fechado ganho
2959,5230,1043,2025-03-08,27007,Unitite,Negociação
2960,5105,1056,2025-05-04,3172,Strong,Negociação
2961,5478,2019,2025-06-30,5271,Tryon,Proposta
2962,5115,2005,2025-04-21,6976,Strong,Fechado ganho
2963,5475,1012,2025-02-17,27978,Epikut,Fechado ganho
2964,5127,1048,2025-04-30,19672,Strong,Negociação
2965,5036,1030,2025-05-21,3742,Tryon,Negociação
2966,5035,1007,2025-01-07,18053,Tryon,Perdido
2967,5430,1028,2025-06-01,20289,Strong,Negociação
2968,5259,2032,2025-01-18,26206,Unitite,Negociação
2969,5390,2007,2025-03-20,18113,Strong,Fechado ganho
2970,5249,1030,2025-01-30,13577,Strong,Perdido
2971,5246,1035,2025-06-11,11836,Unitite,Perdido
2972,5093,1041,2025-04-13,2724,Strong,Negociação
2973,5244,1058,2025-03-19,28972,Strong,Fechado ganho
2974,5317,2038,2025-05-27,26965,Epikut,Fechado ganho
2975,5374,2037,2025-01-23,16402,Unitite,Negociação
2976,5295,2031,2025-04-23,7699,Tryon,Fechado ganho
2977,5267,2014,2025-01-04,7675,Strong,Proposta
2978,5048,1029,2025-01-05,29000,Epikut,Fechado ganho
2979,5133,2003,2025-03-03,22901,Strong,Negociação
2980,5372,1008,2025-03-28,27242,Strong,Negociação
2981,5205,2001,2025-05-07,8655,Epikut,Negociação
2982,5403,1046,2025-01-27,3882,Unitite,Fechado ganho
2983,5149,1029,2025-01-10,10253,Tryon,Negociação
2984,5422,2012,2025-04-11,28884,Unitite,Negociação
2985,5481,1052,2025-01-20,17487,Epikut,Negociação
2986,5305,2018,2025-01-15,11866,Unitite,Proposta
2987,5423,1033,2025-02-03,16084,Tryon,Negociação
2988,5445,1057,2025-06-19,12122,Strong,Perdido
2989,5114,2015,2025-02-14,25400,Epikut,Perdido
2990,5396,1006,2025-02-19,19552,Unitite,Negociação
2991,5261,1044,2025-03-11,14067,Tryon,Negociação
2992,5193,2010,2025-05-26,14401,Epikut,Proposta
2993,5243,2010,2025-05-05,19941,Unitite,Fechado ganho
2994,5164,2009,2025-05-22,14984,Epikut,Negociação
2995,5237,1054,2025-02-01,8097,Tryon,Perdido
2996,5480,1041,2025-01-20,5824,Tryon,Negociação
2997,5467,2018,2025-04-28,24766,Tryon,Fechado ganho
2998,5092,1015,2025-02-22,22304,Tryon,Fechado ganho
2999,5419,1020,2025-03-20,20808,Strong,Proposta
3000,5291,1015,2025-05-27,19286,Strong,Negociação
3001,5002,2038,2025-02-05,18751,Strong,Proposta
3002,5082,1012,2025-04-04,13773,Epikut,Perdido
3003,5265,2024,2025-02-04,22314,Tryon,Negociação
3004,5250,2036,2025-05-16,9261,Strong,Negociação
3005,5453,1050,2025-03-02,18386,Epikut,Negociação
3006,5103,1018,2025-04-12,11235,Epikut,Proposta
3007,5190,2019,2025-05-13,24609,Epikut,Proposta
3008,5076,1009,2025-06-13,25281,Strong,Fechado ganho
3009,5427,2039,2025-02-22,8605,Strong,Negociação
3010,5185,1044,2025-01-31,13005,Strong,Negociação
3011,5032,1017,2025-02-22,16619,Strong,Perdido
3012,5380,1028,2025-02-06,15087,Strong,Negociação
3013,5407,2032,2025-01-11,20121,Epikut,Perdido
3014,5051,1014,2025-03-18,8205,Unitite,Fechado ganho
3015,5276,2004,2025-01-21,23799,Unitite,Perdido
3016,5245,2027,2025-05-09,28566,Tryon,Proposta
3017,5488,1012,2025-06-12,7633,Strong,Fechado ganho
3018,5482,1036,2025-05-29,22769,Tryon,Perdido
3019,5314,2036,2025-04-06,16288,Strong,Negociação
3020,5313,1050,2025-01-04,19513,Epikut,Fechado ganho
3021,5318,1049,2025-05-04,23142,Epikut,Perdido
3022,5028,1027,2025-06-18,14390,Strong,Proposta
3023,5031,1022,2025-05-18,5874,Strong,Perdido
3024,5301,1053,2025-02-07,15653,Epikut,Proposta
3025,5487,1011,2025-03-08,5363,Epikut,Perdido
3026,5142,1036,2025-04-03,13953,Tryon,Perdido
3027,5067,2039,2025-02-07,14689,Strong,Proposta
3028,5109,2001,2025-03-01,29857,Epikut,Perdido
3029,5160,2018,2025-01-02,28951,Strong,Negociação
3030,5387,2035,2025-02-20,13753,Strong,Proposta
3031,5171,2031,2025-06-27,4539,Unitite,Fechado ganho
3032,5089,1041,2025-06-01,19940,Strong,Negociação
3033,5068,2036,2025-04-26,7009,Unitite,Perdido
3034,5039,1004,2025-06-24,16062,Strong,Proposta
3035,5174,2040,2025-01-15,15328,Epikut,Fechado ganho
3036,5411,1011,2025-05-26,3736,Unitite,Proposta
3037,5485,2006,2025-01-24,5385,Unitite,Fechado ganho
3038,5317,1034,2025-04-29,4278,Tryon,Negociação
3039,5455,1050,2025-01-26,25036,Tryon,Proposta
3040,5196,1051,2025-06-03,24836,Epikut,Fechado ganho
3041,5333,1002,2025-02-05,22807,Epikut,Perdido
3042,5116,1046,2025-05-20,6796,Epikut,Fechado ganho
3043,5039,2021,2025-03-10,27833,Strong,Perdido
3044,5367,1011,2025-04-25,10873,Unitite,Perdido
3045,5452,2008,2025-04-24,4181,Strong,Negociação
3046,5104,1040,2025-06-27,28273,Epikut,Negociação
3047,5190,1058,2025-05-11,22567,Unitite,Perdido
3048,5276,1004,2025-05-09,10052,Unitite,Fechado ganho
3049,5479,1052,2025-01-08,20330,Strong,Negociação
3050,5406,2028,2025-05-04,20497,Tryon,Proposta
3051,5076,1051,2025-02-14,6599,Tryon,Fechado ganho
3052,5303,1001,2025-06-12,19397,Tryon,Negociação
3053,5247,2013,2025-01-23,14733,Epikut,Negociação
3054,5341,2003,2025-04-20,6613,Strong,Perdido
3055,5291,1006,2025-02-19,15901,Epikut,Fechado ganho
3056,5319,1057,2025-06-19,7299,Epikut,Proposta
3057,5053,1001,2025-03-15,16021,Tryon,Perdido
3058,5385,2010,2025-05-24,21251,Tryon,Perdido
3059,5488,2009,2025-02-19,16349,Unitite,Perdido
3060,5280,1056,2025-01-23,20735,Unitite,Proposta
3061,5290,1046,2025-05-10,14989,Tryon,Perdido
3062,5466,1053,2025-06-05,2489,Unitite,Perdido
3063,5225,1014,2025-04-16,10533,Epikut,Fechado ganho
3064,5457,2003,2025-06-01,13243,Tryon,Fechado ganho
3065,5298,1051,2025-01-17,16488,Unitite,Perdido
3066,5168,1025,2025-02-11,9847,Strong,Negociação
3067,5055,1020,2025-01-08,6150,Strong,Fechado ganho
3068,5066,1058,2025-04-22,25030,Strong,Proposta
3069,5206,1043,2025-03-24,11692,Epikut,Perdido
3070,5248,2001,2025-03-28,26292,Strong,Proposta
3071,5278,1029,2025-03-17,20595,Tryon,Negociação
3072,5496,1005,2025-01-15,28836,Tryon,Proposta
3073,5238,1059,2025-06-17,4712,Unitite,Perdido
3074,5383,1038,2025-02-23,21095,Strong,Proposta
3075,5270,2001,2025-02-19,20620,Strong,Proposta
3076,5325,1029,2025-03-12,19805,Tryon,Negociação
3077,5157,1009,2025-02-04,26901,Tryon,Perdido
3078,5414,1029,2025-04-01,6737,Unitite,Perdido
3079,5066,1025,2025-06-29,3005,Epikut,Perdido
3080,5447,1042,2025-03-13,17369,Unitite,Perdido
3081,5359,2027,2025-04-26,24492,Epikut,Proposta
3082,5023,1036,2025-01-23,26897,Epikut,Fechado ganho
3083,5266,2014,2025-02-24,8912,Unitite,Proposta
3084,5424,2040,2025-04-25,7697,Epikut,Proposta
3085,5485,1050,2025-06-17,13083,Epikut,Fechado ganho
3086,5238,1024,2025-04-17,28102,Strong,Fechado ganho
3087,5143,2009,2025-01-16,19876,Unitite,Fechado ganho
3088,5174,1034,2025-05-08,20371,Epikut,Perdido
3089,5073,2036,2025-01-19,13051,Epikut,Fechado ganho
3090,5425,2016,2025-05-01,14077,Tryon,Fechado ganho
3091,5081,2037,2025-03-27,26154,Unitite,Fechado ganho
3092,5202,1018,2025-06-03,23599,Tryon,Fechado ganho
3093,5493,1005,2025-03-30,3705,Strong,Proposta
3094,5315,1009,2025-01-28,25476,Unitite,Negociação
3095,5453,1040,2025-05-15,4173,Epikut,Negociação
3096,5465,1036,2025-05-13,18411,Unitite,Negociação
3097,5067,2010,2025-02-09,22528,Unitite,Proposta
3098,5367,2025,2025-06-29,25507,Strong,Fechado ganho
3099,5388,2032,2025-05-15,20874,Unitite,Proposta
3100,5020,2034,2025-04-22,7806,Unitite,Fechado ganho
3101,5018,2016,2025-02-21,21703,Unitite,Perdido
3102,5477,1032,2025-01-03,25479,Epikut,Negociação
3103,5034,2011,2025-05-02,15334,Unitite,Fechado ganho
3104,5239,1034,2025-05-30,22999,Tryon,Perdido
3105,5480,2022,2025-01-13,5471,Unitite,Fechado ganho
3106,5121,1040,2025-03-11,18590,Tryon,Negociação
3107,5321,1002,2025-04-29,13706,Unitite,Perdido
3108,5068,2023,2025-01-24,8078,Epikut,Perdido
3109,5351,2008,2025-06-18,9633,Unitite,Negociação
3110,5249,1050,2025-05-27,17681,Tryon,Proposta
3111,5333,1037,2025-02-07,22436,Strong,Proposta
3112,5081,1033,2025-06-24,25303,Epikut,Fechado ganho
3113,5438,1011,2025-01-19,11125,Strong,Perdido
3114,5489,1032,2025-06-08,27078,Strong,Fechado ganho
3115,5432,1032,2025-02-26,10473,Unitite,Proposta
3116,5026,2027,2025-06-28,11673,Strong,Negociação
3117,5344,1030,2025-01-12,17247,Strong,Fechado ganho
3118,5075,1039,2025-01-19,15957,Tryon,Perdido
3119,5461,2013,2025-04-07,12536,Epikut,Fechado ganho
3120,5225,1003,2025-02-08,7829,Tryon,Negociação
3121,5247,1046,2025-04-05,15511,Tryon,Perdido
3122,5010,1006,2025-03-19,6916,Unitite,Perdido
3123,5179,2012,2025-02-11,9620,Strong,Perdido
3124,5141,1029,2025-06-04,14266,Strong,Fechado ganho
3125,5376,1046,2025-05-23,3451,Epikut,Fechado ganho
3126,5296,1003,2025-04-24,21098,Unitite,Perdido
3127,5008,2006,2025-06-06,19654,Strong,Perdido
3128,5040,1033,2025-01-27,5052,Epikut,Negociação
3129,5328,1029,2025-03-17,26041,Tryon,Fechado ganho
3130,5186,1048,2025-06-18,24208,Tryon,Fechado ganho
3131,5406,1057,2025-06-13,19380,Tryon,Perdido
3132,5114,2022,2025-05-25,6956,Strong,Fechado ganho
3133,5112,1042,2025-04-26,26800,Tryon,Negociação
3134,5064,2035,2025-01-25,8622,Unitite,Perdido
3135,5316,1043,2025-01-25,4230,Tryon,Perdido
3136,5490,1042,2025-01-29,4818,Tryon,Perdido
3137,5178,1018,2025-03-18,28351,Unitite,Perdido
3138,5024,1018,2025-04-22,3219,Epikut,Perdido
3139,5378,2011,2025-03-26,20283,Tryon,Perdido
3140,5002,2018,2025-05-01,20905,Unitite,Negociação
3141,5247,1042,2025-05-31,19737,Strong,Proposta
3142,5494,2037,2025-03-28,16162,Strong,Proposta
3143,5121,2036,2025-04-15,20559,Tryon,Fechado ganho
3144,5406,1025,2025-01-20,14927,Unitite,Proposta
3145,5016,1005,2025-01-15,29617,Unitite,Proposta
3146,5267,1009,2025-05-25,19574,Strong,Fechado ganho
3147,5075,1032,2025-06-25,17183,Unitite,Proposta
3148,5307,1004,2025-02-18,19768,Strong,Fechado ganho
3149,5474,1053,2025-06-21,19764,Unitite,Fechado ganho
3150,5278,1011,2025-03-24,17217,Tryon,Negociação
3151,5473,1051,2025-05-12,16280,Strong,Proposta
3152,5308,2014,2025-05-23,24542,Epikut,Fechado ganho
3153,5456,1021,2025-02-22,25138,Unitite,Fechado ganho
3154,5492,2038,2025-06-08,26399,Strong,Perdido
3155,5015,1003,2025-04-05,11221,Unitite,Fechado ganho
3156,5180,2029,2025-02-08,7702,Strong,Fechado ganho
3157,5002,1006,2025-03-23,14768,Epikut,Negociação
3158,5399,1058,2025-02-08,27364,Tryon,Perdido
3159,5144,1059,2025-05-22,26651,Tryon,Negociação
3160,5317,1017,2025-04-13,2777,Unitite,Negociação
3161,5345,2020,2025-02-07,24468,Epikut,Proposta
3162,5151,2027,2025-04-10,20592,Unitite,Proposta
3163,5105,2037,2025-04-11,13189,Epikut,Negociação
3164,5424,2008,2025-03-22,24569,Strong,Perdido
3165,5235,2028,2025-03-11,21210,Epikut,Negociação
3166,5499,2033,2025-05-13,6653,Tryon,Proposta
3167,5452,2031,2025-01-27,29858,Epikut,Fechado ganho
3168,5193,2013,2025-05-11,9310,Unitite,Fechado ganho
3169,5284,1033,2025-05-12,17322,Strong,Perdido
3170,5295,1005,2025-06-12,25387,Epikut,Fechado ganho
3171,5258,1006,2025-05-18,28633,Strong,Proposta
3172,5109,1033,2025-03-06,24130,Epikut,Perdido
3173,5255,2020,2025-02-02,4868,Epikut,Perdido
3174,5004,1005,2025-03-26,7987,Unitite,Proposta
3175,5201,2010,2025-05-01,23957,Epikut,Perdido
3176,5163,1046,2025-06-26,5807,Tryon,Fechado ganho
3177,5092,1048,2025-01-15,19910,Strong,Negociação
3178,5028,1021,2025-06-06,17456,Strong,Fechado ganho
3179,5212,1047,2025-01-30,11155,Strong,Perdido
3180,5397,1014,2025-04-06,14884,Epikut,Negociação
3181,5158,1049,2025-01-23,17435,Tryon,Proposta
3182,5316,2018,2025-01-03,26265,Tryon,Negociação
3183,5040,1014,2025-02-25,10788,Strong,Fechado ganho
3184,5085,1023,2025-02-10,26009,Strong,Negociação
3185,5206,1024,2025-03-05,2425,Tryon,Perdido
3186,5494,2032,2025-04-05,29194,Unitite,Fechado ganho
3187,5250,2016,2025-06-13,12334,Tryon,Perdido
3188,5095,1022,2025-01-19,23345,Unitite,Negociação
3189,5296,1002,2025-05-12,2422,Tryon,Negociação
3190,5328,2021,2025-05-13,15706,Unitite,Negociação
3191,5280,2021,2025-02-08,20158,Epikut,Proposta
3192,5284,2027,2025-06-22,5851,Strong,Negociação
3193,5033,1001,2025-03-20,25451,Unitite,Negociação
3194,5487,1004,2025-01-01,18714,Epikut,Fechado ganho
3195,5171,1059,2025-03-28,2019,Unitite,Perdido
3196,5341,1017,2025-06-02,12081,Epikut,Proposta
3197,5496,1048,2025-06-14,26489,Unitite,Negociação
3198,5318,2022,2025-03-11,8955,Unitite,Negociação
3199,5010,2023,2025-04-05,19283,Epikut,Fechado ganho
3200,5128,1006,2025-04-21,21785,Unitite,Fechado ganho
3201,5075,1060,2025-03-01,26955,Unitite,Proposta
3202,5256,1041,2025-06-30,7411,Strong,Fechado ganho
3203,5345,1026,2025-02-02,9696,Epikut,Negociação
3204,5053,2036,2025-04-25,21529,Unitite,Fechado ganho
3205,5224,2014,2025-05-12,12585,Unitite,Fechado ganho
3206,5362,1060,2025-03-17,19709,Tryon,Perdido
3207,5019,2032,2025-01-13,2309,Epikut,Negociação
3208,5484,2024,2025-06-17,29576,Tryon,Fechado ganho
3209,5272,1031,2025-02-16,9835,Strong,Proposta
3210,5186,1016,2025-01-03,3761,Tryon,Perdido
3211,5098,1042,2025-03-17,11954,Unitite,Fechado ganho
3212,5362,2017,2025-06-27,4404,Strong,Fechado ganho
3213,5462,1022,2025-03-15,14473,Unitite,Proposta
3214,5094,1038,2025-02-08,13290,Tryon,Fechado ganho
3215,5224,2023,2025-04-03,14240,Epikut,Perdido
3216,5412,1041,2025-04-19,14801,Strong,Negociação
3217,5392,1036,2025-04-12,5313,Tryon,Fechado ganho
3218,5173,1021,2025-05-16,2963,Tryon,Fechado ganho
3219,5171,2018,2025-04-08,11333,Tryon,Fechado ganho
3220,5264,1029,2025-01-06,15833,Tryon,Perdido
3221,5275,1012,2025-01-19,21218,Tryon,Perdido
3222,5020,2027,2025-04-06,6090,Tryon,Fechado ganho
3223,5336,1025,2025-02-14,11331,Tryon,Negociação
3224,5091,1008,2025-02-14,17920,Unitite,Proposta
3225,5231,1022,2025-06-17,15082,Unitite,Proposta
3226,5224,1035,2025-06-10,28204,Epikut,Proposta
3227,5339,2022,2025-03-03,4359,Tryon,Fechado ganho
3228,5184,1007,2025-01-27,22508,Tryon,Fechado ganho
3229,5404,1022,2025-05-06,26606,Unitite,Proposta
3230,5254,2004,2025-01-30,21516,Unitite,Fechado ganho
3231,5248,1018,2025-02-10,25903,Tryon,Perdido
3232,5286,1021,2025-01-20,15944,Epikut,Fechado ganho
3233,5398,1037,2025-01-30,20135,Tryon,Negociação
3234,5461,1047,2025-06-29,14304,Tryon,Proposta
3235,5092,1030,2025-04-02,4163,Epikut,Fechado ganho
3236,5442,1012,2025-03-12,11039,Unitite,Perdido
3237,5072,2039,2025-06-01,26699,Unitite,Proposta
3238,5207,1007,2025-03-07,27468,Strong,Fechado ganho
3239,5300,1024,2025-06-24,4972,Tryon,Proposta
3240,5422,2037,2025-01-18,19563,Strong,Negociação
3241,5167,1009,2025-03-10,27346,Unitite,Perdido
3242,5199,1023,2025-02-27,6243,Unitite,Perdido
3243,5154,2004,2025-06-21,11701,Strong,Perdido
3244,5040,2026,2025-04-21,22511,Strong,Proposta
3245,5003,1015,2025-04-26,26019,Tryon,Proposta
3246,5426,1014,2025-01-05,23353,Epikut,Negociação
3247,5205,1056,2025-02-07,22171,Strong,Proposta
3248,5040,1001,2025-02-19,2889,Tryon,Negociação
3249,5352,1049,2025-06-13,13227,Epikut,Perdido
3250,5371,2010,2025-02-10,24574,Tryon,Fechado ganho
3251,5129,1046,2025-01-23,18627,Strong,Fechado ganho
3252,5315,1039,2025-06-26,23061,Tryon,Perdido
3253,5380,1055,2025-01-23,17297,Unitite,Perdido
3254,5098,1023,2025-06-03,16722,Tryon,Negociação
3255,5171,2009,2025-04-08,14257,Unitite,Negociação
3256,5003,1037,2025-01-14,26810,Unitite,Proposta
3257,5230,1048,2025-06-05,9617,Epikut,Perdido
3258,5216,2032,2025-02-12,4079,Epikut,Perdido
3259,5012,1035,2025-01-30,11712,Unitite,Negociação
3260,5322,2014,2025-01-20,29746,Unitite,Perdido
3261,5097,1054,2025-06-25,5641,Unitite,Fechado ganho
3262,5454,2022,2025-05-13,3133,Strong,Negociação
3263,5422,2031,2025-04-11,11926,Tryon,Negociação
3264,5139,1046,2025-06-09,27412,Unitite,Perdido
3265,5242,1010,2025-02-17,28473,Strong,Proposta
3266,5349,2021,2025-06-10,16382,Unitite,Negociação
3267,5205,1041,2025-03-26,27932,Epikut,Fechado ganho
3268,5257,2012,2025-04-04,11014,Strong,Perdido
3269,5183,1026,2025-02-08,6795,Strong,Perdido
3270,5153,1030,2025-04-09,16305,Unitite,Perdido
3271,5085,2040,2025-02-01,19122,Epikut,Proposta
3272,5199,1003,2025-04-11,8045,Epikut,Proposta
3273,5172,1013,2025-06-11,22573,Unitite,Proposta
3274,5292,2003,2025-04-11,2800,Epikut,Perdido
3275,5046,1004,2025-05-16,11321,Tryon,Perdido
3276,5244,1015,2025-06-19,26209,Epikut,Negociação
3277,5336,1039,2025-05-02,17144,Epikut,Negociação
3278,5218,2025,2025-04-17,17678,Epikut,Fechado ganho
3279,5290,2015,2025-05-21,11334,Epikut,Negociação
3280,5492,1044,2025-02-05,12122,Tryon,Proposta
3281,5481,1022,2025-02-25,9960,Unitite,Fechado ganho
3282,5121,2026,2025-04-10,5027,Epikut,Fechado ganho
3283,5174,1033,2025-02-08,12247,Unitite,Negociação
3284,5209,1005,2025-06-27,28931,Tryon,Perdido
3285,5419,1014,2025-01-19,8066,Epikut,Perdido
3286,5485,2031,2025-02-18,6512,Strong,Negociação
3287,5144,2012,2025-02-08,25341,Strong,Negociação
3288,5123,1010,2025-06-17,2989,Tryon,Fechado ganho
3289,5374,1054,2025-03-09,26604,Strong,Perdido
3290,5340,2030,2025-06-22,9230,Epikut,Negociação
3291,5248,1015,2025-01-30,6802,Unitite,Fechado ganho
3292,5190,1043,2025-01-02,24101,Tryon,Negociação
3293,5193,1019,2025-04-11,8700,Unitite,Proposta
3294,5264,1017,2025-01-11,22844,Tryon,Negociação
3295,5074,1047,2025-04-11,11004,Unitite,Perdido
3296,5436,2012,2025-06-23,20463,Strong,Proposta
3297,5091,2028,2025-05-26,29778,Epikut,Perdido
3298,5167,2024,2025-03-12,7456,Strong,Proposta
3299,5204,2039,2025-01-01,19519,Unitite,Negociação
3300,5320,1048,2025-06-14,29268,Strong,Negociação
3301,5002,2028,2025-05-28,9994,Tryon,Perdido
3302,5309,2024,2025-04-05,24201,Epikut,Negociação
3303,5021,2010,2025-05-15,18905,Epikut,Fechado ganho
3304,5055,2023,2025-03-01,28328,Unitite,Perdido
3305,5419,1030,2025-03-07,5540,Unitite,Fechado ganho
3306,5324,2003,2025-02-17,19798,Unitite,Proposta
3307,5077,2036,2025-02-02,13339,Tryon,Negociação
3308,5492,1055,2025-06-14,2664,Unitite,Proposta
3309,5379,2007,2025-03-01,8028,Epikut,Negociação
3310,5278,2027,2025-02-17,9311,Unitite,Perdido
3311,5261,2021,2025-03-03,24289,Tryon,Fechado ganho
3312,5445,2039,2025-04-05,5904,Unitite,Fechado ganho
3313,5079,1038,2025-06-12,13959,Epikut,Proposta
3314,5356,2032,2025-03-08,20563,Tryon,Proposta
3315,5338,1003,2025-01-20,14565,Strong,Negociação
3316,5006,1037,2025-06-05,6284,Unitite,Perdido
3317,5321,1013,2025-05-30,23394,Unitite,Negociação
3318,5390,1012,2025-02-10,9778,Epikut,Perdido
3319,5154,1004,2025-03-06,29914,Strong,Negociação
3320,5489,1041,2025-06-30,22636,Tryon,Fechado ganho
3321,5135,1049,2025-05-27,11258,Epikut,Perdido
3322,5354,2039,2025-02-06,28419,Unitite,Negociação
3323,5060,2016,2025-04-20,17448,Strong,Proposta
3324,5226,1025,2025-03-29,9727,Strong,Fechado ganho
3325,5229,2034,2025-06-09,26794,Unitite,Negociação
3326,5006,2035,2025-04-07,22752,Epikut,Negociação
3327,5136,1041,2025-02-25,19095,Epikut,Fechado ganho
3328,5345,1005,2025-06-15,28922,Epikut,Negociação
3329,5420,2034,2025-01-10,27137,Unitite,Proposta
3330,5257,1059,2025-05-18,28386,Unitite,Perdido
3331,5228,1051,2025-03-17,3152,Unitite,Negociação
3332,5132,1003,2025-04-08,29627,Strong,Fechado ganho
3333,5482,2004,2025-02-12,19247,Tryon,Fechado ganho
3334,5387,1044,2025-02-26,9969,Tryon,Perdido
3335,5349,2018,2025-04-30,9689,Unitite,Fechado ganho
3336,5347,2018,2025-01-21,13396,Strong,Perdido
3337,5260,1010,2025-04-22,19582,Strong,Fechado ganho
3338,5344,2004,2025-04-28,13340,Epikut,Negociação
3339,5405,2015,2025-05-11,23760,Strong,Perdido
3340,5485,2024,2025-06-07,22111,Tryon,Perdido
3341,5461,1059,2025-03-19,17744,Strong,Negociação
3342,5278,1004,2025-06-28,6569,Strong,Negociação
3343,5008,2024,2025-05-29,3044,Epikut,Perdido
3344,5416,2011,2025-05-14,2781,Strong,Negociação
3345,5123,2035,2025-01-23,3149,Tryon,Proposta
3346,5052,2037,2025-04-03,3868,Unitite,Negociação
3347,5038,1005,2025-02-15,3778,Tryon,Fechado ganho
3348,5151,1043,2025-02-04,5192,Epikut,Negociação
3349,5027,2020,2025-01-18,11061,Unitite,Proposta
3350,5080,1058,2025-06-16,28031,Unitite,Proposta
3351,5154,1020,2025-03-30,23014,Tryon,Proposta
3352,5477,1060,2025-05-15,16913,Unitite,Proposta
3353,5423,2031,2025-05-18,21646,Strong,Negociação
3354,5358,1039,2025-01-03,5909,Tryon,Perdido
3355,5140,1028,2025-01-04,20583,Strong,Fechado ganho
3356,5170,2007,2025-03-17,10704,Epikut,Fechado ganho
3357,5025,1026,2025-03-12,28021,Epikut,Fechado ganho
3358,5169,2018,2025-06-20,4719,Tryon,Proposta
3359,5012,2001,2025-04-05,9333,Epikut,Perdido
3360,5419,1015,2025-06-25,7322,Unitite,Perdido
3361,5290,2021,2025-01-08,4821,Strong,Proposta
3362,5143,2006,2025-01-07,7193,Strong,Perdido
3363,5249,2025,2025-02-09,12782,Unitite,Proposta
3364,5468,1038,2025-06-18,28938,Tryon,Negociação
3365,5107,1004,2025-02-12,21886,Epikut,Perdido
3366,5159,1012,2025-04-22,12953,Tryon,Proposta
3367,5159,1053,2025-06-05,21721,Epikut,Proposta
3368,5303,2030,2025-04-18,3706,Unitite,Negociação
3369,5107,1017,2025-02-28,29758,Strong,Perdido
3370,5025,2023,2025-06-29,7658,Unitite,Fechado ganho
3371,5126,1055,2025-03-01,16099,Tryon,Negociação
3372,5005,1050,2025-05-17,14445,Unitite,Proposta
3373,5494,2008,2025-04-23,19120,Strong,Proposta
3374,5493,2022,2025-01-27,17122,Strong,Perdido
3375,5272,1041,2025-06-04,5613,Unitite,Fechado ganho
3376,5257,1002,2025-06-20,21162,Tryon,Negociação
3377,5295,1050,2025-06-01,3659,Tryon,Proposta
3378,5106,1007,2025-03-17,13179,Tryon,Negociação
3379,5429,2023,2025-02-12,24137,Strong,Proposta
3380,5018,2007,2025-04-22,27445,Tryon,Negociação
3381,5313,2013,2025-04-20,11175,Tryon,Proposta
3382,5397,1009,2025-02-02,20166,Strong,Negociação
3383,5070,1052,2025-05-16,16151,Unitite,Proposta
3384,5202,1031,2025-05-29,28851,Tryon,Proposta
3385,5379,1024,2025-03-05,14142,Strong,Negociação
3386,5148,2006,2025-06-07,24050,Strong,Negociação
3387,5104,1040,2025-06-07,22085,Strong,Negociação
3388,5328,1039,2025-04-27,13793,Epikut,Proposta
3389,5280,1011,2025-06-09,28282,Epikut,Negociação
3390,5315,2039,2025-01-26,7407,Epikut,Negociação
3391,5257,1054,2025-04-17,7253,Tryon,Negociação
3392,5451,2021,2025-02-08,17101,Epikut,Negociação
3393,5220,2014,2025-05-04,20743,Tryon,Proposta
3394,5162,1004,2025-04-20,6337,Tryon,Proposta
3395,5160,2004,2025-03-02,5482,Epikut,Perdido
3396,5148,1030,2025-02-08,23553,Tryon,Perdido
3397,5022,2022,2025-05-04,18018,Epikut,Proposta
3398,5300,1060,2025-04-08,16848,Unitite,Proposta
3399,5373,1018,2025-06-10,26569,Epikut,Proposta
3400,5413,1032,2025-05-19,9151,Tryon,Negociação
3401,5235,1052,2025-03-25,22431,Epikut,Proposta
3402,5210,2005,2025-05-19,29968,Unitite,Perdido
3403,5034,1043,2025-05-10,22668,Epikut,Fechado ganho
3404,5261,2005,2025-03-18,21682,Epikut,Fechado ganho
3405,5017,2026,2025-06-14,25326,Tryon,Negociação
3406,5099,2001,2025-05-02,12887,Strong,Negociação
3407,5440,2008,2025-04-01,28147,Tryon,Fechado ganho
3408,5013,1046,2025-01-02,14125,Strong,Fechado ganho
3409,5068,2017,2025-05-29,27419,Strong,Perdido
3410,5373,2029,2025-03-19,11999,Epikut,Perdido
3411,5441,2009,2025-04-10,6781,Unitite,Perdido
3412,5099,1005,2025-02-10,12268,Epikut,Negociação
3413,5033,2025,2025-04-03,9067,Epikut,Proposta
3414,5277,2019,2025-06-06,15852,Strong,Negociação
3415,5026,1008,2025-03-14,27901,Unitite,Proposta
3416,5134,1045,2025-06-03,11686,Unitite,Negociação
3417,5123,2030,2025-06-06,22740,Epikut,Proposta
3418,5485,1029,2025-04-12,13283,Epikut,Fechado ganho
3419,5346,1006,2025-03-22,20680,Strong,Fechado ganho
3420,5002,2040,2025-05-01,29719,Tryon,Perdido
3421,5481,2010,2025-03-26,14380,Epikut,Perdido
3422,5128,1022,2025-01-25,10248,Strong,Perdido
3423,5488,1042,2025-05-30,4460,Epikut,Negociação
3424,5372,1038,2025-06-16,17665,Tryon,Fechado ganho
3425,5228,1017,2025-04-30,9704,Epikut,Negociação
3426,5439,2025,2025-06-04,25800,Strong,Perdido
3427,5390,1026,2025-06-14,15577,Strong,Fechado ganho
3428,5046,1048,2025-04-14,16443,Epikut,Proposta
3429,5191,1007,2025-04-01,13522,Strong,Perdido
3430,5301,2028,2025-03-10,9331,Unitite,Fechado ganho
3431,5059,1008,2025-02-18,29285,Tryon,Fechado ganho
3432,5143,2008,2025-02-14,18068,Epikut,Proposta
3433,5454,1047,2025-06-13,27747,Strong,Proposta
3434,5033,1032,2025-02-11,24177,Strong,Perdido
3435,5031,2017,2025-02-16,6528,Unitite,Proposta
3436,5432,1018,2025-06-10,19325,Epikut,Perdido
3437,5298,2001,2025-05-24,24456,Tryon,Perdido
3438,5460,1054,2025-02-05,22856,Tryon,Proposta
3439,5265,2004,2025-02-08,20624,Epikut,Negociação
3440,5194,2028,2025-06-03,21578,Epikut,Negociação
3441,5450,1029,2025-05-28,12334,Unitite,Fechado ganho
3442,5499,1048,2025-05-07,2916,Epikut,Perdido
3443,5206,1058,2025-06-02,19319,Epikut,Negociação
3444,5068,2034,2025-06-09,7086,Epikut,Proposta
3445,5264,2014,2025-04-25,2736,Tryon,Negociação
3446,5313,1023,2025-04-12,27763,Epikut,Fechado ganho
3447,5325,2003,2025-03-30,17215,Unitite,Proposta
3448,5470,1026,2025-04-22,6821,Epikut,Fechado ganho
3449,5376,1004,2025-05-13,12699,Tryon,Perdido
3450,5007,2030,2025-04-02,22277,Epikut,Fechado ganho
3451,5421,1012,2025-06-28,15984,Tryon,Negociação
3452,5355,1002,2025-01-05,10523,Tryon,Negociação
3453,5030,1044,2025-02-03,6755,Epikut,Negociação
3454,5310,1057,2025-04-09,23451,Unitite,Negociação
3455,5086,1035,2025-01-05,26288,Epikut,Fechado ganho
3456,5309,1004,2025-03-26,2125,Strong,Negociação
3457,5402,1007,2025-01-31,5318,Strong,Perdido
3458,5478,1030,2025-05-02,23030,Epikut,Fechado ganho
3459,5071,2021,2025-03-29,15439,Epikut,Proposta
3460,5136,2031,2025-04-09,7197,Epikut,Negociação
3461,5054,2030,2025-06-11,27008,Epikut,Fechado ganho
3462,5073,1039,2025-06-04,15510,Tryon,Negociação
3463,5138,2024,2025-06-02,15931,Tryon,Proposta
3464,5208,1053,2025-02-28,15768,Strong,Proposta
3465,5021,1038,2025-04-15,28531,Unitite,Negociação
3466,5185,1032,2025-01-07,16930,Unitite,Fechado ganho
3467,5058,2031,2025-04-11,26135,Unitite,Negociação
3468,5170,2010,2025-04-27,2715,Strong,Fechado ganho
3469,5378,1059,2025-01-10,23824,Strong,Fechado ganho
3470,5265,1016,2025-05-20,6452,Epikut,Perdido
3471,5435,1051,2025-02-17,16794,Strong,Proposta
3472,5117,1058,2025-01-31,26242,Tryon,Perdido
3473,5449,1050,2025-05-06,25505,Epikut,Proposta
3474,5410,1018,2025-03-07,9582,Epikut,Proposta
3475,5059,2011,2025-02-17,25087,Tryon,Proposta
3476,5316,2035,2025-05-25,11302,Unitite,Negociação
3477,5162,1001,2025-02-10,2837,Epikut,Fechado ganho
3478,5122,1050,2025-02-11,17937,Epikut,Proposta
3479,5241,1033,2025-01-14,27834,Unitite,Negociação
3480,5405,1043,2025-05-24,2754,Strong,Perdido
3481,5415,1008,2025-01-05,27490,Unitite,Perdido
3482,5124,1043,2025-06-16,5654,Epikut,Fechado ganho
3483,5208,1054,2025-04-02,17112,Unitite,Fechado ganho
3484,5076,1051,2025-01-05,19980,Strong,Perdido
3485,5207,1041,2025-03-09,23877,Tryon,Negociação
3486,5146,1037,2025-02-26,8247,Epikut,Fechado ganho
3487,5104,1018,2025-06-08,25177,Unitite,Negociação
3488,5210,1047,2025-06-01,19068,Epikut,Fechado ganho
3489,5094,1046,2025-04-16,11009,Epikut,Proposta
3490,5249,1021,2025-06-20,4426,Tryon,Perdido
3491,5128,2030,2025-03-04,23763,Unitite,Perdido
3492,5446,1060,2025-01-27,20799,Tryon,Negociação
3493,5295,2023,2025-06-02,27681,Unitite,Perdido
3494,5065,1044,2025-01-11,5282,Tryon,Perdido
3495,5147,1017,2025-03-31,9222,Epikut,Negociação
3496,5259,2008,2025-03-18,28044,Unitite,Proposta
3497,5045,1030,2025-01-12,3903,Strong,Proposta
3498,5365,2022,2025-04-16,26544,Strong,Fechado ganho
3499,5240,1006,2025-05-10,9069,Epikut,Fechado ganho
3500,5120,1010,2025-06-28,12239,Strong,Proposta
3501,5240,2007,2025-06-01,23741,Unitite,Negociação
3502,5239,2006,2025-02-04,23414,Unitite,Proposta
3503,5277,2029,2025-06-25,14390,Epikut,Proposta
3504,5276,1036,2025-01-12,18637,Unitite,Fechado ganho
3505,5312,1006,2025-06-23,17323,Epikut,Negociação
3506,5487,1017,2025-02-18,21387,Epikut,Negociação
3507,5117,1044,2025-01-30,27739,Epikut,Perdido
3508,5123,2036,2025-04-20,28027,Epikut,Proposta
3509,5465,2017,2025-01-23,24099,Tryon,Perdido
3510,5286,1042,2025-03-04,26998,Unitite,Fechado ganho
3511,5491,1044,2025-05-12,15057,Strong,Proposta
3512,5261,1056,2025-03-22,18838,Epikut,Negociação
3513,5063,1026,2025-02-25,14092,Epikut,Perdido
3514,5044,2017,2025-06-24,24302,Strong,Perdido
3515,5389,2002,2025-02-01,8288,Unitite,Negociação
3516,5369,2019,2025-04-27,12271,Tryon,Perdido
3517,5398,2032,2025-06-09,13556,Strong,Proposta
3518,5241,1019,2025-02-03,25042,Unitite,Negociação
3519,5180,2012,2025-04-03,25305,Unitite,Perdido
3520,5383,1055,2025-05-31,13930,Epikut,Negociação
3521,5128,2030,2025-01-30,25598,Epikut,Perdido
3522,5069,2014,2025-03-07,10140,Tryon,Negociação
3523,5158,1058,2025-02-17,21988,Unitite,Fechado ganho
3524,5344,1029,2025-06-06,12359,Unitite,Negociação
3525,5490,1059,2025-06-16,28051,Tryon,Negociação
3526,5453,1021,2025-06-10,25848,Epikut,Negociação
3527,5048,2037,2025-03-24,18351,Strong,Negociação
3528,5262,1014,2025-06-15,29018,Unitite,Fechado ganho
3529,5359,1030,2025-03-30,20825,Epikut,Fechado ganho
3530,5181,1044,2025-05-26,8984,Tryon,Perdido
3531,5094,1041,2025-02-25,25121,Unitite,Perdido
3532,5190,2009,2025-01-12,3431,Tryon,Proposta
3533,5246,2029,2025-05-30,7215,Strong,Perdido
3534,5220,2013,2025-05-22,25643,Strong,Proposta
3535,5455,2040,2025-06-28,14491,Epikut,Negociação
3536,5423,1023,2025-05-08,29277,Unitite,Perdido
3537,5421,2006,2025-04-27,9310,Tryon,Perdido
3538,5149,2005,2025-02-14,7224,Epikut,Negociação
3539,5217,2005,2025-05-21,7683,Epikut,Fechado ganho
3540,5291,1056,2025-01-29,14698,Strong,Negociação
3541,5204,1018,2025-01-16,13024,Epikut,Fechado ganho
3542,5380,1036,2025-01-20,3648,Tryon,Perdido
3543,5474,1058,2025-01-06,8419,Tryon,Proposta
3544,5104,1005,2025-06-11,15284,Epikut,Perdido
3545,5240,1018,2025-01-15,19544,Unitite,Perdido
3546,5365,2006,2025-02-10,14110,Strong,Proposta
3547,5377,1025,2025-03-22,5504,Strong,Proposta
3548,5067,1021,2025-04-21,15195,Strong,Fechado ganho
3549,5450,1033,2025-02-11,19508,Strong,Perdido
3550,5211,1048,2025-03-22,5734,Tryon,Proposta
3551,5364,2037,2025-06-24,17943,Strong,Proposta
3552,5423,1032,2025-04-15,7091,Strong,Negociação
3553,5042,1043,2025-02-17,13215,Tryon,Fechado ganho
3554,5049,1010,2025-05-26,7198,Epikut,Fechado ganho
3555,5326,1040,2025-06-13,10292,Tryon,Fechado ganho
3556,5245,1007,2025-05-09,9954,Strong,Proposta
3557,5042,1002,2025-03-02,12340,Strong,Negociação
3558,5307,2020,2025-01-05,15612,Tryon,Proposta
3559,5222,2007,2025-05-22,19064,Strong,Negociação
3560,5438,1016,2025-03-25,5920,Epikut,Negociação
3561,5019,2025,2025-04-20,14137,Unitite,Proposta
3562,5121,1047,2025-02-23,9446,Epikut,Proposta
3563,5161,1033,2025-06-08,8095,Unitite,Fechado ganho
3564,5112,1053,2025-06-04,21968,Epikut,Perdido
3565,5448,1032,2025-06-09,25630,Strong,Negociação
3566,5321,1015,2025-01-11,3888,Tryon,Negociação
3567,5481,1034,2025-02-22,2081,Epikut,Fechado ganho
3568,5102,1055,2025-03-04,23686,Tryon,Perdido
3569,5305,1028,2025-03-21,12985,Epikut,Proposta
3570,5386,1060,2025-03-25,24373,Tryon,Proposta
3571,5412,2033,2025-04-04,29803,Epikut,Fechado ganho
3572,5110,2002,2025-03-21,19454,Tryon,Perdido
3573,5286,1009,2025-06-30,26894,Epikut,Fechado ganho
3574,5184,2013,2025-02-16,2968,Epikut,Fechado ganho
3575,5175,1045,2025-05-29,27358,Epikut,Proposta
3576,5442,1043,2025-01-05,15342,Unitite,Perdido
3577,5147,2005,2025-03-08,21262,Unitite,Proposta
3578,5231,2040,2025-02-03,25474,Epikut,Fechado ganho
3579,5071,1046,2025-03-17,5734,Epikut,Fechado ganho
3580,5028,1028,2025-02-06,28681,Unitite,Perdido
3581,5253,2014,2025-06-13,20832,Tryon,Negociação
3582,5057,1052,2025-06-11,18356,Tryon,Perdido
3583,5192,1036,2025-04-05,28121,Tryon,Perdido
3584,5177,1045,2025-04-20,28627,Tryon,Fechado ganho
3585,5142,2038,2025-01-28,4114,Unitite,Perdido
3586,5113,1009,2025-03-21,5860,Unitite,Proposta
3587,5404,2013,2025-02-24,3858,Strong,Fechado ganho
3588,5370,1001,2025-02-08,27893,Epikut,Fechado ganho
3589,5078,1024,2025-06-04,27696,Strong,Negociação
3590,5077,2023,2025-03-11,17015,Unitite,Negociação
3591,5095,2008,2025-03-30,15168,Unitite,Perdido
3592,5075,2030,2025-04-26,24798,Unitite,Proposta
3593,5232,2038,2025-06-28,22483,Tryon,Fechado ganho
3594,5328,1015,2025-04-25,11656,Epikut,Proposta
3595,5338,1023,2025-05-19,20518,Tryon,Proposta
3596,5044,1014,2025-06-22,23319,Tryon,Negociação
3597,5363,1010,2025-02-20,23747,Epikut,Perdido
3598,5029,2033,2025-05-01,11398,Tryon,Fechado ganho
3599,5417,1043,2025-03-18,22431,Tryon,Negociação
3600,5127,1002,2025-03-14,18352,Epikut,Fechado ganho
3601,5442,1024,2025-01-11,3357,Unitite,Negociação
3602,5393,2040,2025-02-15,8454,Strong,Proposta
3603,5164,1010,2025-03-07,16843,Epikut,Perdido
3604,5358,2002,2025-01-04,20750,Strong,Perdido
3605,5206,1046,2025-05-18,21461,Strong,Negociação
3606,5128,2039,2025-01-28,4435,Unitite,Perdido
3607,5283,2001,2025-04-16,22626,Strong,Proposta
3608,5407,1054,2025-05-31,12209,Tryon,Negociação
3609,5048,1053,2025-01-25,29649,Tryon,Fechado ganho
3610,5158,1051,2025-04-12,10672,Unitite,Fechado ganho
3611,5403,2030,2025-05-13,22733,Strong,Perdido
3612,5408,1017,2025-04-05,16628,Epikut,Perdido
3613,5344,1057,2025-05-04,15923,Epikut,Fechado ganho
3614,5017,2007,2025-03-15,24545,Strong,Proposta
3615,5457,1022,2025-04-14,18460,Unitite,Fechado ganho
3616,5148,1009,2025-01-20,3567,Strong,Proposta
3617,5043,2039,2025-01-20,11859,Tryon,Perdido
3618,5084,1030,2025-04-07,5699,Unitite,Negociação
3619,5211,1040,2025-04-22,24178,Unitite,Negociação
3620,5235,2005,2025-03-15,10061,Strong,Fechado ganho
3621,5231,2001,2025-06-15,11762,Strong,Fechado ganho
3622,5229,2019,2025-04-28,15679,Unitite,Proposta
3623,5033,2029,2025-05-26,3347,Epikut,Perdido
3624,5083,2020,2025-03-06,10409,Unitite,Fechado ganho
3625,5484,2023,2025-05-05,14908,Unitite,Fechado ganho
3626,5181,1008,2025-01-31,27451,Tryon,Perdido
3627,5273,1007,2025-03-23,21558,Strong,Perdido
3628,5192,1001,2025-01-16,18897,Unitite,Negociação
3629,5275,1003,2025-03-02,18664,Unitite,Proposta
3630,5236,1030,2025-03-17,21288,Epikut,Proposta
3631,5294,2034,2025-04-14,6676,Unitite,Proposta
3632,5150,2007,2025-02-23,20900,Strong,Negociação
3633,5080,2026,2025-03-21,15937,Epikut,Proposta
3634,5266,1031,2025-01-01,2633,Tryon,Fechado ganho
3635,5143,1048,2025-04-02,19477,Unitite,Negociação
3636,5384,1032,2025-04-15,3107,Unitite,Proposta
3637,5154,1016,2025-02-23,19893,Strong,Fechado ganho
3638,5445,2031,2025-04-09,6298,Tryon,Fechado ganho
3639,5423,1003,2025-04-23,20192,Strong,Fechado ganho
3640,5317,2002,2025-04-20,23911,Epikut,Perdido
3641,5297,2003,2025-01-17,15956,Strong,Fechado ganho
3642,5176,2009,2025-02-19,26505,Strong,Proposta
3643,5147,2027,2025-02-14,9289,Tryon,Proposta
3644,5037,2014,2025-01-02,2238,Strong,Negociação
3645,5320,1031,2025-06-24,28197,Epikut,Negociação
3646,5273,1029,2025-05-11,11266,Unitite,Fechado ganho
3647,5383,1031,2025-03-20,3474,Unitite,Proposta
3648,5410,1028,2025-06-22,20465,Unitite,Perdido
3649,5003,2015,2025-01-17,21520,Epikut,Negociação
3650,5318,2005,2025-05-18,16455,Unitite,Proposta
3651,5448,2028,2025-03-30,8580,Epikut,Proposta
3652,5083,1027,2025-04-09,18043,Epikut,Fechado ganho
3653,5489,1029,2025-02-05,14322,Strong,Negociação
3654,5032,1021,2025-03-13,24499,Tryon,Proposta
3655,5460,1007,2025-01-18,26781,Strong,Perdido
3656,5276,2026,2025-01-11,14276,Unitite,Fechado ganho
3657,5286,1060,2025-05-09,15690,Tryon,Fechado ganho
3658,5037,2039,2025-02-11,17057,Strong,Proposta
3659,5081,1008,2025-05-10,11768,Tryon,Proposta
3660,5264,1022,2025-02-03,18768,Tryon,Proposta
3661,5030,1007,2025-05-30,5825,Tryon,Fechado ganho
3662,5452,2023,2025-03-08,18536,Strong,Fechado ganho
3663,5362,1035,2025-02-25,19707,Epikut,Perdido
3664,5148,2023,2025-06-20,12132,Unitite,Fechado ganho
3665,5203,1027,2025-03-02,16371,Tryon,Perdido
3666,5098,2029,2025-05-28,2521,Strong,Fechado ganho
3667,5374,1011,2025-01-10,22311,Unitite,Perdido
3668,5348,1015,2025-06-28,22757,Strong,Fechado ganho
3669,5277,1059,2025-05-02,24787,Strong,Fechado ganho
3670,5392,2022,2025-02-01,9149,Tryon,Proposta
3671,5372,2006,2025-01-11,5549,Strong,Proposta
3672,5330,1011,2025-04-01,5655,Epikut,Perdido
3673,5258,1030,2025-06-27,24242,Epikut,Negociação
3674,5274,1035,2025-03-04,25963,Tryon,Proposta
3675,5106,2002,2025-05-18,25787,Unitite,Perdido
3676,5389,1005,2025-02-17,26158,Strong,Fechado ganho
3677,5103,1049,2025-04-28,18098,Strong,Proposta
3678,5353,1032,2025-06-20,15562,Epikut,Proposta
3679,5328,1051,2025-03-18,9099,Epikut,Fechado ganho
3680,5239,1018,2025-02-27,12566,Strong,Proposta
3681,5261,2020,2025-05-23,19260,Strong,Proposta
3682,5245,2038,2025-01-08,2762,Tryon,Proposta
3683,5127,2033,2025-04-13,28625,Epikut,Negociação
3684,5123,1002,2025-02-27,13642,Unitite,Proposta
3685,5078,2004,2025-03-09,25552,Epikut,Fechado ganho
3686,5449,2003,2025-02-08,9083,Tryon,Proposta
3687,5462,2031,2025-01-28,25227,Epikut,Proposta
3688,5438,2040,2025-03-03,7873,Strong,Fechado ganho
3689,5243,2009,2025-06-22,13598,Epikut,Perdido
3690,5200,1059,2025-03-22,6313,Strong,Proposta
3691,5227,1040,2025-01-31,25525,Epikut,Proposta
3692,5077,2002,2025-02-01,4810,Epikut,Perdido
3693,5307,2025,2025-02-22,26160,Unitite,Negociação
3694,5275,2040,2025-03-17,9305,Tryon,Proposta
3695,5487,1057,2025-03-20,5325,Strong,Negociação
3696,5161,2037,2025-03-31,11302,Unitite,Proposta
3697,5209,2002,2025-02-26,10053,Epikut,Negociação
3698,5121,1029,2025-04-07,29873,Epikut,Proposta
3699,5331,2019,2025-06-09,17997,Unitite,Fechado ganho
3700,5240,1033,2025-06-27,24329,Epikut,Proposta
3701,5065,2022,2025-06-28,14365,Epikut,Negociação
3702,5026,2031,2025-05-14,18035,Unitite,Perdido
3703,5271,1004,2025-01-12,22173,Epikut,Perdido
3704,5166,1054,2025-01-10,9694,Strong,Proposta
3705,5402,1037,2025-02-19,10725,Unitite,Negociação
3706,5437,1040,2025-04-02,10063,Unitite,Perdido
3707,5400,2033,2025-04-01,9098,Unitite,Negociação
3708,5113,1007,2025-02-02,24998,Tryon,Perdido
3709,5188,1003,2025-06-26,14595,Strong,Perdido
3710,5272,1050,2025-01-08,9083,Strong,Proposta
3711,5496,1021,2025-02-02,5653,Unitite,Negociação
3712,5464,2036,2025-05-23,16637,Unitite,Proposta
3713,5089,1020,2025-04-21,5746,Strong,Perdido
3714,5059,1025,2025-01-17,2710,Epikut,Negociação
3715,5051,2031,2025-06-27,20339,Unitite,Fechado ganho
3716,5209,1035,2025-06-19,22318,Epikut,Perdido
3717,5476,1007,2025-02-17,20404,Unitite,Perdido
3718,5108,1030,2025-03-30,29086,Unitite,Proposta
3719,5228,1045,2025-01-20,19800,Unitite,Perdido
3720,5326,2008,2025-04-18,11396,Strong,Fechado ganho
3721,5043,2025,2025-03-16,11767,Tryon,Proposta
3722,5243,1041,2025-05-30,17567,Strong,Fechado ganho
3723,5015,1014,2025-02-01,15257,Epikut,Proposta
3724,5204,1021,2025-02-19,28730,Tryon,Negociação
3725,5121,2004,2025-01-22,9831,Epikut,Negociação
3726,5019,1019,2025-04-18,24089,Strong,Negociação
3727,5011,1006,2025-02-14,5859,Epikut,Fechado ganho
3728,5330,1012,2025-05-05,6462,Tryon,Negociação
3729,5122,1005,2025-06-13,27432,Unitite,Negociação
3730,5386,1012,2025-03-20,14625,Epikut,Proposta
3731,5055,1034,2025-06-27,13628,Unitite,Proposta
3732,5142,1051,2025-05-14,23889,Unitite,Proposta
3733,5151,1011,2025-01-18,24228,Tryon,Negociação
3734,5367,1003,2025-01-30,5920,Unitite,Perdido
3735,5466,2039,2025-06-16,18908,Unitite,Perdido
3736,5187,1021,2025-02-26,17844,Strong,Proposta
3737,5114,2036,2025-02-13,14790,Epikut,Negociação
3738,5174,1020,2025-02-07,17390,Tryon,Proposta
3739,5383,1002,2025-06-29,22111,Epikut,Proposta
3740,5304,1025,2025-05-11,13315,Epikut,Proposta
3741,5359,2017,2025-01-31,17415,Epikut,Negociação
3742,5220,2026,2025-06-26,15417,Strong,Proposta
3743,5312,1047,2025-06-10,9997,Epikut,Fechado ganho
3744,5199,1044,2025-05-13,27246,Tryon,Proposta
3745,5102,2021,2025-05-30,13724,Tryon,Negociação
3746,5152,1025,2025-06-03,10075,Strong,Fechado ganho
3747,5079,2037,2025-03-17,29775,Strong,Perdido
3748,5130,1020,2025-05-20,12140,Epikut,Fechado ganho
3749,5016,1049,2025-06-28,14592,Unitite,Perdido
3750,5280,1014,2025-06-25,6916,Tryon,Proposta
3751,5067,1043,2025-03-11,24086,Tryon,Fechado ganho
3752,5405,1038,2025-04-21,25625,Epikut,Negociação
3753,5327,2017,2025-06-08,18056,Strong,Proposta
3754,5237,1035,2025-05-12,21468,Strong,Fechado ganho
3755,5241,2023,2025-05-29,20992,Epikut,Proposta
3756,5327,2021,2025-04-24,19542,Tryon,Perdido
3757,5288,1003,2025-05-16,4920,Strong,Negociação
3758,5281,2038,2025-05-01,5537,Epikut,Negociação
3759,5478,2024,2025-01-31,19953,Epikut,Fechado ganho
3760,5001,1005,2025-04-07,10397,Epikut,Negociação
3761,5055,1033,2025-03-25,26380,Strong,Fechado ganho
3762,5195,1039,2025-03-30,23021,Strong,Perdido
3763,5179,1006,2025-02-08,16773,Epikut,Negociação
3764,5259,2017,2025-01-15,11640,Strong,Perdido
3765,5139,1035,2025-06-21,24434,Unitite,Negociação
3766,5103,1031,2025-06-07,21496,Unitite,Fechado ganho
3767,5199,2029,2025-02-28,25273,Strong,Fechado ganho
3768,5094,1021,2025-04-16,17911,Unitite,Fechado ganho
3769,5382,1045,2025-03-29,4862,Tryon,Fechado ganho
3770,5182,1041,2025-06-01,15412,Unitite,Fechado ganho
3771,5243,2026,2025-04-17,24818,Unitite,Perdido
3772,5303,2011,2025-06-09,8441,Strong,Fechado ganho
3773,5228,2023,2025-04-20,15613,Tryon,Perdido
3774,5211,1014,2025-04-04,6765,Unitite,Fechado ganho
3775,5448,1044,2025-01-15,6885,Strong,Negociação
3776,5095,2008,2025-05-12,29799,Strong,Proposta
3777,5282,1035,2025-05-10,24869,Unitite,Perdido
3778,5473,2029,2025-04-12,23879,Tryon,Negociação
3779,5221,1026,2025-02-09,27774,Strong,Fechado ganho
3780,5230,2004,2025-01-21,27519,Epikut,Fechado ganho
3781,5057,2036,2025-02-12,11338,Tryon,Proposta
3782,5385,2017,2025-05-21,3173,Epikut,Negociação
3783,5428,1023,2025-04-06,8715,Unitite,Proposta
3784,5333,2011,2025-03-04,2681,Tryon,Fechado ganho
3785,5030,1055,2025-04-01,17133,Epikut,Proposta
3786,5148,2038,2025-06-05,29016,Epikut,Fechado ganho
3787,5016,1029,2025-04-07,14439,Tryon,Fechado ganho
3788,5319,1024,2025-01-24,4496,Epikut,Fechado ganho
3789,5376,2001,2025-04-19,27950,Unitite,Fechado ganho
3790,5148,1011,2025-04-05,3122,Epikut,Proposta
3791,5102,1013,2025-05-05,18946,Tryon,Negociação
3792,5107,1037,2025-01-02,18137,Unitite,Fechado ganho
3793,5062,1022,2025-03-07,26643,Unitite,Fechado ganho
3794,5308,2020,2025-06-29,23433,Tryon,Proposta
3795,5231,2030,2025-05-08,12112,Strong,Negociação
3796,5245,1004,2025-06-22,16793,Tryon,Perdido
3797,5460,1001,2025-05-17,22393,Unitite,Proposta
3798,5233,2004,2025-03-23,22488,Strong,Negociação
3799,5037,2026,2025-01-12,8467,Tryon,Fechado ganho
3800,5329,2009,2025-01-26,9276,Tryon,Perdido
3801,5320,2026,2025-01-15,8829,Epikut,Perdido
3802,5304,2013,2025-02-09,21307,Tryon,Proposta
3803,5214,2040,2025-06-24,11561,Strong,Negociação
3804,5326,2030,2025-05-22,5018,Epikut,Proposta
3805,5394,2005,2025-02-06,3750,Strong,Fechado ganho
3806,5304,2018,2025-04-09,18696,Unitite,Perdido
3807,5358,1034,2025-03-14,5546,Strong,Perdido
3808,5313,1044,2025-04-04,15627,Strong,Fechado ganho
3809,5386,2002,2025-01-31,5980,Strong,Fechado ganho
3810,5370,1037,2025-03-23,10227,Tryon,Proposta
3811,5474,1021,2025-02-16,26972,Epikut,Perdido
3812,5481,2025,2025-05-23,3114,Epikut,Perdido
3813,5061,1042,2025-02-12,24648,Strong,Proposta
3814,5439,1053,2025-04-24,5227,Tryon,Proposta
3815,5321,2004,2025-05-07,8695,Tryon,Perdido
3816,5017,1039,2025-04-10,29203,Epikut,Negociação
3817,5461,1040,2025-01-04,29229,Strong,Proposta
3818,5044,1022,2025-05-12,17669,Unitite,Fechado ganho
3819,5411,2028,2025-03-21,6640,Strong,Proposta
3820,5168,2023,2025-05-17,12491,Unitite,Fechado ganho
3821,5264,2008,2025-06-28,16283,Epikut,Proposta
3822,5210,2030,2025-05-18,18741,Strong,Negociação
3823,5147,1031,2025-04-23,25734,Tryon,Proposta
3824,5210,1059,2025-02-10,13160,Epikut,Proposta
3825,5223,2025,2025-03-07,11533,Strong,Proposta
3826,5413,1027,2025-05-21,15845,Unitite,Proposta
3827,5313,2027,2025-02-27,26111,Unitite,Perdido
3828,5345,2007,2025-03-09,22302,Strong,Perdido
3829,5421,2018,2025-03-31,9128,Epikut,Fechado ganho
3830,5389,2033,2025-02-06,23850,Strong,Negociação
3831,5284,1059,2025-03-14,6441,Strong,Fechado ganho
3832,5319,1044,2025-04-20,6144,Tryon,Perdido
3833,5408,1002,2025-05-27,13561,Strong,Fechado ganho
3834,5151,2025,2025-03-16,12062,Epikut,Fechado ganho
3835,5030,2016,2025-03-13,18500,Unitite,Proposta
3836,5065,1043,2025-04-28,14288,Tryon,Proposta
3837,5031,1041,2025-02-23,23584,Epikut,Fechado ganho
3838,5187,2012,2025-01-09,3492,Tryon,Fechado ganho
3839,5461,2016,2025-04-09,13697,Strong,Proposta
3840,5417,1057,2025-06-04,16622,Strong,Proposta
3841,5138,1008,2025-05-05,3652,Epikut,Perdido
3842,5287,1051,2025-06-27,21371,Tryon,Fechado ganho
3843,5212,2006,2025-06-29,14127,Unitite,Negociação
3844,5105,2015,2025-05-17,11433,Unitite,Negociação
3845,5415,1003,2025-06-14,28569,Tryon,Fechado ganho
3846,5102,2018,2025-01-14,5790,Epikut,Negociação
3847,5346,1009,2025-01-16,25032,Unitite,Fechado ganho
3848,5120,1025,2025-01-31,5046,Unitite,Fechado ganho
3849,5377,1003,2025-03-22,8660,Epikut,Fechado ganho
3850,5408,2030,2025-02-11,25560,Strong,Negociação
3851,5210,1008,2025-03-10,11608,Strong,Fechado ganho
3852,5160,1049,2025-01-22,23845,Tryon,Fechado ganho
3853,5012,1046,2025-04-29,19104,Unitite,Negociação
3854,5064,2028,2025-03-09,27853,Strong,Perdido
3855,5051,1058,2025-02-03,4418,Tryon,Proposta
3856,5394,2031,2025-01-06,11773,Tryon,Negociação
3857,5305,1026,2025-02-03,7377,Epikut,Negociação
3858,5410,2038,2025-03-13,2746,Tryon,Perdido
3859,5488,1028,2025-04-24,10404,Tryon,Negociação
3860,5138,2032,2025-01-19,5969,Epikut,Fechado ganho
3861,5027,2020,2025-05-31,16149,Strong,Perdido
3862,5353,1036,2025-04-04,6499,Unitite,Fechado ganho
3863,5328,1022,2025-06-06,23290,Tryon,Negociação
3864,5301,2039,2025-06-26,22743,Epikut,Negociação
3865,5422,2002,2025-05-23,17380,Tryon,Negociação
3866,5316,1003,2025-05-07,24727,Strong,Proposta
3867,5004,2024,2025-03-24,2456,Strong,Perdido
3868,5121,2021,2025-05-24,27117,Epikut,Negociação
3869,5203,1001,2025-06-03,10156,Tryon,Negociação
3870,5330,1013,2025-03-16,2926,Epikut,Negociação
3871,5122,1031,2025-04-20,9368,Tryon,Negociação
3872,5290,1048,2025-02-10,18842,Strong,Negociação
3873,5296,1007,2025-06-06,16473,Unitite,Proposta
3874,5371,2033,2025-06-02,24126,Epikut,Negociação
3875,5223,2018,2025-06-25,20459,Epikut,Perdido
3876,5367,1049,2025-03-08,22514,Epikut,Perdido
3877,5028,2017,2025-01-27,22459,Strong,Fechado ganho
3878,5351,1030,2025-05-04,2791,Tryon,Proposta
3879,5166,1024,2025-03-07,15882,Epikut,Fechado ganho
3880,5422,1048,2025-03-15,29455,Strong,Negociação
3881,5021,1018,2025-01-15,28703,Strong,Proposta
3882,5374,1055,2025-06-15,10861,Epikut,Negociação
3883,5160,1036,2025-05-26,24520,Tryon,Negociação
3884,5440,2001,2025-05-25,16833,Epikut,Perdido
3885,5331,2026,2025-04-02,9368,Strong,Negociação
3886,5157,1025,2025-05-05,16217,Strong,Fechado ganho
3887,5270,1032,2025-04-30,8549,Epikut,Perdido
3888,5485,1013,2025-05-15,2222,Unitite,Negociação
3889,5454,2025,2025-04-11,22421,Tryon,Proposta
3890,5421,2001,2025-03-25,14343,Epikut,Proposta
3891,5365,2010,2025-04-22,24910,Tryon,Proposta
3892,5452,2020,2025-05-30,7515,Strong,Fechado ganho
3893,5155,1006,2025-02-08,7361,Strong,Negociação
3894,5060,1013,2025-01-12,11799,Unitite,Fechado ganho
3895,5361,1054,2025-01-14,16340,Epikut,Negociação
3896,5493,1056,2025-02-13,22671,Tryon,Fechado ganho
3897,5159,1033,2025-02-28,15776,Strong,Proposta
3898,5113,1057,2025-01-21,19378,Tryon,Perdido
3899,5445,2033,2025-01-24,25518,Epikut,Proposta
3900,5012,1046,2025-01-31,13792,Unitite,Perdido
3901,5433,2018,2025-03-07,26672,Strong,Negociação
3902,5217,1036,2025-04-15,21495,Epikut,Negociação
3903,5411,1026,2025-02-21,23240,Unitite,Negociação
3904,5126,2035,2025-03-14,22013,Tryon,Negociação
3905,5329,1057,2025-06-09,22970,Unitite,Perdido
3906,5104,2010,2025-06-28,21474,Epikut,Proposta
3907,5425,1057,2025-06-02,20158,Unitite,Proposta
3908,5288,2021,2025-06-12,27240,Strong,Perdido
3909,5485,1032,2025-03-04,15018,Strong,Fechado ganho
3910,5122,1011,2025-04-23,17259,Epikut,Perdido
3911,5489,1055,2025-05-09,18027,Unitite,Negociação
3912,5481,1027,2025-01-14,16308,Epikut,Fechado ganho
3913,5477,1012,2025-03-19,9963,Tryon,Fechado ganho
3914,5159,2001,2025-05-20,15050,Strong,Perdido
3915,5210,1025,2025-06-05,8576,Tryon,Perdido
3916,5395,2011,2025-02-06,9059,Epikut,Negociação
3917,5421,2029,2025-04-16,28384,Tryon,Perdido
3918,5146,1046,2025-02-17,15363,Epikut,Fechado ganho
3919,5203,1004,2025-04-05,12200,Tryon,Negociação
3920,5359,2002,2025-04-01,13740,Unitite,Fechado ganho
3921,5106,1029,2025-05-25,12412,Epikut,Perdido
3922,5429,1060,2025-05-01,29604,Unitite,Proposta
3923,5497,1009,2025-02-12,17297,Unitite,Proposta
3924,5035,1058,2025-02-23,29724,Unitite,Fechado ganho
3925,5230,1029,2025-02-27,17210,Unitite,Perdido
3926,5429,2022,2025-03-31,28496,Tryon,Proposta
3927,5027,1043,2025-06-15,9157,Strong,Negociação
3928,5261,1015,2025-03-01,26860,Strong,Perdido
3929,5173,1008,2025-03-19,15753,Unitite,Fechado ganho
3930,5124,2038,2025-05-23,12233,Strong,Perdido
3931,5432,1044,2025-04-15,6619,Unitite,Negociação
3932,5355,1031,2025-05-17,17359,Strong,Fechado ganho
3933,5342,1022,2025-02-27,10855,Unitite,Fechado ganho
3934,5485,1045,2025-02-11,20739,Tryon,Proposta
3935,5242,1055,2025-03-22,29528,Unitite,Perdido
3936,5186,1051,2025-04-14,25396,Epikut,Negociação
3937,5179,1057,2025-04-01,27829,Tryon,Perdido
3938,5261,1050,2025-03-01,9019,Tryon,Negociação
3939,5226,2039,2025-03-30,18208,Strong,Negociação
3940,5203,2023,2025-03-21,27855,Strong,Perdido
3941,5241,2034,2025-04-05,10262,Tryon,Fechado ganho
3942,5064,1004,2025-01-30,9605,Unitite,Fechado ganho
3943,5174,1023,2025-04-14,14375,Epikut,Perdido
3944,5208,1046,2025-05-16,14161,Strong,Negociação
3945,5289,1053,2025-05-02,16895,Unitite,Perdido
3946,5264,1020,2025-03-02,15937,Unitite,Fechado ganho
3947,5331,2003,2025-05-07,5785,Strong,Negociação
3948,5209,2039,2025-04-12,18549,Tryon,Fechado ganho
3949,5225,1054,2025-04-15,6451,Strong,Negociação
3950,5428,2024,2025-04-19,3120,Strong,Negociação
3951,5290,1007,2025-05-09,12137,Epikut,Negociação
3952,5100,2036,2025-04-12,16600,Strong,Proposta
3953,5220,1019,2025-01-02,24389,Tryon,Perdido
3954,5389,1044,2025-03-30,24880,Strong,Proposta
3955,5427,2006,2025-03-25,23312,Epikut,Fechado ganho
3956,5468,2001,2025-04-10,3713,Epikut,Fechado ganho
3957,5433,2001,2025-05-22,28885,Tryon,Perdido
3958,5296,2009,2025-05-05,9555,Epikut,Negociação
3959,5062,2009,2025-01-28,10207,Strong,Proposta
3960,5256,2034,2025-06-29,2836,Tryon,Perdido
3961,5218,2023,2025-06-26,28672,Epikut,Perdido
3962,5460,2039,2025-03-28,9689,Unitite,Proposta
3963,5412,2006,2025-01-05,24948,Tryon,Proposta
3964,5088,2033,2025-01-21,2120,Strong,Fechado ganho
3965,5096,1010,2025-04-15,3065,Strong,Fechado ganho
3966,5499,1033,2025-04-21,21856,Strong,Negociação
3967,5013,1043,2025-04-12,3657,Unitite,Negociação
3968,5181,1022,2025-05-20,8538,Unitite,Fechado ganho
3969,5344,1023,2025-03-03,20566,Strong,Perdido
3970,5247,2033,2025-03-04,15026,Unitite,Fechado ganho
3971,5373,2021,2025-04-08,14432,Unitite,Proposta
3972,5413,2029,2025-01-16,14682,Strong,Proposta
3973,5036,2019,2025-01-29,23749,Tryon,Proposta
3974,5449,2001,2025-01-13,11468,Strong,Negociação
3975,5205,1052,2025-06-19,20293,Tryon,Negociação
3976,5003,2034,2025-05-24,15235,Unitite,Perdido
3977,5114,1016,2025-05-12,27251,Tryon,Fechado ganho
3978,5138,1024,2025-03-26,6434,Unitite,Negociação
3979,5282,2028,2025-05-07,9443,Tryon,Perdido
3980,5340,1043,2025-02-08,9958,Strong,Fechado ganho
3981,5355,2035,2025-02-09,3737,Epikut,Perdido
3982,5314,1056,2025-01-30,4624,Strong,Perdido
3983,5460,1059,2025-03-10,19910,Epikut,Perdido
3984,5191,2026,2025-03-24,16863,Epikut,Fechado ganho
3985,5041,1004,2025-06-18,15231,Tryon,Proposta
3986,5253,1006,2025-03-19,24601,Tryon,Negociação
3987,5133,1043,2025-01-24,23059,Tryon,Perdido
3988,5157,2019,2025-03-25,12035,Unitite,Perdido
3989,5131,1048,2025-02-23,4924,Epikut,Fechado ganho
3990,5401,1015,2025-02-16,27714,Unitite,Fechado ganho
3991,5144,1034,2025-03-30,16564,Strong,Negociação
3992,5048,2007,2025-02-10,26560,Strong,Perdido
3993,5113,2021,2025-06-26,15859,Tryon,Negociação
3994,5169,1024,2025-06-03,13085,Epikut,Fechado ganho
3995,5395,2037,2025-04-11,23904,Tryon,Proposta
3996,5369,2036,2025-06-15,23063,Strong,Perdido
3997,5420,1036,2025-02-16,3194,Strong,Negociação
3998,5224,1041,2025-06-03,13285,Strong,Negociação
3999,5302,2004,2025-05-03,19832,Unitite,Proposta
4000,5349,1054,2025-05-16,25769,Unitite,Fechado ganho
4001,5331,1013,2025-06-06,28280,Strong,Proposta
4002,5382,1006,2025-06-24,22368,Epikut,Fechado ganho
4003,5305,2033,2025-02-09,27531,Strong,Proposta
4004,5420,2016,2025-04-05,14176,Epikut,Perdido
4005,5339,2036,2025-03-21,5479,Epikut,Perdido
4006,5003,2006,2025-05-13,5573,Unitite,Proposta
4007,5310,1023,2025-02-10,22430,Unitite,Perdido
4008,5344,1010,2025-02-10,8946,Strong,Proposta
4009,5417,1008,2025-05-12,14158,Tryon,Proposta
4010,5376,1043,2025-04-01,26797,Tryon,Negociação
4011,5146,2033,2025-04-03,16831,Epikut,Perdido
4012,5499,1059,2025-03-13,15561,Tryon,Perdido
4013,5424,2035,2025-06-21,11800,Unitite,Proposta
4014,5330,2008,2025-05-18,6758,Unitite,Fechado ganho
4015,5247,1035,2025-05-11,8210,Epikut,Perdido
4016,5274,1018,2025-02-17,4814,Tryon,Proposta
4017,5313,1043,2025-04-15,16259,Strong,Perdido
4018,5200,1031,2025-01-17,3467,Strong,Negociação
4019,5236,2016,2025-04-15,23782,Tryon,Negociação
4020,5190,2034,2025-02-10,22109,Tryon,Fechado ganho
4021,5197,2013,2025-06-20,24358,Epikut,Perdido
4022,5382,1030,2025-01-26,14207,Unitite,Perdido
4023,5436,1022,2025-05-05,12254,Strong,Fechado ganho
4024,5394,1054,2025-01-24,17269,Epikut,Fechado ganho
4025,5037,1042,2025-03-19,24324,Epikut,Fechado ganho
4026,5199,2032,2025-02-19,13595,Strong,Proposta
4027,5149,1013,2025-05-16,18106,Tryon,Perdido
4028,5246,1017,2025-04-25,24664,Epikut,Proposta
4029,5356,1040,2025-02-05,26498,Strong,Perdido
4030,5354,2022,2025-06-22,14589,Tryon,Perdido
4031,5090,2037,2025-06-23,19548,Unitite,Perdido
4032,5016,1050,2025-05-31,22690,Strong,Negociação
4033,5119,1050,2025-01-06,9002,Tryon,Perdido
4034,5366,1017,2025-01-22,11889,Epikut,Perdido
4035,5078,2001,2025-04-30,17111,Epikut,Proposta
4036,5498,2025,2025-04-05,17080,Epikut,Perdido
4037,5055,1001,2025-04-18,12295,Tryon,Proposta
4038,5225,1026,2025-06-17,27732,Strong,Fechado ganho
4039,5048,2016,2025-04-28,26837,Epikut,Fechado ganho
4040,5261,1048,2025-05-16,3934,Strong,Proposta
4041,5396,1011,2025-02-04,24786,Strong,Negociação
4042,5305,2023,2025-03-13,13999,Unitite,Negociação
4043,5298,1035,2025-06-07,21017,Strong,Fechado ganho
4044,5245,1038,2025-05-05,21218,Unitite,Negociação
4045,5105,1016,2025-06-18,2946,Unitite,Negociação
4046,5096,2005,2025-04-07,23560,Tryon,Negociação
4047,5406,2027,2025-01-18,17089,Unitite,Fechado ganho
4048,5159,2025,2025-04-22,8885,Tryon,Fechado ganho
4049,5348,1051,2025-01-19,26303,Unitite,Proposta
4050,5421,1015,2025-05-09,15065,Tryon,Fechado ganho
4051,5071,2033,2025-04-23,8719,Epikut,Fechado ganho
4052,5306,1048,2025-02-23,3616,Strong,Proposta
4053,5336,2022,2025-02-06,10956,Epikut,Negociação
4054,5140,2036,2025-05-10,10878,Strong,Negociação
4055,5045,1003,2025-04-25,15118,Epikut,Fechado ganho
4056,5062,2012,2025-04-03,21781,Tryon,Fechado ganho
4057,5123,1035,2025-05-31,18832,Tryon,Negociação
4058,5290,1021,2025-04-15,5415,Unitite,Negociação
4059,5411,2035,2025-03-17,10706,Tryon,Negociação
4060,5291,1027,2025-01-17,6451,Epikut,Negociação
4061,5306,1051,2025-04-24,11855,Unitite,Perdido
4062,5235,1058,2025-02-05,15517,Strong,Proposta
4063,5260,1042,2025-04-27,26598,Epikut,Fechado ganho
4064,5249,1020,2025-05-28,22238,Strong,Perdido
4065,5332,2029,2025-01-24,29993,Unitite,Negociação
4066,5013,2019,2025-06-02,19763,Epikut,Negociação
4067,5304,2023,2025-03-27,23886,Strong,Negociação
4068,5255,2035,2025-02-24,24703,Unitite,Proposta
4069,5446,2034,2025-05-26,6413,Unitite,Negociação
4070,5247,1056,2025-01-15,27492,Unitite,Fechado ganho
4071,5084,2001,2025-04-17,28832,Tryon,Negociação
4072,5305,1024,2025-02-21,29147,Epikut,Negociação
4073,5144,1034,2025-06-25,23717,Epikut,Negociação
4074,5055,1037,2025-03-18,9627,Strong,Negociação
4075,5296,1044,2025-03-23,15372,Strong,Perdido
4076,5161,2005,2025-03-17,24412,Epikut,Proposta
4077,5428,1057,2025-01-19,17058,Epikut,Negociação
4078,5437,2033,2025-03-20,15868,Strong,Fechado ganho
4079,5472,1058,2025-04-02,6229,Tryon,Negociação
4080,5087,1032,2025-04-10,18982,Tryon,Proposta
4081,5203,2026,2025-01-08,25708,Unitite,Perdido
4082,5139,2008,2025-05-23,3982,Strong,Negociação
4083,5366,1042,2025-04-11,3916,Strong,Perdido
4084,5144,1060,2025-04-15,6540,Strong,Negociação
4085,5108,1006,2025-01-03,29188,Epikut,Fechado ganho
4086,5445,2036,2025-04-17,21084,Tryon,Perdido
4087,5044,1008,2025-01-29,3298,Epikut,Proposta
4088,5143,1048,2025-02-19,10476,Strong,Proposta
4089,5342,1034,2025-04-22,19806,Tryon,Fechado ganho
4090,5380,2034,2025-02-20,29391,Strong,Perdido
4091,5048,1046,2025-06-05,7879,Strong,Perdido
4092,5043,2004,2025-04-07,4760,Strong,Perdido
4093,5081,2028,2025-06-26,24487,Strong,Fechado ganho
4094,5022,2022,2025-01-14,25197,Epikut,Fechado ganho
4095,5183,1019,2025-04-12,18599,Tryon,Fechado ganho
4096,5404,1026,2025-02-28,16915,Tryon,Perdido
4097,5069,1032,2025-04-20,16043,Strong,Perdido
4098,5035,1043,2025-04-09,21689,Unitite,Perdido
4099,5343,1015,2025-06-23,21716,Epikut,Fechado ganho
4100,5313,2029,2025-01-17,12245,Tryon,Fechado ganho
4101,5140,2019,2025-01-26,11052,Tryon,Negociação
4102,5354,2030,2025-02-04,21595,Strong,Proposta
4103,5217,1024,2025-03-26,25944,Epikut,Proposta
4104,5256,2018,2025-01-31,21622,Epikut,Negociação
4105,5029,1005,2025-01-05,19513,Strong,Perdido
4106,5207,2011,2025-04-09,11582,Epikut,Perdido
4107,5328,1006,2025-01-08,8964,Epikut,Fechado ganho
4108,5004,2024,2025-01-04,27051,Unitite,Proposta
4109,5379,2014,2025-01-16,29453,Epikut,Perdido
4110,5412,1001,2025-04-05,8020,Epikut,Proposta
4111,5492,2029,2025-01-25,13820,Strong,Fechado ganho
4112,5201,1019,2025-03-22,2575,Tryon,Perdido
4113,5246,1016,2025-01-27,3806,Strong,Proposta
4114,5448,2006,2025-02-03,24818,Unitite,Perdido
4115,5321,1047,2025-03-22,19675,Epikut,Perdido
4116,5411,1049,2025-03-12,25126,Unitite,Fechado ganho
4117,5175,1009,2025-02-25,22138,Unitite,Proposta
4118,5311,1042,2025-04-21,13847,Tryon,Perdido
4119,5160,2004,2025-01-29,22941,Strong,Fechado ganho
4120,5181,2030,2025-02-11,10020,Strong,Perdido
4121,5433,2028,2025-03-28,2690,Tryon,Negociação
4122,5202,1009,2025-05-02,13168,Unitite,Fechado ganho
4123,5108,1040,2025-05-11,12133,Epikut,Perdido
4124,5153,2005,2025-06-18,19635,Strong,Perdido
4125,5111,1053,2025-04-26,20820,Epikut,Proposta
4126,5087,2034,2025-05-28,2918,Tryon,Negociação
4127,5163,1013,2025-01-21,7734,Epikut,Negociação
4128,5227,1001,2025-01-31,9722,Epikut,Perdido
4129,5408,2004,2025-05-24,21620,Strong,Fechado ganho
4130,5196,2028,2025-05-23,17740,Unitite,Negociação
4131,5315,2014,2025-04-14,2570,Epikut,Negociação
4132,5372,1002,2025-02-24,26295,Strong,Proposta
4133,5498,2017,2025-05-31,13048,Epikut,Proposta
4134,5262,1032,2025-03-11,19726,Unitite,Perdido
4135,5469,1057,2025-04-25,26308,Tryon,Negociação
4136,5471,2009,2025-04-18,27331,Tryon,Proposta
4137,5378,1034,2025-02-22,28121,Unitite,Fechado ganho
4138,5357,1038,2025-03-30,19918,Strong,Fechado ganho
4139,5317,2017,2025-05-29,4196,Unitite,Perdido
4140,5437,1049,2025-02-22,6272,Epikut,Fechado ganho
4141,5300,1038,2025-02-06,17071,Tryon,Fechado ganho
4142,5126,1011,2025-04-06,5939,Unitite,Proposta
4143,5436,2014,2025-03-29,20852,Tryon,Negociação
4144,5194,1057,2025-02-15,9959,Strong,Perdido
4145,5433,1019,2025-05-31,22306,Strong,Fechado ganho
4146,5198,1054,2025-01-17,20620,Tryon,Perdido
4147,5365,1021,2025-03-20,16526,Unitite,Proposta
4148,5404,2010,2025-03-29,17760,Unitite,Perdido
4149,5034,2025,2025-02-01,16266,Epikut,Perdido
4150,5305,1001,2025-04-27,11490,Strong,Fechado ganho
4151,5347,1005,2025-05-01,22573,Tryon,Perdido
4152,5129,1041,2025-06-15,27731,Tryon,Fechado ganho
4153,5307,2029,2025-05-06,4543,Strong,Fechado ganho
4154,5290,2038,2025-01-07,8308,Epikut,Proposta
4155,5214,1037,2025-05-06,22163,Unitite,Fechado ganho
4156,5077,2036,2025-02-21,12291,Unitite,Perdido
4157,5472,1051,2025-05-13,2432,Unitite,Fechado ganho
4158,5182,1006,2025-01-08,22404,Tryon,Negociação
4159,5311,1058,2025-04-08,9596,Strong,Fechado ganho
4160,5459,1032,2025-03-31,13000,Tryon,Fechado ganho
4161,5453,1035,2025-01-19,8534,Unitite,Perdido
4162,5001,2008,2025-06-07,10539,Tryon,Negociação
4163,5117,2033,2025-06-10,22613,Strong,Negociação
4164,5152,2039,2025-01-20,26309,Unitite,Fechado ganho
4165,5136,2027,2025-02-16,11398,Strong,Negociação
4166,5168,2037,2025-06-13,22447,Epikut,Negociação
4167,5230,1001,2025-02-17,5481,Epikut,Negociação
4168,5479,1030,2025-02-17,8956,Epikut,Fechado ganho
4169,5068,2019,2025-01-10,26949,Epikut,Proposta
4170,5278,2025,2025-03-07,5930,Epikut,Negociação
4171,5082,1046,2025-05-18,17317,Strong,Proposta
4172,5087,1055,2025-01-31,29001,Strong,Negociação
4173,5476,1032,2025-04-06,10685,Tryon,Fechado ganho
4174,5259,1029,2025-04-10,3066,Epikut,Fechado ganho
4175,5389,1045,2025-06-12,29698,Unitite,Perdido
4176,5358,1005,2025-01-30,10268,Epikut,Fechado ganho
4177,5364,2002,2025-01-20,15808,Unitite,Negociação
4178,5290,1023,2025-01-23,26297,Epikut,Proposta
4179,5060,1021,2025-02-22,4101,Epikut,Proposta
4180,5057,2016,2025-03-30,27940,Epikut,Fechado ganho
4181,5449,2019,2025-04-26,11211,Epikut,Proposta
4182,5007,1022,2025-06-16,8751,Unitite,Proposta
4183,5151,1004,2025-06-18,11590,Unitite,Proposta
4184,5450,1012,2025-06-08,7757,Epikut,Negociação
4185,5231,2022,2025-06-13,5907,Strong,Fechado ganho
4186,5053,1031,2025-01-22,9937,Unitite,Negociação
4187,5165,1019,2025-06-22,9155,Tryon,Negociação
4188,5219,1050,2025-02-27,21114,Strong,Proposta
4189,5493,1008,2025-05-26,26220,Strong,Negociação
4190,5306,1048,2025-04-05,19953,Epikut,Fechado ganho
4191,5461,1004,2025-05-10,13144,Unitite,Fechado ganho
4192,5144,1036,2025-06-07,5478,Unitite,Perdido
4193,5373,2016,2025-04-26,8719,Strong,Proposta
4194,5036,2028,2025-01-06,29989,Epikut,Proposta
4195,5284,2038,2025-04-11,25292,Tryon,Perdido
4196,5348,2027,2025-06-28,22395,Epikut,Fechado ganho
4197,5480,2001,2025-02-27,17792,Tryon,Perdido
4198,5134,2013,2025-01-02,26353,Epikut,Perdido
4199,5440,2040,2025-04-20,7897,Tryon,Negociação
4200,5210,1037,2025-02-05,14414,Epikut,Proposta
4201,5158,1035,2025-03-15,19637,Epikut,Fechado ganho
4202,5010,2023,2025-05-28,19849,Unitite,Perdido
4203,5440,2027,2025-02-27,2816,Tryon,Negociação
4204,5056,1015,2025-06-10,10382,Unitite,Proposta
4205,5172,1049,2025-04-03,23522,Tryon,Fechado ganho
4206,5433,2014,2025-02-14,10962,Epikut,Negociação
4207,5295,1004,2025-04-08,22718,Strong,Perdido
4208,5425,1008,2025-04-30,11689,Strong,Perdido
4209,5159,1012,2025-05-25,24772,Tryon,Proposta
4210,5418,1033,2025-05-06,14287,Unitite,Proposta
4211,5312,2011,2025-01-02,29392,Epikut,Proposta
4212,5484,1035,2025-03-06,9059,Epikut,Proposta
4213,5460,2014,2025-06-30,8708,Unitite,Perdido
4214,5320,2037,2025-05-28,14468,Unitite,Fechado ganho
4215,5045,1053,2025-04-04,14676,Unitite,Negociação
4216,5220,1027,2025-03-07,17025,Unitite,Proposta
4217,5492,1052,2025-03-14,22539,Epikut,Negociação
4218,5207,2019,2025-01-01,22125,Unitite,Negociação
4219,5489,2001,2025-02-22,2932,Tryon,Proposta
4220,5183,1035,2025-01-05,16888,Strong,Fechado ganho
4221,5002,1007,2025-03-19,21125,Strong,Negociação
4222,5050,1010,2025-06-09,17727,Strong,Negociação
4223,5333,1021,2025-06-12,20474,Unitite,Negociação
4224,5094,1045,2025-03-02,13161,Tryon,Negociação
4225,5237,1020,2025-04-21,6838,Tryon,Proposta
4226,5430,2003,2025-04-24,6718,Epikut,Proposta
4227,5133,1054,2025-04-25,28590,Tryon,Fechado ganho
4228,5154,1035,2025-01-20,7385,Tryon,Fechado ganho
4229,5454,2024,2025-03-01,18343,Strong,Negociação
4230,5406,1022,2025-03-04,16573,Unitite,Fechado ganho
4231,5034,2007,2025-01-01,4498,Tryon,Perdido
4232,5075,1043,2025-03-24,10156,Unitite,Perdido
4233,5080,1056,2025-04-02,2873,Epikut,Fechado ganho
4234,5346,1009,2025-04-16,27622,Tryon,Perdido
4235,5463,2013,2025-06-26,17373,Strong,Fechado ganho
4236,5470,1037,2025-03-04,8838,Tryon,Perdido
4237,5279,1046,2025-04-30,5713,Tryon,Proposta
4238,5376,2001,2025-06-23,10551,Strong,Fechado ganho
4239,5466,1046,2025-03-10,21068,Tryon,Perdido
4240,5099,1006,2025-06-20,24553,Epikut,Perdido
4241,5490,1031,2025-02-15,15635,Strong,Proposta
4242,5320,2018,2025-01-14,25955,Tryon,Perdido
4243,5267,1047,2025-04-22,20034,Epikut,Proposta
4244,5076,2030,2025-03-19,2934,Tryon,Negociação
4245,5194,2032,2025-02-22,26887,Tryon,Fechado ganho
4246,5497,1027,2025-03-29,18776,Unitite,Proposta
4247,5104,1013,2025-02-04,8071,Epikut,Perdido
4248,5068,1023,2025-04-27,15931,Tryon,Perdido
4249,5209,2036,2025-01-28,25611,Unitite,Fechado ganho
4250,5269,1019,2025-06-26,6495,Unitite,Perdido
4251,5411,1019,2025-06-05,23076,Strong,Proposta
4252,5268,1053,2025-03-02,4551,Strong,Negociação
4253,5118,1019,2025-04-29,9929,Tryon,Negociação
4254,5082,1053,2025-02-23,10496,Strong,Negociação
4255,5079,2029,2025-02-08,11795,Tryon,Negociação
4256,5273,1060,2025-04-04,26464,Epikut,Proposta
4257,5072,1021,2025-01-16,12671,Unitite,Perdido
4258,5190,1013,2025-05-23,2547,Epikut,Negociação
4259,5447,2037,2025-02-11,9013,Unitite,Fechado ganho
4260,5422,1018,2025-02-24,10689,Unitite,Perdido
4261,5216,1050,2025-04-14,3882,Unitite,Proposta
4262,5209,1041,2025-02-13,26411,Unitite,Negociação
4263,5223,1020,2025-02-17,25278,Strong,Perdido
4264,5435,1024,2025-01-08,6177,Strong,Proposta
4265,5475,2027,2025-01-09,20106,Tryon,Proposta
4266,5479,1025,2025-04-24,10837,Tryon,Negociação
4267,5376,1046,2025-03-31,9071,Strong,Proposta
4268,5356,2016,2025-03-26,11323,Strong,Perdido
4269,5423,1051,2025-05-14,22828,Strong,Fechado ganho
4270,5484,2024,2025-02-25,26204,Unitite,Perdido
4271,5254,1012,2025-04-18,17720,Epikut,Fechado ganho
4272,5385,2023,2025-04-16,19038,Tryon,Perdido
4273,5463,1006,2025-05-26,22771,Tryon,Fechado ganho
4274,5226,1009,2025-04-04,24389,Tryon,Perdido
4275,5461,1006,2025-03-10,25523,Epikut,Perdido
4276,5339,2037,2025-01-16,28776,Strong,Proposta
4277,5295,2008,2025-01-28,27365,Epikut,Proposta
4278,5299,2028,2025-01-01,10589,Strong,Perdido
4279,5474,2037,2025-03-20,25090,Epikut,Perdido
4280,5453,1033,2025-05-17,19279,Epikut,Negociação
4281,5082,2003,2025-04-26,2938,Epikut,Fechado ganho
4282,5037,2004,2025-05-05,10642,Strong,Perdido
4283,5053,1006,2025-03-04,21949,Epikut,Negociação
4284,5077,1013,2025-01-22,18989,Strong,Negociação
4285,5459,1038,2025-02-23,8397,Epikut,Perdido
4286,5137,2010,2025-05-01,18331,Tryon,Fechado ganho
4287,5120,1027,2025-04-14,24916,Epikut,Perdido
4288,5306,2007,2025-04-27,16328,Strong,Perdido
4289,5388,2029,2025-01-26,4298,Strong,Perdido
4290,5496,2023,2025-05-20,18742,Epikut,Perdido
4291,5309,1034,2025-01-08,26114,Epikut,Perdido
4292,5051,2039,2025-04-16,27343,Tryon,Fechado ganho
4293,5289,2002,2025-06-18,28197,Epikut,Proposta
4294,5021,1007,2025-01-31,6505,Epikut,Fechado ganho
4295,5079,2008,2025-01-18,10222,Tryon,Negociação
4296,5437,1033,2025-01-02,25076,Epikut,Fechado ganho
4297,5008,1056,2025-04-23,28560,Epikut,Fechado ganho
4298,5104,2036,2025-05-27,3075,Tryon,Fechado ganho
4299,5408,1018,2025-03-04,13200,Epikut,Negociação
4300,5465,1047,2025-01-02,4454,Epikut,Proposta
4301,5357,1058,2025-05-22,25527,Strong,Perdido
4302,5478,1019,2025-02-25,15818,Unitite,Proposta
4303,5498,1054,2025-04-03,29865,Epikut,Proposta
4304,5084,1005,2025-04-25,16976,Strong,Perdido
4305,5458,1009,2025-01-11,19949,Strong,Fechado ganho
4306,5316,1058,2025-01-05,27985,Strong,Proposta
4307,5480,1054,2025-06-24,19695,Epikut,Perdido
4308,5478,2009,2025-02-22,28108,Epikut,Proposta
4309,5493,2027,2025-05-15,29377,Tryon,Perdido
4310,5082,2023,2025-03-13,10626,Strong,Perdido
4311,5296,1054,2025-05-14,18034,Epikut,Negociação
4312,5361,1039,2025-05-17,22964,Tryon,Perdido
4313,5291,2023,2025-04-24,21332,Strong,Perdido
4314,5259,1039,2025-03-03,11043,Strong,Proposta
4315,5178,1012,2025-01-23,27605,Epikut,Perdido
4316,5069,1056,2025-01-22,5460,Strong,Fechado ganho
4317,5118,2034,2025-03-22,16533,Tryon,Negociação
4318,5025,1035,2025-06-26,2797,Unitite,Perdido
4319,5105,2010,2025-05-24,20700,Strong,Proposta
4320,5256,1048,2025-04-21,28715,Epikut,Perdido
4321,5461,2027,2025-05-29,22260,Tryon,Negociação
4322,5049,1005,2025-03-17,4814,Epikut,Perdido
4323,5303,1031,2025-04-16,28276,Unitite,Proposta
4324,5074,2024,2025-03-09,15368,Epikut,Negociação
4325,5365,2002,2025-01-24,24501,Epikut,Negociação
4326,5130,1001,2025-04-16,7581,Unitite,Proposta
4327,5172,1016,2025-06-24,13764,Strong,Fechado ganho
4328,5084,1014,2025-05-18,18984,Epikut,Fechado ganho
4329,5053,1034,2025-06-15,3413,Strong,Proposta
4330,5147,1034,2025-06-13,13542,Tryon,Negociação
4331,5247,1043,2025-03-04,16363,Unitite,Proposta
4332,5262,2005,2025-01-04,24068,Unitite,Negociação
4333,5239,1037,2025-01-28,25042,Tryon,Fechado ganho
4334,5121,1006,2025-03-25,6581,Tryon,Negociação
4335,5289,1039,2025-02-05,25386,Unitite,Proposta
4336,5089,1012,2025-05-28,28398,Unitite,Perdido
4337,5419,1016,2025-05-04,5272,Strong,Proposta
4338,5192,2021,2025-04-23,20443,Unitite,Perdido
4339,5014,2026,2025-01-31,29959,Tryon,Fechado ganho
4340,5183,2039,2025-04-19,2557,Tryon,Proposta
4341,5266,2005,2025-02-12,9024,Unitite,Fechado ganho
4342,5468,1008,2025-03-08,3957,Epikut,Proposta
4343,5043,1019,2025-04-22,14158,Epikut,Negociação
4344,5104,1014,2025-04-26,12055,Unitite,Fechado ganho
4345,5314,1033,2025-06-21,16214,Tryon,Perdido
4346,5154,2018,2025-04-10,28564,Unitite,Proposta
4347,5320,1053,2025-06-13,14506,Tryon,Perdido
4348,5158,2032,2025-04-18,10051,Unitite,Negociação
4349,5089,1021,2025-03-16,26728,Epikut,Negociação
4350,5220,1057,2025-06-19,12705,Unitite,Negociação
4351,5041,1007,2025-03-06,6409,Unitite,Proposta
4352,5254,1042,2025-02-21,14796,Epikut,Fechado ganho
4353,5360,1020,2025-03-09,20765,Strong,Negociação
4354,5257,2039,2025-01-27,15541,Tryon,Negociação
4355,5009,1051,2025-03-09,14894,Tryon,Perdido
4356,5234,1046,2025-05-22,9998,Tryon,Perdido
4357,5274,1047,2025-04-01,5005,Strong,Fechado ganho
4358,5035,2010,2025-01-14,3441,Strong,Proposta
4359,5131,1021,2025-05-24,23470,Strong,Proposta
4360,5490,2003,2025-03-27,22408,Unitite,Proposta
4361,5423,1012,2025-01-25,27920,Tryon,Perdido
4362,5380,1060,2025-01-06,24497,Tryon,Proposta
4363,5466,2002,2025-02-22,12959,Strong,Proposta
4364,5050,1055,2025-05-23,13001,Strong,Proposta
4365,5400,2014,2025-02-06,13139,Epikut,Perdido
4366,5417,1001,2025-02-10,10656,Strong,Fechado ganho
4367,5233,2003,2025-03-31,16104,Epikut,Fechado ganho
4368,5365,2002,2025-01-29,28436,Epikut,Fechado ganho
4369,5396,1001,2025-03-11,5576,Epikut,Perdido
4370,5186,1004,2025-02-24,5249,Unitite,Proposta
4371,5091,1047,2025-03-04,17034,Tryon,Fechado ganho
4372,5343,1055,2025-05-09,2962,Epikut,Negociação
4373,5179,2035,2025-04-13,13068,Unitite,Fechado ganho
4374,5028,1053,2025-04-21,6880,Unitite,Perdido
4375,5280,2031,2025-06-10,22531,Epikut,Fechado ganho
4376,5147,1059,2025-02-18,16942,Tryon,Fechado ganho
4377,5015,1047,2025-02-15,22449,Unitite,Perdido
4378,5232,1028,2025-04-17,28998,Strong,Fechado ganho
4379,5347,2013,2025-06-23,2275,Epikut,Perdido
4380,5067,2039,2025-06-30,18474,Tryon,Negociação
4381,5255,2016,2025-02-02,14692,Tryon,Negociação
4382,5035,1016,2025-04-13,6479,Tryon,Proposta
4383,5350,1033,2025-04-22,26154,Strong,Negociação
4384,5362,1053,2025-06-15,28261,Unitite,Fechado ganho
4385,5235,2012,2025-03-21,7157,Unitite,Proposta
4386,5022,1001,2025-04-26,21921,Tryon,Perdido
4387,5273,1038,2025-05-03,3598,Unitite,Negociação
4388,5271,1037,2025-05-07,25039,Unitite,Negociação
4389,5064,1047,2025-05-09,22595,Unitite,Fechado ganho
4390,5152,2010,2025-01-25,9669,Unitite,Fechado ganho
4391,5422,2035,2025-03-29,20207,Strong,Fechado ganho
4392,5236,1011,2025-03-28,6690,Unitite,Fechado ganho
4393,5047,1037,2025-05-04,21253,Epikut,Perdido
4394,5263,2039,2025-02-24,29193,Strong,Negociação
4395,5394,1004,2025-01-03,16125,Strong,Proposta
4396,5396,1008,2025-06-29,26832,Unitite,Perdido
4397,5237,1002,2025-02-02,22688,Strong,Perdido
4398,5419,1012,2025-01-23,29309,Strong,Fechado ganho
4399,5171,1045,2025-01-12,24489,Strong,Perdido
4400,5332,1013,2025-04-13,25328,Unitite,Proposta
4401,5238,2019,2025-01-02,9375,Tryon,Negociação
4402,5439,1049,2025-01-04,6418,Epikut,Negociação
4403,5236,1030,2025-02-14,14120,Strong,Fechado ganho
4404,5176,1029,2025-05-24,16089,Unitite,Perdido
4405,5351,1048,2025-02-08,28252,Epikut,Proposta
4406,5340,2038,2025-06-22,28803,Tryon,Proposta
4407,5470,2024,2025-02-06,4538,Unitite,Proposta
4408,5029,2024,2025-03-11,2297,Tryon,Negociação
4409,5200,1005,2025-06-10,20899,Unitite,Fechado ganho
4410,5240,2031,2025-03-15,14083,Tryon,Perdido
4411,5184,1032,2025-03-02,6338,Unitite,Perdido
4412,5296,2029,2025-01-29,2452,Tryon,Fechado ganho
4413,5184,1006,2025-05-17,6432,Epikut,Fechado ganho
4414,5094,1037,2025-03-11,13617,Tryon,Perdido
4415,5075,1017,2025-05-17,21593,Epikut,Perdido
4416,5134,2029,2025-05-17,13185,Tryon,Proposta
4417,5339,2009,2025-03-26,4786,Epikut,Negociação
4418,5116,2011,2025-05-04,21557,Strong,Proposta
4419,5261,1006,2025-04-17,14679,Epikut,Perdido
4420,5018,1055,2025-01-14,2698,Epikut,Proposta
4421,5351,2040,2025-06-10,14148,Unitite,Negociação
4422,5241,1055,2025-06-10,28111,Tryon,Perdido
4423,5132,2006,2025-01-10,22178,Tryon,Perdido
4424,5189,1054,2025-01-31,26929,Epikut,Negociação
4425,5129,2015,2025-06-16,20043,Unitite,Proposta
4426,5246,2037,2025-04-23,12173,Epikut,Fechado ganho
4427,5244,1015,2025-06-02,7431,Tryon,Fechado ganho
4428,5129,1020,2025-03-01,16619,Unitite,Fechado ganho
4429,5257,1034,2025-02-12,17645,Strong,Proposta
4430,5008,1057,2025-06-04,11080,Epikut,Proposta
4431,5230,2012,2025-02-11,26385,Unitite,Perdido
4432,5205,2040,2025-03-16,10262,Unitite,Fechado ganho
4433,5322,2020,2025-03-27,23556,Strong,Negociação
4434,5318,1047,2025-04-17,23168,Tryon,Perdido
4435,5104,2008,2025-06-04,24484,Unitite,Perdido
4436,5195,2004,2025-05-12,22606,Tryon,Fechado ganho
4437,5206,1025,2025-05-21,15786,Tryon,Negociação
4438,5453,2024,2025-06-09,13217,Tryon,Fechado ganho
4439,5119,1055,2025-01-29,12436,Epikut,Negociação
4440,5343,1023,2025-01-27,19201,Unitite,Proposta
4441,5161,1025,2025-01-26,5302,Strong,Negociação
4442,5004,1017,2025-05-01,25965,Epikut,Proposta
4443,5375,1016,2025-05-15,14660,Unitite,Perdido
4444,5074,2027,2025-03-25,7896,Epikut,Proposta
4445,5157,1006,2025-02-26,25829,Tryon,Fechado ganho
4446,5482,2014,2025-04-27,15160,Unitite,Perdido
4447,5275,2023,2025-06-10,13885,Tryon,Perdido
4448,5194,2021,2025-01-21,24871,Strong,Perdido
4449,5120,1019,2025-04-02,28233,Epikut,Perdido
4450,5413,1040,2025-04-14,18719,Tryon,Fechado ganho
4451,5480,1034,2025-06-06,22951,Epikut,Perdido
4452,5477,1047,2025-05-08,5497,Tryon,Negociação
4453,5467,1025,2025-01-12,12935,Unitite,Proposta
4454,5249,1021,2025-02-25,9633,Strong,Fechado ganho
4455,5323,1034,2025-06-16,18515,Tryon,Proposta
4456,5303,2033,2025-05-03,20166,Unitite,Proposta
4457,5065,1010,2025-06-05,25750,Unitite,Negociação
4458,5291,2021,2025-05-02,20443,Epikut,Negociação
4459,5182,2007,2025-03-08,14946,Unitite,Proposta
4460,5026,2012,2025-05-04,12464,Tryon,Negociação
4461,5072,1010,2025-02-09,10225,Tryon,Perdido
4462,5207,2033,2025-04-02,26196,Epikut,Perdido
4463,5499,1044,2025-04-12,17915,Strong,Proposta
4464,5325,2014,2025-06-12,9603,Unitite,Fechado ganho
4465,5450,1022,2025-03-21,14273,Tryon,Perdido
4466,5087,1056,2025-05-13,23357,Epikut,Perdido
4467,5456,1007,2025-04-12,9453,Tryon,Fechado ganho
4468,5221,2038,2025-03-19,21442,Unitite,Perdido
4469,5310,2040,2025-03-21,9992,Strong,Fechado ganho
4470,5095,2005,2025-02-17,11139,Tryon,Negociação
4471,5452,2040,2025-04-28,24979,Strong,Perdido
4472,5046,1013,2025-01-09,23456,Tryon,Perdido
4473,5065,2026,2025-01-24,29181,Epikut,Proposta
4474,5150,1059,2025-02-01,27305,Strong,Perdido
4475,5279,2004,2025-04-30,6597,Tryon,Negociação
4476,5433,1004,2025-04-23,26111,Strong,Proposta
4477,5242,1020,2025-01-04,23900,Epikut,Fechado ganho
4478,5300,2034,2025-04-12,16334,Strong,Perdido
4479,5114,1016,2025-01-23,17742,Unitite,Perdido
4480,5227,1017,2025-02-22,8065,Tryon,Negociação
4481,5466,1040,2025-03-16,24409,Epikut,Proposta
4482,5037,1012,2025-02-05,7940,Tryon,Proposta
4483,5040,2032,2025-04-19,20927,Strong,Proposta
4484,5450,2028,2025-01-23,3298,Tryon,Proposta
4485,5353,1058,2025-02-27,2182,Strong,Perdido
4486,5015,1005,2025-05-24,26139,Unitite,Perdido
4487,5142,2035,2025-01-13,19090,Epikut,Perdido
4488,5226,1055,2025-04-15,10769,Epikut,Perdido
4489,5045,1003,2025-03-01,24154,Epikut,Perdido
4490,5386,1041,2025-06-13,29984,Unitite,Fechado ganho
4491,5466,1024,2025-01-18,3362,Tryon,Proposta
4492,5404,2006,2025-04-30,28688,Strong,Proposta
4493,5206,1009,2025-05-14,4626,Strong,Negociação
4494,5039,2022,2025-03-18,20868,Tryon,Proposta
4495,5237,2025,2025-01-16,29915,Epikut,Negociação
4496,5421,2035,2025-05-14,23138,Epikut,Proposta
4497,5323,1024,2025-06-03,4914,Tryon,Perdido
4498,5449,2017,2025-06-17,3710,Epikut,Perdido
4499,5130,1058,2025-02-20,16663,Unitite,Fechado ganho
4500,5303,1043,2025-03-24,22033,Unitite,Fechado ganho
4501,5127,2001,2025-01-30,27701,Unitite,Fechado ganho
4502,5072,2020,2025-01-02,5822,Tryon,Negociação
4503,5486,1046,2025-04-10,11209,Tryon,Fechado ganho
4504,5078,2029,2025-06-01,27298,Tryon,Proposta
4505,5299,2013,2025-02-05,16845,Tryon,Negociação
4506,5397,2005,2025-04-26,29107,Unitite,Proposta
4507,5441,2018,2025-06-20,10357,Unitite,Fechado ganho
4508,5391,1019,2025-05-26,2838,Epikut,Proposta
4509,5086,2036,2025-03-11,17670,Epikut,Perdido
4510,5204,1029,2025-02-07,16081,Epikut,Fechado ganho
4511,5093,2029,2025-02-13,4019,Unitite,Fechado ganho
4512,5364,1016,2025-06-18,20100,Unitite,Fechado ganho
4513,5010,2034,2025-01-15,24395,Strong,Perdido
4514,5190,1004,2025-03-03,23662,Tryon,Perdido
4515,5350,1059,2025-06-11,23573,Tryon,Negociação
4516,5211,1037,2025-05-03,15373,Tryon,Proposta
4517,5159,1048,2025-01-11,26228,Strong,Proposta
4518,5454,2014,2025-05-25,7626,Unitite,Perdido
4519,5180,1011,2025-04-21,25147,Strong,Perdido
4520,5076,2026,2025-03-11,11076,Strong,Fechado ganho
4521,5490,1004,2025-04-25,29170,Tryon,Proposta
4522,5061,1001,2025-02-26,15327,Unitite,Perdido
4523,5372,2005,2025-05-20,9486,Tryon,Negociação
4524,5063,1013,2025-06-11,18595,Tryon,Proposta
4525,5229,2038,2025-03-17,24089,Epikut,Proposta
4526,5457,1048,2025-05-14,17044,Unitite,Proposta
4527,5250,1005,2025-03-18,29523,Strong,Fechado ganho
4528,5299,2024,2025-06-10,15140,Tryon,Fechado ganho
4529,5050,1014,2025-03-22,15524,Epikut,Negociação
4530,5239,1005,2025-03-17,6569,Strong,Fechado ganho
4531,5356,2020,2025-01-25,14671,Unitite,Proposta
4532,5258,1008,2025-01-06,21396,Epikut,Proposta
4533,5238,2038,2025-06-30,19342,Epikut,Negociação
4534,5017,2009,2025-03-14,5313,Strong,Fechado ganho
4535,5488,1021,2025-02-02,8080,Unitite,Fechado ganho
4536,5370,2012,2025-02-23,11991,Unitite,Fechado ganho
4537,5004,2015,2025-05-20,21333,Unitite,Proposta
4538,5211,1022,2025-05-19,22896,Strong,Proposta
4539,5316,2014,2025-06-02,15490,Tryon,Fechado ganho
4540,5105,2029,2025-04-16,4878,Unitite,Proposta
4541,5231,1036,2025-04-25,4526,Tryon,Fechado ganho
4542,5321,1028,2025-02-23,10295,Strong,Proposta
4543,5226,1015,2025-05-03,27971,Tryon,Perdido
4544,5431,1046,2025-06-02,25824,Tryon,Proposta
4545,5077,2032,2025-01-24,2258,Strong,Negociação
4546,5202,1011,2025-02-21,14315,Strong,Fechado ganho
4547,5024,2023,2025-01-30,28116,Epikut,Negociação
4548,5428,1035,2025-01-07,27469,Strong,Perdido
4549,5418,1021,2025-06-15,4392,Strong,Negociação
4550,5437,1049,2025-04-02,12214,Tryon,Negociação
4551,5378,2002,2025-06-15,19738,Strong,Fechado ganho
4552,5418,2023,2025-01-31,5799,Strong,Proposta
4553,5434,1050,2025-05-01,19513,Epikut,Fechado ganho
4554,5344,1060,2025-06-29,21146,Tryon,Proposta
4555,5104,1058,2025-05-09,10594,Epikut,Negociação
4556,5308,2026,2025-03-08,12382,Strong,Negociação
4557,5025,2030,2025-05-19,20965,Unitite,Proposta
4558,5489,2037,2025-06-25,18636,Unitite,Perdido
4559,5419,1043,2025-02-11,21828,Epikut,Negociação
4560,5448,1011,2025-03-24,8941,Unitite,Perdido
4561,5116,2013,2025-03-10,24429,Unitite,Negociação
4562,5414,1060,2025-02-17,15490,Unitite,Negociação
4563,5482,1054,2025-05-04,8113,Unitite,Negociação
4564,5363,1010,2025-06-18,5809,Strong,Perdido
4565,5208,2005,2025-05-27,15608,Unitite,Negociação
4566,5068,2010,2025-02-15,26954,Tryon,Fechado ganho
4567,5366,1045,2025-05-02,21240,Epikut,Fechado ganho
4568,5425,1051,2025-03-19,24555,Tryon,Perdido
4569,5306,2012,2025-05-27,21960,Unitite,Fechado ganho
4570,5410,1005,2025-02-09,28504,Tryon,Perdido
4571,5014,2036,2025-02-05,23915,Epikut,Proposta
4572,5206,1041,2025-01-13,22531,Tryon,Fechado ganho
4573,5084,1034,2025-05-05,4825,Strong,Negociação
4574,5483,2023,2025-05-03,6484,Epikut,Perdido
4575,5489,1023,2025-03-17,15414,Epikut,Perdido
4576,5359,1051,2025-04-16,22798,Epikut,Negociação
4577,5280,1053,2025-05-26,12653,Unitite,Negociação
4578,5309,2036,2025-01-26,5034,Tryon,Proposta
4579,5085,2037,2025-05-21,26260,Epikut,Fechado ganho
4580,5142,1060,2025-02-28,20162,Unitite,Fechado ganho
4581,5184,1006,2025-01-08,14872,Epikut,Proposta
4582,5324,1034,2025-03-01,7170,Tryon,Negociação
4583,5269,2019,2025-02-17,10655,Unitite,Fechado ganho
4584,5380,1034,2025-02-21,25394,Strong,Fechado ganho
4585,5478,2010,2025-06-26,5505,Epikut,Negociação
4586,5333,2010,2025-05-02,25258,Tryon,Perdido
4587,5360,1037,2025-06-22,5039,Tryon,Proposta
4588,5065,2035,2025-04-05,25988,Strong,Fechado ganho
4589,5385,2032,2025-02-18,3122,Epikut,Perdido
4590,5219,1009,2025-01-01,6332,Unitite,Negociação
4591,5407,1040,2025-02-01,22591,Epikut,Proposta
4592,5469,1018,2025-04-08,16618,Unitite,Fechado ganho
4593,5132,1031,2025-05-29,15612,Epikut,Perdido
4594,5340,2005,2025-06-23,13248,Strong,Fechado ganho
4595,5457,1018,2025-06-15,3230,Tryon,Fechado ganho
4596,5484,2033,2025-03-24,22274,Unitite,Perdido
4597,5144,1044,2025-02-01,13585,Unitite,Proposta
4598,5220,2031,2025-06-28,13408,Unitite,Perdido
4599,5214,1037,2025-06-25,26421,Tryon,Proposta
4600,5266,1037,2025-01-24,16882,Strong,Perdido
4601,5347,2020,2025-02-11,13031,Tryon,Negociação
4602,5018,1027,2025-05-29,23453,Unitite,Proposta
4603,5384,1032,2025-05-22,6030,Tryon,Negociação
4604,5314,1020,2025-04-06,26023,Tryon,Fechado ganho
4605,5073,1024,2025-02-07,25687,Tryon,Proposta
4606,5200,2029,2025-04-01,4282,Unitite,Perdido
4607,5329,2039,2025-01-26,10689,Strong,Fechado ganho
4608,5342,2037,2025-03-01,29023,Unitite,Negociação
4609,5115,2001,2025-05-16,2760,Epikut,Negociação
4610,5126,1037,2025-03-24,17234,Tryon,Negociação
4611,5441,1040,2025-04-01,11704,Epikut,Proposta
4612,5242,1006,2025-01-17,15227,Unitite,Perdido
4613,5213,1007,2025-06-03,4786,Tryon,Perdido
4614,5239,1001,2025-06-29,6266,Tryon,Negociação
4615,5135,2022,2025-01-23,11523,Strong,Fechado ganho
4616,5462,1003,2025-03-13,29239,Epikut,Negociação
4617,5376,1020,2025-04-15,4819,Unitite,Fechado ganho
4618,5382,2004,2025-03-19,11364,Unitite,Proposta
4619,5103,2002,2025-01-21,4353,Tryon,Negociação
4620,5449,1050,2025-01-19,13729,Epikut,Fechado ganho
4621,5317,1021,2025-04-30,17796,Unitite,Fechado ganho
4622,5027,1031,2025-05-12,17159,Strong,Fechado ganho
4623,5439,2016,2025-01-28,9190,Tryon,Negociação
4624,5019,1013,2025-04-24,29960,Unitite,Negociação
4625,5343,2004,2025-01-17,11010,Tryon,Proposta
4626,5449,2008,2025-05-15,22580,Epikut,Negociação
4627,5227,1049,2025-05-26,27569,Strong,Fechado ganho
4628,5114,1002,2025-02-07,4692,Strong,Perdido
4629,5346,1045,2025-06-11,8944,Tryon,Perdido
4630,5049,1044,2025-06-04,8690,Strong,Proposta
4631,5192,1060,2025-04-03,11705,Strong,Fechado ganho
4632,5008,1017,2025-02-07,8133,Tryon,Proposta
4633,5127,1058,2025-06-18,13568,Tryon,Negociação
4634,5444,2025,2025-03-26,5217,Strong,Perdido
4635,5455,1037,2025-01-09,10575,Strong,Proposta
4636,5367,2001,2025-05-13,17268,Unitite,Fechado ganho
4637,5063,2003,2025-06-24,7718,Epikut,Fechado ganho
4638,5191,1057,2025-02-03,14811,Unitite,Fechado ganho
4639,5139,2025,2025-02-18,21184,Epikut,Perdido
4640,5030,1031,2025-04-28,15935,Unitite,Perdido
4641,5324,2004,2025-03-04,15588,Epikut,Fechado ganho
4642,5467,1036,2025-06-01,26686,Epikut,Fechado ganho
4643,5289,1029,2025-06-09,2930,Unitite,Perdido
4644,5132,1018,2025-02-19,22556,Unitite,Negociação
4645,5384,1057,2025-06-23,12577,Epikut,Fechado ganho
4646,5102,1050,2025-03-09,15857,Epikut,Fechado ganho
4647,5035,1010,2025-04-19,10378,Strong,Negociação
4648,5410,1036,2025-06-20,2984,Tryon,Perdido
4649,5466,1010,2025-05-14,7472,Epikut,Proposta
4650,5400,2011,2025-01-25,16677,Epikut,Perdido
4651,5309,2003,2025-05-09,7055,Tryon,Proposta
4652,5169,1034,2025-03-27,13907,Epikut,Negociação
4653,5023,2004,2025-01-29,20393,Epikut,Fechado ganho
4654,5311,1047,2025-04-22,12962,Epikut,Negociação
4655,5350,1007,2025-03-30,21369,Tryon,Perdido
4656,5376,1030,2025-05-13,14902,Epikut,Fechado ganho
4657,5278,1041,2025-06-16,12713,Strong,Perdido
4658,5034,1056,2025-05-28,25550,Unitite,Negociação
4659,5322,2013,2025-01-14,28524,Strong,Negociação
4660,5011,1009,2025-01-22,14610,Strong,Negociação
4661,5122,2039,2025-03-25,2999,Unitite,Negociação
4662,5059,1015,2025-06-05,20126,Epikut,Negociação
4663,5204,1018,2025-03-31,10651,Strong,Fechado ganho
4664,5296,2033,2025-06-16,27237,Tryon,Proposta
4665,5277,1002,2025-04-26,5939,Epikut,Perdido
4666,5066,1055,2025-06-29,28212,Tryon,Fechado ganho
4667,5055,1054,2025-06-11,15955,Tryon,Perdido
4668,5241,1051,2025-01-03,18108,Epikut,Negociação
4669,5471,2004,2025-03-18,14355,Unitite,Proposta
4670,5407,1018,2025-01-18,4618,Unitite,Proposta
4671,5087,2033,2025-02-15,7098,Tryon,Proposta
4672,5499,2015,2025-05-17,24701,Tryon,Negociação
4673,5051,1046,2025-05-02,29775,Tryon,Fechado ganho
4674,5220,2028,2025-03-21,2714,Strong,Proposta
4675,5439,2027,2025-06-04,14385,Strong,Fechado ganho
4676,5456,2004,2025-02-20,13614,Epikut,Negociação
4677,5437,1052,2025-02-25,24763,Unitite,Negociação
4678,5223,1045,2025-03-21,25276,Strong,Proposta
4679,5298,2029,2025-01-23,22083,Tryon,Perdido
4680,5041,2040,2025-04-07,9826,Strong,Proposta
4681,5172,2008,2025-02-01,21734,Strong,Proposta
4682,5377,1035,2025-06-29,25440,Unitite,Proposta
4683,5187,1047,2025-03-04,6127,Tryon,Proposta
4684,5380,1020,2025-03-09,22618,Tryon,Fechado ganho
4685,5322,2037,2025-05-05,24118,Epikut,Negociação
4686,5034,2022,2025-03-01,17156,Strong,Fechado ganho
4687,5357,1055,2025-02-26,28767,Unitite,Proposta
4688,5497,2006,2025-05-07,17615,Unitite,Perdido
4689,5310,1025,2025-01-11,9241,Unitite,Perdido
4690,5115,2033,2025-06-08,11226,Strong,Proposta
4691,5238,2016,2025-01-10,22010,Unitite,Negociação
4692,5280,2007,2025-05-28,16908,Unitite,Perdido
4693,5232,2021,2025-06-24,16183,Unitite,Fechado ganho
4694,5082,1029,2025-06-02,23812,Tryon,Fechado ganho
4695,5024,2020,2025-01-29,14463,Tryon,Negociação
4696,5304,2034,2025-06-15,5817,Strong,Proposta
4697,5343,2016,2025-03-12,22375,Epikut,Proposta
4698,5494,1004,2025-06-08,5193,Tryon,Fechado ganho
4699,5335,1060,2025-03-09,17105,Unitite,Fechado ganho
4700,5496,1026,2025-05-02,27917,Tryon,Fechado ganho
4701,5303,2040,2025-05-14,2722,Strong,Fechado ganho
4702,5153,2021,2025-05-16,17895,Strong,Perdido
4703,5097,1057,2025-06-20,6056,Unitite,Fechado ganho
4704,5121,1027,2025-05-18,17133,Unitite,Fechado ganho
4705,5082,2013,2025-01-11,24325,Strong,Fechado ganho
4706,5203,2008,2025-02-25,17639,Epikut,Fechado ganho
4707,5208,1033,2025-04-07,5036,Epikut,Perdido
4708,5011,2023,2025-02-02,4443,Unitite,Negociação
4709,5418,1052,2025-05-02,17375,Tryon,Perdido
4710,5031,1047,2025-03-30,8596,Epikut,Perdido
4711,5490,2015,2025-01-02,26392,Unitite,Proposta
4712,5188,2003,2025-06-27,16562,Unitite,Fechado ganho
4713,5370,2002,2025-01-21,3338,Epikut,Negociação
4714,5258,1006,2025-01-12,13555,Epikut,Negociação
4715,5429,1029,2025-05-16,14573,Tryon,Negociação
4716,5242,1033,2025-03-27,18979,Epikut,Fechado ganho
4717,5218,2023,2025-04-23,5621,Epikut,Proposta
4718,5336,1025,2025-03-15,23069,Strong,Negociação
4719,5020,1026,2025-01-13,3146,Unitite,Negociação
4720,5111,1047,2025-05-23,2791,Tryon,Perdido
4721,5487,1028,2025-01-20,2080,Strong,Negociação
4722,5207,1011,2025-03-01,7056,Unitite,Perdido
4723,5400,2018,2025-03-16,28832,Tryon,Proposta
4724,5389,1057,2025-05-17,6053,Tryon,Fechado ganho
4725,5388,1042,2025-02-28,14863,Strong,Fechado ganho
4726,5007,2024,2025-01-07,11079,Strong,Proposta
4727,5055,1014,2025-01-01,2580,Epikut,Negociação
4728,5355,1028,2025-03-26,22408,Strong,Proposta
4729,5151,1032,2025-06-26,22409,Epikut,Negociação
4730,5226,1051,2025-01-07,25477,Epikut,Proposta
4731,5031,1023,2025-01-22,5621,Unitite,Fechado ganho
4732,5449,1001,2025-05-21,17061,Epikut,Perdido
4733,5207,1023,2025-05-24,29540,Unitite,Perdido
4734,5120,1050,2025-02-15,6395,Unitite,Proposta
4735,5134,1037,2025-03-09,10698,Strong,Negociação
4736,5418,2030,2025-01-25,8413,Unitite,Proposta
4737,5125,1006,2025-03-08,5585,Strong,Proposta
4738,5463,2025,2025-02-18,24391,Unitite,Fechado ganho
4739,5454,1011,2025-06-07,29404,Unitite,Perdido
4740,5287,1015,2025-04-27,14508,Unitite,Proposta
4741,5136,1043,2025-01-11,17138,Epikut,Fechado ganho
4742,5248,1053,2025-03-06,14031,Strong,Perdido
4743,5331,1013,2025-02-14,24254,Epikut,Perdido
4744,5491,2004,2025-05-18,5435,Unitite,Fechado ganho
4745,5085,2006,2025-05-29,13355,Strong,Proposta
4746,5100,1045,2025-01-07,26767,Tryon,Perdido
4747,5477,1037,2025-04-27,14077,Epikut,Negociação
4748,5112,1024,2025-01-18,20203,Strong,Perdido
4749,5106,1022,2025-03-12,9748,Unitite,Proposta
4750,5380,1059,2025-05-03,9545,Tryon,Fechado ganho
4751,5022,2038,2025-05-12,14723,Unitite,Proposta
4752,5218,1052,2025-04-17,11585,Epikut,Fechado ganho
4753,5111,1023,2025-03-11,19231,Strong,Perdido
4754,5278,2017,2025-05-11,15856,Unitite,Fechado ganho
4755,5445,2036,2025-02-16,25400,Tryon,Negociação
4756,5475,2005,2025-05-16,16544,Strong,Fechado ganho
4757,5024,1037,2025-02-28,18932,Unitite,Perdido
4758,5308,1058,2025-04-11,10529,Epikut,Negociação
4759,5076,2015,2025-02-04,10715,Unitite,Perdido
4760,5029,2009,2025-04-09,23303,Epikut,Negociação
4761,5232,1050,2025-04-02,18779,Tryon,Negociação
4762,5408,1058,2025-05-10,4224,Strong,Fechado ganho
4763,5299,1013,2025-01-22,13718,Unitite,Fechado ganho
4764,5071,1055,2025-06-22,29899,Epikut,Fechado ganho
4765,5267,1021,2025-01-17,29954,Tryon,Proposta
4766,5090,1018,2025-06-25,14652,Unitite,Fechado ganho
4767,5168,2014,2025-02-22,5432,Unitite,Fechado ganho
4768,5425,2015,2025-04-07,11688,Unitite,Fechado ganho
4769,5058,1049,2025-06-10,22065,Strong,Perdido
4770,5239,1001,2025-03-01,2616,Tryon,Perdido
4771,5013,1039,2025-04-24,14523,Unitite,Perdido
4772,5082,1041,2025-05-30,15881,Tryon,Fechado ganho
4773,5052,1051,2025-01-06,29453,Epikut,Proposta
4774,5283,2037,2025-04-16,13715,Unitite,Perdido
4775,5225,1053,2025-01-17,12347,Tryon,Proposta
4776,5274,1011,2025-06-04,4347,Epikut,Proposta
4777,5149,2033,2025-03-16,3571,Tryon,Fechado ganho
4778,5385,1051,2025-04-30,23323,Tryon,Negociação
4779,5480,2002,2025-03-29,10913,Tryon,Negociação
4780,5412,1043,2025-06-13,22295,Epikut,Perdido
4781,5083,1041,2025-06-19,9622,Unitite,Proposta
4782,5347,2031,2025-05-14,26401,Strong,Negociação
4783,5008,1055,2025-01-13,2167,Epikut,Negociação
4784,5378,1012,2025-05-17,29067,Tryon,Proposta
4785,5110,1021,2025-03-27,4057,Strong,Fechado ganho
4786,5260,1009,2025-04-16,23193,Strong,Perdido
4787,5496,2005,2025-03-14,22053,Unitite,Negociação
4788,5410,1012,2025-01-08,7291,Tryon,Perdido
4789,5406,2034,2025-06-12,13100,Tryon,Proposta
4790,5417,2040,2025-02-10,24286,Tryon,Perdido
4791,5330,2020,2025-06-12,15434,Tryon,Negociação
4792,5312,1055,2025-04-29,27714,Unitite,Fechado ganho
4793,5008,1057,2025-04-30,22003,Unitite,Proposta
4794,5399,1047,2025-01-30,6180,Strong,Fechado ganho
4795,5245,2001,2025-04-21,19832,Tryon,Proposta
4796,5182,1016,2025-02-21,2063,Epikut,Negociação
4797,5119,1047,2025-05-30,21793,Epikut,Negociação
4798,5439,1012,2025-01-20,17573,Unitite,Perdido
4799,5073,2014,2025-03-21,13654,Unitite,Proposta
4800,5136,1022,2025-01-17,26924,Unitite,Proposta
4801,5495,2031,2025-02-18,24692,Unitite,Perdido
4802,5061,2039,2025-02-24,26749,Strong,Negociação
4803,5444,1002,2025-04-24,14641,Tryon,Negociação
4804,5354,2028,2025-05-19,7169,Tryon,Perdido
4805,5418,2014,2025-02-05,28248,Strong,Fechado ganho
4806,5272,2001,2025-06-29,3027,Unitite,Fechado ganho
4807,5278,2030,2025-02-15,3970,Tryon,Proposta
4808,5122,2005,2025-01-23,12467,Unitite,Proposta
4809,5399,1034,2025-04-25,29891,Epikut,Proposta
4810,5294,1003,2025-06-24,22287,Unitite,Negociação
4811,5059,1009,2025-06-04,13624,Strong,Fechado ganho
4812,5343,1024,2025-04-06,18313,Tryon,Fechado ganho
4813,5389,2007,2025-03-21,18342,Tryon,Negociação
4814,5183,2028,2025-05-31,9944,Tryon,Perdido
4815,5418,2020,2025-03-06,23762,Tryon,Proposta
4816,5046,1044,2025-05-08,10514,Strong,Proposta
4817,5106,2013,2025-01-02,20520,Strong,Perdido
4818,5126,2020,2025-03-20,21201,Epikut,Negociação
4819,5447,1044,2025-06-29,29269,Epikut,Fechado ganho
4820,5099,1037,2025-06-28,8157,Strong,Perdido
4821,5231,1001,2025-06-24,25345,Tryon,Proposta
4822,5413,1050,2025-06-30,26612,Strong,Negociação
4823,5167,2039,2025-03-15,17949,Strong,Perdido
4824,5103,2029,2025-03-24,2168,Tryon,Negociação
4825,5009,1051,2025-04-14,3157,Unitite,Perdido
4826,5303,2007,2025-06-25,26661,Epikut,Negociação
4827,5236,1053,2025-01-30,27008,Epikut,Negociação
4828,5264,1024,2025-06-13,18282,Unitite,Proposta
4829,5150,2022,2025-05-27,8601,Strong,Negociação
4830,5063,2005,2025-04-01,9506,Strong,Proposta
4831,5084,1006,2025-05-08,24400,Strong,Perdido
4832,5493,1046,2025-03-09,14345,Epikut,Negociação
4833,5216,1022,2025-06-06,29273,Unitite,Fechado ganho
4834,5005,1028,2025-06-21,15829,Epikut,Proposta
4835,5114,2007,2025-03-16,18355,Unitite,Proposta
4836,5429,1028,2025-03-26,9237,Strong,Proposta
4837,5300,1051,2025-06-03,5969,Epikut,Fechado ganho
4838,5416,2039,2025-03-25,5162,Unitite,Perdido
4839,5313,1021,2025-05-29,2585,Epikut,Proposta
4840,5299,1053,2025-01-15,2311,Strong,Perdido
4841,5470,1041,2025-05-30,18940,Unitite,Fechado ganho
4842,5457,1017,2025-04-26,26996,Strong,Proposta
4843,5370,1020,2025-03-28,16549,Tryon,Perdido
4844,5375,2021,2025-04-08,23485,Unitite,Proposta
4845,5122,1014,2025-06-07,2495,Epikut,Proposta
4846,5060,1056,2025-01-21,14920,Unitite,Proposta
4847,5174,1011,2025-01-22,25335,Unitite,Proposta
4848,5336,1002,2025-02-12,18253,Tryon,Perdido
4849,5052,2033,2025-03-28,9277,Unitite,Fechado ganho
4850,5440,1031,2025-01-15,12772,Epikut,Proposta
4851,5179,2036,2025-05-07,17803,Epikut,Negociação
4852,5482,2017,2025-01-04,25978,Unitite,Perdido
4853,5063,1012,2025-04-25,18123,Epikut,Negociação
4854,5362,1057,2025-05-26,3004,Tryon,Perdido
4855,5414,1041,2025-03-12,27864,Tryon,Negociação
4856,5442,1045,2025-05-28,29701,Epikut,Fechado ganho
4857,5454,1001,2025-05-27,7400,Strong,Negociação
4858,5158,1015,2025-06-24,2788,Strong,Fechado ganho
4859,5108,1020,2025-02-28,28880,Epikut,Negociação
4860,5355,1042,2025-05-14,11600,Tryon,Perdido
4861,5397,1059,2025-04-29,21547,Strong,Negociação
4862,5340,1004,2025-05-02,3583,Strong,Negociação
4863,5320,1030,2025-03-19,25751,Strong,Fechado ganho
4864,5229,1044,2025-02-24,10876,Epikut,Fechado ganho
4865,5390,1022,2025-02-12,26274,Strong,Perdido
4866,5260,2008,2025-03-11,28648,Unitite,Negociação
4867,5071,2024,2025-05-28,9663,Strong,Perdido
4868,5186,1060,2025-06-22,24224,Epikut,Fechado ganho
4869,5318,1059,2025-03-03,19030,Epikut,Fechado ganho
4870,5325,1016,2025-04-03,7277,Strong,Negociação
4871,5122,1059,2025-04-20,8598,Epikut,Perdido
4872,5030,1030,2025-02-16,3084,Unitite,Negociação
4873,5273,1008,2025-01-15,27363,Epikut,Fechado ganho
4874,5173,1005,2025-04-01,20598,Tryon,Fechado ganho
4875,5289,1009,2025-02-13,6779,Tryon,Proposta
4876,5049,1004,2025-05-28,18171,Epikut,Perdido
4877,5029,2027,2025-01-19,16487,Epikut,Perdido
4878,5277,1016,2025-05-18,18997,Unitite,Proposta
4879,5500,2020,2025-06-14,5838,Epikut,Proposta
4880,5445,1056,2025-04-01,5720,Epikut,Negociação
4881,5297,2039,2025-04-08,8845,Epikut,Fechado ganho
4882,5253,2037,2025-04-21,5929,Unitite,Negociação
4883,5221,2037,2025-06-26,10650,Tryon,Proposta
4884,5418,1022,2025-04-02,21694,Strong,Proposta
4885,5361,1038,2025-03-09,13788,Strong,Negociação
4886,5149,1017,2025-01-08,25949,Tryon,Proposta
4887,5257,1008,2025-01-25,22749,Tryon,Proposta
4888,5094,2020,2025-01-26,11043,Unitite,Negociação
4889,5381,2004,2025-06-07,16439,Epikut,Perdido
4890,5324,2028,2025-03-16,23115,Unitite,Perdido
4891,5189,1023,2025-06-19,11249,Tryon,Proposta
4892,5106,1057,2025-01-23,25321,Tryon,Proposta
4893,5111,2028,2025-05-05,20529,Epikut,Negociação
4894,5435,2001,2025-06-23,24526,Tryon,Fechado ganho
4895,5042,2004,2025-01-31,24452,Unitite,Perdido
4896,5459,1044,2025-06-27,13812,Epikut,Negociação
4897,5016,1038,2025-02-20,20165,Unitite,Proposta
4898,5303,1046,2025-05-16,19264,Tryon,Perdido
4899,5220,1026,2025-05-08,10415,Unitite,Perdido
4900,5336,1042,2025-03-14,24221,Epikut,Negociação
4901,5403,1012,2025-03-05,2454,Strong,Proposta
4902,5323,1043,2025-04-13,27496,Strong,Perdido
4903,5270,1051,2025-04-12,10846,Tryon,Proposta
4904,5146,1034,2025-04-07,29647,Unitite,Fechado ganho
4905,5465,2034,2025-05-10,4209,Unitite,Fechado ganho
4906,5283,2031,2025-06-06,25419,Unitite,Proposta
4907,5079,1053,2025-04-05,24024,Epikut,Proposta
4908,5489,1009,2025-06-22,15239,Epikut,Negociação
4909,5030,1042,2025-06-23,19109,Strong,Perdido
4910,5287,1008,2025-04-19,20744,Epikut,Fechado ganho
4911,5133,1003,2025-05-19,7968,Epikut,Perdido
4912,5180,1057,2025-04-23,12770,Strong,Negociação
4913,5433,1058,2025-02-16,12349,Tryon,Perdido
4914,5142,1008,2025-04-01,6812,Strong,Fechado ganho
4915,5425,1045,2025-06-06,7843,Strong,Perdido
4916,5416,1022,2025-05-09,15179,Epikut,Perdido
4917,5477,1026,2025-03-21,23595,Epikut,Fechado ganho
4918,5487,1015,2025-04-14,2987,Strong,Fechado ganho
4919,5220,2039,2025-06-11,18094,Unitite,Fechado ganho
4920,5083,1049,2025-01-18,25159,Epikut,Proposta
4921,5478,2013,2025-06-11,4236,Epikut,Proposta
4922,5044,2026,2025-05-26,8932,Epikut,Fechado ganho
4923,5374,2040,2025-06-29,18308,Strong,Proposta
4924,5354,1060,2025-06-27,18275,Unitite,Proposta
4925,5019,1037,2025-06-02,15648,Epikut,Negociação
4926,5341,1054,2025-02-11,20004,Unitite,Proposta
4927,5474,2039,2025-01-28,15973,Tryon,Fechado ganho
4928,5192,2021,2025-03-13,5024,Tryon,Fechado ganho
4929,5067,2019,2025-06-30,24751,Unitite,Fechado ganho
4930,5386,1042,2025-02-24,20563,Strong,Proposta
4931,5368,2012,2025-01-13,9874,Tryon,Perdido
4932,5165,2019,2025-01-21,2553,Unitite,Negociação
4933,5264,1014,2025-04-15,19597,Strong,Negociação
4934,5225,2001,2025-06-19,19695,Strong,Proposta
4935,5089,2031,2025-03-25,16821,Unitite,Fechado ganho
4936,5030,1014,2025-03-25,10546,Tryon,Proposta
4937,5329,2017,2025-04-08,10056,Strong,Perdido
4938,5379,1018,2025-02-13,12452,Strong,Perdido
4939,5090,1059,2025-01-07,13580,Strong,Proposta
4940,5177,2020,2025-02-12,10155,Epikut,Negociação
4941,5077,1034,2025-03-29,15348,Tryon,Negociação
4942,5347,1049,2025-04-25,5824,Strong,Proposta
4943,5300,2024,2025-01-27,15417,Epikut,Fechado ganho
4944,5304,2017,2025-04-19,11170,Epikut,Fechado ganho
4945,5329,1047,2025-05-01,28829,Tryon,Perdido
4946,5446,1014,2025-02-05,18483,Unitite,Perdido
4947,5260,2004,2025-06-14,9395,Unitite,Perdido
4948,5176,1050,2025-04-24,11500,Unitite,Fechado ganho
4949,5174,2015,2025-05-17,26976,Epikut,Fechado ganho
4950,5472,1012,2025-05-21,20439,Unitite,Proposta
4951,5295,2011,2025-06-25,11301,Tryon,Proposta
4952,5129,1010,2025-01-23,26297,Strong,Fechado ganho
4953,5262,1043,2025-01-11,16523,Strong,Proposta
4954,5042,2015,2025-06-18,20575,Tryon,Negociação
4955,5336,1018,2025-01-24,27798,Unitite,Proposta
4956,5226,1048,2025-03-29,7830,Tryon,Fechado ganho
4957,5445,1032,2025-06-07,3913,Epikut,Proposta
4958,5304,1012,2025-05-06,18050,Unitite,Negociação
4959,5430,2014,2025-04-21,25195,Epikut,Perdido
4960,5379,2010,2025-01-28,21599,Strong,Fechado ganho
4961,5146,1057,2025-04-17,8301,Tryon,Fechado ganho
4962,5260,1040,2025-01-31,17695,Epikut,Perdido
4963,5149,2033,2025-05-26,22107,Epikut,Perdido
4964,5351,1020,2025-02-18,8794,Strong,Fechado ganho
4965,5244,2006,2025-04-24,4831,Strong,Proposta
4966,5135,2018,2025-04-17,28407,Unitite,Negociação
4967,5474,2035,2025-05-15,28429,Epikut,Fechado ganho
4968,5258,1004,2025-03-07,28711,Epikut,Fechado ganho
4969,5211,1030,2025-04-19,19287,Strong,Perdido
4970,5248,2007,2025-02-07,11882,Epikut,Proposta
4971,5054,1046,2025-02-27,25792,Tryon,Fechado ganho
4972,5235,2039,2025-02-23,29541,Unitite,Proposta
4973,5344,1010,2025-05-26,10832,Strong,Perdido
4974,5128,2031,2025-04-14,17423,Unitite,Proposta
4975,5250,2014,2025-05-22,7602,Unitite,Proposta
4976,5382,2012,2025-02-16,16856,Strong,Fechado ganho
4977,5347,2026,2025-01-24,27562,Epikut,Fechado ganho
4978,5400,1023,2025-01-01,16017,Strong,Proposta
4979,5399,2019,2025-06-29,2684,Strong,Proposta
4980,5201,2007,2025-04-28,10913,Unitite,Perdido
4981,5352,2029,2025-01-24,15380,Tryon,Perdido
4982,5475,2008,2025-04-29,26925,Unitite,Negociação
4983,5034,1025,2025-04-04,19639,Strong,Fechado ganho
4984,5034,2040,2025-01-13,8567,Epikut,Perdido
4985,5350,2008,2025-02-04,9237,Epikut,Fechado ganho
4986,5371,1016,2025-01-07,18200,Tryon,Proposta
4987,5306,1036,2025-03-10,9357,Strong,Perdido
4988,5017,2011,2025-05-19,5625,Strong,Perdido
4989,5367,2007,2025-06-06,10807,Strong,Fechado ganho
4990,5204,1022,2025-02-17,27104,Unitite,Fechado ganho
4991,5463,1030,2025-06-05,18338,Unitite,Perdido
4992,5359,1034,2025-03-19,14050,Unitite,Negociação
4993,5368,2031,2025-02-21,6318,Tryon,Negociação
4994,5378,1005,2025-03-14,20963,Strong,Fechado ganho
4995,5140,1031,2025-05-18,25578,Tryon,Proposta
4996,5187,1055,2025-02-11,29060,Unitite,Negociação
4997,5402,1033,2025-01-17,15992,Epikut,Negociação
4998,5399,1004,2025-05-17,27018,Epikut,Negociação
4999,5033,1012,2025-01-17,28901,Unitite,Perdido
5000,5220,1026,2025-02-27,22313,Unitite,Negociação
5001,5410,2007,2025-04-01,5326,Epikut,Perdido
5002,5412,1058,2025-06-26,27669,Strong,Negociação
5003,5109,1016,2025-02-16,4157,Unitite,Perdido
5004,5344,2004,2025-03-29,24357,Tryon,Fechado ganho
5005,5286,1059,2025-01-09,12930,Epikut,Perdido
5006,5020,1050,2025-04-30,26335,Strong,Fechado ganho
5007,5468,2028,2025-03-13,19679,Strong,Negociação
5008,5053,2009,2025-01-22,8556,Tryon,Perdido
5009,5408,1052,2025-03-14,29829,Tryon,Perdido
5010,5198,1031,2025-02-17,4665,Strong,Perdido
5011,5252,1006,2025-01-21,8168,Tryon,Perdido
5012,5476,1021,2025-01-16,24120,Epikut,Perdido
5013,5416,1042,2025-05-14,24071,Epikut,Negociação
5014,5203,2014,2025-06-30,18841,Strong,Fechado ganho
5015,5262,2034,2025-02-17,6010,Tryon,Negociação
5016,5417,2009,2025-01-13,2493,Unitite,Fechado ganho
5017,5246,2030,2025-03-12,23411,Strong,Proposta
5018,5363,1002,2025-03-29,23004,Tryon,Perdido
5019,5082,2025,2025-01-09,22210,Epikut,Perdido
5020,5135,2006,2025-05-05,29192,Tryon,Perdido
5021,5064,1005,2025-05-06,27806,Epikut,Perdido
5022,5321,1027,2025-06-08,29080,Tryon,Negociação
5023,5037,2038,2025-03-06,22763,Strong,Fechado ganho
5024,5177,1026,2025-04-25,3585,Strong,Fechado ganho
5025,5037,1026,2025-01-24,4997,Tryon,Negociação
5026,5041,1052,2025-03-07,16317,Strong,Negociação
5027,5258,1014,2025-04-25,27973,Tryon,Perdido
5028,5475,1058,2025-04-06,9427,Unitite,Proposta
5029,5416,2022,2025-02-05,13527,Epikut,Perdido
5030,5197,2038,2025-04-20,10422,Tryon,Proposta
5031,5324,2022,2025-04-30,5348,Epikut,Proposta
5032,5167,1012,2025-05-11,7374,Strong,Proposta
5033,5408,1046,2025-03-14,6722,Epikut,Proposta
5034,5352,2031,2025-06-09,17177,Unitite,Fechado ganho
5035,5079,1046,2025-02-15,26498,Unitite,Fechado ganho
5036,5102,1028,2025-04-26,23301,Unitite,Fechado ganho
5037,5438,1034,2025-06-29,2108,Strong,Fechado ganho
5038,5356,1039,2025-02-10,22288,Strong,Proposta
5039,5307,1004,2025-03-08,3967,Tryon,Proposta
5040,5311,1016,2025-04-18,21755,Unitite,Proposta
5041,5300,1020,2025-06-04,8627,Tryon,Proposta
5042,5346,2025,2025-02-23,11313,Unitite,Fechado ganho
5043,5207,1004,2025-04-02,5901,Strong,Fechado ganho
5044,5102,2008,2025-03-01,3074,Unitite,Proposta
5045,5162,1003,2025-01-14,12467,Unitite,Fechado ganho
5046,5146,1051,2025-01-09,8711,Tryon,Fechado ganho
5047,5405,1056,2025-06-20,13159,Tryon,Perdido
5048,5135,1041,2025-03-07,19684,Unitite,Negociação
5049,5116,2007,2025-01-06,19664,Strong,Proposta
5050,5412,1030,2025-02-15,21838,Tryon,Negociação
5051,5473,1041,2025-04-23,24908,Epikut,Negociação
5052,5003,1051,2025-04-12,12042,Strong,Negociação
5053,5434,2007,2025-02-01,3368,Tryon,Perdido
5054,5441,2021,2025-03-14,5594,Epikut,Negociação
5055,5093,1038,2025-01-28,25713,Unitite,Negociação
5056,5456,2036,2025-02-14,7873,Unitite,Perdido
5057,5403,1003,2025-03-08,28264,Unitite,Fechado ganho
5058,5144,1033,2025-01-23,22414,Unitite,Proposta
5059,5291,1054,2025-01-14,29186,Strong,Negociação
5060,5425,2033,2025-06-13,24920,Epikut,Fechado ganho
5061,5295,2019,2025-03-28,19713,Strong,Perdido
5062,5410,1030,2025-01-05,9914,Epikut,Perdido
5063,5264,2013,2025-01-20,24441,Unitite,Fechado ganho
5064,5302,2019,2025-03-03,13797,Unitite,Negociação
5065,5075,1059,2025-04-11,12239,Epikut,Fechado ganho
5066,5493,2034,2025-04-29,19855,Tryon,Proposta
5067,5247,2037,2025-01-26,23740,Tryon,Fechado ganho
5068,5337,2015,2025-05-24,25909,Epikut,Perdido
5069,5057,2020,2025-04-07,10033,Unitite,Fechado ganho
5070,5220,2035,2025-04-17,6298,Tryon,Proposta
5071,5451,2010,2025-04-11,12326,Epikut,Perdido
5072,5282,1008,2025-06-05,19821,Epikut,Proposta
5073,5249,1003,2025-04-21,10199,Tryon,Fechado ganho
5074,5484,1038,2025-03-15,10972,Unitite,Proposta
5075,5330,1054,2025-03-02,15136,Epikut,Fechado ganho
5076,5033,1057,2025-06-08,2618,Epikut,Perdido
5077,5003,1048,2025-05-05,15599,Epikut,Negociação
5078,5173,1051,2025-03-14,29379,Unitite,Fechado ganho
5079,5241,1012,2025-05-13,24171,Epikut,Proposta
5080,5273,2028,2025-05-22,4673,Tryon,Perdido
5081,5430,1045,2025-06-21,19596,Unitite,Fechado ganho
5082,5089,1053,2025-01-30,19481,Tryon,Perdido
5083,5475,1041,2025-06-20,12525,Tryon,Proposta
5084,5438,2032,2025-04-05,20026,Epikut,Perdido
5085,5021,2016,2025-01-07,26184,Tryon,Negociação
5086,5493,1026,2025-01-15,4027,Unitite,Negociação
5087,5260,2016,2025-01-23,28268,Epikut,Proposta
5088,5283,1035,2025-03-13,29663,Unitite,Perdido
5089,5378,1045,2025-05-12,6151,Strong,Proposta
5090,5401,2021,2025-05-17,15987,Epikut,Perdido
5091,5020,1031,2025-01-25,16779,Tryon,Perdido
5092,5249,2019,2025-06-13,2315,Unitite,Proposta
5093,5438,2036,2025-04-19,24767,Epikut,Proposta
5094,5255,2034,2025-02-16,25615,Unitite,Perdido
5095,5140,1041,2025-06-20,12127,Epikut,Proposta
5096,5380,2016,2025-02-27,6757,Strong,Negociação
5097,5297,1057,2025-01-04,29402,Tryon,Fechado ganho
5098,5189,2015,2025-03-05,9307,Unitite,Perdido
5099,5442,1009,2025-04-11,5956,Strong,Fechado ganho
5100,5346,2002,2025-02-19,28259,Epikut,Proposta
5101,5057,1008,2025-02-11,15166,Tryon,Fechado ganho
5102,5168,2026,2025-03-03,11650,Unitite,Proposta
5103,5148,2005,2025-03-17,10330,Unitite,Fechado ganho
5104,5373,1053,2025-04-14,14436,Epikut,Fechado ganho
5105,5422,1037,2025-02-26,23875,Epikut,Fechado ganho
5106,5289,1014,2025-05-14,16425,Strong,Perdido
5107,5137,2002,2025-05-24,6628,Unitite,Proposta
5108,5122,1001,2025-04-11,18944,Strong,Perdido
5109,5050,1042,2025-03-10,11787,Strong,Perdido
5110,5189,2040,2025-05-05,22699,Epikut,Fechado ganho
5111,5102,2034,2025-04-01,10003,Tryon,Fechado ganho
5112,5111,1017,2025-03-13,29690,Strong,Negociação
5113,5453,2017,2025-02-26,13214,Strong,Perdido
5114,5378,2005,2025-02-28,21649,Unitite,Fechado ganho
5115,5299,1002,2025-01-04,7734,Strong,Proposta
5116,5242,2028,2025-01-15,20144,Strong,Negociação
5117,5035,2027,2025-01-09,18561,Strong,Perdido
5118,5160,1043,2025-03-04,23407,Unitite,Fechado ganho
5119,5499,2032,2025-05-18,26757,Epikut,Perdido
5120,5249,1004,2025-01-26,12610,Epikut,Proposta
5121,5213,2029,2025-05-12,22638,Epikut,Negociação
5122,5020,2023,2025-04-09,15647,Unitite,Negociação
5123,5261,1024,2025-04-04,4508,Epikut,Proposta
5124,5350,2005,2025-02-19,8619,Tryon,Fechado ganho
5125,5422,2008,2025-04-10,27951,Unitite,Negociação
5126,5192,2002,2025-05-24,9777,Tryon,Perdido
5127,5448,1037,2025-05-29,5979,Epikut,Perdido
5128,5011,1057,2025-02-20,24986,Strong,Negociação
5129,5153,1050,2025-03-25,24526,Strong,Proposta
5130,5277,1005,2025-01-29,11423,Unitite,Perdido
5131,5240,2013,2025-06-27,14897,Epikut,Perdido
5132,5031,1058,2025-03-22,23631,Epikut,Proposta
5133,5457,1016,2025-04-23,8603,Tryon,Proposta
5134,5293,1044,2025-06-21,10929,Epikut,Perdido
5135,5361,1009,2025-04-06,6161,Unitite,Fechado ganho
5136,5470,2037,2025-02-02,15162,Epikut,Proposta
5137,5486,1015,2025-03-05,6896,Epikut,Negociação
5138,5186,1026,2025-05-28,16076,Unitite,Proposta
5139,5175,1022,2025-01-30,18425,Epikut,Perdido
5140,5078,1004,2025-04-10,15380,Unitite,Fechado ganho
5141,5032,2015,2025-04-22,20188,Tryon,Perdido
5142,5260,1034,2025-05-06,22933,Epikut,Perdido
5143,5389,2006,2025-06-27,21069,Epikut,Negociação
5144,5130,2010,2025-03-16,23061,Tryon,Perdido
5145,5086,2036,2025-03-22,6079,Epikut,Negociação
5146,5399,1050,2025-03-03,26340,Epikut,Fechado ganho
5147,5131,1030,2025-06-13,17748,Strong,Perdido
5148,5298,1041,2025-02-04,21858,Strong,Negociação
5149,5414,1010,2025-03-11,3392,Tryon,Proposta
5150,5424,1031,2025-01-02,23768,Unitite,Proposta
5151,5350,2023,2025-03-17,13194,Strong,Proposta
5152,5401,1052,2025-03-10,5940,Epikut,Fechado ganho
5153,5081,1059,2025-03-09,10076,Tryon,Perdido
5154,5370,2014,2025-02-25,29767,Unitite,Proposta
5155,5345,1043,2025-01-03,11836,Tryon,Perdido
5156,5342,1039,2025-06-28,21523,Unitite,Fechado ganho
5157,5206,1017,2025-05-03,21272,Tryon,Perdido
5158,5456,2015,2025-02-01,16808,Unitite,Negociação
5159,5257,1012,2025-04-21,16243,Epikut,Proposta
5160,5111,1027,2025-01-07,14265,Strong,Proposta
5161,5251,1044,2025-01-11,27937,Tryon,Perdido
5162,5156,2015,2025-01-10,29577,Tryon,Fechado ganho
5163,5223,1037,2025-01-09,19848,Epikut,Perdido
5164,5317,1006,2025-01-18,28095,Tryon,Negociação
5165,5442,2025,2025-03-26,18096,Strong,Fechado ganho
5166,5105,2024,2025-04-12,23593,Tryon,Perdido
5167,5219,1008,2025-04-21,12432,Epikut,Fechado ganho
5168,5110,1049,2025-03-20,8465,Strong,Proposta
5169,5283,1039,2025-01-07,22889,Strong,Proposta
5170,5030,2003,2025-06-25,27584,Strong,Fechado ganho
5171,5164,1035,2025-01-29,25097,Epikut,Proposta
5172,5316,1040,2025-06-08,27795,Strong,Negociação
5173,5120,1008,2025-05-25,11948,Unitite,Proposta
5174,5208,1046,2025-03-24,18015,Epikut,Proposta
5175,5258,1007,2025-03-21,3841,Strong,Fechado ganho
5176,5391,1045,2025-03-03,13499,Epikut,Negociação
5177,5490,2029,2025-03-29,27317,Tryon,Perdido
5178,5481,1009,2025-04-23,12711,Unitite,Proposta
5179,5433,2038,2025-06-10,7534,Strong,Perdido
5180,5373,2040,2025-06-19,27264,Tryon,Perdido
5181,5276,1037,2025-02-28,10753,Unitite,Fechado ganho
5182,5370,1005,2025-06-05,24124,Epikut,Proposta
5183,5075,2022,2025-04-29,18924,Strong,Proposta
5184,5306,2026,2025-06-06,24368,Unitite,Perdido
5185,5241,2017,2025-02-06,13022,Tryon,Perdido
5186,5341,2005,2025-04-19,11761,Strong,Negociação
5187,5083,1001,2025-01-28,26637,Tryon,Proposta
5188,5075,2026,2025-04-26,21952,Tryon,Negociação
5189,5060,1020,2025-01-03,5771,Unitite,Fechado ganho
5190,5412,2035,2025-04-24,26543,Tryon,Negociação
5191,5159,2035,2025-03-16,24860,Tryon,Proposta
5192,5446,1010,2025-06-01,20244,Epikut,Fechado ganho
5193,5281,1048,2025-06-28,25718,Epikut,Fechado ganho
5194,5358,2021,2025-02-10,5971,Tryon,Perdido
5195,5420,1029,2025-06-14,12829,Epikut,Negociação
5196,5363,1045,2025-02-04,21547,Tryon,Negociação
5197,5278,1002,2025-05-15,26117,Unitite,Perdido
5198,5450,2019,2025-05-17,8420,Tryon,Proposta
5199,5216,2008,2025-02-03,14082,Strong,Perdido
5200,5371,1035,2025-05-29,10494,Epikut,Negociação
5201,5030,1044,2025-03-05,3564,Strong,Fechado ganho
5202,5075,1047,2025-05-16,16207,Tryon,Perdido
5203,5214,1051,2025-05-14,26284,Strong,Perdido
5204,5082,1030,2025-03-28,14830,Tryon,Negociação
5205,5491,2032,2025-01-06,20397,Strong,Negociação
5206,5224,1043,2025-06-23,22568,Strong,Proposta
5207,5258,2012,2025-05-07,14217,Tryon,Fechado ganho
5208,5465,2002,2025-03-18,26561,Unitite,Proposta
5209,5472,2016,2025-04-25,8046,Epikut,Negociação
5210,5409,1017,2025-05-15,10735,Strong,Fechado ganho
5211,5081,1037,2025-06-06,29928,Strong,Fechado ganho
5212,5007,2018,2025-04-05,19967,Epikut,Fechado ganho
5213,5173,1038,2025-01-12,2881,Tryon,Fechado ganho
5214,5373,2040,2025-03-30,5536,Epikut,Negociação
5215,5018,1060,2025-06-22,14854,Tryon,Perdido
5216,5034,2039,2025-02-06,13709,Epikut,Fechado ganho
5217,5234,1024,2025-06-23,28917,Strong,Fechado ganho
5218,5124,1032,2025-05-08,3404,Tryon,Fechado ganho
5219,5117,1051,2025-04-24,12645,Epikut,Proposta
5220,5226,1039,2025-03-02,2671,Tryon,Proposta
5221,5480,1012,2025-04-02,7894,Tryon,Fechado ganho
5222,5140,2001,2025-04-18,22341,Tryon,Negociação
5223,5375,2007,2025-04-12,6287,Epikut,Negociação
5224,5407,2019,2025-05-02,7191,Tryon,Fechado ganho
5225,5078,2018,2025-04-25,29733,Unitite,Proposta
5226,5373,2016,2025-04-01,24646,Unitite,Proposta
5227,5491,1020,2025-03-20,4207,Tryon,Perdido
5228,5095,1021,2025-04-10,17247,Unitite,Perdido
5229,5270,2021,2025-05-06,23562,Strong,Negociação
5230,5094,1060,2025-04-27,7350,Strong,Negociação
5231,5097,1030,2025-02-23,24779,Epikut,Fechado ganho
5232,5078,2005,2025-06-05,3826,Strong,Negociação
5233,5186,1013,2025-05-18,20855,Unitite,Fechado ganho
5234,5309,1057,2025-03-10,12612,Epikut,Negociação
5235,5350,2024,2025-05-26,8466,Strong,Negociação
5236,5122,2036,2025-06-15,17602,Strong,Negociação
5237,5101,2001,2025-03-26,22605,Tryon,Fechado ganho
5238,5193,2011,2025-06-20,25744,Strong,Negociação
5239,5308,2017,2025-06-25,29305,Strong,Perdido
5240,5251,2031,2025-03-07,19297,Unitite,Negociação
5241,5210,2033,2025-04-08,14363,Tryon,Fechado ganho
5242,5172,1020,2025-06-08,19822,Epikut,Fechado ganho
5243,5383,2016,2025-05-02,6873,Epikut,Perdido
5244,5009,1014,2025-04-16,18817,Unitite,Proposta
5245,5123,2030,2025-05-20,14213,Strong,Proposta
5246,5269,1003,2025-04-01,3068,Epikut,Fechado ganho
5247,5425,2008,2025-06-26,22426,Unitite,Proposta
5248,5078,2039,2025-01-10,8530,Unitite,Fechado ganho
5249,5421,1023,2025-03-03,7802,Unitite,Proposta
5250,5018,1011,2025-06-29,10395,Tryon,Proposta
5251,5364,2036,2025-05-20,18957,Epikut,Perdido
5252,5415,1012,2025-01-17,9595,Strong,Negociação
5253,5380,1008,2025-01-03,19932,Epikut,Proposta
5254,5266,2031,2025-01-15,13976,Tryon,Perdido
5255,5199,1010,2025-05-18,17851,Unitite,Negociação
5256,5241,2005,2025-06-08,24742,Unitite,Proposta
5257,5124,2036,2025-03-13,6057,Tryon,Negociação
5258,5296,1026,2025-02-13,19323,Tryon,Fechado ganho
5259,5211,2024,2025-03-30,17244,Strong,Fechado ganho
5260,5409,2019,2025-01-13,23765,Epikut,Negociação
5261,5039,2035,2025-05-30,13010,Unitite,Perdido
5262,5099,2024,2025-03-14,4975,Epikut,Negociação
5263,5475,1055,2025-03-01,20049,Tryon,Negociação
5264,5258,1028,2025-02-01,25752,Tryon,Negociação
5265,5312,1053,2025-02-16,22573,Unitite,Proposta
5266,5397,1058,2025-02-20,2469,Unitite,Negociação
5267,5167,1031,2025-03-25,13359,Tryon,Negociação
5268,5355,2034,2025-01-10,12773,Tryon,Proposta
5269,5115,1016,2025-03-16,25985,Epikut,Fechado ganho
5270,5434,2015,2025-01-04,7302,Epikut,Perdido
5271,5168,2024,2025-06-25,4475,Unitite,Negociação
5272,5369,1054,2025-04-12,12893,Tryon,Proposta
5273,5279,1015,2025-04-01,24811,Tryon,Perdido
5274,5016,2038,2025-01-27,22525,Unitite,Proposta
5275,5364,1041,2025-02-28,8180,Strong,Negociação
5276,5354,2019,2025-03-20,4201,Tryon,Fechado ganho
5277,5124,1001,2025-02-21,29170,Strong,Perdido
5278,5061,1055,2025-05-21,16536,Unitite,Proposta
5279,5315,2024,2025-01-22,12353,Epikut,Proposta
5280,5247,1058,2025-01-28,4424,Strong,Proposta
5281,5340,1007,2025-01-22,16812,Epikut,Negociação
5282,5014,1004,2025-02-18,3323,Epikut,Proposta
5283,5257,2010,2025-04-14,24174,Epikut,Negociação
5284,5336,1006,2025-06-18,17293,Tryon,Proposta
5285,5431,1050,2025-06-21,10678,Strong,Negociação
5286,5344,2011,2025-06-14,19464,Tryon,Fechado ganho
5287,5099,1011,2025-01-01,2458,Strong,Fechado ganho
5288,5476,2009,2025-02-26,13338,Tryon,Perdido
5289,5416,1003,2025-06-27,29223,Unitite,Perdido
5290,5495,2014,2025-06-29,23884,Unitite,Fechado ganho
5291,5314,1035,2025-06-24,19770,Strong,Proposta
5292,5475,1051,2025-03-15,19500,Epikut,Negociação
5293,5041,1033,2025-04-13,16176,Epikut,Fechado ganho
5294,5177,2009,2025-02-25,11817,Tryon,Negociação
5295,5443,2033,2025-06-27,11634,Tryon,Negociação
5296,5160,1039,2025-02-22,2823,Epikut,Perdido
5297,5148,1008,2025-05-25,17821,Unitite,Fechado ganho
5298,5036,2018,2025-05-27,24577,Tryon,Fechado ganho
5299,5197,1025,2025-03-10,29790,Unitite,Proposta
5300,5358,2017,2025-01-11,11695,Strong,Proposta
5301,5399,1030,2025-04-02,3319,Epikut,Proposta
5302,5321,1050,2025-04-09,20080,Strong,Negociação
5303,5161,2027,2025-06-19,6616,Unitite,Perdido
5304,5471,1026,2025-03-26,3704,Strong,Perdido
5305,5319,2020,2025-01-28,17730,Tryon,Negociação
5306,5125,1044,2025-04-09,21297,Unitite,Proposta
5307,5119,1016,2025-05-15,4078,Epikut,Fechado ganho
5308,5050,2001,2025-03-21,26697,Tryon,Proposta
5309,5142,1056,2025-06-18,29678,Epikut,Perdido
5310,5453,2010,2025-02-20,17878,Epikut,Negociação
5311,5264,2035,2025-04-18,8407,Epikut,Proposta
5312,5091,2015,2025-04-16,13589,Tryon,Fechado ganho
5313,5127,1037,2025-01-07,2133,Tryon,Negociação
5314,5096,1040,2025-02-15,28835,Unitite,Proposta
5315,5301,1046,2025-05-20,16241,Unitite,Perdido
5316,5164,1044,2025-05-16,16095,Tryon,Proposta
5317,5345,1048,2025-02-26,6245,Unitite,Fechado ganho
5318,5459,2040,2025-06-24,5536,Unitite,Proposta
5319,5466,1028,2025-03-17,19090,Unitite,Fechado ganho
5320,5066,2024,2025-03-15,4077,Epikut,Fechado ganho
5321,5327,2031,2025-04-29,13823,Unitite,Fechado ganho
5322,5383,2038,2025-03-25,17827,Epikut,Perdido
5323,5217,2005,2025-01-28,17478,Strong,Perdido
5324,5044,1008,2025-05-05,22764,Tryon,Fechado ganho
5325,5466,1026,2025-03-07,18940,Strong,Fechado ganho
5326,5026,2031,2025-02-25,2922,Tryon,Fechado ganho
5327,5297,1016,2025-06-18,19871,Strong,Perdido
5328,5314,1053,2025-05-19,23806,Strong,Fechado ganho
5329,5028,2037,2025-05-13,25292,Tryon,Fechado ganho
5330,5379,2036,2025-01-02,10483,Strong,Perdido
5331,5048,1039,2025-06-09,19093,Unitite,Negociação
5332,5280,1038,2025-04-03,10293,Tryon,Perdido
5333,5434,2028,2025-03-16,13828,Tryon,Negociação
5334,5270,1055,2025-05-02,11558,Strong,Perdido
5335,5382,2030,2025-05-07,13562,Tryon,Fechado ganho
5336,5322,1036,2025-04-08,11511,Tryon,Fechado ganho
5337,5493,2015,2025-03-21,7748,Strong,Perdido
5338,5029,2019,2025-05-10,21572,Unitite,Perdido
5339,5134,1057,2025-05-01,24863,Strong,Fechado ganho
5340,5082,1033,2025-05-11,14654,Strong,Negociação
5341,5452,1036,2025-02-18,17417,Tryon,Proposta
5342,5458,1022,2025-03-31,29597,Tryon,Negociação
5343,5299,1029,2025-06-24,5754,Tryon,Perdido
5344,5277,1045,2025-03-10,11055,Strong,Fechado ganho
5345,5064,1003,2025-06-28,15760,Tryon,Proposta
5346,5321,2027,2025-06-13,4471,Unitite,Proposta
5347,5277,1039,2025-06-02,26759,Strong,Perdido
5348,5153,1034,2025-05-04,2766,Strong,Fechado ganho
5349,5024,1044,2025-04-15,9266,Epikut,Proposta
5350,5227,1018,2025-01-15,9522,Epikut,Proposta
5351,5033,2014,2025-02-22,14379,Tryon,Fechado ganho
5352,5039,2022,2025-03-10,10661,Strong,Negociação
5353,5240,1042,2025-05-30,11867,Unitite,Fechado ganho
5354,5413,2010,2025-06-06,23667,Epikut,Perdido
5355,5045,1055,2025-02-15,11766,Epikut,Fechado ganho
5356,5325,2018,2025-02-13,20652,Unitite,Perdido
5357,5172,1001,2025-02-24,26518,Epikut,Negociação
5358,5102,1050,2025-04-01,12530,Strong,Fechado ganho
5359,5386,2036,2025-02-23,6368,Epikut,Fechado ganho
5360,5226,2016,2025-06-29,27186,Strong,Proposta
5361,5236,2011,2025-03-19,15794,Unitite,Proposta
5362,5106,2034,2025-06-11,21646,Strong,Proposta
5363,5319,1058,2025-05-17,21063,Strong,Fechado ganho
5364,5434,1043,2025-06-24,22036,Strong,Perdido
5365,5274,1011,2025-05-25,12451,Epikut,Negociação
5366,5171,2005,2025-06-16,8843,Tryon,Proposta
5367,5266,2001,2025-06-08,15207,Unitite,Perdido
5368,5145,1054,2025-03-06,17381,Tryon,Fechado ganho
5369,5152,1009,2025-04-24,26555,Epikut,Perdido
5370,5077,2008,2025-04-18,20608,Tryon,Fechado ganho
5371,5097,2037,2025-04-25,6749,Tryon,Proposta
5372,5222,1009,2025-06-12,16287,Tryon,Perdido
5373,5141,2007,2025-03-02,8042,Unitite,Proposta
5374,5461,1038,2025-04-03,15776,Unitite,Negociação
5375,5013,2003,2025-02-10,4638,Tryon,Negociação
5376,5211,2006,2025-02-06,24323,Epikut,Negociação
5377,5010,2026,2025-05-31,6961,Strong,Negociação
5378,5054,1041,2025-01-06,14560,Unitite,Proposta
5379,5416,1006,2025-02-16,9308,Epikut,Fechado ganho
5380,5266,2019,2025-03-23,17452,Epikut,Perdido
5381,5173,1036,2025-06-15,13124,Tryon,Proposta
5382,5497,2037,2025-06-13,25178,Strong,Fechado ganho
5383,5202,2008,2025-02-23,25893,Epikut,Perdido
5384,5399,1020,2025-06-14,25688,Tryon,Negociação
5385,5272,1039,2025-04-20,27229,Tryon,Negociação
5386,5160,1055,2025-03-29,27024,Tryon,Proposta
5387,5384,2038,2025-01-18,17432,Strong,Negociação
5388,5003,2007,2025-02-13,5345,Tryon,Fechado ganho
5389,5270,1014,2025-06-10,14615,Epikut,Fechado ganho
5390,5072,1023,2025-03-01,3476,Epikut,Perdido
5391,5083,1011,2025-04-15,3214,Epikut,Proposta
5392,5195,2008,2025-04-07,14077,Unitite,Fechado ganho
5393,5199,1030,2025-01-15,24444,Epikut,Fechado ganho
5394,5229,1027,2025-05-18,3596,Strong,Fechado ganho
5395,5003,1004,2025-05-06,17799,Unitite,Perdido
5396,5316,1014,2025-03-08,11015,Epikut,Fechado ganho
5397,5150,1059,2025-03-14,19572,Tryon,Negociação
5398,5118,1022,2025-06-10,28453,Unitite,Proposta
5399,5251,1021,2025-05-22,3723,Strong,Perdido
5400,5106,1033,2025-01-13,19855,Unitite,Perdido
5401,5101,2040,2025-06-07,15745,Tryon,Negociação
5402,5250,2012,2025-01-01,15216,Unitite,Perdido
5403,5321,2031,2025-04-27,19595,Strong,Proposta
5404,5453,1060,2025-05-02,25576,Tryon,Perdido
5405,5212,2010,2025-03-26,8288,Epikut,Proposta
5406,5134,2022,2025-03-07,19833,Tryon,Proposta
5407,5406,2004,2025-01-01,21437,Unitite,Negociação
5408,5245,1054,2025-06-25,14269,Epikut,Proposta
5409,5361,2033,2025-02-01,27179,Strong,Negociação
5410,5120,1011,2025-04-23,16770,Unitite,Fechado ganho
5411,5437,2002,2025-03-24,22341,Tryon,Proposta
5412,5375,1020,2025-03-19,19107,Unitite,Proposta
5413,5043,1010,2025-01-02,15440,Tryon,Fechado ganho
5414,5283,1018,2025-02-25,24014,Unitite,Fechado ganho
5415,5199,1001,2025-02-24,28207,Epikut,Proposta
5416,5199,2010,2025-04-11,23042,Epikut,Proposta
5417,5247,1055,2025-03-31,5206,Strong,Fechado ganho
5418,5159,1015,2025-02-16,5550,Unitite,Fechado ganho
5419,5210,1043,2025-06-27,17430,Unitite,Perdido
5420,5095,1017,2025-02-02,21739,Epikut,Perdido
5421,5133,2026,2025-02-19,20039,Unitite,Fechado ganho
5422,5250,1055,2025-03-02,12616,Unitite,Proposta
5423,5250,2017,2025-03-30,13108,Unitite,Negociação
5424,5260,1019,2025-06-21,4156,Strong,Proposta
5425,5066,2033,2025-02-06,19298,Tryon,Perdido
5426,5292,1043,2025-06-16,5299,Strong,Fechado ganho
5427,5032,1051,2025-02-10,26550,Epikut,Negociação
5428,5222,1028,2025-03-05,20233,Strong,Proposta
5429,5036,1057,2025-05-18,13730,Tryon,Negociação
5430,5008,1007,2025-04-24,29581,Strong,Proposta
5431,5061,1059,2025-03-15,7676,Epikut,Fechado ganho
5432,5299,2005,2025-06-14,2196,Epikut,Proposta
5433,5200,2037,2025-03-06,23395,Tryon,Negociação
5434,5034,1007,2025-01-28,29037,Epikut,Fechado ganho
5435,5037,1031,2025-06-03,7623,Epikut,Proposta
5436,5336,2011,2025-06-26,5302,Epikut,Proposta
5437,5112,1040,2025-03-13,3864,Epikut,Negociação
5438,5368,1005,2025-02-24,19162,Tryon,Fechado ganho
5439,5482,2036,2025-03-17,24058,Tryon,Negociação
5440,5264,2028,2025-06-11,28976,Unitite,Proposta
5441,5029,2023,2025-04-04,11585,Tryon,Negociação
5442,5019,1037,2025-01-28,19832,Unitite,Fechado ganho
5443,5338,2030,2025-05-21,29477,Unitite,Perdido
5444,5194,1032,2025-02-03,14043,Tryon,Fechado ganho
5445,5330,1050,2025-06-27,10388,Unitite,Perdido
5446,5046,1028,2025-06-14,29055,Epikut,Negociação
5447,5474,1021,2025-03-08,9687,Tryon,Negociação
5448,5402,2023,2025-04-28,7744,Unitite,Perdido
5449,5202,1041,2025-04-21,22084,Tryon,Proposta
5450,5206,2016,2025-06-11,3865,Epikut,Proposta
5451,5109,2026,2025-01-10,18570,Unitite,Fechado ganho
5452,5326,2018,2025-01-12,6831,Strong,Fechado ganho
5453,5301,2025,2025-05-10,14970,Epikut,Proposta
5454,5055,2012,2025-05-25,16810,Strong,Negociação
5455,5190,1037,2025-02-09,19067,Tryon,Proposta
5456,5248,1023,2025-02-13,19932,Strong,Fechado ganho
5457,5052,2033,2025-03-06,22351,Strong,Negociação
5458,5389,1007,2025-05-30,17696,Strong,Negociação
5459,5307,1057,2025-01-03,11378,Strong,Fechado ganho
5460,5009,1020,2025-02-12,16226,Strong,Proposta
5461,5134,2038,2025-05-20,3717,Unitite,Perdido
5462,5455,1019,2025-05-23,2110,Strong,Perdido
5463,5314,1058,2025-01-29,24005,Epikut,Proposta
5464,5412,1013,2025-06-17,10418,Strong,Proposta
5465,5148,1004,2025-06-04,15830,Strong,Perdido
5466,5024,1008,2025-03-26,2730,Epikut,Fechado ganho
5467,5206,1031,2025-06-07,8763,Strong,Perdido
5468,5109,1001,2025-01-10,5547,Epikut,Proposta
5469,5099,2038,2025-03-23,18444,Tryon,Proposta
5470,5256,2040,2025-05-25,12638,Tryon,Fechado ganho
5471,5308,2030,2025-02-09,10933,Unitite,Proposta
5472,5095,1038,2025-01-04,2199,Tryon,Negociação
5473,5071,2005,2025-03-13,28238,Strong,Proposta
5474,5469,2040,2025-02-04,12320,Tryon,Negociação
5475,5366,2018,2025-04-17,29777,Epikut,Proposta
5476,5283,1043,2025-04-28,22043,Strong,Fechado ganho
5477,5376,1009,2025-02-19,4229,Tryon,Proposta
5478,5114,2005,2025-01-06,10079,Tryon,Negociação
5479,5429,1010,2025-05-31,5471,Strong,Fechado ganho
5480,5079,1020,2025-02-11,6689,Epikut,Proposta
5481,5338,1015,2025-05-11,24315,Tryon,Negociação
5482,5311,1047,2025-01-11,17774,Tryon,Fechado ganho
5483,5265,1053,2025-03-15,9883,Tryon,Proposta
5484,5330,2021,2025-05-15,22237,Tryon,Fechado ganho
5485,5391,1059,2025-01-10,22008,Epikut,Fechado ganho
5486,5163,1028,2025-03-13,3579,Epikut,Proposta
5487,5419,2025,2025-01-14,26519,Strong,Perdido
5488,5225,1030,2025-05-12,5222,Tryon,Negociação
5489,5122,2040,2025-01-07,29626,Epikut,Negociação
5490,5228,2015,2025-02-21,15744,Strong,Proposta
5491,5073,2026,2025-04-05,10286,Strong,Fechado ganho
5492,5461,2014,2025-04-25,18620,Strong,Negociação
5493,5286,1059,2025-03-06,21763,Strong,Proposta
5494,5023,2036,2025-06-22,3859,Unitite,Negociação
5495,5431,2026,2025-06-01,25466,Epikut,Perdido
5496,5325,1055,2025-05-01,15891,Epikut,Negociação
5497,5313,1032,2025-06-17,23073,Unitite,Perdido
5498,5382,2005,2025-02-07,18299,Strong,Proposta
5499,5426,1049,2025-04-29,5792,Strong,Perdido
5500,5418,1009,2025-02-10,18422,Unitite,Negociação
5501,5104,2038,2025-01-04,29173,Strong,Negociação
5502,5033,1016,2025-02-28,9134,Strong,Perdido
5503,5151,1051,2025-04-07,12325,Unitite,Perdido
5504,5011,1033,2025-06-27,11206,Epikut,Negociação
5505,5026,2037,2025-01-30,17169,Strong,Fechado ganho
5506,5371,1016,2025-03-08,13046,Epikut,Fechado ganho
5507,5220,1051,2025-06-30,24338,Epikut,Negociação
5508,5457,2033,2025-05-24,19905,Tryon,Fechado ganho
5509,5455,2028,2025-04-17,26365,Unitite,Negociação
5510,5237,1005,2025-05-20,26964,Strong,Proposta
5511,5427,1017,2025-06-13,18255,Tryon,Proposta
5512,5175,1054,2025-06-30,22997,Unitite,Negociação
5513,5134,1023,2025-05-16,10844,Tryon,Fechado ganho
5514,5179,1023,2025-04-11,23755,Epikut,Fechado ganho
5515,5208,1037,2025-06-19,17443,Epikut,Negociação
5516,5387,2016,2025-03-17,11064,Tryon,Proposta
5517,5066,1034,2025-02-26,14228,Strong,Perdido
5518,5456,2025,2025-02-02,2185,Tryon,Fechado ganho
5519,5467,1014,2025-04-05,2025,Unitite,Fechado ganho
5520,5321,2031,2025-05-01,22711,Unitite,Perdido
5521,5497,1046,2025-06-25,23947,Epikut,Fechado ganho
5522,5431,1054,2025-05-30,21361,Epikut,Proposta
5523,5442,2015,2025-05-16,29823,Strong,Fechado ganho
5524,5355,2018,2025-02-15,6506,Strong,Perdido
5525,5005,2002,2025-02-17,9498,Tryon,Fechado ganho
5526,5182,1020,2025-01-30,18976,Tryon,Proposta
5527,5432,1058,2025-04-04,5317,Strong,Negociação
5528,5082,2012,2025-06-14,20223,Epikut,Negociação
5529,5457,1032,2025-05-10,18301,Unitite,Perdido
5530,5293,1026,2025-06-17,25321,Epikut,Proposta
5531,5416,2009,2025-06-22,12800,Epikut,Proposta
5532,5361,1041,2025-02-12,29551,Unitite,Negociação
5533,5125,2029,2025-04-06,17372,Epikut,Negociação
5534,5388,2005,2025-03-16,9325,Strong,Proposta
5535,5463,1041,2025-01-15,3372,Unitite,Negociação
5536,5432,2003,2025-04-06,14873,Tryon,Proposta
5537,5069,2039,2025-06-08,20197,Epikut,Proposta
5538,5451,2009,2025-06-07,3763,Epikut,Negociação
5539,5179,1010,2025-03-07,11662,Strong,Fechado ganho
5540,5399,1002,2025-02-22,8432,Epikut,Fechado ganho
5541,5424,2001,2025-01-11,20839,Tryon,Perdido
5542,5106,1005,2025-06-18,3082,Tryon,Negociação
5543,5100,1044,2025-01-25,22579,Strong,Perdido
5544,5118,1037,2025-01-22,11598,Epikut,Proposta
5545,5391,2008,2025-05-27,14215,Tryon,Negociação
5546,5157,1014,2025-02-21,7405,Unitite,Fechado ganho
5547,5002,2016,2025-03-08,11491,Strong,Fechado ganho
5548,5156,1036,2025-01-05,11692,Epikut,Fechado ganho
5549,5347,1031,2025-01-10,29884,Unitite,Perdido
5550,5021,1028,2025-05-13,3341,Tryon,Proposta
5551,5329,2027,2025-02-01,8567,Epikut,Negociação
5552,5408,2001,2025-06-17,13664,Unitite,Fechado ganho
5553,5065,1021,2025-06-19,12629,Tryon,Perdido
5554,5224,1007,2025-02-07,5101,Tryon,Negociação
5555,5263,1002,2025-06-24,18815,Tryon,Fechado ganho
5556,5407,1031,2025-06-26,28478,Unitite,Negociação
5557,5135,1037,2025-02-06,9509,Unitite,Fechado ganho
5558,5157,2001,2025-05-03,29138,Strong,Negociação
5559,5213,2011,2025-02-15,4990,Strong,Proposta
5560,5404,1055,2025-01-08,17067,Unitite,Perdido
5561,5021,1017,2025-05-21,21564,Strong,Proposta
5562,5115,1022,2025-02-01,6703,Unitite,Negociação
5563,5218,1043,2025-06-22,16990,Unitite,Negociação
5564,5236,1009,2025-03-01,6975,Tryon,Negociação
5565,5432,1001,2025-06-29,3225,Strong,Fechado ganho
5566,5319,1056,2025-01-03,2214,Tryon,Proposta
5567,5219,1022,2025-05-01,8288,Strong,Perdido
5568,5466,2039,2025-05-21,22080,Unitite,Perdido
5569,5124,2023,2025-03-03,12318,Epikut,Fechado ganho
5570,5368,2021,2025-04-11,11812,Strong,Perdido
5571,5038,1031,2025-03-19,3621,Strong,Perdido
5572,5069,2032,2025-05-24,15515,Tryon,Perdido
5573,5164,2014,2025-06-07,20861,Tryon,Fechado ganho
5574,5454,2021,2025-06-29,25375,Strong,Fechado ganho
5575,5449,1023,2025-01-24,23335,Epikut,Fechado ganho
5576,5009,2024,2025-06-15,23851,Unitite,Negociação
5577,5465,1041,2025-04-07,5347,Strong,Negociação
5578,5054,1013,2025-03-17,24960,Tryon,Negociação
5579,5413,1030,2025-01-31,4040,Tryon,Proposta
5580,5345,1022,2025-01-24,22518,Tryon,Proposta
5581,5352,1021,2025-04-09,16840,Tryon,Perdido
5582,5163,2020,2025-04-11,5476,Epikut,Proposta
5583,5455,1057,2025-04-01,10303,Unitite,Fechado ganho
5584,5307,2036,2025-03-10,18669,Tryon,Fechado ganho
5585,5364,2025,2025-06-29,26153,Tryon,Proposta
5586,5125,1018,2025-04-18,19111,Tryon,Fechado ganho
5587,5248,1058,2025-06-29,5608,Unitite,Negociação
5588,5144,1060,2025-01-08,8293,Strong,Negociação
5589,5490,1006,2025-05-16,9316,Epikut,Proposta
5590,5060,1007,2025-01-31,18341,Epikut,Perdido
5591,5052,1021,2025-03-17,17684,Unitite,Perdido
5592,5478,2035,2025-05-31,22797,Unitite,Proposta
5593,5033,2014,2025-02-28,22162,Unitite,Fechado ganho
5594,5048,1058,2025-04-08,29765,Unitite,Negociação
5595,5429,1059,2025-06-11,7333,Epikut,Negociação
5596,5464,2018,2025-06-07,15570,Epikut,Negociação
5597,5115,2013,2025-04-07,24499,Strong,Perdido
5598,5479,2013,2025-03-01,7879,Unitite,Negociação
5599,5150,1021,2025-06-28,10281,Unitite,Negociação
5600,5370,2030,2025-03-13,18671,Unitite,Proposta
5601,5025,1002,2025-05-02,24739,Strong,Perdido
5602,5391,1025,2025-05-04,21567,Epikut,Negociação
5603,5105,2024,2025-01-18,16689,Strong,Proposta
5604,5007,1013,2025-06-01,26334,Tryon,Fechado ganho
5605,5362,1037,2025-06-25,5266,Unitite,Negociação
5606,5315,2028,2025-06-10,28414,Unitite,Proposta
5607,5403,1008,2025-06-20,15702,Epikut,Negociação
5608,5403,1053,2025-03-02,7315,Epikut,Fechado ganho
5609,5103,1051,2025-01-15,11770,Unitite,Perdido
5610,5051,1059,2025-02-20,18001,Unitite,Perdido
5611,5129,2021,2025-05-05,7022,Strong,Fechado ganho
5612,5097,1002,2025-06-30,19023,Epikut,Negociação
5613,5086,2015,2025-01-03,23309,Unitite,Negociação
5614,5205,2017,2025-02-12,5386,Tryon,Perdido
5615,5304,1057,2025-06-30,25341,Unitite,Proposta
5616,5491,1005,2025-03-13,14139,Unitite,Fechado ganho
5617,5196,1043,2025-06-10,27482,Tryon,Negociação
5618,5211,2009,2025-01-15,25299,Unitite,Fechado ganho
5619,5280,1029,2025-03-02,7469,Strong,Negociação
5620,5209,2011,2025-01-12,14772,Epikut,Fechado ganho
5621,5114,1037,2025-04-04,16698,Tryon,Fechado ganho
5622,5481,1037,2025-03-18,18392,Unitite,Negociação
5623,5219,1055,2025-03-02,10498,Tryon,Perdido
5624,5213,1011,2025-04-04,8382,Unitite,Negociação
5625,5032,1042,2025-01-25,20765,Unitite,Negociação
5626,5125,2033,2025-06-01,14103,Tryon,Fechado ganho
5627,5009,2010,2025-02-16,11600,Strong,Perdido
5628,5440,2031,2025-04-02,13565,Strong,Perdido
5629,5251,1037,2025-04-05,26217,Strong,Fechado ganho
5630,5094,1003,2025-03-08,6340,Epikut,Perdido
5631,5436,2019,2025-05-22,21712,Strong,Proposta
5632,5058,1040,2025-02-27,20563,Unitite,Fechado ganho
5633,5091,1055,2025-03-28,24496,Unitite,Perdido
5634,5316,2024,2025-05-24,15701,Strong,Proposta
5635,5021,1044,2025-01-25,18306,Tryon,Negociação
5636,5326,2008,2025-05-03,29253,Epikut,Fechado ganho
5637,5180,1044,2025-03-14,10819,Epikut,Negociação
5638,5225,1024,2025-01-17,3789,Tryon,Proposta
5639,5069,1046,2025-03-26,5290,Tryon,Proposta
5640,5009,1028,2025-01-20,16779,Epikut,Perdido
5641,5183,1021,2025-02-11,3875,Strong,Fechado ganho
5642,5130,1018,2025-04-27,2183,Strong,Perdido
5643,5390,1015,2025-04-09,19002,Unitite,Perdido
5644,5467,1046,2025-06-15,12463,Tryon,Proposta
5645,5014,2024,2025-04-15,3046,Epikut,Negociação
5646,5316,2026,2025-04-24,8965,Epikut,Perdido
5647,5497,1040,2025-05-27,21077,Strong,Proposta
5648,5497,2009,2025-01-17,9591,Epikut,Perdido
5649,5310,2034,2025-03-04,21851,Epikut,Negociação
5650,5383,1004,2025-05-27,13996,Unitite,Proposta
5651,5055,1015,2025-02-17,25615,Unitite,Negociação
5652,5054,1038,2025-04-10,26852,Epikut,Fechado ganho
5653,5489,2034,2025-01-18,26547,Epikut,Proposta
5654,5176,2028,2025-05-07,18528,Strong,Negociação
5655,5486,1029,2025-02-01,25785,Tryon,Fechado ganho
5656,5030,1039,2025-05-25,11294,Unitite,Proposta
5657,5296,1040,2025-01-29,29249,Unitite,Proposta
5658,5290,1055,2025-05-31,2012,Tryon,Perdido
5659,5105,1006,2025-01-21,23878,Tryon,Negociação
5660,5494,1036,2025-02-07,15937,Epikut,Fechado ganho
5661,5016,1004,2025-04-15,25761,Tryon,Proposta
5662,5344,2006,2025-01-05,28266,Epikut,Proposta
5663,5291,1015,2025-06-30,17858,Epikut,Proposta
5664,5342,2017,2025-04-24,13500,Unitite,Negociação
5665,5095,1051,2025-01-11,26146,Epikut,Perdido
5666,5292,1044,2025-04-09,11295,Strong,Negociação
5667,5211,1059,2025-02-15,21759,Strong,Fechado ganho
5668,5394,1054,2025-01-17,16078,Strong,Perdido
5669,5442,1060,2025-05-23,10845,Unitite,Perdido
5670,5341,1005,2025-01-27,22513,Tryon,Perdido
5671,5125,1048,2025-05-15,21750,Epikut,Negociação
5672,5289,1060,2025-01-14,9790,Epikut,Fechado ganho
5673,5228,1012,2025-05-31,17250,Tryon,Proposta
5674,5099,2035,2025-04-17,27896,Unitite,Fechado ganho
5675,5199,2016,2025-06-19,28136,Epikut,Fechado ganho
5676,5323,1015,2025-05-23,19904,Unitite,Proposta
5677,5313,1015,2025-01-23,14309,Tryon,Proposta
5678,5450,2008,2025-03-09,8989,Strong,Negociação
5679,5032,1005,2025-02-04,18174,Tryon,Perdido
5680,5184,1056,2025-04-12,21911,Tryon,Perdido
5681,5462,2040,2025-01-31,19777,Epikut,Perdido
5682,5474,1014,2025-01-13,20675,Tryon,Negociação
5683,5032,1009,2025-06-11,9887,Tryon,Fechado ganho
5684,5103,2030,2025-03-26,24618,Epikut,Fechado ganho
5685,5217,1043,2025-06-18,17149,Unitite,Proposta
5686,5197,1025,2025-03-02,13739,Epikut,Perdido
5687,5421,1005,2025-04-15,23798,Strong,Negociação
5688,5223,1002,2025-04-05,24963,Strong,Proposta
5689,5439,2015,2025-04-08,26032,Epikut,Perdido
5690,5031,1023,2025-06-02,24639,Tryon,Fechado ganho
5691,5176,1012,2025-05-20,25278,Strong,Negociação
5692,5039,1005,2025-03-06,23828,Unitite,Negociação
5693,5278,2026,2025-03-16,20605,Unitite,Proposta
5694,5363,1013,2025-04-05,17851,Unitite,Proposta
5695,5158,1011,2025-02-16,17002,Unitite,Proposta
5696,5086,2007,2025-01-06,19403,Tryon,Proposta
5697,5125,1037,2025-05-20,18404,Epikut,Negociação
5698,5392,1050,2025-02-28,11622,Tryon,Fechado ganho
5699,5070,1003,2025-06-18,22582,Unitite,Perdido
5700,5201,1010,2025-02-12,23896,Epikut,Perdido
5701,5213,2008,2025-02-16,18916,Epikut,Perdido
5702,5464,1055,2025-01-13,18739,Tryon,Fechado ganho
5703,5398,1037,2025-05-09,17529,Tryon,Perdido
5704,5025,1026,2025-02-11,24111,Strong,Perdido
5705,5175,1007,2025-04-15,14109,Tryon,Proposta
5706,5079,1019,2025-06-15,4597,Tryon,Proposta
5707,5486,2004,2025-01-23,16184,Tryon,Perdido
5708,5498,2037,2025-01-20,27998,Tryon,Proposta
5709,5107,1030,2025-06-28,25588,Unitite,Proposta
5710,5185,2023,2025-05-30,7993,Epikut,Perdido
5711,5113,2038,2025-05-22,13027,Strong,Perdido
5712,5234,1042,2025-02-07,6846,Unitite,Proposta
5713,5230,2035,2025-06-28,24916,Strong,Proposta
5714,5453,2014,2025-03-30,26852,Tryon,Negociação
5715,5348,1047,2025-02-23,12712,Tryon,Negociação
5716,5060,2007,2025-02-15,8376,Unitite,Negociação
5717,5417,1039,2025-03-12,29488,Epikut,Fechado ganho
5718,5487,2035,2025-02-26,27830,Tryon,Fechado ganho
5719,5424,2034,2025-03-24,23918,Unitite,Proposta
5720,5299,1023,2025-03-22,22692,Tryon,Negociação
5721,5489,1029,2025-01-30,9692,Tryon,Proposta
5722,5383,2009,2025-01-25,12192,Strong,Negociação
5723,5225,1047,2025-02-01,28378,Unitite,Proposta
5724,5412,1047,2025-02-14,4851,Strong,Fechado ganho
5725,5453,2030,2025-04-21,24493,Unitite,Negociação
5726,5166,2016,2025-06-08,16219,Strong,Fechado ganho
5727,5384,2013,2025-01-12,12102,Epikut,Perdido
5728,5116,2040,2025-03-08,17374,Strong,Proposta
5729,5477,2002,2025-05-20,21307,Epikut,Negociação
5730,5209,1022,2025-06-27,23025,Epikut,Proposta
5731,5476,1022,2025-06-09,16757,Unitite,Perdido
5732,5082,1021,2025-02-24,5426,Strong,Negociação
5733,5230,1027,2025-06-15,21038,Tryon,Negociação
5734,5493,1012,2025-01-08,29591,Epikut,Perdido
5735,5426,1055,2025-05-30,16782,Strong,Negociação
5736,5266,1006,2025-04-14,18711,Epikut,Proposta
5737,5075,2017,2025-01-12,21059,Unitite,Negociação
5738,5269,2018,2025-03-05,14211,Tryon,Negociação
5739,5083,2021,2025-03-27,6961,Unitite,Negociação
5740,5290,1019,2025-04-13,13661,Strong,Fechado ganho
5741,5494,1011,2025-06-25,2260,Tryon,Perdido
5742,5143,2009,2025-05-14,14276,Strong,Proposta
5743,5112,1015,2025-06-18,4341,Unitite,Proposta
5744,5198,1019,2025-06-22,15736,Strong,Perdido
5745,5306,1028,2025-01-23,19100,Tryon,Perdido
5746,5043,1037,2025-04-01,20630,Strong,Proposta
5747,5090,2039,2025-06-29,5850,Tryon,Negociação
5748,5006,1015,2025-05-20,29882,Epikut,Negociação
5749,5057,1012,2025-02-14,15406,Tryon,Negociação
5750,5340,2033,2025-06-02,4550,Strong,Perdido
5751,5206,1041,2025-02-20,28755,Strong,Negociação
5752,5058,2009,2025-02-07,18382,Epikut,Proposta
5753,5374,1050,2025-04-27,6766,Tryon,Proposta
5754,5001,1043,2025-03-15,15489,Tryon,Fechado ganho
5755,5423,1039,2025-04-14,20837,Unitite,Negociação
5756,5169,2019,2025-02-05,10341,Unitite,Perdido
5757,5421,2011,2025-05-26,4177,Unitite,Perdido
5758,5467,1046,2025-03-08,25721,Epikut,Negociação
5759,5214,2036,2025-03-11,28986,Tryon,Negociação
5760,5180,1033,2025-06-25,4439,Tryon,Perdido
5761,5394,1012,2025-05-06,26444,Strong,Fechado ganho
5762,5350,1043,2025-03-20,6527,Strong,Perdido
5763,5114,2040,2025-05-17,26815,Epikut,Negociação
5764,5380,2039,2025-06-22,18649,Unitite,Negociação
5765,5101,1034,2025-01-25,17926,Epikut,Perdido
5766,5274,1048,2025-02-25,6164,Unitite,Negociação
5767,5056,1046,2025-02-10,11897,Strong,Perdido
5768,5237,2017,2025-04-07,28748,Strong,Negociação
5769,5095,1060,2025-04-15,20503,Strong,Negociação
5770,5289,1035,2025-05-12,18808,Strong,Perdido
5771,5131,2034,2025-03-15,17137,Strong,Proposta
5772,5225,1059,2025-02-01,28940,Tryon,Perdido
5773,5313,1030,2025-04-16,25860,Epikut,Perdido
5774,5239,1026,2025-06-29,22366,Unitite,Perdido
5775,5459,1040,2025-04-23,23887,Unitite,Fechado ganho
5776,5032,1048,2025-02-28,21968,Strong,Fechado ganho
5777,5409,2019,2025-02-25,28947,Tryon,Negociação
5778,5048,1001,2025-03-09,18532,Unitite,Fechado ganho
5779,5205,1047,2025-03-26,5923,Tryon,Proposta
5780,5037,1014,2025-01-07,11852,Epikut,Fechado ganho
5781,5474,2004,2025-01-10,8928,Unitite,Fechado ganho
5782,5160,1003,2025-03-13,16276,Tryon,Proposta
5783,5081,1040,2025-06-03,7951,Strong,Fechado ganho
5784,5315,2025,2025-03-19,15469,Epikut,Fechado ganho
5785,5337,1048,2025-02-04,13733,Tryon,Perdido
5786,5441,2012,2025-04-14,6284,Tryon,Proposta
5787,5404,1047,2025-02-10,13905,Tryon,Negociação
5788,5236,1034,2025-06-03,13386,Epikut,Proposta
5789,5390,1017,2025-06-03,5120,Strong,Fechado ganho
5790,5084,1018,2025-02-18,24905,Unitite,Negociação
5791,5252,1060,2025-02-01,16453,Unitite,Proposta
5792,5145,2036,2025-03-20,10512,Unitite,Proposta
5793,5364,2020,2025-03-27,14847,Epikut,Perdido
5794,5453,1034,2025-02-16,18671,Unitite,Fechado ganho
5795,5426,1014,2025-06-17,13943,Epikut,Negociação
5796,5451,1038,2025-06-17,10517,Strong,Perdido
5797,5235,1020,2025-04-13,14908,Strong,Fechado ganho
5798,5491,1054,2025-02-23,19056,Tryon,Fechado ganho
5799,5254,1033,2025-01-08,4926,Strong,Proposta
5800,5081,1018,2025-01-29,8302,Unitite,Negociação
5801,5306,2001,2025-01-10,6783,Tryon,Proposta
5802,5061,1015,2025-03-02,24729,Epikut,Perdido
5803,5260,2031,2025-02-14,27908,Tryon,Negociação
5804,5099,1047,2025-01-10,26628,Tryon,Negociação
5805,5014,1010,2025-04-13,8828,Strong,Perdido
5806,5135,1005,2025-03-29,25586,Unitite,Negociação
5807,5111,1032,2025-02-20,27076,Epikut,Fechado ganho
5808,5207,1052,2025-01-01,26379,Tryon,Negociação
5809,5351,1044,2025-06-23,5346,Epikut,Fechado ganho
5810,5018,1029,2025-06-15,13346,Unitite,Fechado ganho
5811,5085,1057,2025-03-16,29441,Strong,Negociação
5812,5436,1038,2025-02-26,8891,Unitite,Fechado ganho
5813,5406,2022,2025-06-11,18127,Epikut,Perdido
5814,5317,1020,2025-01-27,28852,Epikut,Negociação
5815,5462,2001,2025-03-19,28261,Strong,Negociação
5816,5366,2003,2025-02-18,27608,Tryon,Proposta
5817,5425,2019,2025-06-19,2054,Strong,Fechado ganho
5818,5354,2027,2025-05-20,14482,Epikut,Proposta
5819,5413,2010,2025-06-15,16582,Unitite,Fechado ganho
5820,5322,2027,2025-05-30,16397,Epikut,Proposta
5821,5291,1041,2025-01-11,25929,Unitite,Perdido
5822,5341,1006,2025-03-24,2594,Tryon,Perdido
5823,5338,1022,2025-01-29,21940,Strong,Negociação
5824,5421,2010,2025-06-08,7386,Tryon,Fechado ganho
5825,5029,1008,2025-01-22,29651,Tryon,Proposta
5826,5499,1013,2025-05-24,18757,Unitite,Negociação
5827,5163,1039,2025-06-21,28467,Tryon,Fechado ganho
5828,5200,2019,2025-02-10,29953,Strong,Negociação
5829,5291,2019,2025-05-11,23406,Unitite,Fechado ganho
5830,5457,1033,2025-02-11,11674,Unitite,Negociação
5831,5170,1024,2025-02-23,2764,Unitite,Negociação
5832,5239,1018,2025-01-09,22353,Tryon,Proposta
5833,5477,1026,2025-02-09,9886,Tryon,Perdido
5834,5166,1058,2025-05-26,16377,Strong,Proposta
5835,5308,1023,2025-02-25,21548,Tryon,Proposta
5836,5017,2037,2025-06-12,28197,Strong,Fechado ganho
5837,5003,1041,2025-05-06,10517,Unitite,Negociação
5838,5454,1039,2025-03-29,22119,Strong,Negociação
5839,5323,2006,2025-02-17,28765,Unitite,Fechado ganho
5840,5268,2029,2025-03-24,21872,Tryon,Proposta
5841,5090,1017,2025-02-19,10441,Unitite,Perdido
5842,5048,1007,2025-03-22,8824,Unitite,Proposta
5843,5286,2036,2025-05-31,5168,Tryon,Fechado ganho
5844,5278,2035,2025-03-25,2954,Unitite,Perdido
5845,5151,1018,2025-02-01,5825,Tryon,Proposta
5846,5282,2040,2025-04-06,19646,Unitite,Perdido
5847,5154,2020,2025-06-10,10949,Tryon,Fechado ganho
5848,5228,2002,2025-03-07,3288,Tryon,Negociação
5849,5467,1040,2025-03-11,19099,Tryon,Fechado ganho
5850,5247,1021,2025-06-07,7971,Tryon,Fechado ganho
5851,5027,1005,2025-01-08,11244,Tryon,Fechado ganho
5852,5272,1036,2025-02-22,10871,Tryon,Negociação
5853,5050,1058,2025-05-27,25645,Unitite,Fechado ganho
5854,5305,2011,2025-04-14,4666,Tryon,Proposta
5855,5091,1029,2025-04-17,3201,Unitite,Fechado ganho
5856,5003,1030,2025-04-27,8255,Strong,Negociação
5857,5265,1044,2025-04-26,10730,Tryon,Fechado ganho
5858,5372,1005,2025-04-10,3261,Tryon,Fechado ganho
5859,5368,1030,2025-01-27,22042,Tryon,Perdido
5860,5435,2021,2025-02-21,13037,Unitite,Negociação
5861,5277,1010,2025-06-01,2224,Epikut,Perdido
5862,5212,2012,2025-01-29,24981,Unitite,Fechado ganho
5863,5462,2030,2025-01-18,29733,Tryon,Perdido
5864,5485,1058,2025-03-06,4357,Epikut,Negociação
5865,5202,2028,2025-02-18,6524,Tryon,Fechado ganho
5866,5198,2023,2025-01-19,7684,Unitite,Perdido
5867,5329,1005,2025-02-15,27634,Tryon,Proposta
5868,5319,1037,2025-02-17,16746,Strong,Fechado ganho
5869,5060,1027,2025-03-08,3701,Epikut,Perdido
5870,5417,1052,2025-06-05,7701,Epikut,Negociação
5871,5492,1026,2025-01-15,8931,Epikut,Negociação
5872,5310,2009,2025-02-02,20968,Unitite,Proposta
5873,5464,1025,2025-05-14,25876,Unitite,Perdido
5874,5050,1029,2025-06-25,21059,Strong,Negociação
5875,5241,2039,2025-02-08,3350,Tryon,Perdido
5876,5288,1054,2025-01-22,24114,Unitite,Negociação
5877,5073,1057,2025-05-13,13932,Tryon,Negociação
5878,5409,1053,2025-06-05,9827,Tryon,Proposta
5879,5030,1002,2025-02-15,19838,Epikut,Fechado ganho
5880,5170,2036,2025-05-10,15582,Strong,Proposta
5881,5337,2032,2025-05-18,25803,Unitite,Perdido
5882,5397,1047,2025-03-13,10453,Epikut,Proposta
5883,5044,2037,2025-04-11,7859,Epikut,Fechado ganho
5884,5249,1010,2025-04-21,5030,Unitite,Negociação
5885,5244,2025,2025-06-04,5776,Tryon,Perdido
5886,5414,1004,2025-05-25,7936,Unitite,Proposta
5887,5180,1059,2025-03-02,27991,Epikut,Negociação
5888,5359,2022,2025-03-30,9754,Unitite,Fechado ganho
5889,5080,2015,2025-05-22,11774,Epikut,Negociação
5890,5372,1024,2025-02-19,11711,Strong,Negociação
5891,5101,1011,2025-04-02,12658,Tryon,Negociação
5892,5147,1027,2025-02-06,27089,Strong,Proposta
5893,5177,2001,2025-03-20,6253,Strong,Perdido
5894,5353,1023,2025-03-05,19764,Strong,Fechado ganho
5895,5013,2021,2025-02-05,11372,Tryon,Proposta
5896,5178,2018,2025-05-20,21513,Tryon,Fechado ganho
5897,5438,2019,2025-05-01,21482,Unitite,Perdido
5898,5398,1025,2025-01-12,16376,Strong,Fechado ganho
5899,5481,2039,2025-02-15,26585,Strong,Proposta
5900,5062,2014,2025-03-06,27357,Strong,Perdido
5901,5305,2036,2025-02-22,2907,Tryon,Proposta
5902,5332,2023,2025-05-20,27720,Unitite,Fechado ganho
5903,5232,2039,2025-06-18,2983,Unitite,Proposta
5904,5457,1009,2025-01-19,19616,Strong,Negociação
5905,5458,1059,2025-05-19,13829,Tryon,Perdido
5906,5254,2038,2025-06-26,28486,Tryon,Proposta
5907,5366,1020,2025-06-08,11590,Unitite,Fechado ganho
5908,5383,2017,2025-05-05,19325,Unitite,Proposta
5909,5443,2001,2025-02-26,19436,Strong,Negociação
5910,5187,1003,2025-04-20,7960,Unitite,Proposta
5911,5407,2020,2025-04-13,13707,Epikut,Fechado ganho
5912,5171,1059,2025-04-07,26522,Tryon,Fechado ganho
5913,5351,2032,2025-03-08,6682,Strong,Negociação
5914,5342,1031,2025-03-07,4710,Tryon,Negociação
5915,5473,1012,2025-02-19,24537,Unitite,Proposta
5916,5232,2016,2025-05-19,12933,Strong,Negociação
5917,5242,1006,2025-03-15,7564,Unitite,Perdido
5918,5130,2020,2025-05-06,2022,Epikut,Negociação
5919,5265,2035,2025-03-09,18229,Epikut,Proposta
5920,5345,1052,2025-03-14,6641,Strong,Proposta
5921,5014,1031,2025-03-10,7339,Tryon,Negociação
5922,5206,1025,2025-03-06,19586,Epikut,Perdido
5923,5135,1007,2025-02-22,11157,Epikut,Fechado ganho
5924,5319,1043,2025-04-24,21955,Unitite,Negociação
5925,5441,1046,2025-03-27,24393,Strong,Proposta
5926,5295,1020,2025-02-17,28855,Epikut,Fechado ganho
5927,5326,2013,2025-05-14,19723,Unitite,Perdido
5928,5470,1037,2025-05-30,23544,Epikut,Fechado ganho
5929,5209,1054,2025-06-06,8599,Unitite,Fechado ganho
5930,5334,2030,2025-01-08,24117,Tryon,Perdido
5931,5006,2021,2025-04-22,13731,Strong,Fechado ganho
5932,5223,2031,2025-01-05,15833,Strong,Proposta
5933,5379,1047,2025-04-18,16332,Tryon,Fechado ganho
5934,5091,1016,2025-01-29,20813,Strong,Perdido
5935,5104,1051,2025-03-08,9520,Epikut,Fechado ganho
5936,5235,1046,2025-06-12,27512,Epikut,Negociação
5937,5336,1046,2025-02-17,15398,Tryon,Proposta
5938,5122,1025,2025-04-02,13893,Unitite,Proposta
5939,5274,2010,2025-03-29,4872,Tryon,Proposta
5940,5418,1033,2025-03-19,29425,Unitite,Perdido
5941,5134,1047,2025-04-09,16282,Strong,Proposta
5942,5263,1039,2025-01-07,26198,Unitite,Negociação
5943,5247,1033,2025-02-26,13802,Epikut,Proposta
5944,5038,2013,2025-02-18,19775,Tryon,Negociação
5945,5338,1055,2025-06-02,26807,Tryon,Perdido
5946,5027,1001,2025-01-18,3125,Unitite,Negociação
5947,5293,1039,2025-01-06,4343,Unitite,Proposta
5948,5139,1035,2025-05-09,20199,Unitite,Fechado ganho
5949,5246,1025,2025-01-03,18523,Epikut,Proposta
5950,5053,1047,2025-01-26,16782,Unitite,Fechado ganho
5951,5042,1003,2025-01-13,21913,Strong,Fechado ganho
5952,5064,2008,2025-05-09,28380,Epikut,Fechado ganho
5953,5169,1001,2025-03-13,2509,Tryon,Fechado ganho
5954,5226,2034,2025-03-04,4273,Epikut,Proposta
5955,5036,2001,2025-03-25,12074,Unitite,Perdido
5956,5111,2039,2025-05-29,2714,Epikut,Negociação
5957,5244,1043,2025-01-09,7060,Epikut,Proposta
5958,5068,1007,2025-04-19,7362,Strong,Proposta
5959,5322,2037,2025-04-13,27856,Strong,Fechado ganho
5960,5036,1001,2025-03-25,10609,Tryon,Negociação
5961,5013,1015,2025-04-21,29582,Unitite,Negociação
5962,5017,2007,2025-02-11,18787,Epikut,Perdido
5963,5351,1040,2025-05-10,23953,Epikut,Negociação
5964,5440,1011,2025-05-14,28187,Strong,Negociação
5965,5488,1054,2025-01-17,28872,Unitite,Fechado ganho
5966,5422,2010,2025-01-28,23306,Tryon,Perdido
5967,5371,1031,2025-06-06,17973,Tryon,Fechado ganho
5968,5007,1027,2025-01-31,3066,Epikut,Proposta
5969,5167,1030,2025-03-24,18739,Unitite,Proposta
5970,5328,1039,2025-04-15,17462,Unitite,Negociação
5971,5425,2035,2025-06-04,25572,Tryon,Perdido
5972,5338,2025,2025-06-04,5341,Strong,Negociação
5973,5232,2006,2025-06-17,12844,Unitite,Perdido
5974,5422,2023,2025-06-11,9902,Epikut,Perdido
5975,5387,2009,2025-04-05,22748,Unitite,Proposta
5976,5015,2034,2025-02-06,20586,Epikut,Perdido
5977,5307,1057,2025-03-08,25258,Unitite,Perdido
5978,5328,2026,2025-04-13,8121,Strong,Fechado ganho
5979,5060,1058,2025-05-17,6259,Tryon,Perdido
5980,5150,1006,2025-01-05,26995,Unitite,Proposta
5981,5114,2015,2025-06-07,5057,Epikut,Fechado ganho
5982,5231,1044,2025-01-12,29910,Tryon,Proposta
5983,5413,2020,2025-04-06,16916,Epikut,Negociação
5984,5270,1046,2025-05-10,2316,Unitite,Perdido
5985,5025,1054,2025-04-25,3565,Epikut,Negociação
5986,5402,1046,2025-04-03,11541,Unitite,Perdido
5987,5035,2021,2025-04-28,9236,Tryon,Fechado ganho
5988,5371,1029,2025-04-11,9276,Unitite,Negociação
5989,5300,2030,2025-01-18,12456,Epikut,Negociação
5990,5391,2035,2025-03-27,8262,Epikut,Proposta
5991,5113,1022,2025-02-14,15003,Strong,Proposta
5992,5018,1012,2025-01-09,7274,Unitite,Perdido
5993,5093,2029,2025-02-17,21124,Epikut,Perdido
5994,5430,2013,2025-05-25,12321,Epikut,Perdido
5995,5358,2023,2025-03-02,9081,Unitite,Fechado ganho
5996,5182,2038,2025-04-27,15755,Epikut,Perdido
5997,5204,2002,2025-05-21,9056,Tryon,Proposta
5998,5095,1023,2025-04-16,27000,Unitite,Proposta
5999,5002,1042,2025-01-15,8965,Epikut,Perdido
6000,5472,1030,2025-06-09,11205,Epikut,Perdido
6001,5287,1034,2025-04-09,22067,Epikut,Negociação
6002,5342,1036,2025-01-22,27358,Strong,Fechado ganho
6003,5244,1025,2025-04-17,12616,Unitite,Perdido
6004,5381,2032,2025-03-04,27958,Unitite,Negociação
6005,5483,1037,2025-02-05,18523,Unitite,Perdido
6006,5369,2037,2025-04-16,20845,Tryon,Negociação
6007,5026,1027,2025-04-12,25656,Strong,Perdido
6008,5339,1044,2025-01-05,20111,Epikut,Fechado ganho
6009,5309,2010,2025-05-24,23498,Strong,Perdido
6010,5306,1046,2025-03-29,14123,Strong,Fechado ganho
6011,5351,1041,2025-04-09,3144,Strong,Perdido
6012,5209,2009,2025-03-27,17242,Epikut,Proposta
6013,5377,2017,2025-05-10,7672,Unitite,Perdido
6014,5107,2024,2025-01-06,17276,Unitite,Perdido
6015,5337,2038,2025-03-01,17719,Strong,Proposta
6016,5177,1042,2025-03-26,3166,Strong,Perdido
6017,5143,1016,2025-03-10,6776,Epikut,Perdido
6018,5091,1047,2025-04-05,7149,Epikut,Fechado ganho
6019,5113,2017,2025-04-02,11507,Unitite,Fechado ganho
6020,5336,2009,2025-02-01,26454,Epikut,Proposta
6021,5114,1010,2025-05-11,11607,Unitite,Proposta
6022,5041,2026,2025-01-22,14098,Unitite,Perdido
6023,5023,2023,2025-01-27,28265,Tryon,Negociação
6024,5049,1015,2025-01-21,23271,Epikut,Proposta
6025,5360,1050,2025-03-14,7450,Epikut,Fechado ganho
6026,5177,1031,2025-03-07,11483,Unitite,Proposta
6027,5479,1032,2025-04-04,29434,Unitite,Perdido
6028,5319,2001,2025-02-13,8166,Unitite,Negociação
6029,5027,1034,2025-05-06,17597,Epikut,Negociação
6030,5475,1057,2025-06-12,15547,Strong,Fechado ganho
6031,5333,1052,2025-06-09,26877,Unitite,Negociação
6032,5167,2027,2025-04-02,5565,Epikut,Perdido
6033,5454,1026,2025-04-06,8981,Strong,Proposta
6034,5021,1035,2025-03-01,28985,Epikut,Proposta
6035,5218,1038,2025-03-30,24184,Unitite,Perdido
6036,5196,1056,2025-02-03,29856,Tryon,Proposta
6037,5110,2023,2025-02-10,15236,Tryon,Proposta
6038,5215,2012,2025-04-22,10028,Unitite,Fechado ganho
6039,5111,1030,2025-02-23,12492,Strong,Perdido
6040,5312,2028,2025-05-12,3663,Epikut,Negociação
6041,5182,2001,2025-06-26,16630,Epikut,Fechado ganho
6042,5156,1056,2025-04-16,7238,Epikut,Perdido
6043,5063,1013,2025-01-06,13770,Unitite,Perdido
6044,5467,2017,2025-05-14,29982,Tryon,Perdido
6045,5364,2010,2025-01-27,12684,Epikut,Proposta
6046,5067,1033,2025-02-25,26088,Epikut,Negociação
6047,5332,1020,2025-04-03,8500,Strong,Perdido
6048,5431,2024,2025-03-12,11761,Tryon,Fechado ganho
6049,5065,1053,2025-05-28,14925,Epikut,Negociação
6050,5427,1025,2025-06-23,17960,Unitite,Perdido
6051,5325,2021,2025-05-25,22653,Strong,Negociação
6052,5500,1047,2025-02-01,27576,Tryon,Proposta
6053,5081,2028,2025-06-26,10816,Tryon,Proposta
6054,5123,1010,2025-01-19,14965,Strong,Proposta
6055,5463,1009,2025-05-10,16305,Strong,Perdido
6056,5009,1057,2025-05-09,22271,Epikut,Fechado ganho
6057,5143,1012,2025-01-16,17993,Epikut,Perdido
6058,5276,1016,2025-01-28,23125,Tryon,Proposta
6059,5485,2001,2025-03-31,15198,Unitite,Proposta
6060,5130,1054,2025-03-14,11212,Tryon,Proposta
6061,5250,2016,2025-04-01,10169,Unitite,Proposta
6062,5495,1049,2025-02-15,20149,Tryon,Fechado ganho
6063,5120,2021,2025-01-16,5714,Epikut,Fechado ganho
6064,5390,2013,2025-01-23,21847,Tryon,Proposta
6065,5394,1015,2025-01-02,9282,Epikut,Fechado ganho
6066,5326,2016,2025-04-09,18114,Unitite,Fechado ganho
6067,5384,1030,2025-01-12,11972,Tryon,Perdido
6068,5084,1007,2025-04-06,25171,Epikut,Fechado ganho
6069,5138,2034,2025-04-17,14201,Tryon,Proposta
6070,5367,1052,2025-01-22,15896,Epikut,Fechado ganho
6071,5134,1025,2025-02-21,17593,Strong,Fechado ganho
6072,5392,2032,2025-06-13,19773,Tryon,Negociação
6073,5388,2032,2025-03-09,20061,Strong,Perdido
6074,5473,1036,2025-03-24,7876,Tryon,Negociação
6075,5333,1003,2025-03-22,20108,Strong,Perdido
6076,5048,1028,2025-04-28,20414,Tryon,Negociação
6077,5019,1038,2025-03-04,4388,Epikut,Fechado ganho
6078,5393,1037,2025-05-12,28379,Strong,Perdido
6079,5035,1049,2025-03-28,18299,Tryon,Fechado ganho
6080,5440,2001,2025-02-10,3341,Unitite,Perdido
6081,5013,1042,2025-04-17,21987,Epikut,Proposta
6082,5008,2012,2025-04-13,7629,Epikut,Negociação
6083,5418,1049,2025-02-23,25865,Unitite,Perdido
6084,5074,1009,2025-06-09,19579,Epikut,Perdido
6085,5230,2008,2025-02-26,26290,Tryon,Perdido
6086,5217,1038,2025-06-02,7928,Tryon,Perdido
6087,5139,2033,2025-03-24,24549,Epikut,Perdido
6088,5042,2018,2025-02-11,2851,Unitite,Proposta
6089,5457,2006,2025-04-23,27856,Epikut,Negociação
6090,5333,2002,2025-05-07,6655,Epikut,Proposta
6091,5424,1013,2025-05-25,10366,Epikut,Perdido
6092,5050,2011,2025-02-16,21491,Epikut,Perdido
6093,5199,2031,2025-03-08,5240,Strong,Negociação
6094,5452,2016,2025-05-10,10857,Tryon,Negociação
6095,5074,1052,2025-05-25,13541,Strong,Proposta
6096,5055,2005,2025-05-30,7818,Unitite,Fechado ganho
6097,5213,2022,2025-06-08,28780,Tryon,Fechado ganho
6098,5238,1018,2025-06-04,24357,Epikut,Proposta
6099,5359,1031,2025-06-29,6065,Epikut,Proposta
6100,5220,2030,2025-02-15,22398,Tryon,Negociação
6101,5185,2032,2025-05-11,20544,Strong,Negociação
6102,5343,2011,2025-06-11,11123,Unitite,Negociação
6103,5325,1042,2025-03-12,6438,Tryon,Perdido
6104,5369,2021,2025-02-22,10842,Strong,Negociação
6105,5294,2032,2025-04-19,14833,Epikut,Fechado ganho
6106,5110,1030,2025-02-15,19323,Tryon,Negociação
6107,5137,2012,2025-06-26,10865,Epikut,Perdido
6108,5148,1014,2025-03-26,16675,Unitite,Proposta
6109,5418,2004,2025-04-27,13104,Unitite,Perdido
6110,5227,2021,2025-05-08,7904,Unitite,Proposta
6111,5331,2004,2025-01-18,29560,Strong,Negociação
6112,5455,1041,2025-03-05,29746,Epikut,Fechado ganho
6113,5288,1047,2025-06-16,25599,Epikut,Perdido
6114,5437,1017,2025-05-28,14614,Unitite,Negociação
6115,5440,2037,2025-02-01,15463,Unitite,Proposta
6116,5062,1048,2025-02-10,13151,Tryon,Negociação
6117,5018,1005,2025-04-28,26609,Unitite,Negociação
6118,5445,2020,2025-05-07,2546,Tryon,Fechado ganho
6119,5247,1013,2025-06-29,26966,Epikut,Proposta
6120,5455,2007,2025-06-26,9491,Epikut,Fechado ganho
6121,5417,1015,2025-01-23,12105,Unitite,Proposta
6122,5148,2021,2025-03-14,13720,Unitite,Perdido
6123,5382,1058,2025-02-25,12343,Strong,Proposta
6124,5079,1006,2025-05-09,6703,Unitite,Proposta
6125,5339,1016,2025-05-23,15265,Tryon,Perdido
6126,5384,2008,2025-06-12,7135,Strong,Perdido
6127,5476,2010,2025-05-18,26659,Epikut,Proposta
6128,5490,2036,2025-03-22,8814,Epikut,Fechado ganho
6129,5343,2011,2025-06-23,3813,Strong,Negociação
6130,5147,2028,2025-06-21,15595,Strong,Fechado ganho
6131,5236,1039,2025-04-14,22263,Tryon,Fechado ganho
6132,5279,2005,2025-06-17,2052,Tryon,Fechado ganho
6133,5106,1029,2025-06-08,22465,Unitite,Negociação
6134,5192,2025,2025-02-06,24717,Strong,Fechado ganho
6135,5155,1047,2025-04-15,21481,Epikut,Proposta
6136,5146,2030,2025-02-24,26135,Epikut,Negociação
6137,5037,1050,2025-02-28,15510,Unitite,Negociação
6138,5096,1023,2025-05-22,9560,Epikut,Proposta
6139,5480,1004,2025-05-31,24430,Epikut,Fechado ganho
6140,5330,1054,2025-05-07,2461,Unitite,Negociação
6141,5268,2004,2025-03-13,24660,Strong,Perdido
6142,5064,2015,2025-06-29,8503,Strong,Proposta
6143,5499,1018,2025-06-05,24400,Unitite,Fechado ganho
6144,5259,2036,2025-04-06,13167,Epikut,Perdido
6145,5114,2009,2025-05-07,19315,Unitite,Fechado ganho
6146,5035,1056,2025-01-19,10459,Tryon,Negociação
6147,5248,1052,2025-02-11,25193,Strong,Fechado ganho
6148,5033,2024,2025-01-08,9385,Unitite,Proposta
6149,5283,1043,2025-01-29,28645,Strong,Negociação
6150,5314,1022,2025-05-25,3283,Strong,Perdido
6151,5049,2035,2025-03-20,15744,Strong,Negociação
6152,5344,1010,2025-05-28,26193,Strong,Perdido
6153,5065,1043,2025-01-12,20843,Tryon,Negociação
6154,5191,2040,2025-03-11,18407,Tryon,Fechado ganho
6155,5454,1030,2025-06-11,21518,Tryon,Perdido
6156,5107,2017,2025-01-17,28801,Unitite,Proposta
6157,5282,2030,2025-04-23,10742,Tryon,Negociação
6158,5415,1012,2025-06-21,10257,Strong,Proposta
6159,5259,1027,2025-03-12,7176,Tryon,Negociação
6160,5428,2024,2025-05-31,27084,Tryon,Negociação
6161,5216,2027,2025-05-26,7564,Strong,Proposta
6162,5004,1027,2025-05-25,11876,Strong,Fechado ganho
6163,5006,1002,2025-03-28,5891,Epikut,Perdido
6164,5298,1056,2025-06-28,19595,Tryon,Negociação
6165,5141,1057,2025-04-20,23021,Tryon,Perdido
6166,5014,2034,2025-06-22,4132,Epikut,Perdido
6167,5313,1029,2025-05-10,25088,Epikut,Proposta
6168,5259,1034,2025-03-11,11299,Tryon,Fechado ganho
6169,5203,1022,2025-04-01,19155,Tryon,Negociação
6170,5290,1018,2025-05-26,22917,Epikut,Fechado ganho
6171,5008,1003,2025-04-29,22539,Strong,Fechado ganho
6172,5210,1056,2025-03-18,3282,Strong,Fechado ganho
6173,5230,1032,2025-01-06,17062,Tryon,Proposta
6174,5209,2019,2025-02-26,29855,Unitite,Negociação
6175,5055,1015,2025-06-03,15563,Strong,Negociação
6176,5255,2003,2025-05-07,2899,Epikut,Perdido
6177,5180,2020,2025-06-30,2646,Strong,Negociação
6178,5325,2018,2025-01-06,16471,Tryon,Fechado ganho
6179,5325,2026,2025-01-12,22807,Tryon,Perdido
6180,5372,2023,2025-06-19,2478,Tryon,Negociação
6181,5474,2027,2025-04-30,25344,Epikut,Negociação
6182,5166,1042,2025-03-20,25064,Strong,Negociação
6183,5435,1003,2025-04-12,7124,Strong,Proposta
6184,5440,1008,2025-04-24,24698,Unitite,Fechado ganho
6185,5001,2027,2025-05-20,16092,Strong,Fechado ganho
6186,5248,2016,2025-02-11,8585,Tryon,Perdido
6187,5019,1038,2025-06-22,25788,Unitite,Fechado ganho
6188,5005,1045,2025-02-16,7030,Epikut,Fechado ganho
6189,5195,1037,2025-02-16,11761,Tryon,Fechado ganho
6190,5294,2022,2025-02-11,10970,Unitite,Negociação
6191,5307,1049,2025-04-25,27867,Strong,Proposta
6192,5099,1052,2025-01-31,15335,Unitite,Perdido
6193,5445,1045,2025-01-03,12904,Epikut,Proposta
6194,5424,1033,2025-04-16,12826,Unitite,Perdido
6195,5259,1037,2025-06-23,26620,Unitite,Fechado ganho
6196,5125,1001,2025-03-29,4793,Unitite,Proposta
6197,5237,2037,2025-05-15,3201,Strong,Perdido
6198,5378,2019,2025-04-24,9918,Unitite,Fechado ganho
6199,5037,1056,2025-01-21,29601,Unitite,Negociação
6200,5390,1059,2025-01-23,6243,Epikut,Negociação
6201,5418,1053,2025-05-16,3914,Unitite,Fechado ganho
6202,5495,1029,2025-01-16,12879,Epikut,Perdido
6203,5370,1041,2025-01-17,12251,Epikut,Perdido
6204,5208,2005,2025-01-08,23425,Epikut,Fechado ganho
6205,5452,2038,2025-03-10,5433,Strong,Negociação
6206,5445,1051,2025-04-27,29294,Strong,Negociação
6207,5245,1008,2025-05-12,26537,Strong,Proposta
6208,5386,2005,2025-04-10,8322,Strong,Negociação
6209,5278,1027,2025-04-09,12057,Tryon,Proposta
6210,5364,1047,2025-03-15,24149,Epikut,Proposta
6211,5164,1053,2025-04-26,28138,Tryon,Negociação
6212,5251,1040,2025-03-22,25638,Epikut,Negociação
6213,5018,1024,2025-01-22,17624,Strong,Proposta
6214,5433,2017,2025-04-17,9179,Strong,Proposta
6215,5189,2014,2025-06-19,14559,Tryon,Perdido
6216,5140,1036,2025-05-24,25527,Tryon,Negociação
6217,5453,2029,2025-04-26,16034,Strong,Fechado ganho
6218,5017,2025,2025-06-21,16585,Strong,Proposta
6219,5228,2029,2025-05-15,12491,Tryon,Proposta
6220,5205,1011,2025-04-20,14912,Strong,Proposta
6221,5317,1025,2025-05-02,26046,Epikut,Negociação
6222,5336,2020,2025-02-15,24600,Epikut,Fechado ganho
6223,5185,1019,2025-03-01,16185,Epikut,Fechado ganho
6224,5424,2032,2025-01-24,9102,Strong,Proposta
6225,5415,1002,2025-03-15,11808,Strong,Perdido
6226,5398,2032,2025-06-28,6965,Strong,Fechado ganho
6227,5075,2011,2025-01-28,28363,Epikut,Perdido
6228,5262,1032,2025-06-13,27686,Strong,Perdido
6229,5404,1012,2025-03-01,7092,Epikut,Negociação
6230,5417,2018,2025-02-17,29639,Strong,Proposta
6231,5271,2035,2025-03-03,10943,Strong,Fechado ganho
6232,5040,1043,2025-03-24,10036,Tryon,Negociação
6233,5086,2032,2025-04-21,27544,Unitite,Negociação
6234,5357,1032,2025-05-06,20443,Unitite,Proposta
6235,5135,1019,2025-04-15,10878,Strong,Proposta
6236,5051,2040,2025-06-15,15590,Strong,Fechado ganho
6237,5088,1022,2025-03-03,20713,Tryon,Negociação
6238,5300,1017,2025-04-27,14623,Strong,Fechado ganho
6239,5159,2019,2025-01-22,15273,Unitite,Fechado ganho
6240,5415,1006,2025-06-26,3120,Epikut,Fechado ganho
6241,5323,2014,2025-01-10,26810,Unitite,Fechado ganho
6242,5163,1054,2025-02-19,3185,Epikut,Proposta
6243,5067,1037,2025-01-05,13044,Strong,Proposta
6244,5286,2009,2025-01-20,24783,Tryon,Proposta
6245,5231,1002,2025-03-12,7051,Epikut,Perdido
6246,5415,1017,2025-03-23,13693,Epikut,Negociação
6247,5226,1057,2025-02-23,24287,Strong,Negociação
6248,5136,2031,2025-04-01,5160,Strong,Proposta
6249,5330,1030,2025-01-28,9391,Unitite,Fechado ganho
6250,5097,1034,2025-02-05,19106,Unitite,Negociação
6251,5302,1048,2025-05-21,26960,Strong,Negociação
6252,5281,1034,2025-03-14,5594,Unitite,Negociação
6253,5105,1058,2025-01-15,6123,Strong,Proposta
6254,5496,1053,2025-05-21,3784,Unitite,Perdido
6255,5248,2011,2025-06-06,10914,Epikut,Fechado ganho
6256,5037,1031,2025-03-07,26285,Strong,Perdido
6257,5137,2036,2025-01-05,5614,Epikut,Fechado ganho
6258,5059,2024,2025-06-02,29229,Unitite,Fechado ganho
6259,5141,1030,2025-04-30,25374,Unitite,Proposta
6260,5087,1013,2025-01-31,12249,Tryon,Proposta
6261,5357,2022,2025-04-19,28722,Strong,Perdido
6262,5378,1054,2025-02-26,3092,Unitite,Negociação
6263,5387,2020,2025-06-18,26039,Epikut,Negociação
6264,5288,1023,2025-04-24,16147,Strong,Proposta
6265,5236,1003,2025-01-29,22992,Strong,Fechado ganho
6266,5205,1014,2025-04-14,6634,Strong,Fechado ganho
6267,5054,2028,2025-05-31,26487,Strong,Proposta
6268,5108,2032,2025-06-02,14080,Strong,Fechado ganho
6269,5304,1031,2025-05-25,15908,Tryon,Negociação
6270,5090,1027,2025-04-29,4583,Tryon,Perdido
6271,5082,2029,2025-05-25,28797,Epikut,Fechado ganho
6272,5288,1013,2025-04-03,2813,Tryon,Proposta
6273,5397,2001,2025-02-10,3668,Tryon,Fechado ganho
6274,5231,1016,2025-05-25,23147,Epikut,Fechado ganho
6275,5263,2014,2025-04-26,4487,Tryon,Negociação
6276,5448,2013,2025-05-26,28307,Strong,Negociação
6277,5375,2005,2025-04-19,27309,Tryon,Negociação
6278,5061,1026,2025-05-08,21431,Epikut,Proposta
6279,5210,2040,2025-06-17,8962,Epikut,Fechado ganho
6280,5257,1033,2025-05-23,26602,Unitite,Perdido
6281,5198,1007,2025-04-06,11306,Tryon,Fechado ganho
6282,5301,1025,2025-06-29,25470,Tryon,Fechado ganho
6283,5190,2033,2025-03-13,16844,Unitite,Fechado ganho
6284,5264,2018,2025-05-03,5514,Unitite,Perdido
6285,5335,1015,2025-06-10,16966,Unitite,Perdido
6286,5238,2011,2025-01-22,18507,Tryon,Proposta
6287,5293,2001,2025-01-27,3332,Tryon,Negociação
6288,5190,1054,2025-01-16,12955,Epikut,Perdido
6289,5368,1056,2025-01-25,29046,Unitite,Proposta
6290,5077,1051,2025-04-12,29477,Epikut,Perdido
6291,5145,1028,2025-04-22,5801,Unitite,Fechado ganho
6292,5236,2037,2025-04-21,25196,Unitite,Perdido
6293,5029,1002,2025-01-20,2140,Tryon,Perdido
6294,5237,2001,2025-01-11,22407,Epikut,Negociação
6295,5343,2012,2025-02-11,25153,Strong,Fechado ganho
6296,5286,2014,2025-04-12,2804,Tryon,Perdido
6297,5161,1037,2025-05-25,4622,Strong,Proposta
6298,5394,1039,2025-04-04,10758,Strong,Fechado ganho
6299,5132,1037,2025-06-17,6334,Tryon,Negociação
6300,5236,2020,2025-04-06,3990,Unitite,Perdido
6301,5441,1043,2025-02-12,24575,Epikut,Proposta
6302,5042,1005,2025-02-16,18876,Unitite,Proposta
6303,5326,1012,2025-04-14,25537,Epikut,Fechado ganho
6304,5133,1001,2025-01-21,2939,Epikut,Perdido
6305,5355,1029,2025-03-12,6381,Unitite,Negociação
6306,5278,1042,2025-05-09,14892,Unitite,Negociação
6307,5208,2016,2025-03-16,22313,Epikut,Fechado ganho
6308,5237,2033,2025-02-09,29922,Tryon,Proposta
6309,5068,2032,2025-03-12,17069,Tryon,Perdido
6310,5099,1029,2025-06-28,7264,Epikut,Fechado ganho
6311,5442,1011,2025-02-12,18545,Unitite,Perdido
6312,5365,1018,2025-01-21,6244,Tryon,Negociação
6313,5015,1053,2025-01-16,5859,Unitite,Proposta
6314,5238,1022,2025-04-24,17965,Strong,Proposta
6315,5101,1055,2025-04-04,19192,Epikut,Proposta
6316,5111,1056,2025-02-14,22308,Unitite,Perdido
6317,5247,2039,2025-02-19,23159,Unitite,Proposta
6318,5394,1033,2025-01-27,8504,Unitite,Proposta
6319,5458,2033,2025-01-27,19572,Tryon,Negociação
6320,5075,1007,2025-06-14,15391,Epikut,Proposta
6321,5148,2009,2025-06-05,11889,Tryon,Proposta
6322,5416,1031,2025-06-19,5979,Unitite,Fechado ganho
6323,5372,1026,2025-01-14,8740,Unitite,Negociação
6324,5252,1012,2025-02-11,22787,Epikut,Proposta
6325,5335,2005,2025-03-08,23944,Epikut,Fechado ganho
6326,5408,1006,2025-02-08,8504,Tryon,Perdido
6327,5338,2009,2025-01-28,3058,Unitite,Fechado ganho
6328,5286,1013,2025-04-22,26968,Unitite,Proposta
6329,5162,2025,2025-02-26,2606,Strong,Fechado ganho
6330,5413,2036,2025-03-10,14503,Strong,Proposta
6331,5196,1018,2025-03-28,29192,Unitite,Negociação
6332,5057,2016,2025-06-18,11953,Epikut,Perdido
6333,5139,2034,2025-04-03,11760,Strong,Proposta
6334,5224,2001,2025-02-01,11011,Epikut,Negociação
6335,5056,2007,2025-03-03,11928,Unitite,Perdido
6336,5476,1041,2025-05-26,20150,Epikut,Negociação
6337,5388,1059,2025-01-06,27354,Unitite,Fechado ganho
6338,5028,1018,2025-03-02,3808,Unitite,Negociação
6339,5415,2026,2025-02-19,9018,Unitite,Proposta
6340,5317,1021,2025-05-27,17521,Epikut,Proposta
6341,5209,1047,2025-05-28,12594,Unitite,Proposta
6342,5325,2024,2025-01-14,20006,Epikut,Proposta
6343,5403,1037,2025-01-22,6751,Strong,Perdido
6344,5493,1019,2025-03-26,27422,Strong,Negociação
6345,5241,1029,2025-04-18,26162,Tryon,Fechado ganho
6346,5080,1008,2025-03-27,7213,Tryon,Proposta
6347,5274,2029,2025-03-07,17003,Epikut,Fechado ganho
6348,5450,2020,2025-01-14,10169,Epikut,Fechado ganho
6349,5082,1055,2025-06-03,10778,Tryon,Fechado ganho
6350,5167,1058,2025-04-05,6184,Tryon,Perdido
6351,5056,1004,2025-06-02,6563,Epikut,Fechado ganho
6352,5211,1027,2025-03-03,14963,Unitite,Perdido
6353,5059,1022,2025-05-14,24776,Strong,Perdido
6354,5018,2007,2025-04-01,5939,Unitite,Negociação
6355,5230,2008,2025-01-04,13368,Unitite,Negociação
6356,5295,1024,2025-05-10,22301,Tryon,Perdido
6357,5249,2009,2025-02-20,11091,Unitite,Fechado ganho
6358,5436,2033,2025-04-14,21559,Tryon,Fechado ganho
6359,5089,1040,2025-02-20,17817,Epikut,Perdido
6360,5254,2019,2025-04-26,18097,Tryon,Fechado ganho
6361,5015,2023,2025-01-05,27660,Epikut,Proposta
6362,5221,2027,2025-04-09,23713,Unitite,Perdido
6363,5498,1052,2025-04-03,14227,Unitite,Perdido
6364,5360,1056,2025-02-04,7802,Epikut,Perdido
6365,5375,1046,2025-02-26,22697,Strong,Fechado ganho
6366,5161,1011,2025-03-16,23800,Unitite,Perdido
6367,5474,2002,2025-01-06,22574,Epikut,Proposta
6368,5026,1028,2025-05-17,18364,Unitite,Fechado ganho
6369,5013,1055,2025-02-11,3777,Tryon,Negociação
6370,5145,2022,2025-04-10,2983,Strong,Perdido
6371,5253,1056,2025-02-03,10670,Strong,Perdido
6372,5130,1041,2025-06-09,4875,Strong,Fechado ganho
6373,5412,1037,2025-01-21,4876,Epikut,Fechado ganho
6374,5071,2022,2025-04-15,6933,Strong,Negociação
6375,5157,2003,2025-02-15,16248,Unitite,Fechado ganho
6376,5060,1055,2025-05-08,18861,Strong,Proposta
6377,5331,1056,2025-02-11,20781,Epikut,Fechado ganho
6378,5080,1036,2025-05-18,16846,Epikut,Perdido
6379,5049,1044,2025-02-03,16785,Strong,Perdido
6380,5302,1020,2025-03-29,10906,Epikut,Proposta
6381,5469,1006,2025-03-05,21418,Unitite,Negociação
6382,5294,2039,2025-06-12,29772,Epikut,Perdido
6383,5397,1003,2025-05-04,24134,Unitite,Negociação
6384,5186,1017,2025-06-15,15745,Unitite,Negociação
6385,5423,2005,2025-03-26,20101,Tryon,Fechado ganho
6386,5471,1025,2025-06-26,26016,Unitite,Negociação
6387,5433,1013,2025-02-20,6897,Strong,Fechado ganho
6388,5283,2022,2025-01-20,4250,Unitite,Negociação
6389,5457,1057,2025-05-27,17056,Unitite,Fechado ganho
6390,5122,2011,2025-01-12,23556,Tryon,Perdido
6391,5025,1030,2025-04-07,17150,Epikut,Perdido
6392,5176,2037,2025-03-31,7822,Tryon,Fechado ganho
6393,5028,1019,2025-02-19,18371,Strong,Fechado ganho
6394,5107,1019,2025-03-11,13288,Unitite,Proposta
6395,5286,2014,2025-05-27,11087,Tryon,Perdido
6396,5351,1048,2025-01-21,14243,Strong,Negociação
6397,5476,1006,2025-03-30,13465,Tryon,Negociação
6398,5484,2010,2025-02-09,16052,Unitite,Proposta
6399,5254,2016,2025-06-23,29965,Epikut,Proposta
6400,5194,1030,2025-02-05,19968,Epikut,Proposta
6401,5017,1032,2025-05-21,26663,Strong,Fechado ganho
6402,5189,2026,2025-05-17,5455,Epikut,Negociação
6403,5145,1020,2025-04-01,25454,Tryon,Proposta
6404,5433,1053,2025-02-28,2227,Strong,Perdido
6405,5180,1052,2025-06-18,26506,Tryon,Negociação
6406,5160,2003,2025-01-04,29910,Epikut,Perdido
6407,5500,2035,2025-04-17,23029,Tryon,Negociação
6408,5401,2020,2025-04-11,15115,Tryon,Fechado ganho
6409,5339,1023,2025-03-16,21463,Strong,Proposta
6410,5406,2031,2025-03-04,18553,Epikut,Proposta
6411,5463,1047,2025-02-21,20513,Epikut,Fechado ganho
6412,5359,2032,2025-04-18,20003,Epikut,Perdido
6413,5226,2005,2025-06-02,29789,Tryon,Proposta
6414,5346,1026,2025-06-22,13169,Tryon,Negociação
6415,5214,1054,2025-02-11,24493,Epikut,Fechado ganho
6416,5180,1014,2025-01-15,3738,Strong,Fechado ganho
6417,5051,1019,2025-01-08,11848,Unitite,Perdido
6418,5447,1029,2025-05-31,8841,Strong,Perdido
6419,5313,1037,2025-02-23,24994,Tryon,Proposta
6420,5221,2004,2025-05-29,18040,Epikut,Fechado ganho
6421,5270,1026,2025-06-01,6594,Tryon,Fechado ganho
6422,5080,1007,2025-06-21,11965,Epikut,Perdido
6423,5353,1002,2025-03-23,17139,Tryon,Fechado ganho
6424,5426,1007,2025-01-31,2384,Unitite,Fechado ganho
6425,5218,2030,2025-06-23,15187,Tryon,Negociação
6426,5069,1041,2025-05-30,28540,Unitite,Fechado ganho
6427,5406,1009,2025-03-24,12203,Tryon,Fechado ganho
6428,5104,1038,2025-02-06,25864,Tryon,Fechado ganho
6429,5123,1030,2025-03-21,3830,Epikut,Proposta
6430,5460,1016,2025-03-01,19694,Epikut,Proposta
6431,5340,2028,2025-01-27,7928,Epikut,Fechado ganho
6432,5176,1011,2025-06-04,6028,Strong,Proposta
6433,5108,2001,2025-06-03,10934,Strong,Perdido
6434,5003,1043,2025-02-03,18086,Unitite,Negociação
6435,5343,1049,2025-03-18,21143,Strong,Negociação
6436,5151,1050,2025-04-08,9393,Epikut,Proposta
6437,5209,1035,2025-06-11,12682,Unitite,Negociação
6438,5352,1035,2025-06-22,9766,Epikut,Negociação
6439,5086,2034,2025-04-21,3439,Tryon,Perdido
6440,5010,2015,2025-05-04,23868,Strong,Negociação
6441,5237,2015,2025-03-27,27377,Epikut,Negociação
6442,5348,1011,2025-04-04,27613,Strong,Proposta
6443,5190,1010,2025-02-10,2309,Strong,Fechado ganho
6444,5093,2006,2025-05-23,24127,Unitite,Proposta
6445,5286,2017,2025-04-04,2530,Tryon,Perdido
6446,5086,1050,2025-01-11,8260,Tryon,Proposta
6447,5092,1017,2025-06-25,26292,Tryon,Perdido
6448,5378,2012,2025-06-17,25621,Strong,Fechado ganho
6449,5382,2019,2025-04-15,14680,Unitite,Perdido
6450,5039,1045,2025-01-19,7837,Epikut,Negociação
6451,5307,1035,2025-06-29,7476,Tryon,Perdido
6452,5231,1024,2025-05-18,6960,Strong,Negociação
6453,5257,1046,2025-02-06,17210,Unitite,Fechado ganho
6454,5480,2034,2025-02-15,25176,Tryon,Fechado ganho
6455,5456,1011,2025-05-29,22826,Tryon,Fechado ganho
6456,5296,2003,2025-05-30,18241,Epikut,Fechado ganho
6457,5012,2010,2025-06-29,18558,Tryon,Proposta
6458,5225,2027,2025-01-31,3074,Unitite,Perdido
6459,5126,2007,2025-06-19,20156,Strong,Perdido
6460,5461,1055,2025-06-01,16438,Tryon,Perdido
6461,5096,2035,2025-03-30,11123,Tryon,Fechado ganho
6462,5482,1058,2025-01-01,5908,Unitite,Fechado ganho
6463,5127,1032,2025-03-30,16463,Tryon,Fechado ganho
6464,5035,2022,2025-01-08,7689,Tryon,Perdido
6465,5064,1051,2025-03-11,3632,Epikut,Negociação
6466,5462,1053,2025-04-24,23075,Unitite,Negociação
6467,5207,1038,2025-02-19,13024,Epikut,Fechado ganho
6468,5474,2022,2025-04-25,29478,Tryon,Proposta
6469,5001,1027,2025-01-10,10912,Epikut,Negociação
6470,5084,1009,2025-02-16,26582,Tryon,Proposta
6471,5239,1027,2025-04-12,25478,Epikut,Proposta
6472,5257,2023,2025-06-24,26994,Tryon,Fechado ganho
6473,5391,1026,2025-05-26,3950,Epikut,Perdido
6474,5086,2017,2025-03-26,22583,Unitite,Fechado ganho
6475,5239,2003,2025-05-06,13792,Epikut,Proposta
6476,5368,1044,2025-03-09,4981,Epikut,Perdido
6477,5110,1056,2025-03-16,10042,Unitite,Perdido
6478,5142,2008,2025-06-10,28509,Tryon,Proposta
6479,5441,1029,2025-03-26,23265,Epikut,Perdido
6480,5233,2011,2025-01-09,13399,Tryon,Proposta
6481,5362,1048,2025-04-13,26508,Tryon,Negociação
6482,5305,1018,2025-06-07,14109,Tryon,Perdido
6483,5270,1006,2025-03-30,3687,Tryon,Fechado ganho
6484,5275,1006,2025-01-01,5680,Strong,Fechado ganho
6485,5191,1023,2025-05-31,16954,Unitite,Perdido
6486,5144,2016,2025-06-25,20263,Epikut,Proposta
6487,5210,1047,2025-06-09,12651,Epikut,Fechado ganho
6488,5273,2015,2025-02-04,12799,Tryon,Fechado ganho
6489,5459,1026,2025-02-05,22181,Unitite,Perdido
6490,5306,1055,2025-05-01,2326,Strong,Negociação
6491,5378,2002,2025-04-26,14120,Tryon,Negociação
6492,5353,2018,2025-04-09,27268,Tryon,Fechado ganho
6493,5271,1059,2025-04-19,4789,Tryon,Fechado ganho
6494,5111,1028,2025-05-10,14600,Strong,Perdido
6495,5182,1025,2025-04-21,21594,Tryon,Fechado ganho
6496,5275,1042,2025-04-18,18372,Strong,Fechado ganho
6497,5476,2016,2025-05-06,11135,Epikut,Negociação
6498,5021,2002,2025-02-22,12945,Strong,Fechado ganho
6499,5244,2012,2025-06-23,7197,Strong,Proposta
6500,5163,2007,2025-01-24,14240,Epikut,Proposta
6501,5358,1034,2025-05-04,13447,Strong,Fechado ganho
6502,5002,1051,2025-03-04,17816,Tryon,Fechado ganho
6503,5127,1034,2025-05-17,26841,Strong,Perdido
6504,5030,1018,2025-05-02,6225,Strong,Fechado ganho
6505,5371,1024,2025-01-30,5049,Strong,Perdido
6506,5340,1002,2025-01-16,21347,Strong,Negociação
6507,5304,1009,2025-04-03,3924,Strong,Negociação
6508,5209,1027,2025-01-30,26705,Strong,Perdido
6509,5147,2025,2025-06-15,28869,Strong,Negociação
6510,5320,1034,2025-05-04,16745,Epikut,Negociação
6511,5115,2030,2025-06-26,28990,Strong,Negociação
6512,5181,1010,2025-03-01,9676,Unitite,Perdido
6513,5165,2002,2025-06-22,24029,Unitite,Fechado ganho
6514,5197,1045,2025-06-01,15958,Unitite,Fechado ganho
6515,5357,1024,2025-05-06,26419,Strong,Perdido
6516,5272,1019,2025-05-16,25782,Unitite,Perdido
6517,5452,1034,2025-05-15,9105,Unitite,Perdido
6518,5281,1047,2025-01-08,11758,Epikut,Proposta
6519,5213,1018,2025-06-23,28965,Strong,Fechado ganho
6520,5045,1015,2025-04-14,8982,Unitite,Proposta
6521,5035,2033,2025-04-26,18433,Tryon,Negociação
6522,5165,1059,2025-04-29,23978,Epikut,Negociação
6523,5441,1052,2025-03-21,22143,Strong,Proposta
6524,5457,2021,2025-03-07,24692,Strong,Perdido
6525,5059,1035,2025-06-19,4423,Epikut,Negociação
6526,5050,1050,2025-04-18,8590,Unitite,Negociação
6527,5064,2014,2025-03-27,7950,Tryon,Negociação
6528,5031,1029,2025-01-28,23800,Unitite,Negociação
6529,5173,1042,2025-02-18,15002,Strong,Fechado ganho
6530,5492,1002,2025-01-13,22778,Unitite,Fechado ganho
6531,5248,1007,2025-05-12,23249,Tryon,Perdido
6532,5148,1058,2025-04-12,23491,Strong,Negociação
6533,5302,1026,2025-06-21,14450,Strong,Proposta
6534,5433,2014,2025-05-26,21594,Tryon,Proposta
6535,5271,2001,2025-06-27,27639,Unitite,Perdido
6536,5052,2004,2025-02-04,12304,Epikut,Negociação
6537,5369,2003,2025-06-13,22719,Tryon,Fechado ganho
6538,5202,1021,2025-06-06,24651,Tryon,Negociação
6539,5326,1012,2025-01-04,23038,Strong,Fechado ganho
6540,5331,1001,2025-05-11,7653,Unitite,Negociação
6541,5068,2001,2025-01-07,3418,Epikut,Negociação
6542,5148,1036,2025-03-27,21250,Tryon,Perdido
6543,5183,1003,2025-04-11,12430,Tryon,Perdido
6544,5462,1046,2025-05-14,2780,Unitite,Fechado ganho
6545,5011,1020,2025-01-29,21305,Tryon,Fechado ganho
6546,5218,1048,2025-03-22,17563,Strong,Fechado ganho
6547,5265,2029,2025-05-15,8233,Strong,Proposta
6548,5033,1009,2025-03-13,8162,Epikut,Perdido
6549,5494,2010,2025-05-26,20567,Unitite,Negociação
6550,5106,2010,2025-03-21,2497,Unitite,Fechado ganho
6551,5268,2015,2025-06-03,29966,Unitite,Proposta
6552,5480,2033,2025-01-28,24945,Epikut,Proposta
6553,5179,1048,2025-03-30,19591,Tryon,Fechado ganho
6554,5445,1052,2025-01-26,10073,Strong,Fechado ganho
6555,5028,1056,2025-02-08,20109,Strong,Negociação
6556,5340,1026,2025-04-08,23942,Tryon,Fechado ganho
6557,5280,2036,2025-04-16,12783,Epikut,Fechado ganho
6558,5372,1059,2025-03-25,4071,Tryon,Perdido
6559,5398,2034,2025-02-03,8250,Epikut,Fechado ganho
6560,5176,2011,2025-03-21,14919,Unitite,Proposta
6561,5170,2035,2025-03-07,11661,Tryon,Proposta
6562,5290,1018,2025-06-23,16730,Unitite,Perdido
6563,5228,1023,2025-05-13,5994,Unitite,Negociação
6564,5105,1051,2025-01-10,17471,Epikut,Proposta
6565,5353,2011,2025-06-02,10046,Epikut,Perdido
6566,5463,1028,2025-04-04,20673,Strong,Fechado ganho
6567,5317,1052,2025-06-24,26575,Strong,Fechado ganho
6568,5049,1052,2025-02-07,29729,Strong,Negociação
6569,5241,2028,2025-05-18,14732,Strong,Fechado ganho
6570,5345,1029,2025-05-05,13913,Unitite,Fechado ganho
6571,5059,1030,2025-02-27,16687,Unitite,Perdido
6572,5012,1050,2025-06-07,15581,Strong,Fechado ganho
6573,5058,2040,2025-01-09,26623,Tryon,Perdido
6574,5220,2040,2025-05-31,8345,Epikut,Fechado ganho
6575,5265,1013,2025-05-05,7219,Tryon,Perdido
6576,5472,2040,2025-06-14,5921,Epikut,Negociação
6577,5495,2013,2025-06-16,4619,Strong,Fechado ganho
6578,5215,1056,2025-05-05,22775,Tryon,Perdido
6579,5298,1057,2025-01-14,23256,Tryon,Negociação
6580,5245,2040,2025-02-04,20602,Unitite,Negociação
6581,5091,2014,2025-01-18,11487,Unitite,Negociação
6582,5231,2016,2025-04-10,7524,Epikut,Fechado ganho
6583,5162,2027,2025-03-01,9941,Epikut,Proposta
6584,5261,2019,2025-05-10,17762,Strong,Negociação
6585,5405,1007,2025-04-12,5935,Tryon,Negociação
6586,5161,1038,2025-01-21,8919,Unitite,Negociação
6587,5408,1031,2025-04-25,20932,Tryon,Fechado ganho
6588,5331,2013,2025-01-23,24083,Strong,Proposta
6589,5004,1007,2025-04-20,5286,Epikut,Negociação
6590,5464,1007,2025-05-20,26020,Unitite,Proposta
6591,5394,2007,2025-03-11,7217,Strong,Proposta
6592,5072,1043,2025-01-14,7370,Unitite,Perdido
6593,5292,1043,2025-02-22,23940,Unitite,Fechado ganho
6594,5151,1058,2025-02-01,27445,Strong,Proposta
6595,5431,2005,2025-05-03,12254,Tryon,Fechado ganho
6596,5075,2023,2025-05-07,29093,Strong,Proposta
6597,5223,1001,2025-06-26,23406,Strong,Perdido
6598,5491,1036,2025-06-18,7145,Strong,Proposta
6599,5009,2020,2025-03-11,23567,Epikut,Proposta
6600,5088,1054,2025-05-09,9981,Tryon,Negociação
6601,5240,2015,2025-06-20,26891,Strong,Proposta
6602,5218,1020,2025-02-04,10857,Strong,Proposta
6603,5127,1047,2025-06-25,27548,Epikut,Negociação
6604,5169,2011,2025-06-05,6792,Tryon,Fechado ganho
6605,5472,1046,2025-05-08,18874,Epikut,Negociação
6606,5101,2034,2025-02-19,6508,Strong,Fechado ganho
6607,5111,1054,2025-03-28,15400,Epikut,Negociação
6608,5200,1050,2025-01-12,9179,Strong,Proposta
6609,5461,2017,2025-06-21,10277,Epikut,Perdido
6610,5446,1048,2025-03-14,5617,Tryon,Proposta
6611,5440,2040,2025-02-14,7329,Epikut,Fechado ganho
6612,5085,2027,2025-01-27,19517,Strong,Perdido
6613,5189,2022,2025-04-27,12326,Unitite,Proposta
6614,5415,1035,2025-06-08,5279,Unitite,Proposta
6615,5024,2029,2025-04-13,5824,Epikut,Fechado ganho
6616,5125,2032,2025-04-14,13613,Epikut,Negociação
6617,5145,2004,2025-01-05,14790,Epikut,Negociação
6618,5041,1009,2025-01-02,15797,Epikut,Perdido
6619,5353,2023,2025-04-01,22156,Unitite,Perdido
6620,5002,1024,2025-03-05,26212,Strong,Fechado ganho
6621,5420,1048,2025-05-08,15319,Epikut,Negociação
6622,5387,2026,2025-06-27,4165,Tryon,Proposta
6623,5095,1020,2025-05-08,14440,Epikut,Perdido
6624,5076,2020,2025-05-08,4270,Strong,Proposta
6625,5075,1051,2025-02-04,27505,Strong,Fechado ganho
6626,5045,1030,2025-03-04,18998,Strong,Fechado ganho
6627,5217,1027,2025-03-18,3282,Unitite,Negociação
6628,5300,2040,2025-02-25,24352,Strong,Perdido
6629,5311,1012,2025-01-07,11149,Epikut,Perdido
6630,5037,2010,2025-02-22,19781,Epikut,Proposta
6631,5099,2006,2025-05-19,27825,Epikut,Fechado ganho
6632,5239,1048,2025-01-02,11692,Epikut,Perdido
6633,5057,1042,2025-04-14,17186,Strong,Negociação
6634,5388,2005,2025-05-18,28042,Unitite,Fechado ganho
6635,5424,1052,2025-05-16,9373,Epikut,Perdido
6636,5333,2035,2025-06-24,26983,Epikut,Perdido
6637,5280,2002,2025-05-13,25410,Strong,Negociação
6638,5110,1046,2025-06-14,23340,Tryon,Fechado ganho
6639,5424,1010,2025-02-15,24145,Epikut,Fechado ganho
6640,5244,2030,2025-05-17,22902,Tryon,Negociação
6641,5267,2030,2025-06-08,14113,Epikut,Negociação
6642,5439,1003,2025-01-14,9638,Unitite,Fechado ganho
6643,5495,1011,2025-02-21,15651,Epikut,Negociação
6644,5150,2022,2025-03-21,26076,Unitite,Perdido
6645,5487,1054,2025-02-08,25263,Tryon,Fechado ganho
6646,5197,2009,2025-03-08,20268,Epikut,Negociação
6647,5455,1001,2025-01-13,23446,Unitite,Negociação
6648,5165,2038,2025-06-11,12076,Unitite,Perdido
6649,5383,1016,2025-01-19,3892,Epikut,Fechado ganho
6650,5174,2002,2025-04-03,26389,Tryon,Perdido
6651,5320,2032,2025-04-11,20352,Strong,Perdido
6652,5450,2019,2025-05-27,3059,Tryon,Fechado ganho
6653,5441,1014,2025-04-10,4144,Epikut,Proposta
6654,5414,2025,2025-01-23,22192,Unitite,Perdido
6655,5124,2018,2025-01-29,4227,Tryon,Fechado ganho
6656,5394,2032,2025-01-03,10057,Unitite,Fechado ganho
6657,5237,2030,2025-04-16,10114,Epikut,Perdido
6658,5486,2017,2025-01-07,4929,Epikut,Fechado ganho
6659,5092,1018,2025-02-16,4377,Strong,Fechado ganho
6660,5155,1038,2025-01-27,24761,Strong,Fechado ganho
6661,5246,1001,2025-04-19,4378,Unitite,Perdido
6662,5312,1049,2025-05-21,13544,Unitite,Proposta
6663,5205,1027,2025-03-19,7457,Tryon,Negociação
6664,5112,1040,2025-03-02,15941,Epikut,Negociação
6665,5423,1014,2025-02-20,25728,Tryon,Fechado ganho
6666,5027,2024,2025-03-27,10252,Strong,Fechado ganho
6667,5320,1013,2025-04-16,27886,Epikut,Negociação
6668,5157,1013,2025-04-02,25744,Epikut,Perdido
6669,5380,2009,2025-02-20,25900,Unitite,Fechado ganho
6670,5070,2028,2025-06-15,24610,Tryon,Perdido
6671,5033,2019,2025-04-28,6556,Strong,Negociação
6672,5023,1048,2025-05-22,26703,Unitite,Fechado ganho
6673,5147,1030,2025-02-26,12106,Epikut,Proposta
6674,5050,1013,2025-02-14,29500,Unitite,Negociação
6675,5331,2036,2025-05-29,17156,Epikut,Fechado ganho
6676,5228,2023,2025-04-17,26445,Strong,Perdido
6677,5483,2024,2025-05-14,2514,Unitite,Fechado ganho
6678,5297,1045,2025-04-13,5166,Tryon,Proposta
6679,5431,2024,2025-06-09,13794,Unitite,Perdido
6680,5195,1034,2025-06-13,24671,Tryon,Perdido
6681,5413,2002,2025-01-26,29320,Unitite,Perdido
6682,5454,1058,2025-05-28,20700,Tryon,Perdido
6683,5106,2036,2025-06-14,21890,Unitite,Fechado ganho
6684,5016,2013,2025-03-16,22141,Unitite,Negociação
6685,5465,1037,2025-03-31,10554,Strong,Perdido
6686,5440,2038,2025-03-04,23785,Strong,Fechado ganho
6687,5281,2025,2025-05-27,14278,Strong,Proposta
6688,5391,1050,2025-04-19,21330,Strong,Perdido
6689,5398,2036,2025-03-03,5674,Tryon,Fechado ganho
6690,5004,1003,2025-01-03,27368,Epikut,Negociação
6691,5223,1016,2025-02-10,18039,Strong,Negociação
6692,5330,1004,2025-03-25,20800,Epikut,Perdido
6693,5398,1058,2025-05-08,27646,Unitite,Proposta
6694,5247,1019,2025-01-01,5851,Epikut,Fechado ganho
6695,5126,2002,2025-06-27,24194,Unitite,Proposta
6696,5062,2034,2025-04-09,20925,Tryon,Proposta
6697,5289,1019,2025-01-25,14348,Epikut,Fechado ganho
6698,5137,1023,2025-01-29,9998,Tryon,Proposta
6699,5349,2014,2025-03-20,29097,Unitite,Fechado ganho
6700,5392,1031,2025-05-30,25685,Epikut,Proposta
6701,5391,1026,2025-03-23,29207,Unitite,Proposta
6702,5161,1021,2025-04-08,9335,Strong,Perdido
6703,5327,2037,2025-01-22,5826,Tryon,Perdido
6704,5004,1003,2025-03-13,27060,Epikut,Perdido
6705,5403,2004,2025-06-21,13984,Unitite,Perdido
6706,5253,1011,2025-02-11,26221,Strong,Perdido
6707,5295,1054,2025-02-25,18418,Strong,Negociação
6708,5358,2010,2025-03-07,25968,Strong,Negociação
6709,5102,1054,2025-03-07,7202,Epikut,Perdido
6710,5404,1032,2025-04-22,8689,Epikut,Negociação
6711,5440,2037,2025-01-19,28683,Tryon,Fechado ganho
6712,5073,2022,2025-04-05,6934,Tryon,Fechado ganho
6713,5198,1030,2025-02-17,29171,Epikut,Fechado ganho
6714,5338,2008,2025-03-13,11284,Tryon,Fechado ganho
6715,5187,1031,2025-04-15,8348,Strong,Fechado ganho
6716,5255,2012,2025-03-17,2455,Tryon,Proposta
6717,5302,1031,2025-02-25,27510,Tryon,Fechado ganho
6718,5354,1047,2025-01-28,26551,Tryon,Perdido
6719,5391,2011,2025-03-13,14153,Unitite,Fechado ganho
6720,5217,2015,2025-06-11,29297,Strong,Perdido
6721,5133,2011,2025-05-14,3361,Epikut,Perdido
6722,5194,1059,2025-06-19,22747,Epikut,Proposta
6723,5138,2007,2025-06-10,5253,Epikut,Perdido
6724,5087,2035,2025-02-01,9377,Tryon,Negociação
6725,5296,1020,2025-01-19,9840,Tryon,Fechado ganho
6726,5188,1009,2025-01-17,19216,Epikut,Negociação
6727,5258,2037,2025-04-13,4821,Epikut,Perdido
6728,5312,2022,2025-03-11,21849,Unitite,Fechado ganho
6729,5428,1013,2025-05-29,24226,Tryon,Negociação
6730,5491,1013,2025-04-17,27150,Strong,Perdido
6731,5300,2024,2025-02-04,25410,Epikut,Perdido
6732,5432,1024,2025-04-22,21698,Epikut,Proposta
6733,5305,2029,2025-06-27,8774,Strong,Fechado ganho
6734,5301,2040,2025-03-08,14132,Strong,Proposta
6735,5183,1001,2025-03-20,13458,Strong,Perdido
6736,5338,1005,2025-03-26,26181,Unitite,Perdido
6737,5208,1015,2025-05-29,24103,Unitite,Proposta
6738,5123,1029,2025-05-30,25021,Epikut,Negociação
6739,5205,1009,2025-05-02,9084,Epikut,Proposta
6740,5451,1039,2025-02-14,22414,Epikut,Fechado ganho
6741,5173,1024,2025-02-05,18415,Strong,Perdido
6742,5192,1045,2025-06-28,23452,Strong,Negociação
6743,5072,2017,2025-02-23,7672,Unitite,Fechado ganho
6744,5085,2017,2025-06-29,25309,Tryon,Proposta
6745,5331,1015,2025-03-19,21576,Epikut,Perdido
6746,5455,2003,2025-02-24,5915,Strong,Negociação
6747,5104,2008,2025-03-28,16208,Tryon,Negociação
6748,5157,2008,2025-05-11,13648,Tryon,Proposta
6749,5147,2001,2025-06-21,22459,Tryon,Fechado ganho
6750,5333,1015,2025-06-15,20485,Tryon,Fechado ganho
6751,5025,2010,2025-06-04,28259,Epikut,Proposta
6752,5312,1059,2025-06-14,25134,Epikut,Fechado ganho
6753,5319,2010,2025-05-20,11513,Epikut,Fechado ganho
6754,5023,2001,2025-06-08,6676,Unitite,Fechado ganho
6755,5224,2024,2025-05-04,8777,Strong,Perdido
6756,5269,2003,2025-06-25,3021,Tryon,Negociação
6757,5172,1002,2025-01-26,9556,Tryon,Proposta
6758,5070,2008,2025-03-13,14806,Strong,Fechado ganho
6759,5182,2039,2025-03-09,20259,Strong,Proposta
6760,5312,1016,2025-02-14,17181,Strong,Perdido
6761,5448,2018,2025-02-13,6130,Tryon,Proposta
6762,5251,1049,2025-02-10,29483,Unitite,Fechado ganho
6763,5367,1022,2025-03-10,20647,Strong,Perdido
6764,5194,2031,2025-06-04,29700,Epikut,Proposta
6765,5473,1019,2025-05-02,5082,Epikut,Fechado ganho
6766,5404,1034,2025-05-21,22603,Epikut,Negociação
6767,5099,2040,2025-02-26,7566,Epikut,Perdido
6768,5413,1044,2025-02-24,14095,Epikut,Proposta
6769,5020,1035,2025-03-25,19391,Tryon,Proposta
6770,5436,2025,2025-05-18,2245,Epikut,Negociação
6771,5313,2023,2025-02-14,20590,Tryon,Fechado ganho
6772,5158,1033,2025-05-29,27266,Unitite,Fechado ganho
6773,5333,2033,2025-04-06,19457,Unitite,Proposta
6774,5421,2025,2025-01-06,24025,Unitite,Proposta
6775,5340,2021,2025-04-13,27645,Unitite,Proposta
6776,5027,2020,2025-05-03,28172,Unitite,Fechado ganho
6777,5192,1005,2025-03-26,3367,Tryon,Fechado ganho
6778,5164,2030,2025-01-17,14226,Unitite,Proposta
6779,5433,2027,2025-06-27,3326,Epikut,Perdido
6780,5362,2024,2025-06-01,3017,Tryon,Proposta
6781,5021,1032,2025-03-14,27738,Unitite,Negociação
6782,5253,2029,2025-04-15,10053,Unitite,Proposta
6783,5093,1030,2025-02-12,4205,Strong,Perdido
6784,5212,1007,2025-05-22,20889,Unitite,Fechado ganho
6785,5230,1045,2025-01-06,17693,Tryon,Fechado ganho
6786,5423,1054,2025-03-01,29040,Tryon,Perdido
6787,5259,1035,2025-02-06,9650,Unitite,Negociação
6788,5167,2022,2025-04-07,11556,Epikut,Fechado ganho
6789,5209,2001,2025-06-13,11510,Strong,Negociação
6790,5257,2039,2025-01-10,7704,Tryon,Proposta
6791,5014,1022,2025-05-18,11919,Tryon,Perdido
6792,5388,2008,2025-01-14,8916,Epikut,Fechado ganho
6793,5238,2006,2025-03-23,15659,Tryon,Fechado ganho
6794,5079,1003,2025-06-30,26582,Tryon,Proposta
6795,5449,2032,2025-02-20,5889,Strong,Negociação
6796,5213,2025,2025-01-03,23399,Unitite,Negociação
6797,5062,2023,2025-06-10,28340,Epikut,Perdido
6798,5124,1032,2025-04-25,10558,Strong,Proposta
6799,5398,2013,2025-01-23,23262,Strong,Negociação
6800,5236,1040,2025-02-06,2582,Tryon,Negociação
6801,5343,1016,2025-04-08,6801,Strong,Perdido
6802,5432,1059,2025-01-21,15168,Tryon,Negociação
6803,5427,1003,2025-01-28,23117,Strong,Fechado ganho
6804,5085,1052,2025-04-20,4765,Strong,Proposta
6805,5203,2001,2025-05-29,16305,Strong,Proposta
6806,5330,1022,2025-06-12,29754,Tryon,Negociação
6807,5132,2002,2025-01-01,22560,Strong,Perdido
6808,5321,1036,2025-03-11,25582,Strong,Negociação
6809,5142,1060,2025-06-09,7984,Strong,Negociação
6810,5084,2010,2025-01-27,28413,Epikut,Proposta
6811,5447,1030,2025-04-29,12024,Strong,Negociação
6812,5105,1030,2025-05-21,26290,Strong,Fechado ganho
6813,5198,1004,2025-02-14,11246,Unitite,Perdido
6814,5333,2016,2025-04-26,25998,Unitite,Negociação
6815,5380,1036,2025-01-12,3013,Epikut,Fechado ganho
6816,5161,1032,2025-02-26,15259,Unitite,Negociação
6817,5408,1011,2025-03-16,5341,Epikut,Perdido
6818,5228,1015,2025-03-23,25446,Epikut,Perdido
6819,5455,2009,2025-04-13,25776,Epikut,Negociação
6820,5193,2008,2025-06-24,11169,Strong,Perdido
6821,5137,1012,2025-01-19,29049,Epikut,Perdido
6822,5475,1038,2025-01-04,28104,Epikut,Negociação
6823,5365,2004,2025-06-05,29445,Tryon,Fechado ganho
6824,5158,2008,2025-02-02,5983,Unitite,Fechado ganho
6825,5361,1015,2025-01-14,21360,Strong,Negociação
6826,5004,2038,2025-05-10,11232,Tryon,Proposta
6827,5010,1001,2025-05-18,14869,Epikut,Fechado ganho
6828,5345,2010,2025-04-04,24804,Strong,Fechado ganho
6829,5063,2010,2025-02-09,9929,Epikut,Perdido
6830,5087,2032,2025-06-14,21378,Epikut,Proposta
6831,5323,2002,2025-01-26,14174,Strong,Negociação
6832,5048,2021,2025-03-25,19584,Strong,Fechado ganho
6833,5215,2035,2025-01-03,3602,Strong,Perdido
6834,5049,1029,2025-03-03,20816,Unitite,Negociação
6835,5418,1048,2025-01-06,29648,Strong,Proposta
6836,5075,2040,2025-02-21,13604,Epikut,Perdido
6837,5044,1037,2025-03-01,16065,Strong,Fechado ganho
6838,5368,2023,2025-06-13,12240,Epikut,Perdido
6839,5252,1057,2025-05-06,6002,Unitite,Proposta
6840,5354,1050,2025-04-11,6486,Strong,Negociação
6841,5419,2006,2025-04-05,8639,Strong,Perdido
6842,5496,2015,2025-06-20,17818,Strong,Perdido
6843,5406,1039,2025-03-07,5581,Strong,Fechado ganho
6844,5207,1051,2025-02-09,23065,Epikut,Fechado ganho
6845,5033,1021,2025-01-23,5413,Unitite,Fechado ganho
6846,5064,1025,2025-03-04,22873,Tryon,Fechado ganho
6847,5171,1031,2025-01-30,13322,Unitite,Negociação
6848,5208,2004,2025-06-24,12543,Epikut,Proposta
6849,5372,1041,2025-04-21,15244,Tryon,Perdido
6850,5284,1004,2025-01-24,8653,Strong,Proposta
6851,5168,2012,2025-01-13,19581,Unitite,Fechado ganho
6852,5178,1027,2025-06-08,17805,Tryon,Negociação
6853,5139,2026,2025-06-04,10084,Strong,Negociação
6854,5015,2028,2025-01-23,17218,Unitite,Proposta
6855,5327,2006,2025-06-01,3683,Unitite,Fechado ganho
6856,5167,1005,2025-03-19,11803,Strong,Negociação
6857,5444,2019,2025-04-16,21848,Epikut,Perdido
6858,5320,1040,2025-02-20,2739,Epikut,Perdido
6859,5175,2022,2025-03-11,25863,Epikut,Fechado ganho
6860,5091,1037,2025-02-05,24413,Epikut,Negociação
6861,5318,2011,2025-02-25,17017,Tryon,Fechado ganho
6862,5407,1045,2025-03-05,24272,Unitite,Perdido
6863,5249,2018,2025-03-18,20870,Unitite,Perdido
6864,5347,1049,2025-01-03,18185,Epikut,Proposta
6865,5019,2026,2025-03-04,22493,Unitite,Perdido
6866,5409,1016,2025-05-13,3138,Unitite,Proposta
6867,5208,1017,2025-06-24,15684,Tryon,Perdido
6868,5246,1043,2025-06-21,12714,Epikut,Fechado ganho
6869,5467,2016,2025-01-10,6121,Strong,Proposta
6870,5464,2019,2025-05-14,18312,Tryon,Fechado ganho
6871,5224,1007,2025-06-10,22050,Unitite,Proposta
6872,5142,1024,2025-02-13,5212,Strong,Negociação
6873,5261,2004,2025-06-20,7849,Epikut,Negociação
6874,5382,1017,2025-01-05,22009,Tryon,Proposta
6875,5491,1022,2025-05-06,21023,Unitite,Proposta
6876,5446,2013,2025-03-31,7479,Epikut,Proposta
6877,5342,1045,2025-04-02,5810,Epikut,Proposta
6878,5256,1056,2025-05-14,10051,Tryon,Perdido
6879,5265,1046,2025-04-24,23256,Strong,Fechado ganho
6880,5142,2034,2025-03-10,11722,Tryon,Negociação
6881,5198,1023,2025-01-16,4023,Tryon,Fechado ganho
6882,5331,1001,2025-05-15,5970,Epikut,Fechado ganho
6883,5176,2008,2025-03-27,4835,Unitite,Negociação
6884,5176,1004,2025-06-05,9050,Tryon,Perdido
6885,5028,2004,2025-03-08,17236,Strong,Negociação
6886,5306,2014,2025-04-10,2112,Unitite,Negociação
6887,5261,1030,2025-03-02,7897,Unitite,Negociação
6888,5272,1025,2025-02-08,17742,Strong,Negociação
6889,5452,2035,2025-04-16,17310,Tryon,Proposta
6890,5484,2003,2025-06-23,11667,Unitite,Fechado ganho
6891,5441,1043,2025-05-26,20269,Epikut,Fechado ganho
6892,5347,1005,2025-01-19,20654,Tryon,Proposta
6893,5199,2011,2025-04-23,7176,Unitite,Negociação
6894,5028,2004,2025-05-09,15968,Tryon,Perdido
6895,5412,2017,2025-03-28,20284,Unitite,Fechado ganho
6896,5439,1008,2025-04-05,5250,Strong,Perdido
6897,5431,1046,2025-06-23,6722,Tryon,Fechado ganho
6898,5090,1023,2025-04-22,29270,Strong,Perdido
6899,5431,1020,2025-02-07,12989,Unitite,Proposta
6900,5231,1045,2025-02-18,17853,Unitite,Perdido
6901,5191,2008,2025-02-25,11132,Epikut,Fechado ganho
6902,5135,1016,2025-03-11,9496,Strong,Proposta
6903,5309,2024,2025-05-04,10324,Epikut,Fechado ganho
6904,5065,1027,2025-04-16,2308,Epikut,Perdido
6905,5190,1052,2025-03-09,4558,Unitite,Perdido
6906,5321,2040,2025-03-08,3955,Epikut,Proposta
6907,5124,1049,2025-06-23,27330,Unitite,Perdido
6908,5026,2033,2025-02-22,21206,Tryon,Perdido
6909,5452,1025,2025-03-04,3814,Epikut,Proposta
6910,5290,1001,2025-01-12,27397,Tryon,Proposta
6911,5163,2029,2025-01-31,16961,Strong,Fechado ganho
6912,5457,1039,2025-06-26,20468,Epikut,Fechado ganho
6913,5098,2018,2025-06-25,23115,Tryon,Negociação
6914,5264,2021,2025-06-23,29308,Epikut,Negociação
6915,5188,2006,2025-05-16,3326,Tryon,Fechado ganho
6916,5072,2008,2025-04-04,26260,Epikut,Negociação
6917,5471,1011,2025-05-13,16755,Unitite,Fechado ganho
6918,5145,1046,2025-03-12,9533,Strong,Negociação
6919,5430,2018,2025-06-18,4358,Tryon,Perdido
6920,5359,2022,2025-01-22,18260,Unitite,Perdido
6921,5316,2038,2025-06-08,10656,Tryon,Perdido
6922,5191,1009,2025-01-21,4682,Unitite,Negociação
6923,5148,2026,2025-03-24,25196,Epikut,Perdido
6924,5229,1028,2025-03-29,3204,Epikut,Perdido
6925,5128,1022,2025-05-13,16880,Epikut,Negociação
6926,5097,2021,2025-01-27,22551,Strong,Negociação
6927,5086,1045,2025-05-28,25036,Unitite,Fechado ganho
6928,5362,2017,2025-02-08,5244,Tryon,Negociação
6929,5204,2004,2025-02-17,8082,Epikut,Proposta
6930,5369,1011,2025-02-14,7410,Epikut,Negociação
6931,5455,2031,2025-05-29,15344,Tryon,Proposta
6932,5128,1059,2025-05-24,15671,Epikut,Perdido
6933,5416,2001,2025-04-09,27929,Epikut,Negociação
6934,5408,2030,2025-05-16,17208,Unitite,Negociação
6935,5266,1012,2025-01-26,26337,Unitite,Proposta
6936,5276,1011,2025-01-21,15504,Tryon,Fechado ganho
6937,5110,1004,2025-02-21,2879,Strong,Negociação
6938,5295,2007,2025-06-01,24558,Strong,Fechado ganho
6939,5108,1038,2025-02-22,19244,Tryon,Perdido
6940,5419,2037,2025-05-11,16037,Unitite,Perdido
6941,5061,2033,2025-05-25,24715,Strong,Perdido
6942,5301,1020,2025-06-08,21470,Unitite,Fechado ganho
6943,5242,2034,2025-05-30,22987,Strong,Negociação
6944,5224,1020,2025-01-26,10644,Unitite,Negociação
6945,5320,2017,2025-02-04,21799,Tryon,Fechado ganho
6946,5032,2034,2025-04-10,5049,Epikut,Perdido
6947,5007,2028,2025-02-21,21326,Epikut,Perdido
6948,5399,1045,2025-02-04,6526,Strong,Fechado ganho
6949,5259,2011,2025-06-10,29773,Tryon,Perdido
6950,5482,1043,2025-05-17,6947,Tryon,Fechado ganho
6951,5374,1018,2025-02-18,27345,Tryon,Proposta
6952,5109,1006,2025-03-27,16898,Strong,Negociação
6953,5088,1020,2025-06-12,11215,Tryon,Fechado ganho
6954,5109,2019,2025-05-28,12377,Unitite,Proposta
6955,5373,2034,2025-05-12,16138,Tryon,Proposta
6956,5041,1054,2025-02-27,28586,Unitite,Negociação
6957,5158,1050,2025-06-09,3244,Tryon,Fechado ganho
6958,5204,1021,2025-02-18,22752,Tryon,Negociação
6959,5227,2019,2025-01-25,18350,Tryon,Perdido
6960,5269,1023,2025-02-24,15456,Unitite,Perdido
6961,5345,1021,2025-03-29,18537,Unitite,Proposta
6962,5050,1055,2025-03-07,16980,Epikut,Fechado ganho
6963,5124,2033,2025-01-18,15531,Tryon,Perdido
6964,5079,2014,2025-01-10,26494,Tryon,Negociação
6965,5358,2025,2025-05-29,10812,Epikut,Fechado ganho
6966,5323,2008,2025-05-22,10487,Strong,Perdido
6967,5185,1054,2025-03-07,22662,Epikut,Proposta
6968,5289,1034,2025-02-23,23621,Tryon,Proposta
6969,5242,2040,2025-06-02,15866,Epikut,Perdido
6970,5097,1031,2025-06-12,27224,Epikut,Perdido
6971,5297,1044,2025-03-12,18050,Epikut,Negociação
6972,5469,2021,2025-05-31,5408,Epikut,Perdido
6973,5147,2035,2025-03-15,28618,Unitite,Negociação
6974,5370,2015,2025-06-11,24394,Tryon,Fechado ganho
6975,5327,1029,2025-04-27,12625,Strong,Negociação
6976,5140,2005,2025-03-17,18345,Tryon,Fechado ganho
6977,5193,1027,2025-03-24,15437,Tryon,Negociação
6978,5403,2036,2025-06-28,20808,Tryon,Fechado ganho
6979,5294,1003,2025-04-30,26250,Unitite,Negociação
6980,5393,1025,2025-04-26,25359,Strong,Proposta
6981,5336,1014,2025-01-16,2295,Tryon,Proposta
6982,5428,2007,2025-01-06,8057,Unitite,Perdido
6983,5448,2040,2025-02-06,28947,Tryon,Proposta
6984,5368,2019,2025-03-30,12240,Tryon,Proposta
6985,5460,2023,2025-06-02,21893,Strong,Fechado ganho
6986,5422,1048,2025-02-16,3253,Tryon,Proposta
6987,5100,1052,2025-03-13,7241,Tryon,Fechado ganho
6988,5487,1049,2025-03-17,2835,Unitite,Proposta
6989,5206,2014,2025-03-11,8528,Tryon,Proposta
6990,5311,2018,2025-05-28,12694,Strong,Perdido
6991,5135,1018,2025-01-18,9010,Tryon,Proposta
6992,5244,2037,2025-02-07,28707,Tryon,Fechado ganho
6993,5426,2020,2025-06-16,28870,Strong,Perdido
6994,5394,2019,2025-04-20,19580,Strong,Negociação
6995,5394,1028,2025-04-13,11247,Unitite,Fechado ganho
6996,5147,1026,2025-03-26,13857,Strong,Fechado ganho
6997,5077,2034,2025-02-07,2975,Unitite,Perdido
6998,5446,2029,2025-06-24,4852,Tryon,Negociação
6999,5457,1031,2025-06-16,18568,Tryon,Proposta
7000,5027,1018,2025-03-03,22406,Tryon,Proposta
