id_visita,data,cliente_id,vendedor_id,tipo_visita,objetivo,status
1,2025-04-27,5083,1005,Online,Prospecção,Pendente
2,2025-05-01,5482,1056,Online,Pós-venda,Pendente
3,2025-03-23,5053,2026,Telefone,Negociação,Realizada
4,2025-05-19,5421,2034,Telefone,Pós-venda,Pendente
5,2025-03-11,5182,2007,Telefone,Negociação,Pendente
6,2025-05-01,5358,1024,Presencial,Negociação,Realizada
7,2025-01-20,5290,2019,Telefone,Pós-venda,Pendente
8,2025-03-03,5441,2031,Presencial,Pós-venda,Realizada
9,2025-02-03,5017,2019,Online,Prospecção,Realizada
10,2025-05-04,5056,1051,Telefone,Prospecção,Pendente
11,2025-02-18,5111,1041,Presencial,Pós-venda,Realizada
12,2025-06-20,5012,1021,Online,Pós-venda,Realizada
13,2025-05-02,5339,1025,Presencial,Negociação,Pendente
14,2025-05-23,5441,1029,Telefone,Prospecção,Pendente
15,2025-04-06,5122,1050,Online,Pós-venda,Realizada
16,2025-03-02,5064,1060,Presencial,Prospecção,Pendente
17,2025-03-25,5457,1046,Online,Prospecção,Pendente
18,2025-02-17,5367,1052,Telefone,Pós-venda,Pendente
19,2025-01-12,5098,2028,Telefone,Negociação,Pendente
20,2025-04-01,5438,2002,Telefone,Negociação,Realizada
21,2025-02-17,5376,1015,Telefone,Pós-venda,Pendente
22,2025-05-25,5176,1038,Telefone,Negociação,Pendente
23,2025-04-11,5436,1036,Online,Prospecção,Pendente
24,2025-02-05,5005,2022,Telefone,Negociação,Realizada
25,2025-01-07,5412,1008,Online,Negociação,Realizada
26,2025-01-19,5321,1054,Telefone,Pós-venda,Realizada
27,2025-05-19,5223,1026,Telefone,Pós-venda,Pendente
28,2025-02-07,5491,2038,Presencial,Prospecção,Realizada
29,2025-03-13,5142,1028,Telefone,Pós-venda,Pendente
30,2025-04-02,5495,2039,Telefone,Pós-venda,Pendente
31,2025-03-30,5049,2040,Online,Negociação,Realizada
32,2025-01-10,5016,2007,Telefone,Negociação,Realizada
33,2025-01-27,5490,1039,Online,Negociação,Pendente
34,2025-05-03,5276,2016,Online,Prospecção,Realizada
35,2025-06-30,5277,1060,Telefone,Pós-venda,Realizada
36,2025-05-26,5388,1036,Telefone,Negociação,Pendente
37,2025-02-20,5215,1030,Presencial,Negociação,Pendente
38,2025-01-24,5234,1023,Telefone,Negociação,Pendente
39,2025-01-24,5020,1051,Telefone,Negociação,Pendente
40,2025-03-10,5286,1009,Presencial,Negociação,Realizada
41,2025-03-05,5184,1024,Presencial,Pós-venda,Realizada
42,2025-03-08,5447,1038,Telefone,Prospecção,Pendente
43,2025-03-12,5076,1011,Online,Pós-venda,Realizada
44,2025-05-23,5299,1013,Online,Negociação,Pendente
45,2025-03-30,5155,2039,Presencial,Negociação,Pendente
46,2025-04-16,5133,1055,Telefone,Negociação,Pendente
47,2025-01-03,5264,1035,Telefone,Negociação,Realizada
48,2025-01-29,5055,2036,Presencial,Negociação,Pendente
49,2025-06-05,5162,2011,Presencial,Negociação,Pendente
50,2025-02-20,5078,2029,Presencial,Prospecção,Pendente
51,2025-06-03,5055,2006,Online,Prospecção,Pendente
52,2025-01-15,5012,2016,Telefone,Negociação,Pendente
53,2025-02-15,5418,2019,Telefone,Pós-venda,Realizada
54,2025-06-06,5275,1019,Online,Negociação,Pendente
55,2025-06-13,5312,2001,Presencial,Prospecção,Pendente
56,2025-03-14,5307,1027,Telefone,Negociação,Pendente
57,2025-06-22,5410,1001,Online,Pós-venda,Realizada
58,2025-01-01,5315,2001,Online,Prospecção,Realizada
59,2025-05-16,5464,1005,Online,Pós-venda,Realizada
60,2025-04-13,5065,1040,Presencial,Prospecção,Realizada
61,2025-04-04,5376,1024,Presencial,Prospecção,Realizada
62,2025-03-23,5051,2024,Online,Negociação,Realizada
63,2025-04-17,5429,1010,Presencial,Negociação,Pendente
64,2025-06-05,5013,2002,Telefone,Negociação,Pendente
65,2025-06-25,5086,1050,Presencial,Prospecção,Realizada
66,2025-05-06,5208,2018,Telefone,Negociação,Realizada
67,2025-06-12,5481,1026,Online,Negociação,Realizada
68,2025-04-22,5116,1008,Telefone,Prospecção,Pendente
69,2025-06-07,5136,1002,Telefone,Negociação,Realizada
70,2025-04-09,5430,1035,Presencial,Negociação,Realizada
71,2025-02-25,5113,1024,Telefone,Prospecção,Realizada
72,2025-01-19,5273,1019,Telefone,Pós-venda,Realizada
73,2025-05-14,5161,1023,Online,Pós-venda,Pendente
74,2025-01-23,5065,2029,Online,Prospecção,Realizada
75,2025-01-23,5231,2001,Presencial,Pós-venda,Realizada
76,2025-06-04,5301,1014,Telefone,Prospecção,Realizada
77,2025-05-02,5201,1042,Telefone,Prospecção,Realizada
78,2025-03-19,5007,1035,Presencial,Pós-venda,Realizada
79,2025-04-12,5173,1018,Telefone,Negociação,Pendente
80,2025-05-03,5255,1050,Online,Negociação,Realizada
81,2025-03-10,5420,1016,Presencial,Negociação,Realizada
82,2025-02-11,5403,2005,Online,Prospecção,Pendente
83,2025-03-13,5356,1001,Presencial,Negociação,Pendente
84,2025-04-25,5354,2016,Online,Pós-venda,Realizada
85,2025-06-20,5167,1001,Presencial,Prospecção,Realizada
86,2025-04-28,5266,1009,Online,Pós-venda,Pendente
87,2025-02-10,5353,2012,Presencial,Prospecção,Pendente
88,2025-02-13,5214,1020,Telefone,Pós-venda,Pendente
89,2025-03-17,5111,2017,Online,Negociação,Realizada
90,2025-06-25,5309,2004,Presencial,Negociação,Realizada
91,2025-06-01,5128,2022,Telefone,Pós-venda,Pendente
92,2025-05-28,5178,2038,Telefone,Negociação,Pendente
93,2025-04-23,5065,1006,Presencial,Prospecção,Realizada
94,2025-03-24,5201,2025,Online,Pós-venda,Realizada
95,2025-01-07,5366,1035,Presencial,Prospecção,Realizada
96,2025-02-22,5307,1034,Presencial,Pós-venda,Pendente
97,2025-03-12,5113,2038,Presencial,Negociação,Pendente
98,2025-01-05,5138,1004,Presencial,Pós-venda,Pendente
99,2025-05-27,5410,1056,Telefone,Prospecção,Pendente
100,2025-03-13,5079,1020,Online,Prospecção,Realizada
101,2025-06-19,5338,2027,Telefone,Pós-venda,Realizada
102,2025-06-16,5262,1008,Online,Prospecção,Pendente
103,2025-01-23,5479,2036,Telefone,Pós-venda,Pendente
104,2025-05-13,5015,2003,Telefone,Prospecção,Pendente
105,2025-02-02,5220,1032,Presencial,Pós-venda,Pendente
106,2025-02-14,5332,1006,Online,Pós-venda,Pendente
107,2025-02-11,5498,1055,Presencial,Pós-venda,Pendente
108,2025-02-01,5352,2007,Presencial,Pós-venda,Pendente
109,2025-04-11,5134,2038,Presencial,Prospecção,Pendente
110,2025-01-01,5359,1056,Telefone,Pós-venda,Pendente
111,2025-06-14,5339,2024,Presencial,Negociação,Pendente
112,2025-02-07,5474,2037,Presencial,Prospecção,Pendente
113,2025-05-19,5410,1055,Online,Pós-venda,Pendente
114,2025-06-08,5331,1015,Telefone,Prospecção,Realizada
115,2025-03-29,5228,2038,Online,Negociação,Realizada
116,2025-05-15,5394,1044,Online,Prospecção,Realizada
117,2025-03-12,5498,1044,Presencial,Pós-venda,Pendente
118,2025-04-18,5135,1034,Online,Prospecção,Realizada
119,2025-04-28,5230,1035,Telefone,Prospecção,Pendente
120,2025-01-07,5447,1027,Online,Prospecção,Realizada
121,2025-05-19,5206,2010,Telefone,Prospecção,Realizada
122,2025-01-07,5128,1015,Presencial,Pós-venda,Pendente
123,2025-02-23,5236,1031,Online,Pós-venda,Realizada
124,2025-05-12,5248,2003,Telefone,Negociação,Realizada
125,2025-03-13,5296,2008,Telefone,Prospecção,Pendente
126,2025-05-22,5165,2028,Online,Prospecção,Pendente
127,2025-06-20,5489,1021,Presencial,Pós-venda,Pendente
128,2025-03-14,5178,1020,Presencial,Negociação,Pendente
129,2025-04-25,5496,2026,Telefone,Negociação,Realizada
130,2025-05-22,5215,1007,Presencial,Prospecção,Realizada
131,2025-06-07,5474,1017,Online,Prospecção,Realizada
132,2025-02-18,5205,2004,Presencial,Negociação,Pendente
133,2025-06-02,5063,1024,Online,Pós-venda,Pendente
134,2025-01-03,5206,2024,Presencial,Negociação,Realizada
135,2025-04-16,5209,1006,Presencial,Pós-venda,Realizada
136,2025-03-02,5386,1057,Presencial,Negociação,Pendente
137,2025-03-04,5370,2002,Online,Negociação,Realizada
138,2025-04-25,5354,2027,Online,Pós-venda,Realizada
139,2025-05-16,5012,1034,Telefone,Prospecção,Pendente
140,2025-01-08,5484,2028,Online,Negociação,Pendente
141,2025-05-02,5218,1028,Presencial,Pós-venda,Pendente
142,2025-02-09,5481,2010,Presencial,Negociação,Realizada
143,2025-01-20,5123,1005,Online,Prospecção,Pendente
144,2025-05-21,5487,2039,Telefone,Prospecção,Pendente
145,2025-06-21,5150,1006,Presencial,Negociação,Realizada
146,2025-03-11,5035,1038,Online,Pós-venda,Realizada
147,2025-05-12,5499,1041,Presencial,Negociação,Realizada
148,2025-03-14,5044,1033,Presencial,Prospecção,Realizada
149,2025-04-01,5422,2038,Presencial,Pós-venda,Realizada
150,2025-02-16,5134,2001,Presencial,Negociação,Realizada
151,2025-04-29,5389,1057,Telefone,Negociação,Pendente
152,2025-02-25,5125,1030,Presencial,Negociação,Pendente
153,2025-02-25,5286,1050,Presencial,Pós-venda,Realizada
154,2025-03-26,5411,1013,Presencial,Prospecção,Pendente
155,2025-05-11,5087,1059,Online,Prospecção,Realizada
156,2025-02-22,5353,2039,Telefone,Prospecção,Realizada
157,2025-05-03,5038,1019,Presencial,Negociação,Realizada
158,2025-03-19,5398,2005,Presencial,Pós-venda,Pendente
159,2025-05-22,5385,1054,Online,Prospecção,Realizada
160,2025-04-08,5256,2028,Presencial,Prospecção,Pendente
161,2025-03-17,5242,2022,Telefone,Pós-venda,Pendente
162,2025-06-20,5305,1014,Presencial,Pós-venda,Realizada
163,2025-02-22,5278,1038,Telefone,Pós-venda,Realizada
164,2025-05-21,5073,2010,Online,Pós-venda,Pendente
165,2025-02-02,5234,2004,Presencial,Pós-venda,Realizada
166,2025-05-08,5070,1015,Presencial,Negociação,Pendente
167,2025-03-14,5089,1009,Presencial,Prospecção,Pendente
168,2025-04-21,5371,2004,Presencial,Prospecção,Realizada
169,2025-03-20,5376,1008,Telefone,Pós-venda,Pendente
170,2025-05-26,5439,2026,Presencial,Pós-venda,Pendente
171,2025-04-26,5493,2005,Online,Negociação,Pendente
172,2025-06-27,5376,1007,Online,Prospecção,Realizada
173,2025-03-12,5435,1007,Online,Pós-venda,Realizada
174,2025-05-27,5098,1052,Presencial,Negociação,Realizada
175,2025-05-22,5373,1022,Online,Pós-venda,Pendente
176,2025-05-30,5263,1001,Telefone,Prospecção,Realizada
177,2025-01-19,5431,1038,Online,Negociação,Realizada
178,2025-04-17,5341,1035,Presencial,Prospecção,Realizada
179,2025-06-22,5131,1054,Online,Negociação,Realizada
180,2025-02-28,5328,2039,Telefone,Prospecção,Pendente
181,2025-01-03,5408,1035,Presencial,Negociação,Pendente
182,2025-05-15,5368,1023,Online,Pós-venda,Realizada
183,2025-05-27,5473,2034,Presencial,Negociação,Pendente
184,2025-05-18,5179,2005,Presencial,Prospecção,Pendente
185,2025-05-07,5038,2005,Presencial,Negociação,Realizada
186,2025-02-10,5291,2033,Telefone,Pós-venda,Pendente
187,2025-01-27,5242,2017,Online,Pós-venda,Pendente
188,2025-03-01,5279,1010,Telefone,Negociação,Realizada
189,2025-06-02,5385,2005,Online,Negociação,Realizada
190,2025-02-20,5359,2025,Presencial,Negociação,Pendente
191,2025-05-07,5043,1045,Presencial,Pós-venda,Pendente
192,2025-02-11,5319,2025,Presencial,Pós-venda,Realizada
193,2025-05-08,5404,1023,Presencial,Prospecção,Pendente
194,2025-02-22,5417,1059,Online,Prospecção,Pendente
195,2025-01-03,5284,1044,Presencial,Prospecção,Pendente
196,2025-01-09,5258,2013,Telefone,Pós-venda,Pendente
197,2025-04-04,5130,2034,Online,Prospecção,Pendente
198,2025-01-02,5022,2011,Online,Negociação,Pendente
199,2025-05-14,5207,2033,Telefone,Prospecção,Pendente
200,2025-04-04,5198,2036,Telefone,Pós-venda,Pendente
201,2025-05-30,5351,2018,Telefone,Prospecção,Pendente
202,2025-05-31,5380,1049,Presencial,Prospecção,Realizada
203,2025-01-13,5215,1016,Presencial,Pós-venda,Pendente
204,2025-04-24,5074,1038,Presencial,Prospecção,Pendente
205,2025-03-07,5375,1045,Online,Negociação,Pendente
206,2025-04-13,5026,2008,Presencial,Negociação,Realizada
207,2025-05-28,5421,1028,Telefone,Prospecção,Realizada
208,2025-06-18,5225,1022,Presencial,Pós-venda,Realizada
209,2025-03-19,5200,2011,Presencial,Negociação,Pendente
210,2025-05-01,5489,1044,Telefone,Prospecção,Realizada
211,2025-01-10,5474,2038,Presencial,Pós-venda,Realizada
212,2025-04-06,5028,1044,Presencial,Pós-venda,Realizada
213,2025-04-18,5479,1016,Online,Negociação,Pendente
214,2025-04-08,5271,1014,Telefone,Negociação,Realizada
215,2025-04-25,5203,2028,Online,Pós-venda,Pendente
216,2025-02-26,5069,2010,Presencial,Prospecção,Pendente
217,2025-03-18,5078,1024,Telefone,Prospecção,Pendente
218,2025-05-11,5113,1006,Presencial,Pós-venda,Pendente
219,2025-06-30,5232,1049,Online,Prospecção,Realizada
220,2025-03-29,5232,1029,Online,Prospecção,Realizada
221,2025-02-14,5297,2017,Telefone,Prospecção,Realizada
222,2025-04-08,5222,1009,Telefone,Prospecção,Pendente
223,2025-05-29,5493,2010,Online,Pós-venda,Realizada
224,2025-05-20,5037,1022,Online,Negociação,Pendente
225,2025-04-13,5231,1060,Online,Prospecção,Realizada
226,2025-01-24,5139,2026,Presencial,Pós-venda,Pendente
227,2025-03-14,5166,1020,Telefone,Prospecção,Pendente
228,2025-01-16,5057,1040,Telefone,Negociação,Realizada
229,2025-06-26,5210,1059,Telefone,Pós-venda,Pendente
230,2025-03-17,5476,1022,Presencial,Pós-venda,Realizada
231,2025-03-13,5450,1042,Telefone,Pós-venda,Pendente
232,2025-04-15,5332,2021,Online,Prospecção,Realizada
233,2025-06-19,5389,2011,Online,Negociação,Pendente
234,2025-06-18,5236,2037,Online,Negociação,Realizada
235,2025-05-03,5236,1035,Presencial,Prospecção,Realizada
236,2025-06-16,5127,1054,Online,Prospecção,Realizada
237,2025-05-11,5311,2023,Telefone,Pós-venda,Realizada
238,2025-06-07,5144,1009,Presencial,Prospecção,Realizada
239,2025-03-31,5047,1021,Telefone,Pós-venda,Pendente
240,2025-05-12,5182,1025,Telefone,Negociação,Realizada
241,2025-05-07,5346,2007,Telefone,Pós-venda,Realizada
242,2025-03-10,5015,1035,Presencial,Pós-venda,Pendente
243,2025-06-29,5234,2026,Telefone,Prospecção,Pendente
244,2025-05-22,5369,2018,Telefone,Pós-venda,Pendente
245,2025-06-12,5007,1034,Presencial,Prospecção,Pendente
246,2025-05-24,5095,2040,Online,Pós-venda,Pendente
247,2025-06-23,5053,1008,Presencial,Pós-venda,Pendente
248,2025-05-17,5234,1020,Online,Negociação,Realizada
249,2025-04-30,5104,2009,Online,Negociação,Pendente
250,2025-02-27,5399,1005,Presencial,Prospecção,Pendente
251,2025-04-25,5367,2031,Presencial,Prospecção,Realizada
252,2025-04-29,5148,1030,Presencial,Pós-venda,Realizada
253,2025-02-06,5175,1004,Presencial,Prospecção,Realizada
254,2025-03-30,5474,1047,Presencial,Prospecção,Pendente
255,2025-03-19,5103,1050,Presencial,Prospecção,Realizada
256,2025-02-04,5321,1027,Telefone,Prospecção,Pendente
257,2025-01-20,5025,1058,Telefone,Negociação,Realizada
258,2025-04-02,5108,1012,Telefone,Negociação,Realizada
259,2025-01-29,5132,1010,Presencial,Pós-venda,Realizada
260,2025-05-26,5073,2040,Online,Negociação,Pendente
261,2025-05-11,5361,1011,Online,Pós-venda,Realizada
262,2025-01-04,5042,2023,Online,Prospecção,Pendente
263,2025-05-16,5448,2024,Presencial,Negociação,Pendente
264,2025-03-31,5256,1017,Online,Pós-venda,Realizada
265,2025-06-04,5473,1059,Telefone,Negociação,Realizada
266,2025-01-01,5167,2039,Online,Negociação,Pendente
267,2025-04-08,5241,2018,Presencial,Prospecção,Realizada
268,2025-01-27,5438,2010,Online,Pós-venda,Pendente
269,2025-06-07,5252,1011,Online,Negociação,Pendente
270,2025-04-23,5393,1046,Telefone,Pós-venda,Realizada
271,2025-01-05,5406,1041,Presencial,Pós-venda,Pendente
272,2025-03-09,5036,1026,Telefone,Prospecção,Pendente
273,2025-06-05,5308,1006,Presencial,Negociação,Pendente
274,2025-06-03,5093,1039,Telefone,Pós-venda,Realizada
275,2025-03-06,5449,1011,Presencial,Prospecção,Pendente
276,2025-05-21,5027,1005,Online,Negociação,Realizada
277,2025-04-16,5408,2032,Online,Negociação,Realizada
278,2025-04-11,5041,1020,Online,Negociação,Pendente
279,2025-04-02,5214,1033,Telefone,Pós-venda,Realizada
280,2025-04-14,5232,1055,Online,Pós-venda,Realizada
281,2025-04-23,5458,2003,Presencial,Pós-venda,Realizada
282,2025-02-03,5010,2006,Telefone,Prospecção,Realizada
283,2025-04-17,5431,2014,Presencial,Pós-venda,Realizada
284,2025-05-15,5189,1032,Online,Prospecção,Realizada
285,2025-03-19,5483,1017,Telefone,Negociação,Realizada
286,2025-03-15,5136,2022,Presencial,Negociação,Realizada
287,2025-02-24,5019,2040,Telefone,Pós-venda,Realizada
288,2025-03-24,5469,2002,Online,Pós-venda,Pendente
289,2025-02-14,5125,1045,Presencial,Pós-venda,Pendente
290,2025-05-25,5287,1043,Telefone,Negociação,Realizada
291,2025-01-01,5227,1026,Online,Negociação,Pendente
292,2025-02-02,5021,1024,Telefone,Negociação,Pendente
293,2025-02-28,5414,1058,Presencial,Prospecção,Realizada
294,2025-03-21,5370,2003,Presencial,Pós-venda,Realizada
295,2025-03-07,5113,2040,Presencial,Negociação,Realizada
296,2025-05-31,5007,1038,Online,Negociação,Realizada
297,2025-02-13,5051,2033,Telefone,Pós-venda,Realizada
298,2025-03-11,5469,2022,Online,Pós-venda,Realizada
299,2025-05-10,5230,1022,Telefone,Prospecção,Pendente
300,2025-04-05,5047,1054,Online,Negociação,Pendente
301,2025-04-08,5319,1047,Telefone,Prospecção,Realizada
302,2025-04-14,5288,2019,Telefone,Negociação,Pendente
303,2025-01-16,5187,1026,Telefone,Pós-venda,Realizada
304,2025-05-08,5370,2007,Telefone,Negociação,Realizada
305,2025-03-22,5460,1026,Online,Prospecção,Pendente
306,2025-01-08,5496,2006,Telefone,Negociação,Realizada
307,2025-01-03,5376,1044,Presencial,Negociação,Realizada
308,2025-01-27,5373,1027,Online,Negociação,Realizada
309,2025-01-28,5384,1048,Presencial,Pós-venda,Realizada
310,2025-03-10,5307,2033,Online,Negociação,Pendente
311,2025-06-23,5462,2005,Telefone,Negociação,Pendente
312,2025-03-05,5158,2003,Presencial,Negociação,Pendente
313,2025-01-23,5254,2012,Telefone,Prospecção,Pendente
314,2025-01-12,5068,2037,Presencial,Pós-venda,Realizada
315,2025-02-13,5356,1019,Telefone,Prospecção,Pendente
316,2025-03-18,5485,2029,Presencial,Pós-venda,Pendente
317,2025-04-30,5125,2040,Online,Negociação,Pendente
318,2025-03-16,5312,2011,Telefone,Negociação,Realizada
319,2025-02-11,5276,1019,Presencial,Pós-venda,Realizada
320,2025-05-01,5022,1057,Online,Negociação,Pendente
321,2025-01-08,5296,2039,Telefone,Pós-venda,Realizada
322,2025-02-13,5417,2021,Online,Prospecção,Realizada
323,2025-01-05,5016,2021,Presencial,Negociação,Realizada
324,2025-03-30,5324,1012,Presencial,Prospecção,Realizada
325,2025-02-01,5251,1046,Presencial,Prospecção,Realizada
326,2025-02-05,5107,1051,Telefone,Negociação,Realizada
327,2025-03-21,5121,2037,Online,Pós-venda,Pendente
328,2025-04-13,5128,1005,Presencial,Prospecção,Realizada
329,2025-04-02,5088,2024,Online,Pós-venda,Pendente
330,2025-02-24,5109,2027,Presencial,Pós-venda,Realizada
331,2025-05-04,5468,1022,Online,Negociação,Realizada
332,2025-01-11,5497,1058,Presencial,Pós-venda,Realizada
333,2025-04-09,5241,1058,Online,Negociação,Realizada
334,2025-02-24,5496,1028,Presencial,Negociação,Realizada
335,2025-02-15,5413,1047,Telefone,Prospecção,Realizada
336,2025-03-18,5148,1054,Telefone,Pós-venda,Pendente
337,2025-01-20,5184,1005,Online,Pós-venda,Realizada
338,2025-02-16,5036,2002,Online,Negociação,Pendente
339,2025-05-20,5470,2002,Presencial,Prospecção,Pendente
340,2025-05-12,5157,1031,Online,Pós-venda,Pendente
341,2025-01-12,5196,1010,Online,Negociação,Pendente
342,2025-04-30,5397,1060,Telefone,Negociação,Realizada
343,2025-06-05,5378,1037,Telefone,Negociação,Pendente
344,2025-05-20,5398,1048,Telefone,Prospecção,Realizada
345,2025-04-22,5273,1031,Online,Prospecção,Realizada
346,2025-01-25,5131,1024,Presencial,Prospecção,Pendente
347,2025-01-10,5273,1037,Presencial,Negociação,Realizada
348,2025-01-05,5151,1034,Presencial,Negociação,Pendente
349,2025-04-18,5275,1024,Presencial,Negociação,Realizada
350,2025-05-13,5490,1022,Presencial,Prospecção,Pendente
351,2025-01-11,5218,1027,Online,Negociação,Realizada
352,2025-03-25,5283,1017,Telefone,Prospecção,Pendente
353,2025-05-23,5437,1040,Online,Prospecção,Pendente
354,2025-06-03,5443,1034,Online,Pós-venda,Realizada
355,2025-01-10,5107,1043,Telefone,Negociação,Pendente
356,2025-06-26,5372,1046,Presencial,Negociação,Pendente
357,2025-03-26,5009,1029,Presencial,Pós-venda,Realizada
358,2025-01-25,5255,1012,Online,Negociação,Pendente
359,2025-04-09,5418,1059,Presencial,Pós-venda,Pendente
360,2025-02-09,5337,1028,Telefone,Pós-venda,Realizada
361,2025-04-24,5189,2026,Presencial,Negociação,Pendente
362,2025-02-19,5286,2011,Presencial,Prospecção,Pendente
363,2025-04-13,5459,1032,Online,Prospecção,Pendente
364,2025-01-13,5331,1036,Presencial,Prospecção,Realizada
365,2025-01-25,5079,1004,Online,Pós-venda,Realizada
366,2025-02-06,5247,1038,Online,Prospecção,Realizada
367,2025-03-17,5437,1035,Presencial,Prospecção,Pendente
368,2025-05-27,5325,1016,Online,Pós-venda,Pendente
369,2025-04-27,5329,2002,Telefone,Pós-venda,Pendente
370,2025-01-13,5475,1011,Presencial,Pós-venda,Realizada
371,2025-02-12,5148,1005,Presencial,Negociação,Realizada
372,2025-06-20,5015,2018,Online,Prospecção,Pendente
373,2025-06-05,5309,1033,Online,Pós-venda,Pendente
374,2025-01-12,5348,1008,Telefone,Negociação,Pendente
375,2025-04-10,5260,1039,Online,Pós-venda,Pendente
376,2025-04-25,5162,2039,Telefone,Pós-venda,Realizada
377,2025-03-18,5245,2022,Telefone,Negociação,Pendente
378,2025-03-09,5386,1004,Presencial,Negociação,Realizada
379,2025-04-24,5489,2017,Telefone,Negociação,Pendente
380,2025-01-01,5426,1056,Online,Prospecção,Pendente
381,2025-06-05,5164,1051,Online,Negociação,Realizada
382,2025-02-14,5466,1049,Online,Pós-venda,Pendente
383,2025-06-23,5186,1034,Presencial,Negociação,Realizada
384,2025-01-18,5418,2007,Telefone,Pós-venda,Realizada
385,2025-06-15,5048,1011,Online,Prospecção,Realizada
386,2025-04-11,5408,1031,Telefone,Pós-venda,Pendente
387,2025-01-11,5084,1034,Online,Pós-venda,Pendente
388,2025-01-11,5453,2031,Presencial,Prospecção,Realizada
389,2025-04-24,5419,1049,Telefone,Prospecção,Pendente
390,2025-06-22,5114,1014,Online,Negociação,Pendente
391,2025-02-05,5500,2009,Online,Prospecção,Realizada
392,2025-02-04,5480,1029,Telefone,Negociação,Pendente
393,2025-05-03,5429,1022,Presencial,Pós-venda,Realizada
394,2025-05-14,5203,1041,Telefone,Negociação,Realizada
395,2025-05-02,5011,2018,Telefone,Pós-venda,Realizada
396,2025-06-12,5107,1029,Online,Prospecção,Realizada
397,2025-06-02,5350,2010,Online,Negociação,Pendente
398,2025-06-20,5499,1044,Online,Negociação,Pendente
399,2025-06-19,5249,1045,Telefone,Prospecção,Realizada
400,2025-05-19,5422,2029,Online,Pós-venda,Realizada
401,2025-04-15,5383,2021,Online,Negociação,Realizada
402,2025-05-14,5422,1003,Presencial,Prospecção,Realizada
403,2025-05-28,5090,2008,Online,Pós-venda,Pendente
404,2025-04-13,5293,1040,Presencial,Prospecção,Pendente
405,2025-01-06,5344,1023,Online,Negociação,Realizada
406,2025-03-18,5120,2039,Telefone,Negociação,Realizada
407,2025-05-06,5327,1007,Online,Negociação,Pendente
408,2025-06-13,5337,1042,Presencial,Prospecção,Realizada
409,2025-02-19,5245,1058,Presencial,Prospecção,Pendente
410,2025-01-29,5232,1036,Presencial,Negociação,Pendente
411,2025-01-27,5465,1049,Online,Pós-venda,Realizada
412,2025-05-29,5301,1013,Online,Pós-venda,Pendente
413,2025-02-11,5402,2028,Online,Negociação,Realizada
414,2025-04-04,5236,1033,Telefone,Pós-venda,Realizada
415,2025-03-24,5296,2023,Presencial,Pós-venda,Pendente
416,2025-02-26,5470,2035,Online,Prospecção,Realizada
417,2025-03-08,5176,2020,Telefone,Pós-venda,Realizada
418,2025-04-13,5082,1031,Presencial,Pós-venda,Realizada
419,2025-06-13,5086,1054,Presencial,Pós-venda,Pendente
420,2025-01-29,5468,2018,Telefone,Negociação,Realizada
421,2025-03-12,5363,2037,Presencial,Negociação,Pendente
422,2025-04-07,5074,2034,Online,Negociação,Realizada
423,2025-02-14,5414,2007,Presencial,Prospecção,Realizada
424,2025-04-02,5122,2025,Telefone,Prospecção,Pendente
425,2025-04-21,5087,1024,Online,Pós-venda,Pendente
426,2025-06-19,5160,1010,Online,Pós-venda,Realizada
427,2025-05-16,5378,1001,Online,Negociação,Realizada
428,2025-04-18,5341,1022,Online,Negociação,Realizada
429,2025-06-06,5453,1048,Online,Pós-venda,Pendente
430,2025-04-04,5439,1033,Telefone,Pós-venda,Realizada
431,2025-02-09,5021,1018,Online,Pós-venda,Realizada
432,2025-05-22,5117,1021,Presencial,Prospecção,Realizada
433,2025-02-15,5263,1010,Telefone,Pós-venda,Pendente
434,2025-05-03,5426,2034,Telefone,Negociação,Realizada
435,2025-03-29,5370,1020,Presencial,Prospecção,Realizada
436,2025-04-21,5125,2015,Telefone,Negociação,Realizada
437,2025-04-18,5164,1001,Presencial,Prospecção,Pendente
438,2025-05-17,5216,1050,Presencial,Prospecção,Realizada
439,2025-05-30,5025,2008,Online,Pós-venda,Realizada
440,2025-03-02,5053,1037,Telefone,Pós-venda,Realizada
441,2025-02-19,5334,1004,Online,Pós-venda,Realizada
442,2025-01-14,5272,1032,Online,Pós-venda,Pendente
443,2025-05-23,5312,1010,Telefone,Pós-venda,Realizada
444,2025-06-25,5084,1001,Telefone,Prospecção,Pendente
445,2025-05-15,5289,1060,Telefone,Prospecção,Realizada
446,2025-05-26,5329,2040,Presencial,Prospecção,Pendente
447,2025-01-23,5370,1033,Online,Prospecção,Pendente
448,2025-04-08,5273,1033,Telefone,Pós-venda,Realizada
449,2025-02-24,5020,2037,Online,Negociação,Pendente
450,2025-05-25,5408,1018,Telefone,Prospecção,Realizada
451,2025-06-13,5481,1037,Presencial,Pós-venda,Realizada
452,2025-03-18,5446,2019,Online,Pós-venda,Pendente
453,2025-03-18,5113,1054,Telefone,Negociação,Realizada
454,2025-04-12,5315,1045,Online,Prospecção,Pendente
455,2025-06-12,5490,1057,Telefone,Prospecção,Pendente
456,2025-03-15,5018,2003,Telefone,Negociação,Pendente
457,2025-05-22,5046,1014,Presencial,Negociação,Pendente
458,2025-01-30,5407,1017,Telefone,Prospecção,Pendente
459,2025-02-14,5206,2037,Presencial,Pós-venda,Pendente
460,2025-02-26,5411,1055,Presencial,Negociação,Pendente
461,2025-03-19,5162,1057,Online,Negociação,Realizada
462,2025-05-06,5003,2035,Online,Pós-venda,Pendente
463,2025-02-12,5312,1051,Telefone,Prospecção,Pendente
464,2025-06-21,5425,1053,Online,Prospecção,Pendente
465,2025-06-18,5303,2035,Presencial,Prospecção,Pendente
466,2025-02-03,5034,1059,Online,Negociação,Pendente
467,2025-06-30,5478,2022,Online,Prospecção,Pendente
468,2025-02-27,5487,1057,Presencial,Negociação,Realizada
469,2025-03-27,5432,2019,Telefone,Negociação,Pendente
470,2025-01-02,5059,2003,Online,Negociação,Pendente
471,2025-01-25,5417,1049,Online,Pós-venda,Realizada
472,2025-06-21,5006,2033,Presencial,Prospecção,Pendente
473,2025-03-23,5329,1020,Telefone,Negociação,Pendente
474,2025-04-30,5073,1051,Presencial,Pós-venda,Realizada
475,2025-05-12,5013,1047,Online,Prospecção,Realizada
476,2025-03-24,5112,2003,Telefone,Negociação,Realizada
477,2025-04-14,5303,1025,Telefone,Negociação,Pendente
478,2025-05-17,5401,2028,Telefone,Pós-venda,Pendente
479,2025-04-15,5342,1001,Presencial,Negociação,Realizada
480,2025-05-29,5379,1001,Telefone,Prospecção,Realizada
481,2025-02-20,5385,2026,Online,Negociação,Realizada
482,2025-03-09,5114,1043,Online,Prospecção,Realizada
483,2025-05-20,5086,1047,Presencial,Negociação,Realizada
484,2025-06-03,5067,2005,Telefone,Pós-venda,Realizada
485,2025-03-11,5292,1041,Presencial,Pós-venda,Realizada
486,2025-06-24,5291,1050,Presencial,Negociação,Realizada
487,2025-06-17,5295,1044,Telefone,Pós-venda,Realizada
488,2025-01-08,5473,1034,Presencial,Pós-venda,Pendente
489,2025-01-15,5186,1025,Online,Pós-venda,Pendente
490,2025-02-01,5007,1007,Online,Prospecção,Pendente
491,2025-01-28,5400,1050,Telefone,Prospecção,Realizada
492,2025-04-17,5368,1005,Telefone,Pós-venda,Realizada
493,2025-01-20,5364,1030,Online,Pós-venda,Pendente
494,2025-02-10,5364,2013,Presencial,Pós-venda,Pendente
495,2025-03-26,5251,2021,Online,Negociação,Pendente
496,2025-03-10,5153,2026,Online,Pós-venda,Realizada
497,2025-03-01,5168,1051,Online,Negociação,Pendente
498,2025-06-28,5127,1046,Online,Prospecção,Pendente
499,2025-04-05,5452,2024,Presencial,Negociação,Pendente
500,2025-03-06,5458,1060,Telefone,Pós-venda,Realizada
501,2025-04-11,5332,2023,Telefone,Negociação,Pendente
502,2025-06-07,5355,2013,Online,Negociação,Pendente
503,2025-03-08,5292,1055,Telefone,Negociação,Pendente
504,2025-03-20,5305,2025,Telefone,Prospecção,Realizada
505,2025-06-25,5067,1056,Online,Pós-venda,Pendente
506,2025-01-22,5050,2009,Online,Prospecção,Realizada
507,2025-02-10,5466,2039,Presencial,Prospecção,Pendente
508,2025-01-08,5371,2008,Telefone,Prospecção,Realizada
509,2025-05-11,5232,1048,Telefone,Pós-venda,Pendente
510,2025-05-05,5155,2015,Presencial,Prospecção,Realizada
511,2025-03-11,5185,1042,Presencial,Pós-venda,Realizada
512,2025-05-11,5093,2034,Online,Pós-venda,Pendente
513,2025-05-03,5274,1048,Presencial,Negociação,Realizada
514,2025-01-06,5357,2031,Online,Negociação,Pendente
515,2025-02-24,5130,1009,Telefone,Pós-venda,Realizada
516,2025-01-20,5102,2031,Online,Pós-venda,Pendente
517,2025-04-13,5302,2002,Presencial,Negociação,Realizada
518,2025-05-22,5378,2018,Telefone,Prospecção,Realizada
519,2025-02-18,5085,1004,Online,Prospecção,Realizada
520,2025-04-26,5394,2024,Telefone,Pós-venda,Realizada
521,2025-06-20,5034,2020,Presencial,Prospecção,Realizada
522,2025-02-01,5270,2003,Online,Prospecção,Pendente
523,2025-02-17,5013,1044,Telefone,Pós-venda,Pendente
524,2025-05-09,5118,1045,Presencial,Pós-venda,Realizada
525,2025-05-19,5146,2024,Online,Prospecção,Realizada
526,2025-01-05,5392,1028,Presencial,Prospecção,Realizada
527,2025-03-10,5484,1031,Telefone,Pós-venda,Pendente
528,2025-01-01,5311,2020,Telefone,Negociação,Pendente
529,2025-01-13,5241,1023,Online,Negociação,Pendente
530,2025-06-19,5498,2036,Online,Prospecção,Pendente
531,2025-05-24,5292,1016,Online,Pós-venda,Pendente
532,2025-05-03,5184,1038,Online,Negociação,Realizada
533,2025-05-20,5153,2031,Presencial,Negociação,Pendente
534,2025-01-01,5193,2011,Online,Prospecção,Realizada
535,2025-03-29,5302,1030,Telefone,Negociação,Realizada
536,2025-02-11,5035,1024,Telefone,Negociação,Pendente
537,2025-02-14,5063,2038,Telefone,Pós-venda,Pendente
538,2025-06-11,5050,1047,Online,Prospecção,Realizada
539,2025-01-17,5201,2030,Presencial,Negociação,Pendente
540,2025-04-25,5498,1034,Telefone,Negociação,Realizada
541,2025-04-01,5220,2025,Online,Prospecção,Pendente
542,2025-04-27,5499,1026,Telefone,Negociação,Realizada
543,2025-04-04,5062,2020,Online,Pós-venda,Realizada
544,2025-06-15,5281,2021,Telefone,Negociação,Pendente
545,2025-04-24,5111,1002,Online,Negociação,Realizada
546,2025-05-20,5153,1057,Telefone,Negociação,Pendente
547,2025-04-18,5214,2003,Telefone,Pós-venda,Pendente
548,2025-04-20,5124,1047,Online,Prospecção,Realizada
549,2025-06-30,5084,1005,Telefone,Prospecção,Pendente
550,2025-04-14,5065,1006,Telefone,Negociação,Realizada
551,2025-06-01,5060,2039,Presencial,Prospecção,Pendente
552,2025-04-13,5442,1011,Presencial,Prospecção,Pendente
553,2025-05-30,5145,1009,Presencial,Negociação,Realizada
554,2025-01-10,5265,1001,Telefone,Negociação,Realizada
555,2025-01-10,5082,1001,Online,Pós-venda,Pendente
556,2025-06-12,5475,1019,Online,Negociação,Realizada
557,2025-04-27,5358,2005,Telefone,Prospecção,Pendente
558,2025-05-16,5179,1009,Telefone,Negociação,Realizada
559,2025-06-05,5487,1055,Presencial,Negociação,Pendente
560,2025-04-03,5231,2008,Telefone,Prospecção,Realizada
561,2025-04-17,5437,1033,Telefone,Prospecção,Realizada
562,2025-02-24,5274,2040,Online,Pós-venda,Pendente
563,2025-02-03,5345,1059,Online,Negociação,Realizada
564,2025-03-09,5381,2035,Telefone,Pós-venda,Pendente
565,2025-03-03,5210,2009,Online,Prospecção,Pendente
566,2025-05-07,5259,2026,Telefone,Prospecção,Realizada
567,2025-01-24,5286,1038,Online,Pós-venda,Pendente
568,2025-01-31,5479,1054,Telefone,Prospecção,Pendente
569,2025-05-10,5127,1039,Telefone,Prospecção,Realizada
570,2025-04-02,5346,1006,Online,Negociação,Realizada
571,2025-06-06,5321,2039,Presencial,Negociação,Realizada
572,2025-03-08,5221,1058,Presencial,Prospecção,Realizada
573,2025-01-02,5100,1044,Telefone,Prospecção,Realizada
574,2025-03-05,5228,1019,Telefone,Prospecção,Realizada
575,2025-05-03,5270,1049,Online,Prospecção,Realizada
576,2025-01-12,5066,1053,Online,Negociação,Pendente
577,2025-01-14,5489,1023,Telefone,Pós-venda,Realizada
578,2025-02-18,5486,1020,Online,Pós-venda,Pendente
579,2025-05-11,5182,1007,Telefone,Prospecção,Realizada
580,2025-05-12,5179,1043,Presencial,Pós-venda,Realizada
581,2025-04-10,5165,1044,Telefone,Prospecção,Realizada
582,2025-05-14,5248,2034,Online,Negociação,Pendente
583,2025-06-01,5370,1017,Presencial,Prospecção,Realizada
584,2025-05-02,5189,2009,Online,Negociação,Pendente
585,2025-04-10,5494,2039,Presencial,Pós-venda,Realizada
586,2025-02-12,5136,2039,Online,Pós-venda,Realizada
587,2025-04-19,5387,2018,Telefone,Pós-venda,Realizada
588,2025-01-24,5028,1013,Telefone,Negociação,Realizada
589,2025-05-02,5006,2002,Telefone,Pós-venda,Pendente
590,2025-01-14,5301,1011,Telefone,Negociação,Pendente
591,2025-04-24,5142,1010,Online,Pós-venda,Pendente
592,2025-02-07,5014,1059,Online,Prospecção,Realizada
593,2025-05-24,5101,1048,Telefone,Pós-venda,Realizada
594,2025-01-13,5484,1041,Presencial,Negociação,Realizada
595,2025-05-15,5022,1013,Presencial,Pós-venda,Realizada
596,2025-03-21,5212,1022,Presencial,Negociação,Realizada
597,2025-04-18,5420,1034,Presencial,Prospecção,Realizada
598,2025-06-01,5369,1010,Telefone,Prospecção,Pendente
599,2025-03-10,5099,2022,Telefone,Negociação,Realizada
600,2025-03-25,5167,2032,Presencial,Negociação,Pendente
601,2025-06-06,5045,1011,Online,Negociação,Realizada
602,2025-05-18,5068,1031,Telefone,Pós-venda,Pendente
603,2025-02-05,5061,1037,Presencial,Pós-venda,Realizada
604,2025-06-10,5259,2025,Online,Negociação,Pendente
605,2025-03-17,5077,1017,Presencial,Prospecção,Realizada
606,2025-02-17,5176,2016,Telefone,Prospecção,Realizada
607,2025-05-31,5380,1037,Presencial,Negociação,Realizada
608,2025-05-23,5471,1036,Presencial,Negociação,Pendente
609,2025-03-18,5024,2029,Telefone,Pós-venda,Realizada
610,2025-04-28,5468,2009,Presencial,Negociação,Pendente
611,2025-01-25,5085,1058,Telefone,Negociação,Pendente
612,2025-05-27,5120,1056,Telefone,Pós-venda,Realizada
613,2025-06-09,5069,2037,Online,Prospecção,Realizada
614,2025-05-19,5243,2020,Telefone,Prospecção,Realizada
615,2025-06-27,5255,2021,Online,Negociação,Realizada
616,2025-05-10,5404,2016,Presencial,Negociação,Pendente
617,2025-02-12,5423,1003,Telefone,Prospecção,Realizada
618,2025-03-10,5312,2036,Telefone,Prospecção,Realizada
619,2025-03-25,5410,1030,Presencial,Pós-venda,Realizada
620,2025-03-17,5288,1045,Presencial,Prospecção,Realizada
621,2025-03-22,5184,2027,Presencial,Pós-venda,Realizada
622,2025-03-30,5442,1043,Online,Pós-venda,Realizada
623,2025-02-23,5373,1058,Online,Pós-venda,Pendente
624,2025-05-08,5431,1003,Presencial,Pós-venda,Pendente
625,2025-03-10,5064,2009,Presencial,Prospecção,Realizada
626,2025-03-03,5237,2038,Telefone,Prospecção,Pendente
627,2025-03-12,5069,2019,Presencial,Prospecção,Pendente
628,2025-03-02,5206,1022,Online,Pós-venda,Realizada
629,2025-02-15,5255,1029,Telefone,Prospecção,Realizada
630,2025-03-11,5286,1051,Online,Pós-venda,Realizada
631,2025-04-27,5344,1022,Online,Prospecção,Pendente
632,2025-04-06,5119,1016,Presencial,Negociação,Realizada
633,2025-05-07,5422,2015,Presencial,Negociação,Pendente
634,2025-06-27,5257,2032,Online,Pós-venda,Realizada
635,2025-03-24,5456,2038,Online,Prospecção,Pendente
636,2025-03-11,5264,1017,Telefone,Pós-venda,Realizada
637,2025-04-02,5003,2039,Online,Negociação,Pendente
638,2025-04-13,5447,1036,Presencial,Negociação,Pendente
639,2025-03-04,5330,2009,Telefone,Negociação,Pendente
640,2025-03-22,5147,1049,Presencial,Prospecção,Realizada
641,2025-02-05,5224,2022,Presencial,Negociação,Pendente
642,2025-04-22,5121,2039,Telefone,Pós-venda,Realizada
643,2025-05-18,5083,1025,Presencial,Negociação,Realizada
644,2025-03-04,5420,2028,Telefone,Prospecção,Pendente
645,2025-03-05,5056,2002,Online,Pós-venda,Pendente
646,2025-06-11,5185,1046,Telefone,Prospecção,Pendente
647,2025-01-30,5380,1032,Presencial,Prospecção,Pendente
648,2025-04-07,5280,1040,Telefone,Negociação,Pendente
649,2025-03-08,5037,1006,Presencial,Prospecção,Realizada
650,2025-03-08,5122,1015,Presencial,Pós-venda,Realizada
651,2025-06-09,5047,1038,Presencial,Pós-venda,Pendente
652,2025-06-10,5026,1051,Presencial,Negociação,Pendente
653,2025-04-30,5343,2013,Online,Prospecção,Pendente
654,2025-03-21,5239,2034,Telefone,Prospecção,Realizada
655,2025-02-01,5202,1037,Telefone,Negociação,Pendente
656,2025-01-26,5149,1045,Telefone,Prospecção,Realizada
657,2025-05-27,5207,1006,Online,Prospecção,Pendente
658,2025-06-15,5030,2004,Presencial,Pós-venda,Realizada
659,2025-04-29,5134,2027,Presencial,Negociação,Pendente
660,2025-04-12,5209,1043,Presencial,Prospecção,Pendente
661,2025-03-24,5070,1018,Presencial,Pós-venda,Pendente
662,2025-02-11,5159,1043,Online,Pós-venda,Realizada
663,2025-02-21,5126,1040,Presencial,Negociação,Realizada
664,2025-03-11,5391,2003,Online,Negociação,Realizada
665,2025-06-13,5185,1059,Presencial,Pós-venda,Realizada
666,2025-05-16,5043,2035,Presencial,Negociação,Pendente
667,2025-03-23,5269,1026,Telefone,Negociação,Pendente
668,2025-05-23,5247,2031,Telefone,Prospecção,Pendente
669,2025-06-08,5458,1059,Presencial,Negociação,Pendente
670,2025-05-08,5239,1006,Online,Negociação,Realizada
671,2025-05-06,5270,1058,Online,Pós-venda,Realizada
672,2025-04-12,5237,1026,Online,Pós-venda,Realizada
673,2025-03-13,5203,2011,Telefone,Pós-venda,Realizada
674,2025-05-04,5399,2019,Online,Negociação,Pendente
675,2025-03-22,5284,1006,Presencial,Negociação,Realizada
676,2025-01-17,5389,2007,Online,Pós-venda,Pendente
677,2025-02-08,5181,1051,Telefone,Prospecção,Realizada
678,2025-06-24,5399,2002,Presencial,Pós-venda,Pendente
679,2025-02-12,5423,2030,Presencial,Negociação,Realizada
680,2025-06-07,5180,1008,Presencial,Negociação,Pendente
681,2025-04-27,5247,2027,Telefone,Negociação,Realizada
682,2025-01-04,5179,1057,Telefone,Negociação,Pendente
683,2025-02-07,5384,1007,Telefone,Prospecção,Realizada
684,2025-04-24,5254,1018,Presencial,Pós-venda,Realizada
685,2025-03-02,5410,1024,Presencial,Pós-venda,Realizada
686,2025-06-13,5243,2018,Telefone,Pós-venda,Realizada
687,2025-02-26,5268,1060,Online,Negociação,Realizada
688,2025-03-28,5232,1001,Online,Negociação,Realizada
689,2025-05-09,5267,1014,Presencial,Prospecção,Pendente
690,2025-02-12,5208,1030,Telefone,Pós-venda,Pendente
691,2025-04-20,5267,1049,Presencial,Negociação,Realizada
692,2025-01-09,5187,1018,Telefone,Prospecção,Realizada
693,2025-02-07,5124,1001,Online,Prospecção,Pendente
694,2025-02-01,5331,2019,Presencial,Negociação,Pendente
695,2025-05-23,5499,2007,Telefone,Negociação,Realizada
696,2025-05-19,5274,2023,Online,Prospecção,Pendente
697,2025-03-23,5348,1032,Telefone,Pós-venda,Pendente
698,2025-02-24,5220,1011,Telefone,Pós-venda,Pendente
699,2025-06-25,5254,1011,Telefone,Pós-venda,Realizada
700,2025-03-15,5468,1021,Telefone,Pós-venda,Pendente
701,2025-02-26,5396,2006,Telefone,Prospecção,Pendente
702,2025-02-20,5213,1051,Telefone,Pós-venda,Pendente
703,2025-04-14,5411,2037,Telefone,Negociação,Realizada
704,2025-01-30,5314,1003,Presencial,Prospecção,Pendente
705,2025-06-26,5192,1043,Online,Prospecção,Pendente
706,2025-01-13,5211,1022,Online,Prospecção,Pendente
707,2025-05-15,5117,2007,Online,Pós-venda,Realizada
708,2025-03-26,5153,1035,Presencial,Negociação,Realizada
709,2025-06-20,5207,1044,Presencial,Negociação,Realizada
710,2025-04-26,5176,2033,Presencial,Prospecção,Pendente
711,2025-04-29,5250,2014,Presencial,Negociação,Realizada
712,2025-05-15,5267,1017,Online,Pós-venda,Pendente
713,2025-05-07,5015,1011,Telefone,Pós-venda,Pendente
714,2025-05-14,5033,1024,Presencial,Prospecção,Pendente
715,2025-06-25,5495,1018,Telefone,Pós-venda,Realizada
716,2025-05-25,5093,2012,Online,Prospecção,Pendente
717,2025-02-28,5117,1002,Online,Prospecção,Pendente
718,2025-04-29,5003,1054,Telefone,Negociação,Realizada
719,2025-06-25,5343,1040,Presencial,Negociação,Realizada
720,2025-02-18,5078,1030,Presencial,Prospecção,Realizada
721,2025-05-27,5079,1011,Online,Negociação,Pendente
722,2025-03-08,5439,2012,Telefone,Negociação,Pendente
723,2025-04-10,5092,2007,Telefone,Prospecção,Realizada
724,2025-06-15,5129,2015,Online,Pós-venda,Realizada
725,2025-02-18,5157,1059,Presencial,Prospecção,Pendente
726,2025-05-07,5370,1027,Telefone,Negociação,Pendente
727,2025-02-25,5241,2023,Telefone,Negociação,Realizada
728,2025-06-22,5320,1008,Presencial,Negociação,Realizada
729,2025-01-21,5214,1022,Presencial,Pós-venda,Realizada
730,2025-02-07,5127,2014,Online,Pós-venda,Pendente
731,2025-02-01,5105,1008,Online,Prospecção,Pendente
732,2025-04-18,5040,1040,Telefone,Negociação,Pendente
733,2025-05-04,5107,2034,Telefone,Prospecção,Realizada
734,2025-05-22,5053,1013,Telefone,Negociação,Realizada
735,2025-02-05,5128,1039,Presencial,Prospecção,Realizada
736,2025-04-07,5350,1002,Presencial,Prospecção,Pendente
737,2025-04-23,5064,2019,Presencial,Prospecção,Realizada
738,2025-06-27,5069,2010,Online,Negociação,Pendente
739,2025-03-15,5210,1036,Telefone,Negociação,Realizada
740,2025-05-13,5403,1001,Online,Prospecção,Pendente
741,2025-06-05,5202,1037,Presencial,Prospecção,Realizada
742,2025-06-04,5411,1041,Telefone,Pós-venda,Pendente
743,2025-01-09,5085,2010,Online,Prospecção,Realizada
744,2025-06-23,5095,2016,Telefone,Negociação,Realizada
745,2025-02-14,5249,2004,Presencial,Negociação,Pendente
746,2025-02-27,5256,2035,Online,Prospecção,Realizada
747,2025-03-02,5296,2038,Telefone,Prospecção,Pendente
748,2025-06-08,5018,1059,Presencial,Negociação,Realizada
749,2025-03-31,5364,1036,Telefone,Negociação,Pendente
750,2025-06-10,5098,1027,Online,Prospecção,Pendente
751,2025-03-17,5254,2026,Presencial,Prospecção,Pendente
752,2025-01-30,5438,1028,Presencial,Negociação,Realizada
753,2025-02-01,5335,1020,Online,Negociação,Realizada
754,2025-06-24,5471,1035,Online,Negociação,Realizada
755,2025-05-01,5074,2037,Online,Negociação,Pendente
756,2025-06-25,5134,2038,Telefone,Prospecção,Pendente
757,2025-03-02,5233,1032,Telefone,Negociação,Pendente
758,2025-01-01,5258,2030,Online,Prospecção,Realizada
759,2025-06-29,5121,1052,Online,Prospecção,Pendente
760,2025-05-06,5469,1020,Telefone,Prospecção,Pendente
761,2025-01-26,5016,2022,Telefone,Negociação,Realizada
762,2025-04-27,5179,1016,Online,Prospecção,Realizada
763,2025-03-04,5035,1056,Presencial,Negociação,Realizada
764,2025-04-30,5037,2004,Telefone,Negociação,Realizada
765,2025-01-29,5239,2014,Telefone,Prospecção,Realizada
766,2025-01-14,5449,1046,Online,Negociação,Realizada
767,2025-01-17,5444,1006,Presencial,Pós-venda,Realizada
768,2025-02-03,5424,2018,Telefone,Pós-venda,Realizada
769,2025-06-22,5012,1058,Presencial,Pós-venda,Realizada
770,2025-05-19,5072,1018,Online,Negociação,Realizada
771,2025-05-07,5211,1057,Presencial,Prospecção,Realizada
772,2025-05-10,5428,2029,Online,Negociação,Pendente
773,2025-04-05,5168,2037,Telefone,Pós-venda,Realizada
774,2025-03-29,5105,1032,Presencial,Prospecção,Pendente
775,2025-04-23,5435,1015,Online,Prospecção,Pendente
776,2025-05-13,5238,2010,Telefone,Pós-venda,Pendente
777,2025-03-16,5105,2038,Telefone,Negociação,Realizada
778,2025-04-25,5022,1004,Telefone,Pós-venda,Realizada
779,2025-01-12,5349,1019,Online,Negociação,Pendente
780,2025-04-03,5159,2030,Presencial,Pós-venda,Realizada
781,2025-02-24,5232,2032,Online,Prospecção,Pendente
782,2025-04-04,5070,1051,Telefone,Negociação,Realizada
783,2025-06-12,5037,2032,Telefone,Negociação,Pendente
784,2025-04-30,5138,2006,Online,Pós-venda,Realizada
785,2025-02-28,5026,2031,Telefone,Pós-venda,Pendente
786,2025-06-25,5287,1013,Telefone,Pós-venda,Pendente
787,2025-06-02,5284,1041,Presencial,Pós-venda,Pendente
788,2025-06-08,5207,1046,Telefone,Pós-venda,Pendente
789,2025-05-25,5413,2010,Telefone,Negociação,Pendente
790,2025-03-03,5395,1009,Presencial,Negociação,Pendente
791,2025-03-10,5215,2034,Online,Prospecção,Realizada
792,2025-04-21,5280,1041,Telefone,Prospecção,Pendente
793,2025-06-05,5074,2040,Online,Prospecção,Realizada
794,2025-03-11,5345,1052,Online,Pós-venda,Realizada
795,2025-05-08,5095,2006,Online,Negociação,Pendente
796,2025-01-08,5297,1059,Telefone,Prospecção,Realizada
797,2025-06-25,5054,1021,Presencial,Prospecção,Realizada
798,2025-01-18,5058,1011,Online,Pós-venda,Pendente
799,2025-02-26,5162,1022,Presencial,Prospecção,Realizada
800,2025-06-06,5285,1035,Telefone,Negociação,Pendente
801,2025-05-10,5199,2028,Presencial,Pós-venda,Pendente
802,2025-05-21,5134,2031,Presencial,Pós-venda,Realizada
803,2025-01-23,5328,1032,Telefone,Prospecção,Realizada
804,2025-01-15,5365,2009,Online,Negociação,Pendente
805,2025-04-22,5158,1042,Online,Pós-venda,Realizada
806,2025-04-15,5154,2014,Online,Negociação,Realizada
807,2025-05-20,5428,2035,Presencial,Negociação,Pendente
808,2025-05-28,5333,1039,Telefone,Pós-venda,Pendente
809,2025-01-07,5203,1058,Telefone,Negociação,Pendente
810,2025-01-01,5426,1021,Online,Pós-venda,Pendente
811,2025-01-29,5069,2011,Online,Pós-venda,Pendente
812,2025-03-24,5415,2029,Presencial,Negociação,Realizada
813,2025-02-04,5276,1039,Telefone,Pós-venda,Realizada
814,2025-01-11,5498,1050,Online,Pós-venda,Realizada
815,2025-03-25,5204,2017,Presencial,Negociação,Realizada
816,2025-03-13,5212,1019,Online,Pós-venda,Pendente
817,2025-01-16,5188,1042,Presencial,Pós-venda,Realizada
818,2025-06-21,5240,2038,Online,Pós-venda,Realizada
819,2025-03-30,5120,1032,Online,Pós-venda,Realizada
820,2025-01-12,5484,1027,Telefone,Negociação,Pendente
821,2025-06-06,5240,1012,Online,Prospecção,Pendente
822,2025-04-02,5212,2026,Presencial,Prospecção,Realizada
823,2025-06-03,5388,1014,Presencial,Pós-venda,Realizada
824,2025-03-26,5442,1026,Telefone,Pós-venda,Realizada
825,2025-04-21,5368,1019,Telefone,Prospecção,Pendente
826,2025-06-12,5281,1049,Presencial,Pós-venda,Pendente
827,2025-03-30,5194,1011,Presencial,Prospecção,Realizada
828,2025-04-13,5072,1060,Telefone,Pós-venda,Pendente
829,2025-06-09,5486,1027,Online,Prospecção,Pendente
830,2025-06-17,5270,1040,Online,Prospecção,Realizada
831,2025-06-29,5388,1056,Telefone,Prospecção,Pendente
832,2025-06-22,5068,1046,Telefone,Pós-venda,Pendente
833,2025-04-29,5307,1019,Online,Pós-venda,Realizada
834,2025-03-12,5009,1030,Telefone,Prospecção,Realizada
835,2025-06-26,5314,2023,Telefone,Negociação,Realizada
836,2025-02-23,5136,2002,Telefone,Prospecção,Pendente
837,2025-06-28,5280,2030,Telefone,Pós-venda,Realizada
838,2025-04-18,5031,2018,Presencial,Prospecção,Realizada
839,2025-06-02,5033,1054,Online,Prospecção,Pendente
840,2025-02-19,5338,1041,Online,Pós-venda,Realizada
841,2025-01-26,5427,1024,Telefone,Negociação,Pendente
842,2025-02-11,5192,2010,Telefone,Prospecção,Realizada
843,2025-06-03,5247,1047,Online,Negociação,Realizada
844,2025-04-03,5318,1053,Telefone,Pós-venda,Realizada
845,2025-05-02,5377,1058,Online,Negociação,Pendente
846,2025-04-18,5404,1020,Online,Prospecção,Pendente
847,2025-04-17,5386,1028,Presencial,Prospecção,Realizada
848,2025-04-18,5184,1043,Telefone,Pós-venda,Realizada
849,2025-04-13,5482,2016,Online,Pós-venda,Realizada
850,2025-03-09,5153,1006,Telefone,Pós-venda,Realizada
851,2025-01-08,5198,1015,Online,Negociação,Realizada
852,2025-01-08,5136,1024,Telefone,Negociação,Pendente
853,2025-05-21,5025,2024,Online,Prospecção,Realizada
854,2025-02-20,5301,1054,Telefone,Pós-venda,Realizada
855,2025-06-03,5347,2003,Telefone,Pós-venda,Pendente
856,2025-01-09,5019,1055,Telefone,Prospecção,Pendente
857,2025-04-29,5243,2006,Telefone,Prospecção,Pendente
858,2025-03-30,5251,2012,Online,Prospecção,Realizada
859,2025-05-31,5353,1002,Online,Negociação,Pendente
860,2025-05-18,5041,2001,Online,Negociação,Realizada
861,2025-05-28,5221,1055,Telefone,Negociação,Realizada
862,2025-02-06,5113,1010,Presencial,Negociação,Realizada
863,2025-03-12,5223,1019,Online,Pós-venda,Realizada
864,2025-03-18,5270,1017,Presencial,Prospecção,Pendente
865,2025-04-17,5352,2037,Online,Negociação,Pendente
866,2025-06-06,5402,2013,Telefone,Negociação,Realizada
867,2025-06-15,5357,2026,Online,Prospecção,Pendente
868,2025-04-29,5155,1043,Presencial,Prospecção,Pendente
869,2025-05-21,5433,2028,Presencial,Negociação,Realizada
870,2025-01-05,5187,2017,Presencial,Negociação,Realizada
871,2025-01-08,5298,2032,Online,Pós-venda,Pendente
872,2025-04-06,5022,2017,Telefone,Pós-venda,Pendente
873,2025-03-14,5357,2037,Presencial,Negociação,Pendente
874,2025-06-14,5031,1032,Presencial,Negociação,Realizada
875,2025-06-13,5098,1022,Telefone,Prospecção,Pendente
876,2025-06-02,5139,1029,Presencial,Negociação,Realizada
877,2025-04-13,5433,1051,Presencial,Prospecção,Realizada
878,2025-06-16,5364,2018,Telefone,Negociação,Pendente
879,2025-03-09,5481,1032,Telefone,Pós-venda,Realizada
880,2025-03-18,5215,1027,Presencial,Negociação,Realizada
881,2025-06-07,5118,1003,Telefone,Negociação,Pendente
882,2025-06-05,5073,1020,Online,Pós-venda,Realizada
883,2025-06-03,5112,1040,Online,Pós-venda,Pendente
884,2025-03-16,5454,1009,Presencial,Pós-venda,Realizada
885,2025-01-21,5358,2005,Online,Prospecção,Realizada
886,2025-04-21,5073,1042,Online,Negociação,Pendente
887,2025-05-11,5085,1007,Telefone,Negociação,Pendente
888,2025-06-24,5332,1010,Telefone,Pós-venda,Pendente
889,2025-04-14,5040,1014,Presencial,Prospecção,Pendente
890,2025-02-05,5288,1021,Telefone,Prospecção,Realizada
891,2025-01-27,5334,1042,Presencial,Negociação,Pendente
892,2025-01-20,5145,1028,Online,Prospecção,Realizada
893,2025-02-02,5385,1003,Presencial,Pós-venda,Pendente
894,2025-06-13,5303,2040,Online,Prospecção,Realizada
895,2025-03-08,5471,1054,Online,Prospecção,Realizada
896,2025-02-27,5015,2003,Online,Prospecção,Pendente
897,2025-05-28,5492,2002,Telefone,Prospecção,Realizada
898,2025-05-09,5095,1025,Telefone,Negociação,Pendente
899,2025-05-18,5001,1013,Telefone,Pós-venda,Pendente
900,2025-05-27,5126,2039,Online,Prospecção,Realizada
901,2025-03-14,5253,1037,Telefone,Prospecção,Pendente
902,2025-05-14,5234,2012,Presencial,Prospecção,Pendente
903,2025-03-28,5271,2034,Online,Pós-venda,Pendente
904,2025-01-26,5256,1049,Telefone,Pós-venda,Realizada
905,2025-04-11,5276,2027,Telefone,Prospecção,Realizada
906,2025-01-21,5311,2040,Online,Pós-venda,Pendente
907,2025-02-01,5154,1021,Presencial,Pós-venda,Pendente
908,2025-03-01,5286,2005,Presencial,Pós-venda,Pendente
909,2025-04-15,5257,1005,Presencial,Prospecção,Realizada
910,2025-04-29,5336,2015,Telefone,Pós-venda,Realizada
911,2025-05-30,5490,2016,Telefone,Negociação,Pendente
912,2025-01-30,5296,1034,Online,Prospecção,Pendente
913,2025-05-28,5273,1049,Telefone,Pós-venda,Realizada
914,2025-06-04,5428,1041,Online,Prospecção,Realizada
915,2025-06-13,5450,1010,Telefone,Prospecção,Pendente
916,2025-04-27,5361,2003,Online,Prospecção,Realizada
917,2025-05-23,5347,2009,Presencial,Negociação,Pendente
918,2025-04-20,5268,1023,Presencial,Pós-venda,Pendente
919,2025-03-26,5277,1006,Online,Prospecção,Realizada
920,2025-04-26,5083,2014,Presencial,Prospecção,Realizada
921,2025-04-02,5333,2031,Online,Pós-venda,Realizada
922,2025-06-13,5342,2032,Telefone,Pós-venda,Pendente
923,2025-03-14,5171,2039,Presencial,Prospecção,Pendente
924,2025-04-29,5100,2032,Online,Pós-venda,Realizada
925,2025-03-07,5227,2012,Presencial,Negociação,Pendente
926,2025-02-11,5271,1037,Presencial,Prospecção,Realizada
927,2025-06-18,5159,1029,Presencial,Pós-venda,Pendente
928,2025-05-24,5147,1005,Telefone,Pós-venda,Realizada
929,2025-02-14,5321,1025,Online,Pós-venda,Realizada
930,2025-01-09,5025,1056,Telefone,Pós-venda,Pendente
931,2025-03-15,5183,2027,Telefone,Prospecção,Pendente
932,2025-03-07,5402,1030,Presencial,Prospecção,Realizada
933,2025-06-01,5010,1056,Online,Negociação,Realizada
934,2025-01-15,5337,2010,Telefone,Prospecção,Realizada
935,2025-03-06,5109,1053,Presencial,Pós-venda,Realizada
936,2025-06-28,5073,2024,Presencial,Prospecção,Realizada
937,2025-06-03,5133,2009,Online,Negociação,Realizada
938,2025-06-30,5337,1034,Presencial,Negociação,Realizada
939,2025-05-16,5337,2023,Online,Negociação,Realizada
940,2025-01-11,5232,2003,Telefone,Prospecção,Pendente
941,2025-02-13,5235,1026,Presencial,Prospecção,Pendente
942,2025-05-19,5114,1044,Telefone,Negociação,Pendente
943,2025-01-22,5146,1057,Presencial,Pós-venda,Pendente
944,2025-05-22,5213,2015,Presencial,Negociação,Realizada
945,2025-03-27,5473,1010,Online,Negociação,Pendente
946,2025-05-26,5422,1034,Presencial,Prospecção,Realizada
947,2025-02-23,5453,2018,Online,Prospecção,Pendente
948,2025-03-04,5042,2032,Online,Negociação,Realizada
949,2025-05-06,5077,1029,Presencial,Pós-venda,Realizada
950,2025-05-07,5408,2031,Telefone,Negociação,Pendente
951,2025-01-14,5489,1027,Presencial,Prospecção,Realizada
952,2025-01-25,5289,1047,Online,Pós-venda,Pendente
953,2025-02-11,5261,1023,Telefone,Prospecção,Realizada
954,2025-06-30,5033,1039,Presencial,Pós-venda,Realizada
955,2025-04-19,5466,1031,Online,Prospecção,Pendente
956,2025-02-22,5423,2026,Online,Pós-venda,Realizada
957,2025-06-06,5045,2008,Telefone,Pós-venda,Realizada
958,2025-02-26,5175,1023,Presencial,Pós-venda,Pendente
959,2025-02-09,5353,2028,Online,Negociação,Pendente
960,2025-03-16,5204,2013,Online,Negociação,Realizada
961,2025-06-18,5018,2007,Telefone,Pós-venda,Pendente
962,2025-02-08,5099,2028,Online,Pós-venda,Pendente
963,2025-02-04,5487,1020,Telefone,Pós-venda,Realizada
964,2025-02-05,5276,2025,Telefone,Prospecção,Pendente
965,2025-05-05,5139,1040,Presencial,Prospecção,Realizada
966,2025-05-27,5301,1009,Presencial,Negociação,Realizada
967,2025-04-02,5138,2037,Telefone,Pós-venda,Pendente
968,2025-03-04,5006,1058,Online,Negociação,Pendente
969,2025-01-28,5207,2039,Presencial,Pós-venda,Realizada
970,2025-01-25,5387,2039,Presencial,Pós-venda,Realizada
971,2025-04-25,5385,2036,Telefone,Negociação,Pendente
972,2025-03-17,5490,1022,Online,Pós-venda,Realizada
973,2025-03-15,5275,1016,Online,Prospecção,Realizada
974,2025-02-25,5034,1026,Online,Prospecção,Pendente
975,2025-06-21,5466,1052,Telefone,Negociação,Pendente
976,2025-06-27,5300,1041,Presencial,Negociação,Realizada
977,2025-05-10,5108,2040,Online,Negociação,Pendente
978,2025-05-18,5289,2031,Telefone,Pós-venda,Pendente
979,2025-05-20,5336,1029,Presencial,Negociação,Pendente
980,2025-05-23,5150,1052,Presencial,Negociação,Pendente
981,2025-01-15,5320,1030,Online,Negociação,Pendente
982,2025-06-25,5433,2014,Telefone,Prospecção,Realizada
983,2025-03-12,5499,1058,Online,Prospecção,Realizada
984,2025-03-28,5407,1037,Telefone,Negociação,Realizada
985,2025-04-01,5341,2004,Online,Negociação,Realizada
986,2025-03-11,5350,1041,Telefone,Negociação,Realizada
987,2025-02-28,5261,1026,Presencial,Prospecção,Realizada
988,2025-01-18,5157,2029,Telefone,Prospecção,Realizada
989,2025-02-24,5294,1053,Presencial,Prospecção,Pendente
990,2025-06-13,5367,2003,Telefone,Negociação,Pendente
991,2025-01-23,5192,2029,Presencial,Pós-venda,Realizada
992,2025-03-17,5297,2007,Presencial,Negociação,Realizada
993,2025-01-01,5253,2036,Presencial,Prospecção,Pendente
994,2025-01-05,5297,2028,Presencial,Prospecção,Pendente
995,2025-04-01,5220,1052,Online,Negociação,Pendente
996,2025-03-08,5107,1044,Telefone,Prospecção,Pendente
997,2025-05-14,5365,2024,Online,Prospecção,Realizada
998,2025-04-12,5388,2007,Presencial,Pós-venda,Realizada
999,2025-05-12,5306,1015,Online,Pós-venda,Realizada
1000,2025-05-01,5267,1003,Presencial,Pós-venda,Realizada
1001,2025-03-11,5443,2020,Telefone,Negociação,Realizada
1002,2025-03-08,5125,1059,Telefone,Prospecção,Pendente
1003,2025-06-15,5400,1046,Telefone,Pós-venda,Realizada
1004,2025-05-11,5229,2033,Presencial,Prospecção,Pendente
1005,2025-05-31,5332,2019,Telefone,Prospecção,Pendente
1006,2025-02-19,5371,2029,Telefone,Prospecção,Realizada
1007,2025-01-28,5158,1042,Telefone,Negociação,Pendente
1008,2025-06-18,5403,1057,Telefone,Negociação,Pendente
1009,2025-05-02,5154,1029,Telefone,Negociação,Pendente
1010,2025-06-15,5017,2034,Presencial,Pós-venda,Pendente
1011,2025-04-05,5278,1039,Online,Prospecção,Realizada
1012,2025-06-01,5412,2020,Presencial,Pós-venda,Pendente
1013,2025-01-24,5182,2016,Telefone,Prospecção,Realizada
1014,2025-06-07,5483,2017,Online,Prospecção,Pendente
1015,2025-02-18,5139,1053,Presencial,Negociação,Realizada
1016,2025-05-25,5491,2004,Telefone,Negociação,Pendente
1017,2025-03-24,5272,1043,Telefone,Prospecção,Realizada
1018,2025-02-03,5035,1057,Presencial,Negociação,Pendente
1019,2025-05-12,5019,1041,Telefone,Negociação,Realizada
1020,2025-02-09,5192,1029,Presencial,Prospecção,Pendente
1021,2025-06-12,5372,2028,Online,Pós-venda,Realizada
1022,2025-05-18,5436,1047,Presencial,Pós-venda,Realizada
1023,2025-05-05,5410,2001,Online,Prospecção,Realizada
1024,2025-03-31,5117,1053,Presencial,Pós-venda,Pendente
1025,2025-06-23,5373,2030,Presencial,Negociação,Realizada
1026,2025-05-11,5268,1027,Telefone,Pós-venda,Realizada
1027,2025-04-21,5100,2002,Online,Negociação,Realizada
1028,2025-04-13,5171,1018,Telefone,Negociação,Pendente
1029,2025-04-06,5058,1030,Presencial,Prospecção,Realizada
1030,2025-05-18,5012,1051,Telefone,Prospecção,Pendente
1031,2025-02-21,5334,1009,Presencial,Pós-venda,Pendente
1032,2025-02-18,5071,1026,Online,Prospecção,Pendente
1033,2025-06-07,5282,2035,Presencial,Pós-venda,Pendente
1034,2025-04-09,5002,2004,Telefone,Prospecção,Realizada
1035,2025-06-19,5172,1022,Online,Negociação,Pendente
1036,2025-06-29,5028,2039,Telefone,Pós-venda,Pendente
1037,2025-04-27,5385,1019,Presencial,Prospecção,Realizada
1038,2025-05-09,5095,1044,Telefone,Pós-venda,Realizada
1039,2025-05-27,5455,2017,Presencial,Pós-venda,Pendente
1040,2025-04-15,5211,2040,Presencial,Negociação,Realizada
1041,2025-06-21,5319,1039,Presencial,Prospecção,Realizada
1042,2025-02-10,5056,2008,Telefone,Pós-venda,Realizada
1043,2025-06-13,5406,1015,Telefone,Prospecção,Pendente
1044,2025-03-25,5337,1004,Online,Prospecção,Pendente
1045,2025-05-29,5248,1044,Presencial,Negociação,Realizada
1046,2025-04-22,5046,2009,Online,Negociação,Pendente
1047,2025-02-12,5050,1040,Telefone,Pós-venda,Pendente
1048,2025-04-11,5029,1019,Telefone,Pós-venda,Realizada
1049,2025-04-22,5123,1044,Telefone,Negociação,Pendente
1050,2025-04-07,5096,2003,Online,Pós-venda,Pendente
1051,2025-02-15,5009,1041,Online,Negociação,Pendente
1052,2025-03-21,5153,1012,Presencial,Negociação,Realizada
1053,2025-02-24,5054,1028,Online,Pós-venda,Realizada
1054,2025-05-04,5282,2019,Online,Prospecção,Pendente
1055,2025-03-11,5385,2031,Online,Negociação,Realizada
1056,2025-05-14,5411,2031,Online,Prospecção,Pendente
1057,2025-02-21,5324,1033,Online,Pós-venda,Realizada
1058,2025-01-20,5251,2019,Presencial,Prospecção,Realizada
1059,2025-04-30,5364,2013,Online,Pós-venda,Pendente
1060,2025-01-19,5481,2035,Telefone,Prospecção,Pendente
1061,2025-04-19,5026,1004,Presencial,Negociação,Realizada
1062,2025-01-31,5038,2003,Telefone,Prospecção,Pendente
1063,2025-02-09,5084,2003,Presencial,Prospecção,Pendente
1064,2025-02-16,5170,2034,Telefone,Negociação,Realizada
1065,2025-05-09,5362,2040,Online,Prospecção,Pendente
1066,2025-01-22,5470,1032,Presencial,Prospecção,Realizada
1067,2025-03-07,5262,2038,Online,Negociação,Realizada
1068,2025-06-03,5009,2038,Online,Prospecção,Pendente
1069,2025-02-08,5494,2037,Presencial,Negociação,Pendente
1070,2025-05-01,5230,2008,Online,Prospecção,Realizada
1071,2025-05-20,5240,1033,Online,Negociação,Pendente
1072,2025-04-06,5349,1051,Presencial,Prospecção,Realizada
1073,2025-05-24,5197,2034,Online,Prospecção,Pendente
1074,2025-04-12,5420,2002,Presencial,Negociação,Realizada
1075,2025-06-26,5115,1026,Telefone,Prospecção,Realizada
1076,2025-04-27,5273,2011,Telefone,Pós-venda,Realizada
1077,2025-05-03,5204,2019,Telefone,Prospecção,Pendente
1078,2025-03-19,5203,2011,Presencial,Negociação,Pendente
1079,2025-01-10,5055,2018,Online,Prospecção,Pendente
1080,2025-05-30,5112,1059,Telefone,Negociação,Realizada
1081,2025-05-19,5032,1048,Online,Negociação,Realizada
1082,2025-01-30,5441,1033,Online,Prospecção,Realizada
1083,2025-04-29,5307,2023,Presencial,Prospecção,Realizada
1084,2025-03-25,5246,2005,Telefone,Prospecção,Pendente
1085,2025-02-10,5249,1047,Telefone,Negociação,Pendente
1086,2025-01-29,5455,1017,Presencial,Pós-venda,Realizada
1087,2025-02-04,5352,2040,Telefone,Negociação,Pendente
1088,2025-05-23,5001,2019,Telefone,Negociação,Realizada
1089,2025-06-10,5457,1051,Online,Pós-venda,Pendente
1090,2025-05-21,5014,1040,Telefone,Negociação,Pendente
1091,2025-05-03,5067,1046,Online,Negociação,Pendente
1092,2025-02-02,5334,1004,Online,Negociação,Pendente
1093,2025-04-07,5179,1029,Telefone,Prospecção,Pendente
1094,2025-03-24,5358,1042,Online,Prospecção,Realizada
1095,2025-04-04,5361,1016,Online,Prospecção,Realizada
1096,2025-05-14,5395,1002,Telefone,Prospecção,Realizada
1097,2025-01-31,5291,2029,Online,Prospecção,Pendente
1098,2025-04-07,5434,1036,Online,Prospecção,Pendente
1099,2025-05-23,5418,2012,Online,Negociação,Realizada
1100,2025-01-20,5009,1054,Online,Prospecção,Realizada
1101,2025-02-09,5207,1043,Presencial,Pós-venda,Pendente
1102,2025-01-12,5219,1051,Telefone,Pós-venda,Pendente
1103,2025-03-31,5114,1029,Telefone,Negociação,Realizada
1104,2025-03-08,5381,1032,Telefone,Prospecção,Realizada
1105,2025-01-13,5050,2011,Telefone,Pós-venda,Realizada
1106,2025-01-27,5488,2017,Online,Prospecção,Pendente
1107,2025-01-25,5330,1040,Presencial,Pós-venda,Realizada
1108,2025-06-16,5102,1033,Telefone,Pós-venda,Pendente
1109,2025-03-16,5258,2035,Presencial,Negociação,Realizada
1110,2025-04-27,5251,2032,Online,Negociação,Realizada
1111,2025-04-25,5294,2030,Online,Prospecção,Pendente
1112,2025-05-20,5324,2008,Telefone,Prospecção,Pendente
1113,2025-04-04,5467,2029,Presencial,Prospecção,Realizada
1114,2025-03-03,5190,1046,Presencial,Negociação,Pendente
1115,2025-06-08,5292,2005,Online,Negociação,Pendente
1116,2025-03-23,5233,1022,Telefone,Negociação,Pendente
1117,2025-03-15,5286,2004,Telefone,Pós-venda,Realizada
1118,2025-05-11,5153,1043,Telefone,Prospecção,Realizada
1119,2025-05-08,5071,2019,Telefone,Prospecção,Pendente
1120,2025-03-23,5413,2027,Telefone,Negociação,Realizada
1121,2025-04-22,5020,1055,Online,Prospecção,Realizada
1122,2025-04-24,5451,2031,Telefone,Negociação,Pendente
1123,2025-04-13,5321,1038,Presencial,Prospecção,Realizada
1124,2025-04-01,5378,1058,Online,Negociação,Pendente
1125,2025-01-12,5390,1056,Online,Pós-venda,Pendente
1126,2025-04-14,5132,1048,Presencial,Negociação,Pendente
1127,2025-03-14,5135,1033,Presencial,Pós-venda,Pendente
1128,2025-01-07,5002,1013,Presencial,Negociação,Pendente
1129,2025-03-01,5215,2019,Online,Pós-venda,Pendente
1130,2025-03-18,5018,1059,Telefone,Prospecção,Pendente
1131,2025-06-12,5006,2011,Online,Pós-venda,Pendente
1132,2025-03-03,5116,1009,Telefone,Pós-venda,Pendente
1133,2025-05-15,5049,2035,Telefone,Pós-venda,Pendente
1134,2025-02-07,5041,1017,Presencial,Prospecção,Pendente
1135,2025-06-29,5277,2038,Presencial,Pós-venda,Pendente
1136,2025-04-26,5271,1011,Telefone,Pós-venda,Pendente
1137,2025-06-28,5159,2003,Telefone,Prospecção,Pendente
1138,2025-04-07,5013,2012,Telefone,Prospecção,Pendente
1139,2025-03-25,5010,2007,Telefone,Prospecção,Realizada
1140,2025-01-24,5344,1006,Online,Pós-venda,Pendente
1141,2025-06-30,5060,1037,Presencial,Prospecção,Realizada
1142,2025-04-23,5322,2009,Online,Prospecção,Pendente
1143,2025-03-07,5309,1002,Online,Prospecção,Realizada
1144,2025-01-24,5245,1027,Presencial,Prospecção,Pendente
1145,2025-01-02,5454,2007,Online,Negociação,Pendente
1146,2025-05-28,5474,1051,Telefone,Negociação,Realizada
1147,2025-04-28,5284,1047,Online,Prospecção,Pendente
1148,2025-03-12,5300,1045,Online,Pós-venda,Pendente
1149,2025-03-01,5333,1057,Presencial,Prospecção,Pendente
1150,2025-05-27,5305,1022,Presencial,Prospecção,Realizada
1151,2025-06-07,5267,2039,Online,Prospecção,Pendente
1152,2025-03-02,5312,1018,Telefone,Pós-venda,Pendente
1153,2025-03-16,5092,1057,Presencial,Pós-venda,Realizada
1154,2025-06-07,5118,2002,Presencial,Prospecção,Pendente
1155,2025-03-21,5479,2024,Online,Prospecção,Realizada
1156,2025-04-21,5021,2002,Presencial,Pós-venda,Realizada
1157,2025-03-14,5210,2018,Online,Pós-venda,Realizada
1158,2025-02-22,5123,1007,Online,Prospecção,Realizada
1159,2025-03-26,5308,2031,Telefone,Prospecção,Realizada
1160,2025-01-01,5359,2028,Presencial,Negociação,Realizada
1161,2025-04-15,5228,1040,Online,Pós-venda,Realizada
1162,2025-05-15,5044,1016,Presencial,Negociação,Pendente
1163,2025-05-26,5122,1017,Telefone,Prospecção,Realizada
1164,2025-01-11,5284,1008,Online,Prospecção,Realizada
1165,2025-05-26,5275,1024,Telefone,Pós-venda,Pendente
1166,2025-05-29,5198,1048,Telefone,Pós-venda,Realizada
1167,2025-04-28,5336,2009,Telefone,Prospecção,Realizada
1168,2025-01-12,5286,2023,Online,Negociação,Pendente
1169,2025-01-14,5340,2003,Telefone,Negociação,Realizada
1170,2025-04-28,5011,1022,Telefone,Negociação,Realizada
1171,2025-03-15,5392,1033,Telefone,Pós-venda,Realizada
1172,2025-01-29,5031,1027,Online,Negociação,Realizada
1173,2025-05-26,5263,2026,Telefone,Pós-venda,Realizada
1174,2025-06-13,5343,1028,Telefone,Negociação,Pendente
1175,2025-01-25,5291,1058,Online,Negociação,Pendente
1176,2025-06-01,5451,2023,Presencial,Negociação,Pendente
1177,2025-02-13,5087,1030,Telefone,Negociação,Realizada
1178,2025-03-24,5199,2036,Presencial,Prospecção,Realizada
1179,2025-05-24,5101,2009,Online,Pós-venda,Pendente
1180,2025-03-08,5028,1033,Telefone,Negociação,Pendente
1181,2025-05-12,5184,1027,Online,Prospecção,Realizada
1182,2025-04-01,5235,1044,Online,Negociação,Realizada
1183,2025-01-24,5231,2035,Presencial,Pós-venda,Realizada
1184,2025-06-26,5413,2017,Telefone,Pós-venda,Pendente
1185,2025-05-31,5306,2004,Telefone,Prospecção,Pendente
1186,2025-01-14,5444,1013,Online,Pós-venda,Realizada
1187,2025-01-08,5390,1055,Telefone,Pós-venda,Realizada
1188,2025-05-29,5153,2006,Presencial,Negociação,Realizada
1189,2025-06-02,5224,1059,Online,Pós-venda,Pendente
1190,2025-03-17,5306,1043,Online,Prospecção,Pendente
1191,2025-03-25,5399,1039,Presencial,Prospecção,Realizada
1192,2025-03-31,5046,1021,Online,Negociação,Realizada
1193,2025-04-22,5367,1005,Telefone,Negociação,Realizada
1194,2025-03-10,5472,2028,Telefone,Pós-venda,Pendente
1195,2025-06-16,5295,2037,Online,Pós-venda,Realizada
1196,2025-04-15,5431,2019,Telefone,Negociação,Pendente
1197,2025-06-22,5456,2023,Presencial,Pós-venda,Pendente
1198,2025-05-16,5281,2006,Online,Negociação,Realizada
1199,2025-03-20,5036,2009,Presencial,Pós-venda,Realizada
1200,2025-04-27,5499,2039,Telefone,Pós-venda,Pendente
1201,2025-05-08,5445,2034,Telefone,Prospecção,Pendente
1202,2025-01-14,5421,2024,Telefone,Pós-venda,Realizada
1203,2025-06-12,5335,1054,Telefone,Negociação,Realizada
1204,2025-03-19,5272,1003,Telefone,Prospecção,Pendente
1205,2025-02-17,5297,1054,Telefone,Negociação,Pendente
1206,2025-06-10,5149,1033,Online,Prospecção,Realizada
1207,2025-05-04,5079,1002,Telefone,Negociação,Pendente
1208,2025-05-03,5063,2038,Presencial,Negociação,Realizada
1209,2025-02-06,5010,2008,Telefone,Negociação,Realizada
1210,2025-02-26,5382,2013,Telefone,Prospecção,Pendente
1211,2025-02-16,5053,1054,Online,Prospecção,Realizada
1212,2025-06-16,5186,1001,Presencial,Pós-venda,Realizada
1213,2025-06-15,5478,1026,Online,Pós-venda,Pendente
1214,2025-01-17,5341,1054,Presencial,Prospecção,Pendente
1215,2025-01-26,5481,2033,Online,Pós-venda,Pendente
1216,2025-06-04,5219,1005,Telefone,Negociação,Realizada
1217,2025-04-18,5064,2025,Telefone,Negociação,Pendente
1218,2025-06-04,5246,1029,Online,Negociação,Pendente
1219,2025-02-05,5257,1031,Online,Negociação,Pendente
1220,2025-04-12,5063,1023,Telefone,Prospecção,Realizada
1221,2025-06-08,5064,1024,Telefone,Negociação,Realizada
1222,2025-01-20,5067,2016,Online,Negociação,Realizada
1223,2025-02-01,5287,2006,Presencial,Prospecção,Pendente
1224,2025-05-18,5201,2019,Online,Negociação,Realizada
1225,2025-05-28,5264,1021,Online,Prospecção,Realizada
1226,2025-06-28,5230,1029,Presencial,Prospecção,Pendente
1227,2025-02-24,5430,1007,Presencial,Negociação,Realizada
1228,2025-04-21,5147,1057,Presencial,Negociação,Realizada
1229,2025-02-10,5013,2013,Presencial,Negociação,Realizada
1230,2025-06-02,5443,2015,Presencial,Pós-venda,Pendente
1231,2025-06-22,5338,1032,Online,Pós-venda,Pendente
1232,2025-02-01,5488,1045,Telefone,Pós-venda,Realizada
1233,2025-01-27,5376,2001,Online,Negociação,Pendente
1234,2025-03-02,5139,2006,Online,Negociação,Realizada
1235,2025-06-13,5366,1029,Presencial,Negociação,Pendente
1236,2025-06-28,5186,2008,Telefone,Pós-venda,Realizada
1237,2025-05-19,5329,1048,Online,Negociação,Pendente
1238,2025-06-18,5274,1050,Online,Prospecção,Pendente
1239,2025-03-05,5287,2006,Telefone,Pós-venda,Realizada
1240,2025-06-17,5010,2022,Online,Pós-venda,Pendente
1241,2025-05-01,5264,1051,Telefone,Prospecção,Pendente
1242,2025-02-06,5218,2010,Telefone,Pós-venda,Pendente
1243,2025-04-02,5477,1045,Presencial,Pós-venda,Pendente
1244,2025-06-16,5249,1020,Online,Negociação,Pendente
1245,2025-02-05,5347,2006,Telefone,Prospecção,Pendente
1246,2025-02-26,5260,2023,Presencial,Negociação,Pendente
1247,2025-05-28,5055,2017,Telefone,Pós-venda,Realizada
1248,2025-05-03,5338,2022,Online,Prospecção,Pendente
1249,2025-02-18,5458,2027,Telefone,Pós-venda,Pendente
1250,2025-03-02,5447,1026,Telefone,Prospecção,Pendente
1251,2025-06-26,5039,2039,Online,Prospecção,Realizada
1252,2025-02-09,5057,2030,Telefone,Negociação,Pendente
1253,2025-05-08,5231,1050,Telefone,Pós-venda,Realizada
1254,2025-04-07,5076,2016,Online,Pós-venda,Realizada
1255,2025-01-19,5459,1038,Online,Negociação,Pendente
1256,2025-02-19,5238,1028,Presencial,Prospecção,Pendente
1257,2025-02-04,5345,2005,Online,Negociação,Realizada
1258,2025-02-19,5132,1047,Telefone,Prospecção,Pendente
1259,2025-06-13,5114,2004,Presencial,Prospecção,Pendente
1260,2025-05-08,5211,2019,Presencial,Pós-venda,Realizada
1261,2025-01-20,5191,2039,Presencial,Prospecção,Realizada
1262,2025-06-25,5123,2029,Telefone,Prospecção,Realizada
1263,2025-03-30,5017,1046,Telefone,Negociação,Realizada
1264,2025-06-14,5124,1053,Presencial,Negociação,Pendente
1265,2025-05-26,5269,2038,Online,Negociação,Realizada
1266,2025-03-30,5459,1034,Presencial,Negociação,Realizada
1267,2025-05-20,5072,2001,Telefone,Prospecção,Pendente
1268,2025-04-02,5423,1008,Online,Negociação,Realizada
1269,2025-02-04,5316,1020,Telefone,Negociação,Realizada
1270,2025-02-08,5097,1003,Telefone,Prospecção,Pendente
1271,2025-01-23,5252,2024,Online,Prospecção,Realizada
1272,2025-01-15,5295,2037,Telefone,Prospecção,Pendente
1273,2025-04-03,5257,2035,Online,Prospecção,Realizada
1274,2025-05-24,5261,1014,Telefone,Negociação,Realizada
1275,2025-06-06,5331,1005,Presencial,Pós-venda,Pendente
1276,2025-06-09,5233,2025,Online,Pós-venda,Pendente
1277,2025-02-25,5439,2038,Presencial,Pós-venda,Realizada
1278,2025-04-02,5161,2021,Telefone,Prospecção,Pendente
1279,2025-03-08,5299,1055,Presencial,Negociação,Pendente
1280,2025-02-06,5192,2002,Online,Prospecção,Pendente
1281,2025-05-29,5261,2023,Online,Prospecção,Pendente
1282,2025-04-08,5378,1036,Presencial,Negociação,Pendente
1283,2025-04-09,5330,2003,Telefone,Pós-venda,Pendente
1284,2025-03-30,5314,2006,Online,Pós-venda,Pendente
1285,2025-02-24,5075,1038,Online,Negociação,Realizada
1286,2025-03-02,5328,2037,Online,Prospecção,Pendente
1287,2025-04-02,5020,2039,Online,Prospecção,Realizada
1288,2025-04-11,5121,2025,Presencial,Prospecção,Pendente
1289,2025-06-21,5438,1013,Online,Negociação,Realizada
1290,2025-01-09,5485,1003,Presencial,Prospecção,Realizada
1291,2025-03-10,5309,2022,Telefone,Prospecção,Realizada
1292,2025-05-21,5499,1008,Presencial,Prospecção,Realizada
1293,2025-02-20,5208,1004,Presencial,Pós-venda,Pendente
1294,2025-05-02,5162,1041,Presencial,Pós-venda,Realizada
1295,2025-05-26,5200,1021,Online,Prospecção,Realizada
1296,2025-06-21,5187,1011,Presencial,Prospecção,Realizada
1297,2025-02-16,5320,2003,Telefone,Negociação,Realizada
1298,2025-05-21,5498,2006,Presencial,Pós-venda,Realizada
1299,2025-01-12,5005,2019,Telefone,Pós-venda,Pendente
1300,2025-05-27,5068,2032,Telefone,Pós-venda,Realizada
1301,2025-05-28,5012,2010,Online,Pós-venda,Pendente
1302,2025-01-18,5037,2034,Online,Negociação,Realizada
1303,2025-01-31,5325,1042,Telefone,Pós-venda,Realizada
1304,2025-05-03,5384,2036,Telefone,Prospecção,Realizada
1305,2025-04-26,5366,1021,Presencial,Pós-venda,Pendente
1306,2025-01-15,5222,1033,Online,Pós-venda,Pendente
1307,2025-01-15,5423,2025,Online,Prospecção,Pendente
1308,2025-02-11,5168,2001,Presencial,Pós-venda,Realizada
1309,2025-02-06,5402,2032,Telefone,Pós-venda,Pendente
1310,2025-03-06,5141,2029,Online,Prospecção,Pendente
1311,2025-01-17,5437,1025,Telefone,Pós-venda,Realizada
1312,2025-04-05,5013,1055,Presencial,Negociação,Pendente
1313,2025-03-08,5244,2035,Online,Pós-venda,Pendente
1314,2025-06-05,5044,1007,Presencial,Prospecção,Realizada
1315,2025-02-19,5463,2012,Online,Negociação,Pendente
1316,2025-05-22,5478,1016,Online,Negociação,Pendente
1317,2025-05-27,5160,1048,Online,Negociação,Pendente
1318,2025-06-15,5160,1053,Telefone,Prospecção,Pendente
1319,2025-02-13,5325,1029,Online,Pós-venda,Realizada
1320,2025-01-20,5489,1030,Online,Negociação,Realizada
1321,2025-06-14,5206,1058,Presencial,Prospecção,Pendente
1322,2025-05-15,5297,2034,Online,Negociação,Pendente
1323,2025-06-05,5156,1042,Online,Negociação,Pendente
1324,2025-04-08,5118,2037,Telefone,Pós-venda,Realizada
1325,2025-04-07,5076,1011,Presencial,Prospecção,Pendente
1326,2025-05-26,5320,2024,Presencial,Prospecção,Pendente
1327,2025-03-21,5135,2008,Telefone,Prospecção,Pendente
1328,2025-04-05,5070,1002,Telefone,Pós-venda,Realizada
1329,2025-06-05,5406,2014,Presencial,Pós-venda,Realizada
1330,2025-02-12,5109,2012,Presencial,Prospecção,Pendente
1331,2025-01-03,5134,1049,Telefone,Prospecção,Pendente
1332,2025-03-02,5316,1051,Online,Prospecção,Pendente
1333,2025-01-01,5297,1024,Presencial,Prospecção,Realizada
1334,2025-03-08,5195,2027,Online,Pós-venda,Pendente
1335,2025-04-20,5472,2018,Online,Prospecção,Realizada
1336,2025-02-26,5115,1036,Presencial,Negociação,Pendente
1337,2025-06-05,5107,2005,Telefone,Pós-venda,Pendente
1338,2025-02-20,5049,1055,Telefone,Prospecção,Realizada
1339,2025-01-22,5126,1023,Telefone,Negociação,Realizada
1340,2025-05-20,5051,1057,Telefone,Negociação,Realizada
1341,2025-03-30,5261,1013,Telefone,Prospecção,Pendente
1342,2025-04-03,5269,2010,Telefone,Negociação,Realizada
1343,2025-01-11,5125,1019,Presencial,Prospecção,Pendente
1344,2025-01-10,5436,1037,Presencial,Pós-venda,Realizada
1345,2025-03-05,5107,1007,Telefone,Pós-venda,Realizada
1346,2025-04-02,5252,2032,Telefone,Pós-venda,Pendente
1347,2025-01-19,5017,2011,Telefone,Negociação,Realizada
1348,2025-02-20,5132,1013,Presencial,Pós-venda,Pendente
1349,2025-03-24,5142,2034,Telefone,Prospecção,Realizada
1350,2025-06-12,5493,1014,Presencial,Negociação,Realizada
1351,2025-04-15,5244,2003,Presencial,Pós-venda,Realizada
1352,2025-01-13,5019,2032,Presencial,Pós-venda,Pendente
1353,2025-05-26,5242,1027,Presencial,Negociação,Pendente
1354,2025-03-29,5015,2028,Online,Pós-venda,Realizada
1355,2025-06-22,5012,2020,Online,Prospecção,Realizada
1356,2025-06-26,5176,1043,Presencial,Negociação,Realizada
1357,2025-06-12,5459,1003,Presencial,Pós-venda,Realizada
1358,2025-06-07,5040,1045,Telefone,Prospecção,Pendente
1359,2025-03-28,5154,1024,Presencial,Negociação,Pendente
1360,2025-04-27,5011,2020,Presencial,Negociação,Pendente
1361,2025-04-23,5366,1045,Telefone,Prospecção,Realizada
1362,2025-03-14,5137,2040,Telefone,Negociação,Pendente
1363,2025-06-15,5042,1035,Online,Prospecção,Pendente
1364,2025-05-10,5104,1002,Online,Pós-venda,Pendente
1365,2025-03-10,5035,1042,Online,Prospecção,Pendente
1366,2025-02-17,5156,1001,Online,Prospecção,Realizada
1367,2025-03-20,5001,2014,Online,Negociação,Pendente
1368,2025-03-15,5267,1028,Presencial,Prospecção,Pendente
1369,2025-05-29,5440,1056,Presencial,Pós-venda,Pendente
1370,2025-04-21,5042,1033,Online,Prospecção,Realizada
1371,2025-06-10,5464,1022,Presencial,Pós-venda,Pendente
1372,2025-03-12,5217,1004,Telefone,Prospecção,Pendente
1373,2025-03-17,5336,2021,Presencial,Prospecção,Pendente
1374,2025-02-21,5072,2001,Telefone,Pós-venda,Realizada
1375,2025-05-08,5262,1036,Presencial,Prospecção,Pendente
1376,2025-02-14,5126,1008,Telefone,Prospecção,Realizada
1377,2025-01-01,5244,2009,Online,Pós-venda,Pendente
1378,2025-02-15,5074,2039,Telefone,Negociação,Pendente
1379,2025-06-18,5126,1041,Presencial,Prospecção,Pendente
1380,2025-01-13,5180,2023,Presencial,Prospecção,Pendente
1381,2025-04-27,5397,1048,Telefone,Prospecção,Realizada
1382,2025-05-25,5272,1018,Telefone,Prospecção,Pendente
1383,2025-03-03,5265,1040,Telefone,Prospecção,Pendente
1384,2025-05-29,5143,2012,Presencial,Negociação,Realizada
1385,2025-02-22,5088,2016,Telefone,Prospecção,Pendente
1386,2025-02-25,5415,1039,Online,Negociação,Realizada
1387,2025-06-03,5270,1034,Telefone,Negociação,Realizada
1388,2025-01-18,5022,2003,Presencial,Prospecção,Realizada
1389,2025-04-02,5322,1036,Telefone,Pós-venda,Pendente
1390,2025-02-05,5286,1049,Online,Negociação,Pendente
1391,2025-05-17,5300,2013,Online,Prospecção,Pendente
1392,2025-04-14,5192,1025,Online,Pós-venda,Realizada
1393,2025-01-18,5421,1046,Presencial,Negociação,Pendente
1394,2025-04-15,5142,1023,Presencial,Pós-venda,Realizada
1395,2025-06-20,5402,2014,Presencial,Prospecção,Realizada
1396,2025-03-29,5413,1044,Online,Prospecção,Realizada
1397,2025-02-24,5432,1045,Telefone,Prospecção,Pendente
1398,2025-01-03,5001,2019,Online,Pós-venda,Realizada
1399,2025-03-10,5033,2029,Presencial,Negociação,Pendente
1400,2025-02-13,5238,1038,Presencial,Prospecção,Pendente
1401,2025-01-26,5220,1009,Online,Pós-venda,Realizada
1402,2025-04-21,5035,1016,Presencial,Negociação,Pendente
1403,2025-03-04,5049,1006,Telefone,Pós-venda,Pendente
1404,2025-06-20,5207,2035,Presencial,Prospecção,Pendente
1405,2025-02-01,5330,1034,Online,Pós-venda,Pendente
1406,2025-04-19,5186,1030,Online,Negociação,Realizada
1407,2025-02-28,5354,1012,Presencial,Prospecção,Realizada
1408,2025-05-27,5405,1055,Online,Pós-venda,Pendente
1409,2025-05-27,5477,2040,Telefone,Pós-venda,Pendente
1410,2025-02-07,5234,1041,Online,Prospecção,Realizada
1411,2025-02-27,5012,2009,Presencial,Negociação,Realizada
1412,2025-06-29,5117,1060,Presencial,Negociação,Realizada
1413,2025-05-08,5339,1028,Presencial,Negociação,Pendente
1414,2025-04-30,5365,1020,Presencial,Prospecção,Realizada
1415,2025-02-11,5258,2016,Telefone,Pós-venda,Pendente
1416,2025-01-25,5102,1053,Online,Negociação,Realizada
1417,2025-02-15,5480,2004,Telefone,Negociação,Realizada
1418,2025-04-23,5387,1046,Online,Prospecção,Realizada
1419,2025-01-18,5435,2020,Telefone,Negociação,Pendente
1420,2025-03-23,5081,1019,Telefone,Negociação,Pendente
1421,2025-05-31,5182,2022,Telefone,Negociação,Realizada
1422,2025-06-25,5121,2021,Telefone,Pós-venda,Pendente
1423,2025-01-17,5423,2030,Presencial,Negociação,Pendente
1424,2025-04-19,5284,2038,Presencial,Negociação,Realizada
1425,2025-01-25,5024,1048,Telefone,Negociação,Realizada
1426,2025-03-16,5077,2011,Telefone,Negociação,Realizada
1427,2025-06-10,5181,1026,Online,Negociação,Pendente
1428,2025-01-10,5314,2030,Telefone,Negociação,Pendente
1429,2025-05-29,5419,2039,Telefone,Pós-venda,Pendente
1430,2025-01-25,5138,2030,Presencial,Negociação,Pendente
1431,2025-05-15,5179,2018,Online,Pós-venda,Pendente
1432,2025-03-12,5359,1023,Presencial,Prospecção,Realizada
1433,2025-01-02,5324,1017,Online,Negociação,Pendente
1434,2025-04-26,5220,2011,Online,Pós-venda,Realizada
1435,2025-06-08,5284,1026,Online,Negociação,Pendente
1436,2025-03-14,5276,1055,Online,Prospecção,Realizada
1437,2025-02-20,5381,2023,Online,Negociação,Realizada
1438,2025-03-29,5392,2036,Telefone,Pós-venda,Realizada
1439,2025-05-16,5167,2037,Presencial,Negociação,Realizada
1440,2025-04-06,5125,2017,Telefone,Prospecção,Realizada
1441,2025-03-21,5395,2035,Telefone,Negociação,Pendente
1442,2025-01-23,5290,1007,Telefone,Pós-venda,Realizada
1443,2025-06-28,5346,1014,Presencial,Pós-venda,Realizada
1444,2025-04-26,5298,2007,Telefone,Prospecção,Realizada
1445,2025-05-30,5210,2029,Presencial,Negociação,Pendente
1446,2025-01-31,5158,2007,Presencial,Prospecção,Pendente
1447,2025-04-04,5380,1014,Telefone,Negociação,Pendente
1448,2025-03-08,5214,2028,Presencial,Pós-venda,Pendente
1449,2025-04-20,5482,2039,Online,Prospecção,Pendente
1450,2025-05-11,5409,2020,Online,Pós-venda,Realizada
1451,2025-01-08,5164,1001,Online,Pós-venda,Pendente
1452,2025-01-28,5072,1010,Telefone,Prospecção,Realizada
1453,2025-03-02,5266,1021,Presencial,Negociação,Pendente
1454,2025-06-02,5264,2002,Telefone,Negociação,Realizada
1455,2025-05-01,5201,1028,Online,Pós-venda,Realizada
1456,2025-01-16,5038,1011,Telefone,Pós-venda,Realizada
1457,2025-02-19,5325,2029,Presencial,Negociação,Pendente
1458,2025-05-16,5390,1004,Presencial,Prospecção,Pendente
1459,2025-03-16,5006,1060,Telefone,Negociação,Realizada
1460,2025-04-13,5106,1004,Presencial,Pós-venda,Pendente
1461,2025-02-08,5071,1058,Online,Pós-venda,Pendente
1462,2025-04-24,5362,2035,Telefone,Negociação,Realizada
1463,2025-03-13,5065,2032,Telefone,Prospecção,Pendente
1464,2025-01-30,5110,2037,Presencial,Pós-venda,Realizada
1465,2025-03-22,5325,2013,Presencial,Prospecção,Pendente
1466,2025-04-11,5159,2019,Telefone,Negociação,Pendente
1467,2025-05-24,5226,2012,Telefone,Negociação,Realizada
1468,2025-03-19,5440,1050,Telefone,Pós-venda,Realizada
1469,2025-03-11,5492,1028,Telefone,Pós-venda,Realizada
1470,2025-06-11,5211,2009,Online,Negociação,Pendente
1471,2025-01-13,5287,2014,Presencial,Prospecção,Pendente
1472,2025-02-10,5166,2002,Online,Prospecção,Pendente
1473,2025-06-08,5022,2033,Online,Prospecção,Pendente
1474,2025-04-18,5087,2005,Telefone,Negociação,Pendente
1475,2025-06-13,5282,1055,Telefone,Pós-venda,Pendente
1476,2025-01-29,5337,1026,Telefone,Prospecção,Realizada
1477,2025-06-25,5308,2011,Online,Prospecção,Pendente
1478,2025-02-24,5389,2023,Presencial,Negociação,Pendente
1479,2025-06-22,5416,1047,Online,Prospecção,Realizada
1480,2025-04-18,5208,2018,Online,Negociação,Realizada
1481,2025-02-15,5197,1038,Presencial,Prospecção,Pendente
1482,2025-01-23,5269,1053,Online,Negociação,Pendente
1483,2025-02-02,5127,1008,Telefone,Prospecção,Realizada
1484,2025-02-03,5318,2012,Online,Prospecção,Realizada
1485,2025-05-04,5417,1039,Telefone,Prospecção,Pendente
1486,2025-05-26,5314,1036,Telefone,Prospecção,Pendente
1487,2025-04-02,5441,2019,Presencial,Negociação,Realizada
1488,2025-02-18,5244,1015,Telefone,Pós-venda,Realizada
1489,2025-01-06,5379,1028,Presencial,Negociação,Realizada
1490,2025-06-28,5091,2036,Telefone,Pós-venda,Realizada
1491,2025-05-03,5420,1054,Online,Pós-venda,Realizada
1492,2025-03-31,5355,1006,Presencial,Pós-venda,Realizada
1493,2025-02-24,5338,1057,Presencial,Prospecção,Pendente
1494,2025-01-15,5176,2034,Presencial,Negociação,Pendente
1495,2025-03-15,5369,2037,Telefone,Negociação,Pendente
1496,2025-02-12,5496,1057,Presencial,Pós-venda,Pendente
1497,2025-03-18,5400,2030,Online,Prospecção,Realizada
1498,2025-04-20,5237,1022,Telefone,Pós-venda,Pendente
1499,2025-06-25,5272,1036,Telefone,Negociação,Realizada
1500,2025-04-21,5065,2009,Telefone,Negociação,Pendente
1501,2025-06-14,5460,1008,Presencial,Pós-venda,Realizada
1502,2025-03-15,5236,1015,Online,Negociação,Pendente
1503,2025-04-28,5027,2028,Telefone,Pós-venda,Realizada
1504,2025-04-09,5321,1019,Presencial,Pós-venda,Realizada
1505,2025-02-24,5247,1016,Presencial,Pós-venda,Pendente
1506,2025-03-04,5364,2020,Presencial,Negociação,Realizada
1507,2025-01-15,5198,2027,Online,Negociação,Pendente
1508,2025-03-02,5022,1042,Telefone,Pós-venda,Pendente
1509,2025-05-05,5471,1057,Presencial,Negociação,Realizada
1510,2025-01-19,5347,1008,Presencial,Prospecção,Realizada
1511,2025-06-21,5465,1054,Presencial,Prospecção,Realizada
1512,2025-01-29,5428,2025,Telefone,Pós-venda,Realizada
1513,2025-01-27,5023,2001,Presencial,Negociação,Pendente
1514,2025-04-19,5039,1057,Online,Pós-venda,Pendente
1515,2025-04-11,5119,1049,Telefone,Pós-venda,Pendente
1516,2025-06-24,5462,2036,Presencial,Prospecção,Pendente
1517,2025-03-13,5319,2035,Online,Negociação,Realizada
1518,2025-06-05,5208,1060,Online,Pós-venda,Realizada
1519,2025-05-22,5395,1032,Online,Pós-venda,Pendente
1520,2025-01-14,5312,1016,Presencial,Prospecção,Realizada
1521,2025-01-26,5268,2020,Telefone,Prospecção,Pendente
1522,2025-04-01,5227,1059,Presencial,Negociação,Realizada
1523,2025-04-05,5333,1008,Online,Prospecção,Pendente
1524,2025-05-17,5228,1055,Telefone,Negociação,Realizada
1525,2025-04-25,5201,2023,Presencial,Prospecção,Realizada
1526,2025-05-20,5394,2023,Telefone,Negociação,Realizada
1527,2025-06-09,5196,2033,Telefone,Prospecção,Pendente
1528,2025-04-09,5273,1053,Telefone,Prospecção,Realizada
1529,2025-05-21,5020,1054,Online,Negociação,Pendente
1530,2025-02-12,5484,2032,Presencial,Pós-venda,Pendente
1531,2025-06-30,5281,2013,Online,Negociação,Realizada
1532,2025-01-31,5446,1049,Telefone,Negociação,Pendente
1533,2025-06-04,5453,1031,Telefone,Prospecção,Pendente
1534,2025-06-17,5242,1052,Telefone,Prospecção,Realizada
1535,2025-04-30,5472,1056,Online,Pós-venda,Pendente
1536,2025-02-02,5127,2034,Telefone,Prospecção,Pendente
1537,2025-06-19,5416,1029,Online,Prospecção,Pendente
1538,2025-03-01,5414,1057,Presencial,Prospecção,Realizada
1539,2025-04-10,5338,1052,Presencial,Prospecção,Pendente
1540,2025-06-25,5443,2004,Online,Pós-venda,Pendente
1541,2025-03-21,5090,1036,Telefone,Prospecção,Realizada
1542,2025-01-16,5042,2008,Online,Prospecção,Pendente
1543,2025-03-11,5416,2013,Online,Pós-venda,Pendente
1544,2025-06-29,5233,1002,Online,Pós-venda,Realizada
1545,2025-03-16,5460,2015,Online,Prospecção,Pendente
1546,2025-03-17,5462,1030,Online,Pós-venda,Realizada
1547,2025-04-17,5454,2008,Presencial,Pós-venda,Pendente
1548,2025-05-31,5139,1022,Telefone,Negociação,Realizada
1549,2025-06-22,5487,1001,Presencial,Prospecção,Pendente
1550,2025-02-25,5109,1003,Presencial,Pós-venda,Pendente
1551,2025-03-04,5257,1009,Presencial,Prospecção,Pendente
1552,2025-05-22,5031,1035,Telefone,Negociação,Realizada
1553,2025-04-17,5118,2037,Telefone,Pós-venda,Realizada
1554,2025-03-23,5285,1009,Telefone,Negociação,Pendente
1555,2025-04-14,5364,2024,Telefone,Negociação,Pendente
1556,2025-05-05,5429,2006,Online,Pós-venda,Realizada
1557,2025-04-24,5453,1043,Presencial,Prospecção,Pendente
1558,2025-06-23,5386,1006,Online,Negociação,Pendente
1559,2025-03-17,5046,1057,Online,Negociação,Realizada
1560,2025-02-15,5486,1050,Telefone,Pós-venda,Pendente
1561,2025-05-02,5347,2024,Telefone,Negociação,Realizada
1562,2025-05-25,5267,1028,Online,Negociação,Realizada
1563,2025-02-02,5186,2035,Presencial,Prospecção,Pendente
1564,2025-05-03,5055,1012,Online,Prospecção,Realizada
1565,2025-04-12,5387,1051,Telefone,Pós-venda,Realizada
1566,2025-01-02,5441,1048,Presencial,Negociação,Pendente
1567,2025-02-21,5160,1037,Telefone,Pós-venda,Realizada
1568,2025-05-20,5413,2011,Telefone,Negociação,Realizada
1569,2025-04-01,5458,1049,Presencial,Negociação,Pendente
1570,2025-01-16,5226,1053,Online,Negociação,Realizada
1571,2025-06-04,5029,1055,Presencial,Negociação,Pendente
1572,2025-02-27,5328,2023,Presencial,Negociação,Realizada
1573,2025-03-06,5396,1056,Telefone,Pós-venda,Realizada
1574,2025-02-04,5470,1049,Telefone,Pós-venda,Pendente
1575,2025-03-25,5204,2022,Telefone,Negociação,Pendente
1576,2025-05-29,5187,1060,Online,Negociação,Pendente
1577,2025-04-14,5259,1028,Presencial,Prospecção,Pendente
1578,2025-01-30,5483,1056,Presencial,Negociação,Realizada
1579,2025-02-27,5048,2026,Telefone,Prospecção,Pendente
1580,2025-06-01,5021,2027,Online,Pós-venda,Pendente
1581,2025-06-09,5270,1020,Online,Negociação,Realizada
1582,2025-03-02,5200,1059,Telefone,Pós-venda,Pendente
1583,2025-04-25,5399,2009,Online,Pós-venda,Pendente
1584,2025-03-21,5040,1013,Presencial,Pós-venda,Realizada
1585,2025-05-02,5288,2008,Online,Pós-venda,Pendente
1586,2025-01-14,5395,1050,Telefone,Prospecção,Realizada
1587,2025-05-22,5137,1050,Telefone,Pós-venda,Pendente
1588,2025-02-08,5118,1014,Online,Negociação,Realizada
1589,2025-02-08,5027,1023,Presencial,Prospecção,Pendente
1590,2025-06-20,5467,2020,Online,Negociação,Pendente
1591,2025-06-17,5262,1058,Presencial,Negociação,Realizada
1592,2025-02-20,5306,1018,Telefone,Prospecção,Pendente
1593,2025-04-15,5412,1057,Online,Pós-venda,Pendente
1594,2025-03-03,5073,2036,Telefone,Negociação,Pendente
1595,2025-06-02,5425,1001,Online,Negociação,Realizada
1596,2025-06-11,5001,1017,Telefone,Pós-venda,Realizada
1597,2025-02-27,5211,2007,Online,Prospecção,Realizada
1598,2025-04-24,5040,1038,Online,Negociação,Realizada
1599,2025-03-29,5236,1057,Online,Pós-venda,Pendente
1600,2025-06-22,5013,1007,Online,Prospecção,Realizada
1601,2025-05-18,5039,1027,Presencial,Negociação,Realizada
1602,2025-04-10,5446,2031,Telefone,Prospecção,Pendente
1603,2025-04-01,5192,1038,Telefone,Pós-venda,Pendente
1604,2025-03-11,5318,1017,Online,Negociação,Pendente
1605,2025-01-15,5184,1042,Presencial,Pós-venda,Realizada
1606,2025-02-09,5216,2032,Presencial,Pós-venda,Pendente
1607,2025-03-25,5496,2004,Online,Prospecção,Pendente
1608,2025-05-30,5323,2011,Telefone,Pós-venda,Realizada
1609,2025-06-14,5492,1049,Online,Prospecção,Pendente
1610,2025-02-03,5315,2017,Presencial,Prospecção,Realizada
1611,2025-03-14,5168,1049,Telefone,Pós-venda,Pendente
1612,2025-04-10,5385,2036,Telefone,Pós-venda,Pendente
1613,2025-05-16,5055,1029,Telefone,Pós-venda,Realizada
1614,2025-02-14,5465,2003,Telefone,Prospecção,Pendente
1615,2025-04-07,5430,2004,Presencial,Prospecção,Realizada
1616,2025-02-05,5473,1005,Presencial,Pós-venda,Pendente
1617,2025-02-13,5129,2007,Presencial,Negociação,Pendente
1618,2025-02-11,5008,2002,Telefone,Prospecção,Pendente
1619,2025-03-21,5302,2040,Online,Pós-venda,Pendente
1620,2025-06-30,5319,1041,Telefone,Pós-venda,Realizada
1621,2025-03-26,5142,2035,Online,Negociação,Pendente
1622,2025-06-23,5317,2015,Online,Pós-venda,Pendente
1623,2025-03-17,5395,1009,Online,Prospecção,Pendente
1624,2025-06-02,5128,1020,Online,Prospecção,Pendente
1625,2025-03-23,5390,1057,Presencial,Pós-venda,Pendente
1626,2025-06-07,5395,2013,Online,Prospecção,Realizada
1627,2025-04-09,5192,2007,Presencial,Pós-venda,Realizada
1628,2025-05-20,5221,2003,Presencial,Pós-venda,Realizada
1629,2025-03-15,5482,2021,Presencial,Negociação,Pendente
1630,2025-02-10,5091,1006,Telefone,Negociação,Pendente
1631,2025-05-17,5340,2025,Presencial,Pós-venda,Pendente
1632,2025-02-19,5196,2034,Online,Prospecção,Pendente
1633,2025-03-07,5189,1028,Telefone,Pós-venda,Pendente
1634,2025-04-28,5414,2018,Online,Negociação,Realizada
1635,2025-05-16,5408,2023,Telefone,Negociação,Pendente
1636,2025-02-03,5130,1037,Online,Pós-venda,Pendente
1637,2025-04-18,5220,2031,Telefone,Negociação,Pendente
1638,2025-02-09,5309,2002,Telefone,Pós-venda,Realizada
1639,2025-02-12,5181,1023,Presencial,Prospecção,Pendente
1640,2025-02-27,5472,1043,Online,Prospecção,Realizada
1641,2025-05-27,5305,1051,Telefone,Negociação,Realizada
1642,2025-02-11,5295,1057,Presencial,Pós-venda,Realizada
1643,2025-03-25,5277,1034,Online,Pós-venda,Pendente
1644,2025-04-25,5118,1054,Telefone,Pós-venda,Realizada
1645,2025-05-19,5018,1054,Presencial,Prospecção,Realizada
1646,2025-02-12,5093,2012,Presencial,Pós-venda,Realizada
1647,2025-05-02,5376,1026,Online,Pós-venda,Pendente
1648,2025-02-08,5363,1049,Telefone,Pós-venda,Pendente
1649,2025-06-04,5010,1029,Telefone,Prospecção,Realizada
1650,2025-02-11,5153,1053,Online,Pós-venda,Pendente
1651,2025-06-28,5360,2038,Online,Negociação,Pendente
1652,2025-04-13,5375,1020,Online,Negociação,Pendente
1653,2025-02-18,5267,1011,Presencial,Pós-venda,Realizada
1654,2025-06-24,5055,1031,Telefone,Negociação,Realizada
1655,2025-06-08,5020,1053,Telefone,Prospecção,Realizada
1656,2025-01-09,5369,1033,Telefone,Prospecção,Pendente
1657,2025-02-16,5042,1006,Telefone,Prospecção,Pendente
1658,2025-05-03,5151,2040,Presencial,Pós-venda,Realizada
1659,2025-02-10,5217,1053,Telefone,Pós-venda,Pendente
1660,2025-03-26,5062,1058,Presencial,Prospecção,Realizada
1661,2025-03-01,5357,1010,Online,Negociação,Realizada
1662,2025-04-16,5267,2038,Online,Prospecção,Pendente
1663,2025-05-10,5121,2027,Telefone,Negociação,Realizada
1664,2025-06-02,5278,2029,Presencial,Pós-venda,Realizada
1665,2025-03-11,5455,1043,Presencial,Prospecção,Realizada
1666,2025-01-27,5376,1015,Presencial,Pós-venda,Realizada
1667,2025-05-09,5367,2040,Presencial,Negociação,Pendente
1668,2025-06-19,5335,2038,Presencial,Pós-venda,Pendente
1669,2025-04-11,5107,2027,Presencial,Negociação,Realizada
1670,2025-03-15,5481,2017,Online,Pós-venda,Pendente
1671,2025-01-06,5388,1058,Telefone,Prospecção,Realizada
1672,2025-06-16,5331,1028,Online,Prospecção,Realizada
1673,2025-04-05,5295,1034,Presencial,Pós-venda,Realizada
1674,2025-06-22,5104,1054,Online,Prospecção,Pendente
1675,2025-05-17,5499,2004,Presencial,Prospecção,Realizada
1676,2025-05-24,5474,1007,Online,Negociação,Realizada
1677,2025-02-12,5042,2032,Presencial,Negociação,Pendente
1678,2025-01-30,5300,1014,Presencial,Prospecção,Pendente
1679,2025-03-26,5120,2006,Online,Negociação,Realizada
1680,2025-04-03,5263,2014,Telefone,Prospecção,Pendente
1681,2025-03-17,5193,1010,Telefone,Negociação,Pendente
1682,2025-01-01,5440,2037,Presencial,Prospecção,Realizada
1683,2025-02-06,5163,2014,Presencial,Pós-venda,Pendente
1684,2025-04-26,5379,1018,Online,Pós-venda,Pendente
1685,2025-06-13,5026,1060,Online,Prospecção,Pendente
1686,2025-01-18,5258,1020,Online,Prospecção,Realizada
1687,2025-01-16,5152,1060,Presencial,Prospecção,Realizada
1688,2025-05-22,5328,2026,Telefone,Negociação,Pendente
1689,2025-04-22,5126,1012,Telefone,Negociação,Realizada
1690,2025-06-17,5243,1026,Telefone,Negociação,Pendente
1691,2025-05-12,5234,1002,Presencial,Negociação,Pendente
1692,2025-02-16,5425,1004,Presencial,Prospecção,Realizada
1693,2025-04-02,5135,1016,Online,Prospecção,Realizada
1694,2025-05-30,5185,1055,Presencial,Negociação,Realizada
1695,2025-02-17,5102,1037,Online,Negociação,Realizada
1696,2025-05-07,5374,1032,Online,Prospecção,Realizada
1697,2025-06-17,5483,1021,Online,Pós-venda,Pendente
1698,2025-04-06,5492,2004,Telefone,Prospecção,Pendente
1699,2025-01-16,5416,1039,Telefone,Negociação,Realizada
1700,2025-03-09,5370,1052,Presencial,Prospecção,Realizada
1701,2025-04-09,5119,1053,Online,Prospecção,Pendente
1702,2025-03-30,5138,1007,Telefone,Negociação,Realizada
1703,2025-05-07,5178,2019,Telefone,Negociação,Realizada
1704,2025-04-01,5218,2019,Online,Pós-venda,Pendente
1705,2025-02-20,5460,2029,Online,Pós-venda,Pendente
1706,2025-06-22,5308,2040,Online,Pós-venda,Pendente
1707,2025-01-28,5387,1009,Presencial,Prospecção,Pendente
1708,2025-02-14,5089,2029,Online,Negociação,Pendente
1709,2025-03-17,5278,1035,Telefone,Pós-venda,Pendente
1710,2025-02-01,5045,1014,Telefone,Prospecção,Realizada
1711,2025-01-17,5091,1033,Telefone,Pós-venda,Realizada
1712,2025-04-17,5147,1042,Online,Prospecção,Realizada
1713,2025-05-15,5338,1055,Presencial,Pós-venda,Pendente
1714,2025-05-22,5166,2021,Telefone,Pós-venda,Realizada
1715,2025-03-29,5375,1006,Online,Prospecção,Realizada
1716,2025-02-13,5172,2033,Telefone,Pós-venda,Pendente
1717,2025-05-19,5402,2007,Telefone,Prospecção,Pendente
1718,2025-03-08,5010,1049,Presencial,Negociação,Realizada
1719,2025-02-25,5350,1018,Online,Prospecção,Pendente
1720,2025-06-23,5211,1001,Telefone,Prospecção,Pendente
1721,2025-06-30,5095,1060,Online,Prospecção,Pendente
1722,2025-01-02,5375,2037,Presencial,Pós-venda,Pendente
1723,2025-05-01,5261,1049,Presencial,Negociação,Realizada
1724,2025-02-19,5302,1059,Online,Negociação,Realizada
1725,2025-05-25,5294,1026,Online,Pós-venda,Realizada
1726,2025-02-27,5340,1028,Presencial,Prospecção,Realizada
1727,2025-02-21,5123,1003,Online,Negociação,Realizada
1728,2025-05-17,5460,2024,Presencial,Prospecção,Realizada
1729,2025-04-05,5236,2005,Online,Pós-venda,Realizada
1730,2025-03-28,5010,1058,Online,Negociação,Realizada
1731,2025-04-23,5477,1053,Telefone,Pós-venda,Realizada
1732,2025-03-24,5043,2034,Presencial,Pós-venda,Pendente
1733,2025-05-18,5053,1043,Online,Negociação,Pendente
1734,2025-01-25,5400,1035,Telefone,Negociação,Pendente
1735,2025-02-10,5140,2018,Telefone,Pós-venda,Pendente
1736,2025-01-24,5418,1055,Online,Negociação,Realizada
1737,2025-04-26,5275,1015,Presencial,Prospecção,Pendente
1738,2025-06-15,5106,1022,Telefone,Prospecção,Realizada
1739,2025-01-30,5130,1034,Online,Prospecção,Pendente
1740,2025-03-02,5055,1054,Presencial,Negociação,Realizada
1741,2025-06-07,5476,2015,Online,Prospecção,Realizada
1742,2025-01-07,5014,1060,Online,Pós-venda,Realizada
1743,2025-05-22,5051,1032,Presencial,Negociação,Realizada
1744,2025-02-06,5444,2003,Telefone,Negociação,Realizada
1745,2025-06-14,5489,1042,Telefone,Prospecção,Realizada
1746,2025-06-22,5402,1033,Telefone,Pós-venda,Pendente
1747,2025-03-14,5423,2017,Telefone,Pós-venda,Realizada
1748,2025-05-10,5494,1029,Telefone,Negociação,Pendente
1749,2025-05-11,5074,1033,Telefone,Negociação,Realizada
1750,2025-06-05,5460,1039,Presencial,Prospecção,Pendente
1751,2025-03-01,5219,2010,Presencial,Negociação,Realizada
1752,2025-01-24,5316,2014,Online,Pós-venda,Pendente
1753,2025-02-16,5367,1004,Telefone,Pós-venda,Pendente
1754,2025-05-01,5070,2019,Online,Pós-venda,Pendente
1755,2025-01-25,5360,1044,Telefone,Prospecção,Pendente
1756,2025-02-11,5197,1026,Telefone,Prospecção,Pendente
1757,2025-06-25,5157,2031,Telefone,Negociação,Realizada
1758,2025-01-22,5267,1048,Telefone,Prospecção,Realizada
1759,2025-01-26,5497,2001,Presencial,Prospecção,Pendente
1760,2025-02-28,5226,1059,Online,Pós-venda,Pendente
1761,2025-06-14,5405,2005,Presencial,Pós-venda,Pendente
1762,2025-01-13,5139,1007,Online,Pós-venda,Pendente
1763,2025-03-03,5222,2030,Presencial,Prospecção,Realizada
1764,2025-03-21,5463,1030,Online,Negociação,Realizada
1765,2025-01-29,5154,1037,Telefone,Prospecção,Pendente
1766,2025-06-04,5327,2015,Telefone,Negociação,Realizada
1767,2025-06-02,5295,1059,Telefone,Prospecção,Realizada
1768,2025-01-23,5115,2027,Telefone,Prospecção,Realizada
1769,2025-05-09,5165,1023,Presencial,Prospecção,Pendente
1770,2025-02-14,5365,1059,Online,Pós-venda,Pendente
1771,2025-02-19,5251,2018,Telefone,Prospecção,Realizada
1772,2025-01-16,5215,2027,Presencial,Pós-venda,Pendente
1773,2025-01-06,5420,1038,Presencial,Pós-venda,Realizada
1774,2025-02-18,5173,1012,Telefone,Pós-venda,Pendente
1775,2025-03-13,5326,1022,Telefone,Negociação,Realizada
1776,2025-06-09,5493,1006,Presencial,Negociação,Realizada
1777,2025-05-20,5262,1051,Online,Pós-venda,Realizada
1778,2025-05-19,5010,1054,Online,Pós-venda,Realizada
1779,2025-02-18,5473,1036,Telefone,Prospecção,Realizada
1780,2025-02-12,5316,1004,Online,Prospecção,Pendente
1781,2025-06-22,5434,1027,Online,Pós-venda,Realizada
1782,2025-01-21,5017,2024,Presencial,Prospecção,Realizada
1783,2025-04-08,5016,1053,Online,Prospecção,Realizada
1784,2025-02-18,5307,1025,Online,Prospecção,Realizada
1785,2025-02-17,5184,1056,Presencial,Prospecção,Realizada
1786,2025-05-19,5335,1008,Telefone,Pós-venda,Pendente
1787,2025-03-15,5480,2020,Presencial,Pós-venda,Realizada
1788,2025-05-26,5260,2023,Presencial,Negociação,Pendente
1789,2025-02-27,5169,2016,Online,Negociação,Realizada
1790,2025-03-24,5395,1041,Presencial,Prospecção,Realizada
1791,2025-03-25,5196,2039,Presencial,Pós-venda,Pendente
1792,2025-04-29,5363,1009,Presencial,Pós-venda,Realizada
1793,2025-03-14,5359,2020,Presencial,Pós-venda,Pendente
1794,2025-02-20,5035,1004,Presencial,Negociação,Pendente
1795,2025-04-11,5360,2034,Online,Prospecção,Pendente
1796,2025-02-06,5316,2014,Telefone,Prospecção,Pendente
1797,2025-04-14,5291,2007,Telefone,Prospecção,Pendente
1798,2025-04-18,5075,1027,Telefone,Pós-venda,Realizada
1799,2025-05-31,5185,1047,Presencial,Negociação,Pendente
1800,2025-05-16,5177,1043,Online,Negociação,Realizada
1801,2025-01-03,5079,2015,Presencial,Pós-venda,Realizada
1802,2025-02-28,5203,1058,Presencial,Prospecção,Realizada
1803,2025-02-03,5208,1030,Telefone,Negociação,Pendente
1804,2025-02-03,5368,1002,Presencial,Prospecção,Pendente
1805,2025-02-19,5124,1048,Telefone,Prospecção,Realizada
1806,2025-04-09,5079,1028,Telefone,Pós-venda,Realizada
1807,2025-02-20,5139,1049,Presencial,Prospecção,Realizada
1808,2025-05-21,5324,1048,Presencial,Negociação,Pendente
1809,2025-01-31,5352,1004,Presencial,Prospecção,Realizada
1810,2025-02-17,5233,1002,Online,Pós-venda,Realizada
1811,2025-01-18,5444,1006,Online,Negociação,Realizada
1812,2025-02-13,5067,1030,Presencial,Prospecção,Pendente
1813,2025-04-04,5493,2009,Online,Prospecção,Pendente
1814,2025-03-16,5404,2016,Online,Prospecção,Realizada
1815,2025-06-29,5500,1002,Presencial,Negociação,Realizada
1816,2025-05-29,5214,2024,Telefone,Negociação,Realizada
1817,2025-03-17,5373,1048,Telefone,Prospecção,Pendente
1818,2025-04-01,5113,1059,Online,Pós-venda,Pendente
1819,2025-05-08,5209,2005,Presencial,Negociação,Pendente
1820,2025-05-10,5213,1043,Telefone,Prospecção,Pendente
1821,2025-04-02,5381,2035,Telefone,Pós-venda,Realizada
1822,2025-01-31,5076,2038,Online,Prospecção,Pendente
1823,2025-06-04,5171,1032,Online,Prospecção,Pendente
1824,2025-01-25,5182,2020,Online,Pós-venda,Pendente
1825,2025-03-10,5104,2002,Online,Prospecção,Realizada
1826,2025-04-26,5032,2017,Online,Negociação,Realizada
1827,2025-02-02,5480,1051,Presencial,Negociação,Realizada
1828,2025-06-05,5419,2026,Presencial,Negociação,Realizada
1829,2025-02-25,5308,2039,Online,Pós-venda,Pendente
1830,2025-04-11,5128,1021,Presencial,Pós-venda,Realizada
1831,2025-03-20,5120,2023,Telefone,Pós-venda,Pendente
1832,2025-01-19,5138,1003,Telefone,Pós-venda,Realizada
1833,2025-01-07,5252,2034,Presencial,Negociação,Pendente
1834,2025-02-25,5172,2017,Online,Pós-venda,Pendente
1835,2025-02-11,5059,2019,Online,Pós-venda,Realizada
1836,2025-05-13,5463,1004,Presencial,Pós-venda,Pendente
1837,2025-06-28,5486,1013,Online,Negociação,Pendente
1838,2025-03-03,5174,1054,Telefone,Pós-venda,Realizada
1839,2025-03-06,5136,1054,Telefone,Pós-venda,Pendente
1840,2025-05-18,5380,2006,Presencial,Negociação,Realizada
1841,2025-01-10,5030,2025,Online,Prospecção,Realizada
1842,2025-01-29,5341,2016,Presencial,Prospecção,Pendente
1843,2025-03-03,5075,1032,Online,Pós-venda,Pendente
1844,2025-04-01,5070,1020,Telefone,Negociação,Pendente
1845,2025-01-24,5430,1049,Online,Negociação,Pendente
1846,2025-05-30,5281,1015,Online,Negociação,Realizada
1847,2025-03-24,5336,1029,Telefone,Prospecção,Pendente
1848,2025-02-17,5007,1050,Telefone,Pós-venda,Pendente
1849,2025-01-12,5062,2002,Online,Negociação,Pendente
1850,2025-02-02,5048,1040,Online,Prospecção,Realizada
1851,2025-06-06,5322,1051,Online,Pós-venda,Realizada
1852,2025-03-17,5352,1052,Presencial,Negociação,Realizada
1853,2025-03-02,5308,2033,Telefone,Negociação,Pendente
1854,2025-04-16,5012,1053,Presencial,Pós-venda,Realizada
1855,2025-04-19,5481,1057,Telefone,Negociação,Realizada
1856,2025-04-27,5183,1011,Online,Pós-venda,Pendente
1857,2025-02-23,5372,1036,Telefone,Negociação,Pendente
1858,2025-02-12,5067,1036,Telefone,Prospecção,Pendente
1859,2025-02-27,5089,1029,Telefone,Prospecção,Pendente
1860,2025-04-30,5096,1028,Telefone,Prospecção,Realizada
1861,2025-06-26,5159,2005,Online,Pós-venda,Realizada
1862,2025-04-26,5122,2034,Telefone,Prospecção,Realizada
1863,2025-05-12,5313,1043,Presencial,Prospecção,Pendente
1864,2025-01-27,5284,1018,Presencial,Negociação,Realizada
1865,2025-05-15,5256,2037,Presencial,Prospecção,Realizada
1866,2025-04-07,5471,2037,Telefone,Pós-venda,Pendente
1867,2025-06-30,5243,2034,Online,Prospecção,Pendente
1868,2025-01-05,5415,2018,Online,Prospecção,Pendente
1869,2025-06-01,5203,1004,Presencial,Pós-venda,Realizada
1870,2025-04-20,5132,2001,Presencial,Pós-venda,Pendente
1871,2025-05-18,5182,2037,Online,Negociação,Realizada
1872,2025-06-08,5373,1021,Presencial,Negociação,Realizada
1873,2025-04-21,5224,1002,Online,Prospecção,Realizada
1874,2025-02-07,5022,2032,Online,Negociação,Realizada
1875,2025-05-25,5425,2032,Online,Prospecção,Pendente
1876,2025-03-04,5085,2007,Online,Negociação,Pendente
1877,2025-02-14,5391,1060,Telefone,Pós-venda,Realizada
1878,2025-03-22,5103,1029,Telefone,Prospecção,Realizada
1879,2025-05-30,5170,1009,Presencial,Pós-venda,Pendente
1880,2025-06-06,5089,1046,Telefone,Pós-venda,Pendente
1881,2025-03-13,5477,1020,Online,Prospecção,Pendente
1882,2025-02-11,5055,1020,Telefone,Pós-venda,Pendente
1883,2025-04-18,5118,1012,Presencial,Prospecção,Pendente
1884,2025-02-17,5420,1043,Telefone,Pós-venda,Pendente
1885,2025-04-27,5375,2027,Presencial,Negociação,Pendente
1886,2025-06-08,5384,1015,Presencial,Prospecção,Pendente
1887,2025-05-08,5130,1059,Presencial,Pós-venda,Realizada
1888,2025-04-15,5357,1016,Presencial,Pós-venda,Realizada
1889,2025-02-17,5218,2019,Online,Prospecção,Realizada
1890,2025-02-19,5233,1003,Presencial,Prospecção,Realizada
1891,2025-06-30,5403,2038,Online,Negociação,Realizada
1892,2025-04-01,5175,1027,Online,Pós-venda,Realizada
1893,2025-03-26,5174,1020,Presencial,Prospecção,Pendente
1894,2025-02-10,5400,1014,Online,Negociação,Pendente
1895,2025-03-04,5402,2013,Telefone,Prospecção,Realizada
1896,2025-01-23,5325,2040,Online,Prospecção,Pendente
1897,2025-04-05,5395,1013,Online,Pós-venda,Pendente
1898,2025-02-21,5279,1022,Telefone,Prospecção,Realizada
1899,2025-02-17,5415,2019,Presencial,Prospecção,Realizada
1900,2025-06-24,5227,1059,Online,Negociação,Realizada
1901,2025-01-31,5384,1053,Online,Negociação,Realizada
1902,2025-04-11,5054,1057,Presencial,Pós-venda,Pendente
1903,2025-01-30,5019,1036,Presencial,Pós-venda,Pendente
1904,2025-05-26,5458,1021,Online,Prospecção,Realizada
1905,2025-03-13,5351,2024,Telefone,Negociação,Realizada
1906,2025-01-22,5071,1003,Online,Prospecção,Realizada
1907,2025-01-10,5271,1030,Online,Prospecção,Realizada
1908,2025-03-26,5075,2032,Online,Pós-venda,Realizada
1909,2025-03-03,5266,2011,Online,Negociação,Realizada
1910,2025-02-19,5217,1052,Telefone,Prospecção,Realizada
1911,2025-03-29,5213,2031,Online,Prospecção,Pendente
1912,2025-03-25,5130,1041,Telefone,Negociação,Pendente
1913,2025-02-10,5234,2022,Online,Prospecção,Pendente
1914,2025-03-06,5398,1059,Presencial,Pós-venda,Realizada
1915,2025-02-25,5286,2040,Online,Negociação,Realizada
1916,2025-06-02,5105,1002,Online,Prospecção,Realizada
1917,2025-02-16,5033,1010,Telefone,Negociação,Realizada
1918,2025-04-05,5187,1030,Presencial,Prospecção,Realizada
1919,2025-05-25,5184,2014,Telefone,Pós-venda,Realizada
1920,2025-04-30,5006,2018,Online,Pós-venda,Pendente
1921,2025-02-28,5138,2004,Presencial,Pós-venda,Pendente
1922,2025-04-08,5195,1034,Telefone,Pós-venda,Realizada
1923,2025-03-16,5380,2040,Presencial,Negociação,Realizada
1924,2025-01-24,5257,1049,Presencial,Prospecção,Realizada
1925,2025-06-23,5037,1046,Presencial,Prospecção,Pendente
1926,2025-06-25,5347,2030,Presencial,Pós-venda,Realizada
1927,2025-03-31,5128,2006,Presencial,Pós-venda,Pendente
1928,2025-06-28,5133,2032,Telefone,Negociação,Realizada
1929,2025-02-28,5289,1042,Telefone,Pós-venda,Realizada
1930,2025-06-21,5335,2001,Online,Prospecção,Pendente
1931,2025-03-10,5300,1060,Telefone,Negociação,Realizada
1932,2025-03-06,5476,1023,Telefone,Negociação,Pendente
1933,2025-03-27,5097,1027,Presencial,Negociação,Pendente
1934,2025-06-12,5407,1053,Presencial,Prospecção,Realizada
1935,2025-06-20,5321,2038,Telefone,Prospecção,Pendente
1936,2025-03-28,5457,2030,Telefone,Prospecção,Pendente
1937,2025-05-04,5104,1027,Presencial,Pós-venda,Realizada
1938,2025-05-08,5137,2028,Presencial,Negociação,Realizada
1939,2025-01-31,5301,1020,Presencial,Pós-venda,Realizada
1940,2025-02-09,5390,1020,Telefone,Negociação,Realizada
1941,2025-03-05,5023,1025,Presencial,Negociação,Realizada
1942,2025-05-09,5356,2005,Online,Pós-venda,Realizada
1943,2025-02-16,5340,1050,Online,Negociação,Realizada
1944,2025-01-19,5004,2003,Telefone,Prospecção,Realizada
1945,2025-06-17,5306,1011,Telefone,Pós-venda,Pendente
1946,2025-06-24,5158,1030,Telefone,Pós-venda,Realizada
1947,2025-06-27,5021,1054,Presencial,Negociação,Realizada
1948,2025-01-31,5377,2035,Presencial,Negociação,Realizada
1949,2025-06-06,5227,2013,Presencial,Prospecção,Realizada
1950,2025-06-10,5017,2036,Presencial,Prospecção,Realizada
1951,2025-02-08,5474,1021,Telefone,Pós-venda,Pendente
1952,2025-01-07,5273,1037,Online,Negociação,Realizada
1953,2025-06-05,5045,2010,Telefone,Prospecção,Realizada
1954,2025-04-15,5377,2040,Online,Pós-venda,Realizada
1955,2025-04-28,5499,1004,Online,Negociação,Pendente
1956,2025-01-05,5448,2034,Online,Pós-venda,Pendente
1957,2025-04-05,5397,1053,Online,Pós-venda,Pendente
1958,2025-02-21,5427,2037,Telefone,Prospecção,Pendente
1959,2025-02-05,5081,1046,Telefone,Pós-venda,Realizada
1960,2025-03-12,5044,1035,Telefone,Negociação,Pendente
1961,2025-04-16,5037,2022,Presencial,Prospecção,Pendente
1962,2025-05-17,5426,1009,Telefone,Pós-venda,Pendente
1963,2025-05-19,5028,2038,Online,Negociação,Realizada
1964,2025-03-21,5009,1010,Presencial,Pós-venda,Pendente
1965,2025-06-10,5030,2009,Telefone,Pós-venda,Pendente
1966,2025-05-22,5390,1005,Presencial,Negociação,Pendente
1967,2025-02-01,5378,1007,Presencial,Prospecção,Pendente
1968,2025-05-22,5244,1023,Presencial,Negociação,Pendente
1969,2025-01-24,5199,1032,Telefone,Pós-venda,Realizada
1970,2025-05-14,5023,1019,Online,Prospecção,Pendente
1971,2025-02-27,5215,1001,Telefone,Negociação,Realizada
1972,2025-04-05,5279,1052,Telefone,Prospecção,Realizada
1973,2025-05-20,5204,1024,Online,Negociação,Realizada
1974,2025-01-14,5314,2026,Presencial,Prospecção,Pendente
1975,2025-05-25,5243,2029,Telefone,Negociação,Pendente
1976,2025-05-11,5266,1033,Presencial,Pós-venda,Realizada
1977,2025-05-11,5158,2024,Online,Pós-venda,Realizada
1978,2025-01-08,5205,1003,Presencial,Pós-venda,Pendente
1979,2025-03-05,5045,1011,Online,Prospecção,Pendente
1980,2025-06-23,5011,2019,Online,Negociação,Realizada
1981,2025-03-11,5124,1024,Telefone,Pós-venda,Pendente
1982,2025-06-16,5033,1030,Telefone,Prospecção,Pendente
1983,2025-05-27,5229,1023,Telefone,Negociação,Pendente
1984,2025-05-08,5225,1047,Online,Prospecção,Realizada
1985,2025-02-02,5310,1007,Online,Pós-venda,Realizada
1986,2025-04-06,5138,2024,Online,Pós-venda,Realizada
1987,2025-03-30,5430,1046,Online,Negociação,Realizada
1988,2025-01-24,5223,2016,Online,Prospecção,Pendente
1989,2025-02-28,5443,2008,Presencial,Prospecção,Realizada
1990,2025-03-09,5142,1027,Online,Negociação,Realizada
1991,2025-06-29,5172,2026,Telefone,Negociação,Pendente
1992,2025-04-24,5322,1033,Telefone,Pós-venda,Realizada
1993,2025-02-16,5373,1039,Telefone,Pós-venda,Pendente
1994,2025-06-03,5152,2017,Presencial,Prospecção,Realizada
1995,2025-05-27,5418,1042,Telefone,Pós-venda,Realizada
1996,2025-01-25,5488,1049,Telefone,Negociação,Realizada
1997,2025-01-28,5321,1044,Presencial,Pós-venda,Pendente
1998,2025-03-24,5052,1059,Presencial,Prospecção,Realizada
1999,2025-01-31,5287,1055,Presencial,Negociação,Pendente
2000,2025-04-04,5303,2022,Online,Pós-venda,Realizada
2001,2025-06-16,5341,2039,Online,Pós-venda,Realizada
2002,2025-02-20,5127,2008,Online,Pós-venda,Realizada
2003,2025-05-08,5426,1014,Telefone,Pós-venda,Realizada
2004,2025-05-01,5178,1016,Presencial,Pós-venda,Realizada
2005,2025-03-25,5318,1001,Presencial,Negociação,Pendente
2006,2025-04-16,5419,2032,Presencial,Pós-venda,Realizada
2007,2025-02-22,5270,1006,Online,Pós-venda,Pendente
2008,2025-04-28,5060,2013,Online,Prospecção,Realizada
2009,2025-06-28,5459,2008,Telefone,Negociação,Pendente
2010,2025-04-16,5059,2017,Presencial,Prospecção,Realizada
2011,2025-03-10,5030,2005,Online,Pós-venda,Realizada
2012,2025-04-17,5375,2035,Telefone,Prospecção,Realizada
2013,2025-06-05,5405,2020,Telefone,Negociação,Realizada
2014,2025-04-18,5444,2023,Telefone,Prospecção,Realizada
2015,2025-05-26,5309,1052,Presencial,Pós-venda,Realizada
2016,2025-01-15,5025,2037,Telefone,Negociação,Pendente
2017,2025-01-08,5029,1003,Online,Prospecção,Realizada
2018,2025-01-29,5431,1023,Online,Negociação,Realizada
2019,2025-04-07,5410,1017,Presencial,Prospecção,Realizada
2020,2025-04-05,5127,2017,Presencial,Pós-venda,Pendente
2021,2025-04-15,5415,1043,Online,Pós-venda,Pendente
2022,2025-06-04,5045,2011,Telefone,Pós-venda,Realizada
2023,2025-04-29,5321,2023,Presencial,Negociação,Realizada
2024,2025-02-16,5071,2024,Online,Negociação,Realizada
2025,2025-05-23,5013,1042,Online,Prospecção,Realizada
2026,2025-01-20,5480,1059,Telefone,Pós-venda,Pendente
2027,2025-03-21,5304,1025,Telefone,Negociação,Realizada
2028,2025-06-07,5426,2027,Online,Prospecção,Pendente
2029,2025-06-12,5269,2034,Telefone,Negociação,Realizada
2030,2025-01-14,5121,2015,Online,Negociação,Realizada
2031,2025-06-02,5105,2018,Telefone,Negociação,Realizada
2032,2025-04-02,5147,1060,Presencial,Prospecção,Realizada
2033,2025-05-08,5194,2001,Online,Negociação,Realizada
2034,2025-03-05,5005,1046,Online,Pós-venda,Realizada
2035,2025-05-15,5262,2020,Presencial,Prospecção,Realizada
2036,2025-02-20,5235,2008,Online,Pós-venda,Pendente
2037,2025-02-25,5374,2024,Presencial,Pós-venda,Realizada
2038,2025-02-25,5405,1047,Telefone,Pós-venda,Pendente
2039,2025-05-16,5371,1053,Telefone,Pós-venda,Realizada
2040,2025-02-04,5010,1041,Online,Negociação,Pendente
2041,2025-04-03,5209,1060,Telefone,Pós-venda,Pendente
2042,2025-04-14,5184,2040,Presencial,Pós-venda,Realizada
2043,2025-04-23,5488,1029,Telefone,Pós-venda,Pendente
2044,2025-06-13,5442,1060,Presencial,Pós-venda,Realizada
2045,2025-06-13,5117,1007,Online,Negociação,Pendente
2046,2025-05-30,5466,2003,Telefone,Pós-venda,Realizada
2047,2025-02-11,5007,2013,Presencial,Pós-venda,Pendente
2048,2025-03-30,5157,2022,Telefone,Negociação,Pendente
2049,2025-06-14,5407,2013,Online,Pós-venda,Pendente
2050,2025-01-03,5106,1005,Online,Prospecção,Pendente
2051,2025-03-26,5322,1002,Presencial,Pós-venda,Pendente
2052,2025-02-23,5421,1044,Online,Negociação,Realizada
2053,2025-03-17,5013,1005,Telefone,Negociação,Pendente
2054,2025-03-30,5088,2040,Online,Negociação,Realizada
2055,2025-06-04,5018,2027,Presencial,Pós-venda,Realizada
2056,2025-06-07,5480,1029,Telefone,Negociação,Pendente
2057,2025-05-08,5442,1003,Telefone,Prospecção,Realizada
2058,2025-01-10,5182,2030,Presencial,Pós-venda,Pendente
2059,2025-04-20,5359,2025,Online,Negociação,Realizada
2060,2025-03-18,5431,1058,Online,Pós-venda,Realizada
2061,2025-02-21,5358,2021,Presencial,Negociação,Pendente
2062,2025-04-12,5169,1059,Presencial,Negociação,Pendente
2063,2025-06-30,5054,1032,Online,Pós-venda,Pendente
2064,2025-03-29,5436,1027,Online,Pós-venda,Realizada
2065,2025-05-15,5029,1023,Online,Prospecção,Pendente
2066,2025-03-04,5154,1027,Telefone,Pós-venda,Realizada
2067,2025-05-31,5288,1031,Presencial,Pós-venda,Realizada
2068,2025-01-03,5219,2017,Presencial,Negociação,Pendente
2069,2025-05-11,5227,1054,Presencial,Pós-venda,Realizada
2070,2025-06-12,5031,1035,Online,Pós-venda,Realizada
2071,2025-03-11,5404,1017,Telefone,Prospecção,Realizada
2072,2025-02-16,5451,2014,Online,Pós-venda,Realizada
2073,2025-03-17,5437,2037,Telefone,Prospecção,Pendente
2074,2025-01-11,5043,1047,Presencial,Negociação,Realizada
2075,2025-05-17,5499,1049,Presencial,Negociação,Pendente
2076,2025-04-26,5095,1028,Telefone,Prospecção,Pendente
2077,2025-04-11,5169,2022,Online,Negociação,Realizada
2078,2025-06-15,5373,2028,Telefone,Pós-venda,Pendente
2079,2025-02-06,5010,1011,Online,Prospecção,Pendente
2080,2025-06-18,5472,2037,Telefone,Pós-venda,Realizada
2081,2025-06-02,5452,1052,Presencial,Negociação,Pendente
2082,2025-06-21,5025,1007,Presencial,Prospecção,Realizada
2083,2025-06-09,5089,1024,Presencial,Prospecção,Realizada
2084,2025-03-20,5368,1025,Telefone,Negociação,Pendente
2085,2025-03-21,5379,1022,Presencial,Negociação,Pendente
2086,2025-02-15,5378,2022,Presencial,Pós-venda,Pendente
2087,2025-05-16,5395,1038,Presencial,Prospecção,Realizada
2088,2025-03-10,5356,1050,Online,Prospecção,Realizada
2089,2025-05-29,5022,2011,Presencial,Negociação,Pendente
2090,2025-05-18,5062,2011,Presencial,Pós-venda,Pendente
2091,2025-04-14,5493,2030,Presencial,Negociação,Pendente
2092,2025-02-19,5081,2016,Telefone,Prospecção,Realizada
2093,2025-04-27,5146,2025,Telefone,Negociação,Realizada
2094,2025-03-25,5177,2009,Online,Prospecção,Realizada
2095,2025-04-30,5048,2034,Presencial,Prospecção,Realizada
2096,2025-06-30,5436,1019,Presencial,Pós-venda,Pendente
2097,2025-04-22,5464,1052,Online,Pós-venda,Realizada
2098,2025-06-17,5468,1057,Telefone,Negociação,Realizada
2099,2025-02-06,5148,2023,Telefone,Pós-venda,Realizada
2100,2025-03-05,5151,1041,Telefone,Prospecção,Pendente
2101,2025-04-24,5028,1018,Online,Prospecção,Pendente
2102,2025-06-25,5188,1026,Telefone,Negociação,Pendente
2103,2025-02-16,5126,1034,Online,Prospecção,Realizada
2104,2025-06-25,5266,1006,Telefone,Pós-venda,Pendente
2105,2025-05-01,5336,1057,Presencial,Negociação,Realizada
2106,2025-04-23,5466,1017,Online,Pós-venda,Realizada
2107,2025-05-30,5172,1060,Presencial,Pós-venda,Pendente
2108,2025-05-31,5366,1054,Presencial,Prospecção,Pendente
2109,2025-03-21,5445,1012,Online,Negociação,Realizada
2110,2025-06-30,5068,2038,Telefone,Prospecção,Pendente
2111,2025-04-04,5217,1048,Presencial,Pós-venda,Realizada
2112,2025-06-26,5319,1002,Presencial,Prospecção,Realizada
2113,2025-03-11,5353,2037,Presencial,Negociação,Realizada
2114,2025-04-01,5049,1046,Telefone,Pós-venda,Realizada
2115,2025-03-30,5166,2022,Online,Negociação,Pendente
2116,2025-01-01,5337,2004,Presencial,Prospecção,Realizada
2117,2025-06-26,5367,1009,Telefone,Negociação,Realizada
2118,2025-04-28,5046,2033,Presencial,Pós-venda,Pendente
2119,2025-03-27,5313,1011,Presencial,Negociação,Pendente
2120,2025-01-11,5084,1038,Telefone,Prospecção,Realizada
2121,2025-03-16,5098,1034,Online,Pós-venda,Pendente
2122,2025-03-27,5125,2010,Telefone,Prospecção,Realizada
2123,2025-06-21,5226,1048,Presencial,Prospecção,Pendente
2124,2025-05-14,5187,1026,Telefone,Pós-venda,Pendente
2125,2025-01-07,5296,1056,Online,Pós-venda,Realizada
2126,2025-05-14,5205,1001,Presencial,Pós-venda,Realizada
2127,2025-02-24,5459,1042,Telefone,Negociação,Realizada
2128,2025-04-13,5191,1028,Online,Prospecção,Pendente
2129,2025-03-06,5070,1019,Telefone,Negociação,Pendente
2130,2025-05-29,5439,1019,Presencial,Negociação,Pendente
2131,2025-05-25,5282,1047,Online,Prospecção,Pendente
2132,2025-04-07,5169,1010,Online,Negociação,Pendente
2133,2025-03-19,5095,1037,Telefone,Negociação,Pendente
2134,2025-05-06,5373,1010,Online,Prospecção,Realizada
2135,2025-02-02,5470,2026,Presencial,Pós-venda,Pendente
2136,2025-01-08,5384,2010,Telefone,Prospecção,Realizada
2137,2025-05-31,5444,2037,Telefone,Prospecção,Pendente
2138,2025-05-23,5247,2034,Telefone,Negociação,Realizada
2139,2025-06-18,5476,1050,Telefone,Prospecção,Realizada
2140,2025-03-21,5148,2025,Online,Negociação,Pendente
2141,2025-01-16,5441,1060,Presencial,Negociação,Pendente
2142,2025-02-14,5488,1023,Presencial,Pós-venda,Realizada
2143,2025-04-25,5215,1029,Presencial,Pós-venda,Realizada
2144,2025-05-13,5260,1029,Presencial,Negociação,Pendente
2145,2025-01-29,5444,2032,Telefone,Negociação,Pendente
2146,2025-01-13,5290,1029,Presencial,Negociação,Realizada
2147,2025-04-17,5371,1053,Presencial,Prospecção,Realizada
2148,2025-04-26,5263,2019,Telefone,Prospecção,Realizada
2149,2025-01-28,5144,1056,Online,Prospecção,Realizada
2150,2025-04-25,5477,2008,Presencial,Pós-venda,Pendente
2151,2025-05-17,5311,2038,Presencial,Prospecção,Pendente
2152,2025-05-12,5015,1030,Online,Negociação,Realizada
2153,2025-03-20,5228,2005,Telefone,Pós-venda,Realizada
2154,2025-02-08,5120,2008,Online,Prospecção,Pendente
2155,2025-03-17,5189,2016,Telefone,Prospecção,Pendente
2156,2025-05-24,5199,1026,Presencial,Pós-venda,Pendente
2157,2025-04-19,5318,2019,Presencial,Prospecção,Realizada
2158,2025-01-28,5390,2001,Presencial,Pós-venda,Pendente
2159,2025-04-12,5194,1028,Online,Negociação,Realizada
2160,2025-04-30,5089,1042,Online,Prospecção,Pendente
2161,2025-04-24,5184,2022,Online,Pós-venda,Pendente
2162,2025-02-16,5167,2033,Telefone,Negociação,Realizada
2163,2025-02-15,5438,1044,Telefone,Pós-venda,Pendente
2164,2025-02-08,5052,1053,Online,Negociação,Pendente
2165,2025-03-17,5307,2017,Presencial,Prospecção,Realizada
2166,2025-01-07,5090,1007,Online,Prospecção,Pendente
2167,2025-04-18,5475,1016,Telefone,Prospecção,Realizada
2168,2025-03-04,5101,1024,Presencial,Pós-venda,Pendente
2169,2025-04-11,5329,1009,Online,Negociação,Pendente
2170,2025-06-28,5450,1004,Presencial,Prospecção,Pendente
2171,2025-01-18,5073,2006,Telefone,Negociação,Realizada
2172,2025-06-08,5484,1020,Presencial,Pós-venda,Pendente
2173,2025-02-12,5491,2033,Online,Prospecção,Realizada
2174,2025-06-19,5083,1015,Presencial,Prospecção,Realizada
2175,2025-03-01,5238,2024,Telefone,Pós-venda,Pendente
2176,2025-05-15,5003,1038,Telefone,Prospecção,Realizada
2177,2025-02-07,5293,2030,Presencial,Prospecção,Pendente
2178,2025-04-18,5479,2033,Online,Prospecção,Realizada
2179,2025-06-04,5374,1017,Presencial,Prospecção,Pendente
2180,2025-06-06,5306,1025,Presencial,Pós-venda,Realizada
2181,2025-06-12,5418,1047,Online,Prospecção,Realizada
2182,2025-04-04,5372,1040,Telefone,Pós-venda,Pendente
2183,2025-03-03,5099,2011,Presencial,Pós-venda,Realizada
2184,2025-04-20,5390,1008,Telefone,Prospecção,Pendente
2185,2025-06-30,5383,2006,Telefone,Negociação,Realizada
2186,2025-04-16,5350,1015,Online,Prospecção,Pendente
2187,2025-02-23,5372,2027,Online,Negociação,Realizada
2188,2025-01-03,5086,1016,Telefone,Pós-venda,Realizada
2189,2025-01-18,5317,2008,Online,Prospecção,Pendente
2190,2025-03-31,5464,2007,Presencial,Pós-venda,Pendente
2191,2025-01-12,5134,1028,Online,Prospecção,Realizada
2192,2025-05-13,5012,2039,Presencial,Negociação,Realizada
2193,2025-04-09,5475,1045,Presencial,Negociação,Realizada
2194,2025-01-05,5267,2006,Telefone,Prospecção,Pendente
2195,2025-06-27,5237,2019,Telefone,Negociação,Realizada
2196,2025-02-15,5311,1006,Online,Pós-venda,Pendente
2197,2025-01-26,5037,1002,Online,Negociação,Realizada
2198,2025-06-22,5107,2012,Presencial,Pós-venda,Pendente
2199,2025-03-01,5160,1058,Telefone,Prospecção,Pendente
2200,2025-05-30,5233,1026,Online,Prospecção,Pendente
2201,2025-04-23,5197,1018,Online,Prospecção,Pendente
2202,2025-02-12,5065,1054,Telefone,Pós-venda,Pendente
2203,2025-06-27,5313,1016,Presencial,Pós-venda,Pendente
2204,2025-05-28,5289,2017,Online,Negociação,Realizada
2205,2025-03-30,5294,1015,Telefone,Prospecção,Pendente
2206,2025-01-20,5388,1042,Presencial,Negociação,Pendente
2207,2025-04-12,5472,1020,Telefone,Negociação,Realizada
2208,2025-04-20,5330,2013,Telefone,Pós-venda,Pendente
2209,2025-01-30,5462,1052,Online,Negociação,Realizada
2210,2025-01-30,5487,1016,Presencial,Negociação,Pendente
2211,2025-02-27,5092,2009,Online,Negociação,Realizada
2212,2025-01-23,5454,2003,Presencial,Negociação,Realizada
2213,2025-04-29,5331,2020,Presencial,Negociação,Pendente
2214,2025-05-23,5079,1024,Online,Prospecção,Pendente
2215,2025-01-23,5314,1022,Presencial,Pós-venda,Pendente
2216,2025-04-13,5138,2003,Telefone,Prospecção,Realizada
2217,2025-01-27,5308,2033,Telefone,Prospecção,Pendente
2218,2025-05-15,5195,1058,Online,Prospecção,Realizada
2219,2025-06-26,5457,1029,Online,Pós-venda,Realizada
2220,2025-02-12,5202,2038,Telefone,Pós-venda,Pendente
2221,2025-04-07,5056,2032,Telefone,Pós-venda,Pendente
2222,2025-02-20,5024,1019,Presencial,Prospecção,Pendente
2223,2025-06-29,5144,2022,Online,Pós-venda,Realizada
2224,2025-01-15,5084,1033,Online,Negociação,Pendente
2225,2025-04-28,5080,1012,Telefone,Negociação,Realizada
2226,2025-03-20,5035,2013,Online,Pós-venda,Pendente
2227,2025-06-27,5314,2007,Telefone,Prospecção,Pendente
2228,2025-04-27,5383,1055,Presencial,Negociação,Pendente
2229,2025-03-09,5150,2032,Telefone,Prospecção,Pendente
2230,2025-06-26,5314,1010,Presencial,Negociação,Pendente
2231,2025-05-10,5228,1007,Online,Negociação,Pendente
2232,2025-06-04,5340,2002,Telefone,Negociação,Realizada
2233,2025-03-19,5412,2022,Presencial,Prospecção,Pendente
2234,2025-04-18,5308,1038,Telefone,Negociação,Pendente
2235,2025-01-12,5057,1030,Online,Negociação,Pendente
2236,2025-04-08,5476,2007,Online,Negociação,Realizada
2237,2025-05-11,5412,1028,Online,Prospecção,Realizada
2238,2025-05-31,5312,1020,Telefone,Pós-venda,Realizada
2239,2025-01-01,5087,1009,Presencial,Prospecção,Pendente
2240,2025-03-19,5449,2013,Telefone,Pós-venda,Realizada
2241,2025-05-19,5334,2023,Online,Pós-venda,Realizada
2242,2025-03-08,5049,1002,Online,Pós-venda,Pendente
2243,2025-06-08,5474,2032,Presencial,Prospecção,Realizada
2244,2025-01-04,5385,1057,Presencial,Pós-venda,Pendente
2245,2025-05-03,5346,1046,Presencial,Prospecção,Realizada
2246,2025-03-22,5024,1058,Presencial,Prospecção,Pendente
2247,2025-06-25,5349,2010,Presencial,Negociação,Realizada
2248,2025-06-02,5476,1006,Telefone,Negociação,Pendente
2249,2025-01-30,5001,2038,Online,Pós-venda,Realizada
2250,2025-05-30,5199,1015,Presencial,Pós-venda,Pendente
2251,2025-01-08,5143,2011,Telefone,Negociação,Realizada
2252,2025-06-10,5246,1020,Presencial,Pós-venda,Realizada
2253,2025-04-24,5266,1006,Online,Pós-venda,Realizada
2254,2025-05-23,5190,1003,Online,Negociação,Realizada
2255,2025-03-11,5450,2025,Presencial,Prospecção,Pendente
2256,2025-04-09,5123,1039,Online,Pós-venda,Pendente
2257,2025-06-02,5286,1040,Telefone,Negociação,Pendente
2258,2025-01-13,5325,2030,Online,Prospecção,Realizada
2259,2025-04-15,5333,1059,Online,Negociação,Realizada
2260,2025-02-16,5299,2028,Presencial,Negociação,Realizada
2261,2025-06-18,5003,1060,Telefone,Negociação,Realizada
2262,2025-06-17,5104,1032,Presencial,Negociação,Realizada
2263,2025-02-14,5426,1049,Online,Pós-venda,Realizada
2264,2025-01-14,5063,2024,Presencial,Prospecção,Pendente
2265,2025-03-21,5417,1047,Presencial,Prospecção,Pendente
2266,2025-05-31,5148,1005,Online,Prospecção,Pendente
2267,2025-04-25,5020,2004,Presencial,Pós-venda,Pendente
2268,2025-04-30,5144,1049,Online,Negociação,Pendente
2269,2025-03-18,5230,2039,Presencial,Negociação,Realizada
2270,2025-02-10,5310,2003,Telefone,Prospecção,Pendente
2271,2025-04-01,5045,2029,Online,Pós-venda,Pendente
2272,2025-02-20,5143,1042,Telefone,Negociação,Realizada
2273,2025-01-27,5106,1054,Telefone,Prospecção,Realizada
2274,2025-02-01,5117,1054,Telefone,Negociação,Realizada
2275,2025-04-02,5091,2023,Telefone,Negociação,Pendente
2276,2025-05-07,5486,2019,Presencial,Negociação,Realizada
2277,2025-05-21,5258,1005,Presencial,Negociação,Realizada
2278,2025-05-23,5075,2037,Presencial,Pós-venda,Realizada
2279,2025-02-01,5445,2025,Online,Negociação,Pendente
2280,2025-02-10,5444,2007,Telefone,Pós-venda,Pendente
2281,2025-02-13,5331,1044,Presencial,Prospecção,Realizada
2282,2025-01-02,5475,1039,Online,Prospecção,Realizada
2283,2025-05-16,5485,1059,Online,Pós-venda,Realizada
2284,2025-03-22,5208,1011,Presencial,Prospecção,Realizada
2285,2025-03-06,5395,1034,Presencial,Negociação,Pendente
2286,2025-01-06,5276,1013,Online,Pós-venda,Realizada
2287,2025-05-20,5241,2010,Online,Pós-venda,Realizada
2288,2025-01-26,5199,2001,Telefone,Negociação,Pendente
2289,2025-02-15,5276,2029,Online,Pós-venda,Pendente
2290,2025-03-29,5274,1001,Online,Negociação,Realizada
2291,2025-05-17,5147,1017,Online,Pós-venda,Pendente
2292,2025-04-23,5404,1025,Online,Negociação,Pendente
2293,2025-02-25,5471,1028,Presencial,Negociação,Pendente
2294,2025-05-21,5217,2019,Telefone,Prospecção,Realizada
2295,2025-05-15,5275,2032,Telefone,Negociação,Realizada
2296,2025-05-20,5253,1001,Telefone,Pós-venda,Realizada
2297,2025-01-08,5233,2023,Presencial,Negociação,Pendente
2298,2025-05-17,5387,2021,Telefone,Negociação,Realizada
2299,2025-01-08,5094,2014,Presencial,Pós-venda,Realizada
2300,2025-01-03,5474,1032,Telefone,Negociação,Realizada
2301,2025-01-18,5261,2005,Telefone,Prospecção,Pendente
2302,2025-03-31,5223,2020,Presencial,Negociação,Pendente
2303,2025-03-06,5299,2020,Presencial,Negociação,Pendente
2304,2025-03-28,5469,2036,Online,Pós-venda,Pendente
2305,2025-02-22,5211,2017,Online,Pós-venda,Realizada
2306,2025-03-07,5473,2028,Telefone,Pós-venda,Realizada
2307,2025-05-05,5118,1040,Telefone,Negociação,Pendente
2308,2025-04-06,5443,1003,Online,Pós-venda,Realizada
2309,2025-05-10,5457,2011,Presencial,Pós-venda,Pendente
2310,2025-03-13,5308,2006,Presencial,Pós-venda,Pendente
2311,2025-03-09,5443,1001,Telefone,Negociação,Pendente
2312,2025-06-17,5431,1009,Online,Pós-venda,Pendente
2313,2025-04-02,5183,2012,Presencial,Pós-venda,Realizada
2314,2025-02-12,5375,1025,Presencial,Negociação,Pendente
2315,2025-03-24,5432,1038,Telefone,Prospecção,Pendente
2316,2025-04-03,5063,1027,Online,Negociação,Pendente
2317,2025-02-13,5207,2036,Telefone,Prospecção,Pendente
2318,2025-05-01,5276,1046,Telefone,Prospecção,Pendente
2319,2025-06-23,5086,2038,Presencial,Negociação,Pendente
2320,2025-01-24,5022,2011,Online,Prospecção,Realizada
2321,2025-03-19,5090,1038,Presencial,Pós-venda,Realizada
2322,2025-05-16,5449,1052,Online,Prospecção,Realizada
2323,2025-02-27,5234,2019,Telefone,Negociação,Pendente
2324,2025-05-16,5427,1010,Telefone,Pós-venda,Realizada
2325,2025-01-22,5080,2010,Online,Negociação,Pendente
2326,2025-02-05,5029,1036,Online,Negociação,Pendente
2327,2025-02-08,5138,1027,Online,Negociação,Realizada
2328,2025-03-25,5187,1002,Online,Negociação,Realizada
2329,2025-06-06,5415,1033,Presencial,Pós-venda,Realizada
2330,2025-04-17,5248,2019,Telefone,Negociação,Pendente
2331,2025-04-08,5443,2024,Telefone,Pós-venda,Realizada
2332,2025-03-21,5272,2014,Online,Prospecção,Pendente
2333,2025-06-27,5053,2033,Telefone,Prospecção,Realizada
2334,2025-02-03,5057,1018,Telefone,Negociação,Pendente
2335,2025-06-14,5215,2028,Online,Prospecção,Pendente
2336,2025-02-20,5406,2027,Presencial,Prospecção,Realizada
2337,2025-04-20,5063,1004,Online,Negociação,Realizada
2338,2025-03-08,5280,2037,Telefone,Prospecção,Pendente
2339,2025-04-26,5444,1017,Presencial,Negociação,Realizada
2340,2025-03-29,5306,1008,Online,Pós-venda,Pendente
2341,2025-06-04,5432,2008,Presencial,Negociação,Pendente
2342,2025-02-01,5245,1044,Telefone,Pós-venda,Realizada
2343,2025-05-07,5147,1017,Online,Prospecção,Pendente
2344,2025-06-20,5156,1057,Telefone,Pós-venda,Pendente
2345,2025-05-15,5024,1021,Presencial,Prospecção,Realizada
2346,2025-06-20,5365,1057,Telefone,Negociação,Realizada
2347,2025-03-05,5221,1006,Telefone,Negociação,Pendente
2348,2025-03-19,5168,1059,Telefone,Pós-venda,Pendente
2349,2025-05-01,5099,1056,Telefone,Prospecção,Pendente
2350,2025-03-14,5154,2029,Online,Pós-venda,Realizada
2351,2025-05-12,5115,1053,Presencial,Negociação,Realizada
2352,2025-04-13,5457,1020,Presencial,Pós-venda,Pendente
2353,2025-06-14,5413,2001,Online,Negociação,Pendente
2354,2025-05-22,5374,2037,Telefone,Pós-venda,Pendente
2355,2025-05-30,5214,1037,Online,Pós-venda,Realizada
2356,2025-03-16,5257,1007,Telefone,Negociação,Pendente
2357,2025-02-01,5257,1043,Presencial,Negociação,Realizada
2358,2025-05-23,5270,1016,Telefone,Prospecção,Realizada
2359,2025-03-21,5476,2030,Online,Pós-venda,Realizada
2360,2025-06-19,5467,2038,Presencial,Negociação,Realizada
2361,2025-03-03,5277,2028,Telefone,Prospecção,Realizada
2362,2025-03-07,5190,1029,Online,Negociação,Pendente
2363,2025-03-29,5259,2012,Presencial,Negociação,Realizada
2364,2025-03-31,5027,1025,Telefone,Negociação,Pendente
2365,2025-06-06,5215,1052,Telefone,Prospecção,Realizada
2366,2025-05-13,5430,2012,Presencial,Negociação,Realizada
2367,2025-02-24,5133,1017,Telefone,Prospecção,Realizada
2368,2025-05-12,5088,2030,Telefone,Pós-venda,Pendente
2369,2025-04-12,5189,2022,Presencial,Negociação,Pendente
2370,2025-05-20,5011,1022,Presencial,Prospecção,Pendente
2371,2025-04-02,5251,2009,Presencial,Prospecção,Pendente
2372,2025-04-18,5159,2040,Online,Prospecção,Pendente
2373,2025-04-22,5315,2017,Presencial,Prospecção,Realizada
2374,2025-01-16,5002,1026,Online,Negociação,Pendente
2375,2025-01-28,5382,2031,Presencial,Pós-venda,Pendente
2376,2025-01-09,5439,2011,Presencial,Negociação,Realizada
2377,2025-05-24,5276,1055,Online,Pós-venda,Realizada
2378,2025-01-19,5406,1058,Telefone,Negociação,Pendente
2379,2025-01-19,5280,1008,Presencial,Pós-venda,Realizada
2380,2025-01-16,5198,1050,Presencial,Prospecção,Realizada
2381,2025-02-11,5408,2019,Presencial,Prospecção,Realizada
2382,2025-01-17,5464,2034,Presencial,Prospecção,Realizada
2383,2025-01-03,5398,2008,Presencial,Prospecção,Pendente
2384,2025-01-17,5385,1043,Presencial,Negociação,Realizada
2385,2025-04-06,5164,1009,Online,Negociação,Realizada
2386,2025-04-20,5408,2025,Presencial,Pós-venda,Realizada
2387,2025-03-16,5046,1045,Online,Pós-venda,Realizada
2388,2025-04-30,5428,2018,Telefone,Negociação,Pendente
2389,2025-02-15,5148,1015,Telefone,Prospecção,Pendente
2390,2025-05-30,5293,1045,Online,Negociação,Pendente
2391,2025-02-13,5103,2036,Telefone,Negociação,Realizada
2392,2025-06-22,5356,2023,Telefone,Prospecção,Realizada
2393,2025-03-01,5353,1054,Presencial,Prospecção,Realizada
2394,2025-01-27,5006,1045,Online,Prospecção,Realizada
2395,2025-01-15,5122,1037,Presencial,Negociação,Pendente
2396,2025-05-20,5368,1015,Online,Pós-venda,Realizada
2397,2025-05-07,5191,1021,Online,Prospecção,Pendente
2398,2025-04-08,5185,1058,Telefone,Prospecção,Realizada
2399,2025-02-03,5450,1036,Telefone,Pós-venda,Pendente
2400,2025-01-26,5084,2039,Online,Pós-venda,Pendente
2401,2025-04-27,5110,1031,Online,Negociação,Pendente
2402,2025-01-24,5328,2016,Presencial,Negociação,Realizada
2403,2025-03-16,5395,1043,Online,Negociação,Realizada
2404,2025-03-30,5370,2025,Telefone,Negociação,Realizada
2405,2025-01-05,5084,2018,Telefone,Negociação,Pendente
2406,2025-03-16,5192,1017,Online,Prospecção,Pendente
2407,2025-06-26,5025,1030,Presencial,Pós-venda,Realizada
2408,2025-01-23,5149,1014,Online,Pós-venda,Pendente
2409,2025-06-02,5110,1037,Presencial,Pós-venda,Realizada
2410,2025-01-15,5117,1031,Online,Prospecção,Pendente
2411,2025-06-16,5327,1002,Online,Pós-venda,Realizada
2412,2025-05-18,5223,2005,Presencial,Prospecção,Realizada
2413,2025-02-04,5461,2014,Telefone,Prospecção,Pendente
2414,2025-05-28,5201,1050,Presencial,Negociação,Realizada
2415,2025-01-03,5475,1053,Telefone,Pós-venda,Realizada
2416,2025-02-02,5033,1056,Telefone,Prospecção,Realizada
2417,2025-04-08,5121,1029,Online,Pós-venda,Pendente
2418,2025-02-19,5494,1032,Presencial,Pós-venda,Pendente
2419,2025-01-08,5255,1039,Telefone,Pós-venda,Pendente
2420,2025-04-04,5078,1034,Telefone,Pós-venda,Pendente
2421,2025-04-12,5177,1056,Telefone,Prospecção,Realizada
2422,2025-01-01,5418,1029,Presencial,Pós-venda,Realizada
2423,2025-06-09,5207,1013,Online,Prospecção,Realizada
2424,2025-02-05,5057,2038,Telefone,Prospecção,Pendente
2425,2025-03-22,5204,2018,Presencial,Prospecção,Realizada
2426,2025-01-13,5319,2027,Online,Negociação,Pendente
2427,2025-02-28,5096,1025,Online,Pós-venda,Realizada
2428,2025-06-18,5300,1051,Online,Prospecção,Realizada
2429,2025-01-30,5032,1015,Online,Pós-venda,Realizada
2430,2025-05-16,5180,2036,Presencial,Prospecção,Pendente
2431,2025-01-02,5476,2025,Telefone,Prospecção,Pendente
2432,2025-06-28,5425,1045,Presencial,Pós-venda,Realizada
2433,2025-03-22,5175,1032,Online,Prospecção,Realizada
2434,2025-03-25,5361,1060,Presencial,Prospecção,Pendente
2435,2025-01-23,5477,1049,Telefone,Negociação,Realizada
2436,2025-05-23,5496,1003,Telefone,Prospecção,Pendente
2437,2025-05-21,5097,1057,Presencial,Pós-venda,Pendente
2438,2025-02-22,5157,2018,Online,Prospecção,Realizada
2439,2025-01-11,5418,2020,Presencial,Negociação,Realizada
2440,2025-05-29,5351,1035,Telefone,Pós-venda,Realizada
2441,2025-05-07,5045,2013,Online,Prospecção,Pendente
2442,2025-03-06,5190,1022,Telefone,Pós-venda,Pendente
2443,2025-05-17,5357,2010,Online,Pós-venda,Realizada
2444,2025-06-08,5291,1019,Online,Negociação,Pendente
2445,2025-03-13,5088,1034,Online,Negociação,Pendente
2446,2025-04-02,5468,2037,Presencial,Prospecção,Pendente
2447,2025-06-27,5413,1004,Telefone,Prospecção,Realizada
2448,2025-05-31,5065,2018,Telefone,Pós-venda,Realizada
2449,2025-03-22,5441,1048,Telefone,Negociação,Realizada
2450,2025-03-12,5201,1052,Online,Negociação,Realizada
2451,2025-04-10,5129,1001,Online,Prospecção,Pendente
2452,2025-05-25,5095,1029,Presencial,Negociação,Realizada
2453,2025-05-27,5352,1007,Presencial,Pós-venda,Pendente
2454,2025-01-23,5136,2037,Presencial,Pós-venda,Realizada
2455,2025-01-11,5260,1007,Presencial,Negociação,Pendente
2456,2025-05-26,5367,1035,Telefone,Prospecção,Pendente
2457,2025-05-24,5213,1060,Online,Negociação,Realizada
2458,2025-04-06,5405,2040,Online,Pós-venda,Pendente
2459,2025-06-12,5039,1049,Telefone,Negociação,Realizada
2460,2025-03-11,5068,2040,Telefone,Negociação,Realizada
2461,2025-01-26,5010,1023,Online,Pós-venda,Pendente
2462,2025-04-06,5358,2010,Presencial,Pós-venda,Pendente
2463,2025-02-17,5316,1038,Presencial,Pós-venda,Realizada
2464,2025-01-05,5492,2039,Online,Negociação,Pendente
2465,2025-03-02,5236,1058,Presencial,Pós-venda,Pendente
2466,2025-02-04,5392,1043,Online,Pós-venda,Pendente
2467,2025-01-22,5330,2037,Presencial,Pós-venda,Realizada
2468,2025-04-25,5411,2015,Online,Prospecção,Realizada
2469,2025-04-23,5291,2011,Presencial,Prospecção,Realizada
2470,2025-06-27,5017,1056,Telefone,Prospecção,Pendente
2471,2025-03-28,5421,1023,Online,Pós-venda,Realizada
2472,2025-01-06,5045,2020,Presencial,Prospecção,Realizada
2473,2025-02-10,5192,2040,Online,Prospecção,Realizada
2474,2025-05-13,5211,2029,Presencial,Pós-venda,Pendente
2475,2025-01-17,5112,1053,Online,Prospecção,Realizada
2476,2025-03-05,5320,1014,Telefone,Pós-venda,Realizada
2477,2025-05-13,5362,1035,Telefone,Prospecção,Realizada
2478,2025-06-17,5480,1025,Presencial,Pós-venda,Pendente
2479,2025-04-12,5030,1046,Telefone,Prospecção,Pendente
2480,2025-02-09,5332,2005,Online,Pós-venda,Pendente
2481,2025-06-27,5344,2013,Online,Prospecção,Realizada
2482,2025-01-09,5126,1009,Online,Pós-venda,Realizada
2483,2025-03-04,5286,1039,Online,Pós-venda,Realizada
2484,2025-01-21,5466,1043,Telefone,Pós-venda,Realizada
2485,2025-06-03,5494,1060,Online,Negociação,Realizada
2486,2025-04-27,5271,2033,Telefone,Negociação,Pendente
2487,2025-05-19,5360,2038,Online,Negociação,Pendente
2488,2025-03-11,5493,2010,Telefone,Pós-venda,Realizada
2489,2025-01-07,5002,2013,Telefone,Negociação,Pendente
2490,2025-06-20,5076,1018,Presencial,Pós-venda,Pendente
2491,2025-05-21,5361,2006,Presencial,Pós-venda,Pendente
2492,2025-03-18,5344,2012,Presencial,Negociação,Pendente
2493,2025-06-18,5450,1013,Online,Negociação,Realizada
2494,2025-04-06,5469,1041,Telefone,Pós-venda,Realizada
2495,2025-05-11,5367,1032,Telefone,Pós-venda,Pendente
2496,2025-03-31,5419,2003,Telefone,Negociação,Pendente
2497,2025-05-26,5330,1002,Online,Negociação,Realizada
2498,2025-01-20,5131,1024,Presencial,Pós-venda,Pendente
2499,2025-05-31,5202,1056,Online,Negociação,Pendente
2500,2025-01-11,5262,2008,Telefone,Negociação,Pendente
2501,2025-01-24,5237,1039,Online,Pós-venda,Realizada
2502,2025-03-10,5231,1027,Online,Prospecção,Pendente
2503,2025-06-02,5124,1034,Online,Negociação,Pendente
2504,2025-02-07,5035,2038,Telefone,Negociação,Pendente
2505,2025-01-19,5464,2004,Telefone,Prospecção,Pendente
2506,2025-02-17,5248,1032,Online,Prospecção,Realizada
2507,2025-01-08,5174,1036,Online,Pós-venda,Realizada
2508,2025-03-30,5109,1028,Online,Pós-venda,Realizada
2509,2025-06-06,5466,1044,Online,Pós-venda,Realizada
2510,2025-03-07,5446,2036,Online,Pós-venda,Pendente
2511,2025-03-13,5098,2025,Online,Prospecção,Realizada
2512,2025-02-01,5305,1018,Online,Negociação,Pendente
2513,2025-06-15,5199,1050,Presencial,Negociação,Pendente
2514,2025-03-16,5014,2026,Telefone,Negociação,Realizada
2515,2025-06-02,5045,1008,Presencial,Prospecção,Realizada
2516,2025-04-23,5124,1033,Telefone,Prospecção,Realizada
2517,2025-04-21,5052,1009,Presencial,Negociação,Realizada
2518,2025-03-15,5227,1054,Presencial,Pós-venda,Realizada
2519,2025-03-31,5153,2032,Presencial,Pós-venda,Pendente
2520,2025-01-29,5167,1013,Online,Negociação,Realizada
2521,2025-02-12,5105,2038,Telefone,Pós-venda,Pendente
2522,2025-03-31,5361,1041,Presencial,Negociação,Pendente
2523,2025-04-16,5014,1016,Presencial,Prospecção,Pendente
2524,2025-03-16,5434,2010,Telefone,Negociação,Realizada
2525,2025-05-23,5380,1030,Presencial,Negociação,Realizada
2526,2025-01-05,5192,1009,Telefone,Negociação,Pendente
2527,2025-06-11,5383,2032,Online,Prospecção,Realizada
2528,2025-03-11,5339,1043,Telefone,Pós-venda,Realizada
2529,2025-03-14,5480,2003,Telefone,Prospecção,Realizada
2530,2025-06-11,5458,1013,Telefone,Pós-venda,Realizada
2531,2025-03-18,5400,1036,Online,Prospecção,Pendente
2532,2025-04-26,5499,2022,Telefone,Pós-venda,Realizada
2533,2025-05-23,5060,2028,Telefone,Negociação,Realizada
2534,2025-04-13,5446,2031,Telefone,Pós-venda,Pendente
2535,2025-02-17,5250,2035,Online,Pós-venda,Pendente
2536,2025-05-10,5041,2021,Telefone,Negociação,Pendente
2537,2025-04-20,5122,1002,Presencial,Prospecção,Pendente
2538,2025-02-15,5377,2011,Telefone,Negociação,Pendente
2539,2025-02-18,5030,2024,Telefone,Negociação,Realizada
2540,2025-03-12,5397,1051,Online,Negociação,Realizada
2541,2025-01-09,5283,2039,Presencial,Negociação,Realizada
2542,2025-01-31,5428,1003,Online,Pós-venda,Realizada
2543,2025-04-09,5219,2015,Online,Pós-venda,Realizada
2544,2025-03-21,5019,2034,Presencial,Negociação,Realizada
2545,2025-06-25,5101,2029,Presencial,Negociação,Pendente
2546,2025-03-04,5342,2036,Online,Prospecção,Pendente
2547,2025-04-14,5213,1044,Telefone,Pós-venda,Realizada
2548,2025-01-22,5026,1058,Telefone,Pós-venda,Realizada
2549,2025-02-28,5168,2029,Telefone,Pós-venda,Pendente
2550,2025-01-30,5142,1003,Telefone,Pós-venda,Realizada
2551,2025-05-24,5093,2036,Presencial,Negociação,Pendente
2552,2025-06-27,5141,1007,Online,Prospecção,Realizada
2553,2025-04-07,5101,1035,Presencial,Pós-venda,Pendente
2554,2025-01-22,5341,1022,Presencial,Pós-venda,Pendente
2555,2025-03-28,5073,1040,Presencial,Pós-venda,Realizada
2556,2025-05-06,5157,1020,Online,Pós-venda,Realizada
2557,2025-05-26,5231,2038,Telefone,Prospecção,Realizada
2558,2025-01-24,5073,2030,Online,Prospecção,Realizada
2559,2025-04-27,5253,1030,Online,Pós-venda,Pendente
2560,2025-04-09,5281,2016,Telefone,Pós-venda,Pendente
2561,2025-05-28,5127,1017,Presencial,Prospecção,Pendente
2562,2025-05-07,5133,1056,Telefone,Pós-venda,Realizada
2563,2025-06-15,5158,2030,Online,Prospecção,Pendente
2564,2025-02-17,5068,2040,Telefone,Negociação,Pendente
2565,2025-05-24,5427,2006,Presencial,Prospecção,Pendente
2566,2025-04-06,5367,2032,Telefone,Negociação,Realizada
2567,2025-06-17,5049,2022,Online,Pós-venda,Pendente
2568,2025-03-14,5095,2004,Online,Negociação,Realizada
2569,2025-04-14,5470,1030,Presencial,Pós-venda,Realizada
2570,2025-05-31,5294,1045,Telefone,Prospecção,Pendente
2571,2025-05-24,5350,2012,Online,Prospecção,Realizada
2572,2025-02-22,5072,1052,Online,Negociação,Realizada
2573,2025-02-22,5342,1007,Presencial,Prospecção,Realizada
2574,2025-03-24,5424,1023,Presencial,Negociação,Pendente
2575,2025-05-24,5287,1036,Telefone,Pós-venda,Realizada
2576,2025-04-05,5416,2039,Online,Negociação,Pendente
2577,2025-01-23,5050,1055,Presencial,Negociação,Realizada
2578,2025-03-11,5140,2021,Presencial,Pós-venda,Pendente
2579,2025-04-19,5149,2033,Telefone,Negociação,Realizada
2580,2025-06-24,5280,2017,Presencial,Pós-venda,Pendente
2581,2025-02-27,5073,2022,Telefone,Prospecção,Realizada
2582,2025-06-07,5452,2015,Online,Negociação,Realizada
2583,2025-02-05,5082,2019,Online,Negociação,Pendente
2584,2025-01-17,5391,1019,Presencial,Negociação,Pendente
2585,2025-06-15,5309,2021,Online,Prospecção,Realizada
2586,2025-01-24,5104,2002,Telefone,Prospecção,Pendente
2587,2025-04-03,5053,2032,Telefone,Prospecção,Pendente
2588,2025-06-17,5090,1008,Presencial,Prospecção,Realizada
2589,2025-05-12,5168,1004,Online,Negociação,Pendente
2590,2025-05-16,5340,2006,Presencial,Prospecção,Realizada
2591,2025-05-31,5196,2004,Telefone,Prospecção,Pendente
2592,2025-02-18,5411,1036,Online,Negociação,Pendente
2593,2025-06-07,5378,2011,Telefone,Prospecção,Pendente
2594,2025-01-05,5324,2038,Online,Pós-venda,Pendente
2595,2025-03-07,5246,1025,Presencial,Negociação,Realizada
2596,2025-05-16,5232,2018,Telefone,Prospecção,Realizada
2597,2025-06-19,5352,2007,Telefone,Pós-venda,Pendente
2598,2025-03-12,5338,1056,Online,Prospecção,Pendente
2599,2025-05-20,5298,2015,Online,Prospecção,Realizada
2600,2025-02-20,5094,2031,Telefone,Pós-venda,Realizada
2601,2025-05-01,5385,1059,Presencial,Prospecção,Pendente
2602,2025-05-04,5243,1022,Telefone,Prospecção,Realizada
2603,2025-03-06,5209,2039,Online,Prospecção,Pendente
2604,2025-06-10,5249,2012,Presencial,Prospecção,Realizada
2605,2025-04-25,5426,1003,Presencial,Prospecção,Realizada
2606,2025-01-03,5148,1030,Telefone,Prospecção,Pendente
2607,2025-05-06,5455,2003,Online,Pós-venda,Pendente
2608,2025-03-29,5027,1002,Online,Negociação,Realizada
2609,2025-01-21,5039,1050,Online,Prospecção,Pendente
2610,2025-06-21,5034,1014,Presencial,Prospecção,Realizada
2611,2025-05-25,5053,2018,Presencial,Pós-venda,Realizada
2612,2025-03-12,5487,2030,Telefone,Prospecção,Pendente
2613,2025-02-06,5285,1038,Telefone,Prospecção,Pendente
2614,2025-05-18,5013,2022,Telefone,Pós-venda,Pendente
2615,2025-02-23,5441,2019,Presencial,Negociação,Pendente
2616,2025-05-17,5265,1011,Presencial,Negociação,Pendente
2617,2025-03-22,5035,2020,Telefone,Negociação,Pendente
2618,2025-04-04,5331,2026,Telefone,Pós-venda,Pendente
2619,2025-06-18,5177,1009,Online,Pós-venda,Pendente
2620,2025-04-04,5071,1044,Telefone,Negociação,Pendente
2621,2025-03-13,5033,2019,Telefone,Negociação,Realizada
2622,2025-01-09,5411,1044,Telefone,Negociação,Pendente
2623,2025-02-21,5471,1006,Presencial,Negociação,Pendente
2624,2025-03-04,5467,2028,Telefone,Prospecção,Realizada
2625,2025-04-24,5112,2040,Online,Negociação,Pendente
2626,2025-04-04,5224,1035,Telefone,Negociação,Realizada
2627,2025-06-29,5314,1034,Presencial,Negociação,Realizada
2628,2025-02-17,5238,1034,Online,Negociação,Pendente
2629,2025-05-20,5320,1047,Presencial,Pós-venda,Realizada
2630,2025-02-17,5482,1027,Online,Pós-venda,Pendente
2631,2025-05-24,5220,1031,Online,Prospecção,Realizada
2632,2025-02-05,5040,1049,Presencial,Pós-venda,Realizada
2633,2025-01-20,5032,1060,Presencial,Pós-venda,Pendente
2634,2025-06-15,5022,1015,Presencial,Pós-venda,Realizada
2635,2025-01-01,5449,1039,Presencial,Pós-venda,Pendente
2636,2025-04-22,5090,2032,Presencial,Pós-venda,Pendente
2637,2025-06-29,5095,1019,Presencial,Pós-venda,Realizada
2638,2025-03-07,5429,2008,Online,Prospecção,Realizada
2639,2025-04-27,5302,1015,Presencial,Prospecção,Realizada
2640,2025-03-30,5033,2006,Presencial,Pós-venda,Pendente
2641,2025-02-25,5300,1060,Telefone,Negociação,Realizada
2642,2025-05-07,5329,1056,Presencial,Pós-venda,Realizada
2643,2025-05-25,5401,2027,Telefone,Negociação,Pendente
2644,2025-05-08,5325,1003,Online,Prospecção,Realizada
2645,2025-01-18,5206,2025,Presencial,Pós-venda,Realizada
2646,2025-05-24,5100,1010,Online,Negociação,Realizada
2647,2025-04-06,5288,1059,Telefone,Negociação,Realizada
2648,2025-05-18,5046,2040,Online,Negociação,Realizada
2649,2025-04-16,5057,1004,Presencial,Prospecção,Realizada
2650,2025-06-01,5348,2019,Online,Prospecção,Realizada
2651,2025-02-22,5159,2013,Telefone,Prospecção,Realizada
2652,2025-02-18,5418,2010,Telefone,Pós-venda,Realizada
2653,2025-06-05,5126,1048,Online,Negociação,Realizada
2654,2025-01-04,5428,2030,Online,Pós-venda,Pendente
2655,2025-06-18,5389,1034,Telefone,Pós-venda,Pendente
2656,2025-01-16,5259,2039,Presencial,Negociação,Pendente
2657,2025-02-08,5330,1038,Telefone,Prospecção,Realizada
2658,2025-06-09,5146,1001,Telefone,Negociação,Realizada
2659,2025-03-18,5423,1009,Presencial,Negociação,Pendente
2660,2025-05-20,5451,2003,Online,Pós-venda,Pendente
2661,2025-04-20,5019,1011,Online,Negociação,Realizada
2662,2025-05-28,5114,2026,Presencial,Negociação,Pendente
2663,2025-06-12,5092,1002,Presencial,Prospecção,Realizada
2664,2025-06-13,5253,1007,Online,Pós-venda,Pendente
2665,2025-05-27,5151,1040,Telefone,Pós-venda,Realizada
2666,2025-06-02,5114,2034,Presencial,Pós-venda,Realizada
2667,2025-06-06,5392,1053,Presencial,Prospecção,Pendente
2668,2025-01-24,5303,1051,Online,Prospecção,Realizada
2669,2025-06-09,5290,2023,Online,Prospecção,Pendente
2670,2025-05-15,5004,1049,Telefone,Prospecção,Pendente
2671,2025-05-07,5384,1011,Presencial,Pós-venda,Pendente
2672,2025-04-04,5184,1016,Online,Prospecção,Pendente
2673,2025-05-05,5377,2010,Telefone,Pós-venda,Pendente
2674,2025-02-16,5083,2017,Presencial,Pós-venda,Realizada
2675,2025-05-16,5053,1033,Telefone,Prospecção,Realizada
2676,2025-04-13,5042,1051,Online,Pós-venda,Realizada
2677,2025-05-05,5457,1010,Presencial,Prospecção,Pendente
2678,2025-01-02,5084,2011,Telefone,Prospecção,Realizada
2679,2025-06-17,5261,2005,Presencial,Negociação,Pendente
2680,2025-06-09,5245,2020,Telefone,Negociação,Pendente
2681,2025-05-16,5022,1006,Telefone,Pós-venda,Pendente
2682,2025-06-11,5415,2040,Online,Pós-venda,Pendente
2683,2025-01-23,5065,1035,Online,Negociação,Pendente
2684,2025-06-23,5398,1036,Presencial,Pós-venda,Pendente
2685,2025-03-24,5089,2013,Online,Negociação,Realizada
2686,2025-05-13,5200,2007,Presencial,Negociação,Pendente
2687,2025-06-11,5123,1031,Telefone,Negociação,Pendente
2688,2025-01-24,5490,2030,Presencial,Negociação,Pendente
2689,2025-04-17,5072,1024,Online,Prospecção,Pendente
2690,2025-02-08,5113,1007,Presencial,Pós-venda,Realizada
2691,2025-05-31,5116,2031,Online,Negociação,Pendente
2692,2025-05-15,5248,2003,Telefone,Negociação,Realizada
2693,2025-05-28,5348,2003,Presencial,Negociação,Pendente
2694,2025-01-03,5463,1031,Telefone,Prospecção,Realizada
2695,2025-06-19,5139,2005,Presencial,Pós-venda,Realizada
2696,2025-01-30,5188,1057,Presencial,Prospecção,Pendente
2697,2025-05-08,5407,1001,Presencial,Negociação,Pendente
2698,2025-01-18,5031,1043,Telefone,Negociação,Pendente
2699,2025-02-01,5334,2020,Online,Prospecção,Realizada
2700,2025-02-09,5085,1024,Online,Pós-venda,Pendente
2701,2025-02-27,5119,2020,Telefone,Pós-venda,Pendente
2702,2025-01-17,5053,1032,Telefone,Prospecção,Pendente
2703,2025-01-01,5289,2034,Online,Pós-venda,Realizada
2704,2025-06-01,5003,1019,Telefone,Prospecção,Realizada
2705,2025-01-31,5144,2016,Presencial,Prospecção,Realizada
2706,2025-05-31,5189,1038,Online,Pós-venda,Pendente
2707,2025-02-19,5111,1050,Online,Pós-venda,Realizada
2708,2025-01-17,5498,1025,Online,Negociação,Realizada
2709,2025-02-19,5218,1057,Telefone,Prospecção,Realizada
2710,2025-01-24,5168,1051,Telefone,Negociação,Pendente
2711,2025-05-28,5470,1002,Telefone,Prospecção,Pendente
2712,2025-02-03,5313,2033,Presencial,Prospecção,Realizada
2713,2025-04-12,5038,1014,Online,Pós-venda,Pendente
2714,2025-02-09,5443,2002,Telefone,Pós-venda,Pendente
2715,2025-01-23,5275,1027,Presencial,Pós-venda,Pendente
2716,2025-03-03,5338,2039,Presencial,Pós-venda,Realizada
2717,2025-02-20,5356,1040,Online,Negociação,Pendente
2718,2025-05-10,5395,2027,Online,Pós-venda,Pendente
2719,2025-05-24,5378,1003,Presencial,Negociação,Realizada
2720,2025-05-13,5485,1006,Presencial,Pós-venda,Realizada
2721,2025-01-24,5242,2029,Presencial,Pós-venda,Realizada
2722,2025-03-25,5176,2020,Presencial,Negociação,Realizada
2723,2025-06-17,5334,1038,Telefone,Prospecção,Realizada
2724,2025-01-09,5257,2034,Online,Negociação,Pendente
2725,2025-05-21,5383,2001,Presencial,Pós-venda,Pendente
2726,2025-03-02,5171,2036,Telefone,Pós-venda,Realizada
2727,2025-03-28,5221,2006,Telefone,Prospecção,Realizada
2728,2025-03-05,5240,1058,Presencial,Negociação,Realizada
2729,2025-01-16,5022,2003,Online,Negociação,Realizada
2730,2025-01-23,5161,1040,Online,Pós-venda,Realizada
2731,2025-06-08,5308,2013,Online,Prospecção,Pendente
2732,2025-03-12,5381,2019,Online,Negociação,Realizada
2733,2025-06-21,5114,2007,Online,Pós-venda,Pendente
2734,2025-04-03,5080,2035,Telefone,Prospecção,Realizada
2735,2025-02-03,5398,1003,Presencial,Prospecção,Pendente
2736,2025-06-14,5033,1020,Online,Negociação,Pendente
2737,2025-05-27,5071,1042,Telefone,Negociação,Pendente
2738,2025-02-01,5038,1031,Presencial,Negociação,Pendente
2739,2025-05-06,5315,2001,Telefone,Negociação,Pendente
2740,2025-05-28,5004,1011,Telefone,Pós-venda,Pendente
2741,2025-03-18,5434,2005,Online,Negociação,Realizada
2742,2025-02-19,5093,1025,Telefone,Negociação,Realizada
2743,2025-01-15,5118,1033,Online,Prospecção,Pendente
2744,2025-03-18,5074,1009,Telefone,Negociação,Realizada
2745,2025-02-12,5431,1060,Presencial,Pós-venda,Realizada
2746,2025-03-17,5453,2023,Online,Negociação,Pendente
2747,2025-04-21,5006,1055,Presencial,Negociação,Pendente
2748,2025-05-16,5294,2010,Telefone,Prospecção,Pendente
2749,2025-05-12,5401,1001,Telefone,Pós-venda,Pendente
2750,2025-01-30,5128,1054,Online,Prospecção,Pendente
2751,2025-06-07,5094,1006,Online,Prospecção,Realizada
2752,2025-01-15,5063,2002,Presencial,Negociação,Realizada
2753,2025-01-28,5249,1015,Telefone,Prospecção,Realizada
2754,2025-06-04,5226,2026,Online,Negociação,Pendente
2755,2025-05-25,5373,1040,Telefone,Negociação,Realizada
2756,2025-03-04,5458,2013,Online,Negociação,Realizada
2757,2025-02-26,5031,1042,Telefone,Prospecção,Realizada
2758,2025-03-25,5146,1020,Presencial,Prospecção,Realizada
2759,2025-06-02,5075,1050,Telefone,Negociação,Pendente
2760,2025-02-15,5395,1047,Presencial,Pós-venda,Realizada
2761,2025-03-18,5107,1027,Presencial,Pós-venda,Realizada
2762,2025-06-05,5354,1026,Telefone,Pós-venda,Realizada
2763,2025-04-12,5469,2017,Telefone,Prospecção,Realizada
2764,2025-03-06,5161,2019,Presencial,Pós-venda,Pendente
2765,2025-03-06,5497,1020,Telefone,Pós-venda,Realizada
2766,2025-06-12,5311,1024,Online,Negociação,Pendente
2767,2025-04-01,5040,2033,Online,Negociação,Pendente
2768,2025-06-09,5382,1035,Telefone,Pós-venda,Pendente
2769,2025-03-12,5358,2027,Online,Negociação,Realizada
2770,2025-04-19,5433,1036,Online,Negociação,Realizada
2771,2025-03-08,5079,1025,Online,Pós-venda,Realizada
2772,2025-04-18,5181,2032,Online,Pós-venda,Realizada
2773,2025-06-30,5373,2028,Presencial,Negociação,Realizada
2774,2025-05-09,5071,1005,Telefone,Prospecção,Pendente
2775,2025-03-01,5316,1019,Presencial,Prospecção,Realizada
2776,2025-04-07,5403,1015,Telefone,Negociação,Pendente
2777,2025-01-30,5396,2007,Presencial,Negociação,Pendente
2778,2025-02-14,5298,1001,Telefone,Prospecção,Pendente
2779,2025-02-10,5172,2026,Online,Pós-venda,Pendente
2780,2025-02-24,5148,1001,Telefone,Prospecção,Realizada
2781,2025-02-11,5023,2004,Telefone,Negociação,Pendente
2782,2025-02-19,5178,2020,Telefone,Negociação,Pendente
2783,2025-04-05,5131,1038,Telefone,Prospecção,Realizada
2784,2025-01-31,5030,1044,Online,Pós-venda,Realizada
2785,2025-05-09,5498,2009,Telefone,Pós-venda,Pendente
2786,2025-04-08,5107,1043,Online,Negociação,Pendente
2787,2025-04-23,5319,1009,Online,Prospecção,Realizada
2788,2025-02-19,5033,2019,Telefone,Pós-venda,Realizada
2789,2025-02-02,5158,2028,Online,Negociação,Realizada
2790,2025-02-07,5233,1058,Telefone,Prospecção,Realizada
2791,2025-01-28,5480,2023,Presencial,Negociação,Realizada
2792,2025-01-31,5434,2010,Presencial,Pós-venda,Pendente
2793,2025-03-30,5261,1008,Telefone,Prospecção,Pendente
2794,2025-03-17,5093,2034,Telefone,Negociação,Pendente
2795,2025-01-05,5221,2011,Telefone,Negociação,Pendente
2796,2025-05-22,5470,1009,Online,Negociação,Realizada
2797,2025-01-13,5234,1051,Presencial,Negociação,Pendente
2798,2025-06-28,5371,1042,Online,Pós-venda,Realizada
2799,2025-04-28,5440,1009,Telefone,Prospecção,Realizada
2800,2025-05-18,5099,2002,Online,Pós-venda,Realizada
2801,2025-06-10,5337,2037,Telefone,Negociação,Pendente
2802,2025-05-03,5213,1055,Telefone,Negociação,Pendente
2803,2025-05-31,5350,1039,Presencial,Negociação,Realizada
2804,2025-06-20,5312,2022,Telefone,Negociação,Pendente
2805,2025-05-08,5176,1002,Online,Pós-venda,Pendente
2806,2025-02-15,5411,1002,Online,Pós-venda,Realizada
2807,2025-02-24,5429,2006,Presencial,Prospecção,Pendente
2808,2025-02-06,5357,1026,Telefone,Prospecção,Realizada
2809,2025-05-27,5395,2039,Telefone,Prospecção,Pendente
2810,2025-05-24,5349,1044,Online,Negociação,Pendente
2811,2025-01-04,5138,2033,Telefone,Negociação,Pendente
2812,2025-03-14,5362,1034,Telefone,Negociação,Realizada
2813,2025-05-24,5145,1054,Online,Negociação,Realizada
2814,2025-03-12,5477,2005,Telefone,Prospecção,Realizada
2815,2025-05-28,5062,2001,Online,Negociação,Pendente
2816,2025-01-19,5142,1059,Presencial,Pós-venda,Realizada
2817,2025-02-21,5416,2040,Presencial,Negociação,Pendente
2818,2025-01-02,5033,2013,Presencial,Prospecção,Realizada
2819,2025-01-05,5383,1036,Presencial,Negociação,Realizada
2820,2025-06-14,5001,2040,Telefone,Pós-venda,Pendente
2821,2025-06-27,5471,1001,Presencial,Prospecção,Pendente
2822,2025-06-02,5224,2034,Presencial,Negociação,Pendente
2823,2025-04-21,5467,1017,Telefone,Prospecção,Realizada
2824,2025-06-10,5340,1004,Online,Pós-venda,Realizada
2825,2025-01-04,5333,2003,Online,Negociação,Realizada
2826,2025-05-31,5049,1060,Telefone,Negociação,Realizada
2827,2025-04-03,5104,1043,Online,Prospecção,Pendente
2828,2025-02-05,5172,1040,Telefone,Prospecção,Pendente
2829,2025-03-04,5356,1005,Online,Negociação,Pendente
2830,2025-06-20,5050,2016,Telefone,Pós-venda,Pendente
2831,2025-01-15,5393,1043,Presencial,Negociação,Realizada
2832,2025-02-01,5108,2003,Telefone,Pós-venda,Realizada
2833,2025-03-17,5190,1020,Online,Pós-venda,Realizada
2834,2025-06-21,5098,2030,Telefone,Pós-venda,Realizada
2835,2025-04-09,5294,1060,Telefone,Negociação,Realizada
2836,2025-01-22,5008,1059,Presencial,Negociação,Pendente
2837,2025-06-08,5073,1028,Presencial,Pós-venda,Realizada
2838,2025-06-17,5256,2013,Telefone,Negociação,Pendente
2839,2025-04-16,5082,1026,Presencial,Negociação,Realizada
2840,2025-02-19,5444,1006,Online,Pós-venda,Realizada
2841,2025-03-23,5478,2033,Telefone,Pós-venda,Pendente
2842,2025-03-25,5362,1019,Telefone,Prospecção,Pendente
2843,2025-01-11,5453,1060,Presencial,Prospecção,Pendente
2844,2025-04-21,5494,1022,Online,Pós-venda,Pendente
2845,2025-01-20,5179,1042,Telefone,Pós-venda,Pendente
2846,2025-04-06,5377,2013,Telefone,Prospecção,Realizada
2847,2025-05-02,5131,2002,Presencial,Negociação,Realizada
2848,2025-01-22,5389,2031,Online,Prospecção,Pendente
2849,2025-03-30,5406,1048,Presencial,Negociação,Pendente
2850,2025-03-08,5099,1005,Presencial,Prospecção,Realizada
2851,2025-03-16,5174,1015,Online,Prospecção,Pendente
2852,2025-04-18,5223,1060,Telefone,Negociação,Realizada
2853,2025-04-11,5174,2038,Presencial,Prospecção,Realizada
2854,2025-05-27,5455,1058,Online,Negociação,Pendente
2855,2025-04-07,5232,2019,Online,Pós-venda,Pendente
2856,2025-01-11,5489,1027,Online,Prospecção,Realizada
2857,2025-01-13,5208,2013,Online,Prospecção,Pendente
2858,2025-06-07,5099,2004,Online,Pós-venda,Pendente
2859,2025-06-05,5242,2034,Telefone,Negociação,Realizada
2860,2025-01-09,5053,1047,Online,Prospecção,Pendente
2861,2025-04-16,5146,1022,Online,Negociação,Pendente
2862,2025-03-27,5033,2023,Telefone,Negociação,Realizada
2863,2025-02-06,5378,2037,Online,Prospecção,Realizada
2864,2025-06-20,5041,2012,Online,Negociação,Pendente
2865,2025-01-13,5480,2035,Presencial,Pós-venda,Pendente
2866,2025-03-29,5410,1043,Presencial,Negociação,Realizada
2867,2025-03-18,5031,2010,Online,Prospecção,Realizada
2868,2025-02-26,5382,2028,Presencial,Pós-venda,Pendente
2869,2025-03-21,5044,1043,Online,Pós-venda,Pendente
2870,2025-02-07,5492,2011,Presencial,Negociação,Realizada
2871,2025-05-19,5027,2009,Telefone,Prospecção,Pendente
2872,2025-05-23,5030,2009,Telefone,Pós-venda,Pendente
2873,2025-03-29,5403,1016,Presencial,Negociação,Pendente
2874,2025-02-05,5035,1014,Presencial,Negociação,Realizada
2875,2025-04-08,5066,2033,Online,Pós-venda,Realizada
2876,2025-01-14,5165,1049,Telefone,Prospecção,Realizada
2877,2025-01-17,5441,2023,Telefone,Negociação,Pendente
2878,2025-02-22,5121,2020,Presencial,Pós-venda,Pendente
2879,2025-03-18,5341,1027,Telefone,Pós-venda,Pendente
2880,2025-02-08,5481,1032,Telefone,Pós-venda,Pendente
2881,2025-04-29,5478,1002,Telefone,Negociação,Realizada
2882,2025-03-26,5271,1029,Telefone,Prospecção,Realizada
2883,2025-01-23,5478,1015,Presencial,Prospecção,Realizada
2884,2025-01-18,5001,1058,Presencial,Negociação,Pendente
2885,2025-04-30,5083,1015,Telefone,Negociação,Pendente
2886,2025-04-09,5304,2002,Presencial,Prospecção,Realizada
2887,2025-06-29,5379,1008,Telefone,Pós-venda,Realizada
2888,2025-03-04,5432,2033,Telefone,Prospecção,Pendente
2889,2025-06-26,5003,1004,Online,Prospecção,Pendente
2890,2025-02-18,5032,1006,Presencial,Negociação,Realizada
2891,2025-05-01,5015,2005,Presencial,Prospecção,Pendente
2892,2025-01-03,5038,2023,Presencial,Negociação,Pendente
2893,2025-06-02,5210,2003,Presencial,Prospecção,Pendente
2894,2025-02-13,5023,1017,Presencial,Negociação,Pendente
2895,2025-04-20,5117,2040,Online,Prospecção,Pendente
2896,2025-06-21,5085,1005,Telefone,Pós-venda,Realizada
2897,2025-04-07,5117,2036,Telefone,Negociação,Pendente
2898,2025-03-28,5032,1006,Online,Pós-venda,Pendente
2899,2025-02-11,5250,1023,Presencial,Prospecção,Pendente
2900,2025-01-23,5169,1005,Online,Prospecção,Pendente
2901,2025-06-08,5326,1053,Presencial,Prospecção,Pendente
2902,2025-02-27,5269,2006,Telefone,Negociação,Pendente
2903,2025-06-13,5100,1026,Presencial,Pós-venda,Realizada
2904,2025-05-15,5324,2023,Telefone,Negociação,Realizada
2905,2025-03-22,5183,1011,Telefone,Pós-venda,Realizada
2906,2025-05-01,5115,1046,Online,Prospecção,Pendente
2907,2025-06-16,5065,1009,Presencial,Pós-venda,Realizada
2908,2025-03-13,5262,2040,Telefone,Pós-venda,Pendente
2909,2025-05-17,5074,1043,Online,Negociação,Pendente
2910,2025-05-25,5457,1032,Online,Pós-venda,Realizada
2911,2025-06-29,5408,1041,Presencial,Pós-venda,Pendente
2912,2025-05-31,5320,2040,Presencial,Prospecção,Pendente
2913,2025-01-17,5177,1028,Presencial,Pós-venda,Realizada
2914,2025-04-07,5446,1005,Online,Prospecção,Pendente
2915,2025-01-31,5364,1015,Telefone,Pós-venda,Pendente
2916,2025-04-14,5022,2027,Presencial,Pós-venda,Pendente
2917,2025-05-11,5462,2008,Presencial,Pós-venda,Pendente
2918,2025-04-25,5336,1023,Telefone,Prospecção,Pendente
2919,2025-02-14,5078,1031,Presencial,Prospecção,Realizada
2920,2025-03-30,5131,2022,Presencial,Prospecção,Pendente
2921,2025-04-15,5208,1039,Telefone,Pós-venda,Pendente
2922,2025-06-07,5129,2002,Online,Pós-venda,Realizada
2923,2025-06-05,5268,1042,Online,Prospecção,Pendente
2924,2025-01-02,5177,1048,Telefone,Pós-venda,Pendente
2925,2025-06-10,5450,1034,Online,Pós-venda,Realizada
2926,2025-04-05,5489,1046,Online,Prospecção,Pendente
2927,2025-06-07,5405,2023,Presencial,Prospecção,Pendente
2928,2025-04-05,5335,2012,Telefone,Pós-venda,Realizada
2929,2025-02-28,5400,1017,Online,Prospecção,Pendente
2930,2025-06-03,5220,2030,Telefone,Pós-venda,Pendente
2931,2025-05-29,5030,1053,Online,Negociação,Pendente
2932,2025-02-16,5328,2038,Telefone,Pós-venda,Realizada
2933,2025-03-20,5379,1018,Online,Negociação,Realizada
2934,2025-02-19,5368,1029,Online,Negociação,Pendente
2935,2025-02-12,5462,2038,Telefone,Pós-venda,Pendente
2936,2025-05-12,5227,2012,Presencial,Prospecção,Pendente
2937,2025-05-13,5026,1034,Presencial,Pós-venda,Realizada
2938,2025-05-19,5190,2034,Telefone,Negociação,Realizada
2939,2025-05-15,5408,1036,Online,Prospecção,Pendente
2940,2025-04-09,5312,1007,Online,Prospecção,Pendente
2941,2025-02-25,5376,1055,Presencial,Prospecção,Realizada
2942,2025-05-22,5398,2039,Presencial,Prospecção,Pendente
2943,2025-04-22,5344,2002,Telefone,Prospecção,Pendente
2944,2025-04-02,5433,1033,Telefone,Negociação,Pendente
2945,2025-01-17,5343,1030,Online,Negociação,Pendente
2946,2025-02-25,5484,1030,Online,Negociação,Pendente
2947,2025-01-08,5469,1035,Telefone,Prospecção,Realizada
2948,2025-05-06,5382,2023,Telefone,Pós-venda,Pendente
2949,2025-02-13,5170,1011,Presencial,Pós-venda,Realizada
2950,2025-03-23,5212,2010,Telefone,Negociação,Pendente
2951,2025-04-23,5480,1010,Presencial,Negociação,Pendente
2952,2025-01-06,5059,1057,Telefone,Prospecção,Realizada
2953,2025-06-30,5345,1024,Online,Prospecção,Pendente
2954,2025-06-15,5087,1041,Telefone,Prospecção,Realizada
2955,2025-02-03,5073,1045,Presencial,Prospecção,Pendente
2956,2025-04-13,5415,1038,Online,Prospecção,Pendente
2957,2025-01-07,5077,1040,Telefone,Negociação,Realizada
2958,2025-03-02,5365,2038,Presencial,Negociação,Pendente
2959,2025-05-10,5036,2030,Telefone,Pós-venda,Pendente
2960,2025-06-06,5120,2034,Online,Prospecção,Realizada
2961,2025-04-29,5140,2018,Presencial,Negociação,Pendente
2962,2025-05-03,5430,1017,Online,Negociação,Realizada
2963,2025-02-18,5273,2010,Online,Negociação,Realizada
2964,2025-02-21,5166,1006,Presencial,Negociação,Pendente
2965,2025-01-09,5497,1015,Presencial,Prospecção,Realizada
2966,2025-03-12,5310,1039,Telefone,Negociação,Realizada
2967,2025-05-17,5206,1011,Online,Prospecção,Pendente
2968,2025-06-11,5143,2001,Online,Pós-venda,Realizada
2969,2025-05-01,5052,2040,Presencial,Negociação,Realizada
2970,2025-05-11,5135,1038,Telefone,Pós-venda,Realizada
2971,2025-02-12,5451,1014,Online,Pós-venda,Realizada
2972,2025-05-12,5041,1048,Telefone,Prospecção,Pendente
2973,2025-03-14,5049,1054,Presencial,Pós-venda,Realizada
2974,2025-05-30,5114,1032,Presencial,Pós-venda,Realizada
2975,2025-05-30,5006,2040,Presencial,Prospecção,Realizada
2976,2025-01-24,5208,2009,Telefone,Negociação,Pendente
2977,2025-05-30,5251,1005,Online,Pós-venda,Realizada
2978,2025-03-27,5037,2003,Online,Negociação,Realizada
2979,2025-05-19,5133,1059,Presencial,Pós-venda,Realizada
2980,2025-02-20,5250,1055,Telefone,Prospecção,Realizada
2981,2025-03-19,5052,1020,Online,Prospecção,Realizada
2982,2025-04-25,5109,1001,Online,Negociação,Pendente
2983,2025-05-12,5109,1024,Telefone,Negociação,Realizada
2984,2025-05-04,5143,1006,Online,Pós-venda,Pendente
2985,2025-06-25,5085,2025,Online,Pós-venda,Pendente
2986,2025-03-12,5151,2018,Online,Prospecção,Realizada
2987,2025-01-07,5424,1002,Presencial,Negociação,Realizada
2988,2025-01-26,5419,1010,Online,Negociação,Realizada
2989,2025-01-18,5008,1019,Telefone,Prospecção,Pendente
2990,2025-05-21,5220,2032,Telefone,Prospecção,Realizada
2991,2025-04-11,5473,1015,Online,Pós-venda,Pendente
2992,2025-01-16,5317,1001,Telefone,Pós-venda,Realizada
2993,2025-05-17,5300,1018,Presencial,Pós-venda,Pendente
2994,2025-01-26,5437,2012,Telefone,Pós-venda,Pendente
2995,2025-01-03,5142,1056,Online,Prospecção,Realizada
2996,2025-06-27,5162,2035,Online,Prospecção,Realizada
2997,2025-04-27,5378,1015,Presencial,Negociação,Realizada
2998,2025-04-05,5227,1047,Online,Negociação,Realizada
2999,2025-06-26,5255,1014,Presencial,Negociação,Realizada
3000,2025-04-04,5207,2006,Telefone,Negociação,Pendente
3001,2025-02-10,5299,2028,Online,Prospecção,Realizada
3002,2025-05-04,5261,2035,Telefone,Negociação,Realizada
3003,2025-06-01,5240,2040,Presencial,Pós-venda,Realizada
3004,2025-03-07,5378,1060,Telefone,Pós-venda,Pendente
3005,2025-05-30,5241,2009,Online,Prospecção,Realizada
3006,2025-01-01,5129,1056,Online,Prospecção,Pendente
3007,2025-01-28,5373,1006,Online,Negociação,Realizada
3008,2025-01-20,5236,1004,Presencial,Negociação,Pendente
3009,2025-04-23,5451,1028,Telefone,Pós-venda,Pendente
3010,2025-06-25,5347,1021,Presencial,Negociação,Realizada
3011,2025-06-28,5017,2032,Online,Prospecção,Realizada
3012,2025-03-03,5042,1036,Online,Pós-venda,Realizada
3013,2025-05-07,5047,2027,Telefone,Negociação,Realizada
3014,2025-01-10,5039,1032,Presencial,Negociação,Pendente
3015,2025-06-04,5344,2001,Online,Prospecção,Realizada
3016,2025-02-27,5095,2007,Online,Prospecção,Realizada
3017,2025-03-13,5011,2010,Online,Negociação,Pendente
3018,2025-02-20,5223,1041,Telefone,Negociação,Realizada
3019,2025-05-27,5336,1045,Telefone,Negociação,Realizada
3020,2025-06-18,5142,1002,Telefone,Negociação,Pendente
3021,2025-04-26,5329,2029,Presencial,Prospecção,Pendente
3022,2025-06-19,5116,1024,Presencial,Pós-venda,Realizada
3023,2025-01-28,5492,1006,Telefone,Negociação,Realizada
3024,2025-04-05,5325,2023,Telefone,Negociação,Pendente
3025,2025-04-21,5102,1060,Online,Pós-venda,Pendente
3026,2025-06-02,5117,2009,Telefone,Negociação,Realizada
3027,2025-05-16,5291,1045,Presencial,Pós-venda,Realizada
3028,2025-01-27,5180,1015,Telefone,Negociação,Pendente
3029,2025-04-22,5111,1051,Presencial,Negociação,Pendente
3030,2025-01-22,5108,2033,Online,Prospecção,Realizada
3031,2025-06-02,5468,2005,Presencial,Pós-venda,Realizada
3032,2025-02-05,5305,1011,Telefone,Negociação,Pendente
3033,2025-05-05,5194,1026,Presencial,Prospecção,Pendente
3034,2025-03-03,5140,2012,Presencial,Negociação,Pendente
3035,2025-01-21,5203,1002,Presencial,Negociação,Realizada
3036,2025-06-25,5153,2027,Presencial,Pós-venda,Realizada
3037,2025-06-04,5215,1010,Online,Negociação,Pendente
3038,2025-04-19,5331,1039,Presencial,Negociação,Pendente
3039,2025-06-12,5018,1055,Presencial,Pós-venda,Pendente
3040,2025-05-23,5046,2034,Presencial,Pós-venda,Realizada
3041,2025-06-09,5067,1017,Telefone,Pós-venda,Realizada
3042,2025-03-24,5047,2014,Telefone,Negociação,Pendente
3043,2025-06-20,5397,1051,Presencial,Prospecção,Pendente
3044,2025-04-19,5455,2006,Presencial,Negociação,Pendente
3045,2025-02-04,5057,1047,Presencial,Prospecção,Pendente
3046,2025-02-06,5100,1013,Online,Pós-venda,Pendente
3047,2025-06-12,5486,2004,Online,Negociação,Pendente
3048,2025-05-03,5443,2002,Online,Negociação,Realizada
3049,2025-05-18,5012,1030,Telefone,Prospecção,Realizada
3050,2025-04-23,5024,1005,Presencial,Negociação,Realizada
3051,2025-01-28,5243,1048,Online,Prospecção,Realizada
3052,2025-03-30,5089,2001,Telefone,Pós-venda,Realizada
3053,2025-03-30,5259,1047,Presencial,Negociação,Pendente
3054,2025-02-16,5232,1032,Presencial,Pós-venda,Realizada
3055,2025-03-29,5485,1005,Telefone,Pós-venda,Pendente
3056,2025-03-07,5451,1046,Telefone,Prospecção,Realizada
3057,2025-04-26,5186,2032,Presencial,Negociação,Pendente
3058,2025-05-11,5065,2035,Telefone,Negociação,Pendente
3059,2025-03-31,5103,1057,Online,Pós-venda,Realizada
3060,2025-03-26,5407,2010,Online,Negociação,Pendente
3061,2025-04-08,5463,2022,Online,Prospecção,Pendente
3062,2025-02-28,5188,2036,Presencial,Pós-venda,Pendente
3063,2025-02-02,5281,1051,Telefone,Prospecção,Pendente
3064,2025-06-06,5407,1033,Presencial,Pós-venda,Pendente
3065,2025-05-04,5092,2012,Presencial,Prospecção,Pendente
3066,2025-03-10,5284,2012,Presencial,Pós-venda,Pendente
3067,2025-04-13,5288,2027,Telefone,Prospecção,Pendente
3068,2025-01-20,5433,1010,Online,Negociação,Realizada
3069,2025-05-24,5356,1019,Presencial,Negociação,Pendente
3070,2025-05-27,5061,1049,Presencial,Pós-venda,Pendente
3071,2025-04-03,5179,2036,Presencial,Pós-venda,Realizada
3072,2025-01-27,5005,1059,Online,Negociação,Pendente
3073,2025-04-21,5465,2013,Online,Negociação,Realizada
3074,2025-02-01,5431,2035,Online,Negociação,Pendente
3075,2025-04-11,5435,2028,Presencial,Prospecção,Pendente
3076,2025-03-24,5381,1035,Presencial,Negociação,Realizada
3077,2025-04-09,5049,2031,Presencial,Pós-venda,Pendente
3078,2025-04-12,5162,2004,Telefone,Pós-venda,Pendente
3079,2025-03-13,5078,1049,Telefone,Negociação,Realizada
3080,2025-01-30,5080,1016,Telefone,Pós-venda,Realizada
3081,2025-03-06,5298,1031,Online,Negociação,Pendente
3082,2025-02-17,5220,2019,Presencial,Pós-venda,Realizada
3083,2025-02-27,5459,2032,Telefone,Pós-venda,Pendente
3084,2025-01-15,5319,1038,Online,Negociação,Pendente
3085,2025-03-21,5472,1001,Telefone,Pós-venda,Pendente
3086,2025-02-14,5389,2001,Presencial,Prospecção,Pendente
3087,2025-04-10,5225,1051,Presencial,Negociação,Pendente
3088,2025-02-02,5004,1050,Telefone,Negociação,Realizada
3089,2025-03-07,5049,2035,Presencial,Negociação,Pendente
3090,2025-06-02,5363,1002,Online,Pós-venda,Pendente
3091,2025-01-27,5196,1028,Presencial,Negociação,Realizada
3092,2025-02-04,5098,1052,Telefone,Prospecção,Realizada
3093,2025-02-06,5112,1030,Telefone,Prospecção,Realizada
3094,2025-01-20,5040,1008,Presencial,Prospecção,Pendente
3095,2025-05-23,5077,1007,Telefone,Prospecção,Realizada
3096,2025-06-24,5237,2011,Presencial,Pós-venda,Realizada
3097,2025-05-24,5465,1016,Presencial,Negociação,Realizada
3098,2025-01-18,5142,1034,Presencial,Negociação,Pendente
3099,2025-04-20,5008,1016,Presencial,Prospecção,Realizada
3100,2025-02-07,5397,2036,Telefone,Prospecção,Pendente
3101,2025-03-12,5467,1059,Online,Pós-venda,Pendente
3102,2025-03-28,5381,1001,Online,Pós-venda,Realizada
3103,2025-03-02,5323,1036,Online,Pós-venda,Pendente
3104,2025-05-22,5346,1045,Online,Prospecção,Pendente
3105,2025-06-24,5039,1046,Online,Prospecção,Realizada
3106,2025-01-26,5365,1031,Presencial,Prospecção,Pendente
3107,2025-03-19,5314,1031,Telefone,Negociação,Pendente
3108,2025-04-03,5460,2028,Telefone,Negociação,Pendente
3109,2025-01-18,5474,1044,Online,Negociação,Pendente
3110,2025-06-03,5412,2025,Online,Prospecção,Realizada
3111,2025-03-10,5328,1022,Online,Pós-venda,Pendente
3112,2025-04-11,5375,2004,Presencial,Prospecção,Pendente
3113,2025-04-09,5339,2034,Presencial,Prospecção,Pendente
3114,2025-03-08,5363,2013,Presencial,Pós-venda,Realizada
3115,2025-04-29,5073,1009,Presencial,Negociação,Realizada
3116,2025-02-25,5223,1012,Online,Prospecção,Pendente
3117,2025-04-05,5275,1007,Presencial,Pós-venda,Realizada
3118,2025-06-18,5364,1027,Online,Prospecção,Realizada
3119,2025-05-31,5442,1043,Online,Pós-venda,Pendente
3120,2025-05-11,5209,1029,Telefone,Pós-venda,Pendente
3121,2025-03-09,5150,2008,Telefone,Pós-venda,Pendente
3122,2025-05-18,5169,1030,Online,Negociação,Realizada
3123,2025-03-22,5097,1029,Telefone,Prospecção,Pendente
3124,2025-02-08,5241,2033,Telefone,Pós-venda,Realizada
3125,2025-02-28,5359,1054,Online,Pós-venda,Pendente
3126,2025-03-27,5016,1039,Presencial,Pós-venda,Realizada
3127,2025-06-05,5328,2006,Online,Pós-venda,Pendente
3128,2025-06-17,5180,2022,Presencial,Prospecção,Realizada
3129,2025-03-15,5270,1044,Telefone,Prospecção,Realizada
3130,2025-06-04,5098,2016,Online,Negociação,Realizada
3131,2025-04-30,5367,1059,Online,Pós-venda,Pendente
3132,2025-02-24,5126,2012,Presencial,Pós-venda,Pendente
3133,2025-05-23,5383,2007,Telefone,Prospecção,Realizada
3134,2025-03-13,5219,1059,Online,Negociação,Realizada
3135,2025-04-03,5412,1030,Telefone,Negociação,Pendente
3136,2025-05-03,5391,1030,Presencial,Negociação,Pendente
3137,2025-03-01,5155,1033,Online,Negociação,Pendente
3138,2025-04-29,5402,1011,Telefone,Prospecção,Pendente
3139,2025-01-03,5297,2035,Online,Pós-venda,Pendente
3140,2025-02-01,5434,1021,Presencial,Pós-venda,Pendente
3141,2025-05-25,5226,1023,Telefone,Negociação,Realizada
3142,2025-04-13,5238,2009,Online,Pós-venda,Pendente
3143,2025-01-20,5377,2004,Telefone,Pós-venda,Pendente
3144,2025-02-21,5009,2015,Presencial,Pós-venda,Pendente
3145,2025-04-03,5126,1017,Presencial,Prospecção,Pendente
3146,2025-03-20,5437,1041,Presencial,Pós-venda,Pendente
3147,2025-02-15,5213,2034,Telefone,Prospecção,Realizada
3148,2025-05-12,5438,1023,Online,Prospecção,Realizada
3149,2025-01-30,5237,1012,Telefone,Negociação,Pendente
3150,2025-02-21,5452,2040,Presencial,Negociação,Pendente
3151,2025-03-31,5318,2030,Online,Negociação,Pendente
3152,2025-04-21,5272,2023,Online,Prospecção,Pendente
3153,2025-06-23,5422,2005,Presencial,Pós-venda,Realizada
3154,2025-04-08,5046,1057,Presencial,Pós-venda,Realizada
3155,2025-02-02,5104,2021,Presencial,Negociação,Pendente
3156,2025-02-23,5200,2006,Telefone,Negociação,Pendente
3157,2025-06-14,5480,1027,Telefone,Negociação,Pendente
3158,2025-06-20,5129,1005,Online,Negociação,Realizada
3159,2025-02-18,5390,2003,Presencial,Prospecção,Pendente
3160,2025-03-24,5305,1008,Telefone,Negociação,Realizada
3161,2025-06-27,5171,1007,Presencial,Prospecção,Realizada
3162,2025-05-09,5471,1035,Presencial,Negociação,Pendente
3163,2025-05-22,5392,1014,Telefone,Negociação,Pendente
3164,2025-03-24,5070,1060,Telefone,Pós-venda,Pendente
3165,2025-04-24,5185,1048,Telefone,Prospecção,Pendente
3166,2025-03-28,5489,2021,Presencial,Prospecção,Pendente
3167,2025-05-22,5462,2015,Presencial,Negociação,Pendente
3168,2025-04-09,5404,2009,Telefone,Prospecção,Realizada
3169,2025-03-13,5296,2006,Telefone,Negociação,Pendente
3170,2025-05-13,5454,1044,Telefone,Pós-venda,Realizada
3171,2025-06-19,5254,1029,Online,Negociação,Pendente
3172,2025-01-01,5027,1052,Online,Pós-venda,Realizada
3173,2025-02-14,5250,1014,Online,Prospecção,Realizada
3174,2025-06-18,5458,1014,Online,Pós-venda,Pendente
3175,2025-06-21,5212,2019,Presencial,Negociação,Pendente
3176,2025-04-13,5425,1027,Telefone,Pós-venda,Realizada
3177,2025-02-27,5184,1014,Online,Negociação,Realizada
3178,2025-02-24,5104,2005,Presencial,Pós-venda,Realizada
3179,2025-05-29,5421,1031,Online,Negociação,Realizada
3180,2025-02-22,5159,1021,Telefone,Prospecção,Pendente
3181,2025-06-10,5245,2026,Online,Prospecção,Pendente
3182,2025-03-26,5480,1026,Telefone,Pós-venda,Realizada
3183,2025-04-21,5052,2032,Presencial,Prospecção,Pendente
3184,2025-02-17,5111,2036,Presencial,Pós-venda,Pendente
3185,2025-06-02,5455,2037,Online,Prospecção,Realizada
3186,2025-01-04,5159,1010,Online,Prospecção,Pendente
3187,2025-05-02,5173,1030,Telefone,Pós-venda,Pendente
3188,2025-01-08,5293,1005,Presencial,Prospecção,Realizada
3189,2025-03-18,5259,1009,Online,Pós-venda,Pendente
3190,2025-05-20,5363,2023,Telefone,Pós-venda,Realizada
3191,2025-06-17,5193,2017,Presencial,Negociação,Realizada
3192,2025-05-23,5225,2035,Telefone,Pós-venda,Pendente
3193,2025-01-20,5340,1033,Presencial,Negociação,Realizada
3194,2025-06-30,5418,2022,Telefone,Negociação,Pendente
3195,2025-03-07,5383,1059,Online,Negociação,Realizada
3196,2025-01-24,5356,2021,Telefone,Negociação,Realizada
3197,2025-03-11,5211,2016,Presencial,Prospecção,Realizada
3198,2025-02-23,5290,1048,Presencial,Negociação,Realizada
3199,2025-06-02,5463,2001,Telefone,Prospecção,Realizada
3200,2025-02-05,5242,1006,Telefone,Pós-venda,Realizada
3201,2025-02-03,5265,2025,Online,Prospecção,Realizada
3202,2025-04-29,5131,1051,Online,Negociação,Pendente
3203,2025-06-15,5218,2036,Online,Pós-venda,Realizada
3204,2025-04-19,5440,1013,Online,Pós-venda,Realizada
3205,2025-03-27,5153,1007,Presencial,Pós-venda,Pendente
3206,2025-04-01,5149,2040,Telefone,Pós-venda,Realizada
3207,2025-05-15,5176,1040,Telefone,Pós-venda,Pendente
3208,2025-05-01,5357,1032,Presencial,Prospecção,Realizada
3209,2025-01-28,5199,1002,Presencial,Negociação,Pendente
3210,2025-05-06,5113,1020,Telefone,Prospecção,Pendente
3211,2025-06-10,5128,2011,Presencial,Pós-venda,Pendente
3212,2025-01-18,5178,2023,Telefone,Negociação,Realizada
3213,2025-02-24,5303,1024,Telefone,Negociação,Realizada
3214,2025-01-29,5091,1041,Online,Negociação,Pendente
3215,2025-02-08,5436,2027,Telefone,Negociação,Realizada
3216,2025-06-18,5088,1054,Telefone,Pós-venda,Pendente
3217,2025-02-19,5387,2032,Presencial,Pós-venda,Realizada
3218,2025-06-22,5186,2016,Telefone,Pós-venda,Realizada
3219,2025-06-17,5260,1043,Online,Pós-venda,Realizada
3220,2025-06-26,5013,1023,Telefone,Negociação,Realizada
3221,2025-03-03,5343,1057,Online,Prospecção,Realizada
3222,2025-02-19,5075,1039,Online,Prospecção,Realizada
3223,2025-05-04,5047,2032,Online,Negociação,Realizada
3224,2025-05-17,5311,2035,Presencial,Pós-venda,Realizada
3225,2025-01-23,5075,1033,Telefone,Prospecção,Realizada
3226,2025-06-01,5319,1017,Online,Prospecção,Realizada
3227,2025-05-19,5107,1050,Presencial,Negociação,Pendente
3228,2025-04-26,5315,1016,Telefone,Negociação,Pendente
3229,2025-01-03,5230,1035,Telefone,Pós-venda,Pendente
3230,2025-06-10,5437,1022,Presencial,Pós-venda,Pendente
3231,2025-06-06,5204,2026,Presencial,Prospecção,Pendente
3232,2025-03-05,5419,1008,Online,Negociação,Realizada
3233,2025-04-10,5221,1026,Presencial,Negociação,Realizada
3234,2025-05-14,5423,1030,Telefone,Negociação,Realizada
3235,2025-02-10,5005,2022,Telefone,Pós-venda,Pendente
3236,2025-06-28,5061,1038,Online,Negociação,Pendente
3237,2025-06-02,5285,2039,Presencial,Prospecção,Pendente
3238,2025-05-20,5353,1048,Presencial,Prospecção,Pendente
3239,2025-06-09,5176,1003,Presencial,Pós-venda,Realizada
3240,2025-05-14,5250,2007,Online,Pós-venda,Pendente
3241,2025-05-28,5463,2013,Online,Negociação,Pendente
3242,2025-06-30,5122,1056,Online,Pós-venda,Pendente
3243,2025-06-28,5327,1040,Online,Prospecção,Realizada
3244,2025-06-09,5280,1049,Telefone,Pós-venda,Realizada
3245,2025-03-16,5200,2022,Online,Prospecção,Pendente
3246,2025-01-05,5086,2036,Presencial,Negociação,Pendente
3247,2025-01-08,5445,2012,Presencial,Prospecção,Realizada
3248,2025-03-03,5251,2030,Telefone,Negociação,Realizada
3249,2025-02-20,5174,1053,Telefone,Negociação,Realizada
3250,2025-06-11,5215,1040,Telefone,Prospecção,Pendente
3251,2025-01-04,5126,2003,Presencial,Negociação,Realizada
3252,2025-06-16,5339,1017,Online,Prospecção,Pendente
3253,2025-04-13,5371,1018,Presencial,Prospecção,Pendente
3254,2025-02-19,5278,1035,Online,Negociação,Pendente
3255,2025-02-18,5059,1001,Online,Prospecção,Realizada
3256,2025-04-17,5091,1060,Telefone,Pós-venda,Realizada
3257,2025-03-10,5232,1014,Presencial,Pós-venda,Realizada
3258,2025-01-14,5394,1046,Presencial,Pós-venda,Pendente
3259,2025-04-24,5293,2029,Telefone,Negociação,Pendente
3260,2025-03-05,5148,1038,Online,Negociação,Pendente
3261,2025-05-17,5353,2033,Telefone,Pós-venda,Pendente
3262,2025-05-05,5181,1023,Telefone,Negociação,Realizada
3263,2025-03-27,5159,1028,Telefone,Negociação,Realizada
3264,2025-05-21,5376,1036,Telefone,Negociação,Realizada
3265,2025-02-06,5281,1007,Telefone,Prospecção,Realizada
3266,2025-04-26,5176,2040,Online,Pós-venda,Realizada
3267,2025-06-27,5473,1021,Online,Negociação,Pendente
3268,2025-04-15,5284,2040,Online,Prospecção,Realizada
3269,2025-06-16,5381,2025,Presencial,Negociação,Realizada
3270,2025-01-27,5313,1011,Presencial,Pós-venda,Realizada
3271,2025-02-27,5471,1057,Online,Negociação,Pendente
3272,2025-05-07,5448,2028,Telefone,Prospecção,Pendente
3273,2025-06-19,5008,1005,Presencial,Prospecção,Realizada
3274,2025-02-15,5325,2003,Presencial,Negociação,Pendente
3275,2025-03-08,5238,1008,Presencial,Prospecção,Realizada
3276,2025-01-28,5191,1060,Telefone,Pós-venda,Pendente
3277,2025-05-14,5334,1038,Online,Negociação,Realizada
3278,2025-04-10,5392,1042,Presencial,Pós-venda,Realizada
3279,2025-04-07,5003,1026,Online,Pós-venda,Pendente
3280,2025-01-24,5278,2017,Telefone,Pós-venda,Realizada
3281,2025-02-12,5010,1040,Telefone,Negociação,Realizada
3282,2025-06-23,5418,2039,Presencial,Prospecção,Realizada
3283,2025-03-06,5047,2033,Telefone,Prospecção,Realizada
3284,2025-02-13,5237,2040,Online,Negociação,Pendente
3285,2025-03-26,5318,2028,Telefone,Prospecção,Pendente
3286,2025-04-23,5463,2017,Telefone,Negociação,Pendente
3287,2025-06-08,5030,1053,Telefone,Negociação,Realizada
3288,2025-06-26,5156,1025,Online,Pós-venda,Pendente
3289,2025-04-17,5025,2003,Online,Pós-venda,Realizada
3290,2025-06-08,5237,2021,Presencial,Pós-venda,Realizada
3291,2025-05-27,5324,1043,Telefone,Negociação,Pendente
3292,2025-06-12,5055,1055,Online,Negociação,Pendente
3293,2025-04-05,5355,1040,Presencial,Pós-venda,Pendente
3294,2025-02-15,5484,1025,Presencial,Prospecção,Pendente
3295,2025-03-06,5437,1011,Online,Negociação,Pendente
3296,2025-03-21,5487,2028,Online,Negociação,Pendente
3297,2025-01-12,5203,1026,Online,Negociação,Realizada
3298,2025-04-05,5198,2002,Online,Negociação,Pendente
3299,2025-03-30,5427,1038,Presencial,Pós-venda,Pendente
3300,2025-05-29,5156,1031,Telefone,Negociação,Realizada
3301,2025-03-01,5057,1008,Presencial,Pós-venda,Pendente
3302,2025-06-05,5394,2031,Telefone,Pós-venda,Realizada
3303,2025-02-04,5314,1056,Online,Negociação,Realizada
3304,2025-04-02,5164,1007,Online,Prospecção,Pendente
3305,2025-05-04,5344,1027,Presencial,Negociação,Realizada
3306,2025-01-22,5397,2029,Presencial,Prospecção,Pendente
3307,2025-04-23,5115,1054,Presencial,Pós-venda,Realizada
3308,2025-03-05,5282,1031,Presencial,Negociação,Pendente
3309,2025-01-04,5275,2039,Presencial,Negociação,Realizada
3310,2025-03-18,5117,1026,Online,Negociação,Pendente
3311,2025-01-09,5300,2027,Presencial,Prospecção,Realizada
3312,2025-04-20,5211,2004,Presencial,Pós-venda,Realizada
3313,2025-06-06,5177,1007,Online,Prospecção,Pendente
3314,2025-04-12,5183,1040,Presencial,Prospecção,Realizada
3315,2025-01-23,5294,1019,Telefone,Negociação,Realizada
3316,2025-06-19,5429,1032,Presencial,Pós-venda,Realizada
3317,2025-01-24,5233,1033,Online,Pós-venda,Realizada
3318,2025-03-09,5206,1017,Online,Negociação,Realizada
3319,2025-02-04,5394,2003,Presencial,Pós-venda,Realizada
3320,2025-06-16,5359,2011,Online,Prospecção,Realizada
3321,2025-06-26,5073,1002,Telefone,Pós-venda,Pendente
3322,2025-06-03,5352,2010,Online,Pós-venda,Realizada
3323,2025-06-19,5482,1021,Online,Prospecção,Realizada
3324,2025-05-30,5049,2010,Telefone,Pós-venda,Pendente
3325,2025-03-19,5344,2020,Presencial,Negociação,Pendente
3326,2025-02-25,5256,1004,Telefone,Prospecção,Realizada
3327,2025-03-12,5479,1043,Online,Prospecção,Realizada
3328,2025-05-24,5053,1025,Online,Prospecção,Pendente
3329,2025-03-12,5119,1057,Presencial,Pós-venda,Pendente
3330,2025-05-04,5009,1034,Online,Pós-venda,Pendente
3331,2025-01-05,5321,1027,Telefone,Negociação,Pendente
3332,2025-05-01,5005,1059,Online,Negociação,Pendente
3333,2025-01-20,5494,2022,Telefone,Pós-venda,Realizada
3334,2025-02-01,5255,2023,Telefone,Negociação,Realizada
3335,2025-03-06,5334,1060,Presencial,Prospecção,Realizada
3336,2025-01-22,5467,1024,Telefone,Negociação,Pendente
3337,2025-05-05,5253,2010,Online,Prospecção,Realizada
3338,2025-01-06,5499,1012,Telefone,Prospecção,Realizada
3339,2025-05-22,5042,1017,Presencial,Pós-venda,Realizada
3340,2025-04-13,5315,1057,Online,Pós-venda,Realizada
3341,2025-02-26,5392,1043,Online,Negociação,Pendente
3342,2025-04-02,5033,1015,Telefone,Pós-venda,Pendente
3343,2025-04-20,5492,1033,Presencial,Prospecção,Realizada
3344,2025-03-10,5480,2030,Telefone,Pós-venda,Realizada
3345,2025-02-20,5476,2023,Presencial,Pós-venda,Realizada
3346,2025-03-26,5485,1044,Presencial,Negociação,Realizada
3347,2025-01-15,5402,2032,Presencial,Prospecção,Pendente
3348,2025-05-11,5084,2011,Telefone,Pós-venda,Pendente
3349,2025-05-03,5361,1042,Presencial,Prospecção,Pendente
3350,2025-06-08,5387,1027,Telefone,Pós-venda,Realizada
3351,2025-01-16,5236,1044,Presencial,Pós-venda,Realizada
3352,2025-02-17,5188,1003,Telefone,Pós-venda,Pendente
3353,2025-01-12,5003,2018,Telefone,Prospecção,Pendente
3354,2025-03-28,5175,1040,Telefone,Pós-venda,Realizada
3355,2025-04-02,5196,1053,Online,Negociação,Realizada
3356,2025-03-29,5102,2038,Telefone,Prospecção,Pendente
3357,2025-03-13,5196,2024,Online,Negociação,Realizada
3358,2025-04-04,5377,2036,Telefone,Prospecção,Pendente
3359,2025-03-18,5171,1025,Online,Prospecção,Realizada
3360,2025-02-13,5418,2035,Online,Pós-venda,Realizada
3361,2025-05-15,5190,1004,Online,Negociação,Realizada
3362,2025-01-09,5243,1011,Presencial,Prospecção,Pendente
3363,2025-05-30,5496,1042,Presencial,Negociação,Realizada
3364,2025-04-28,5257,2010,Online,Prospecção,Pendente
3365,2025-06-07,5016,1054,Presencial,Pós-venda,Realizada
3366,2025-03-30,5150,1030,Telefone,Pós-venda,Pendente
3367,2025-04-17,5132,1012,Telefone,Pós-venda,Realizada
3368,2025-04-13,5266,2021,Online,Negociação,Realizada
3369,2025-04-10,5206,1045,Online,Prospecção,Realizada
3370,2025-02-20,5145,1057,Telefone,Pós-venda,Realizada
3371,2025-06-30,5228,1053,Presencial,Negociação,Pendente
3372,2025-03-04,5051,1027,Online,Prospecção,Pendente
3373,2025-04-25,5306,2039,Online,Pós-venda,Pendente
3374,2025-01-04,5287,1030,Online,Prospecção,Realizada
3375,2025-02-26,5431,1042,Presencial,Prospecção,Pendente
3376,2025-04-07,5294,1055,Telefone,Negociação,Realizada
3377,2025-04-16,5280,1056,Telefone,Pós-venda,Pendente
3378,2025-01-29,5275,1026,Online,Negociação,Pendente
3379,2025-04-14,5359,1038,Online,Pós-venda,Realizada
3380,2025-01-28,5021,1051,Telefone,Negociação,Realizada
3381,2025-01-31,5147,2022,Online,Prospecção,Realizada
3382,2025-02-16,5030,1047,Presencial,Prospecção,Realizada
3383,2025-01-25,5210,1007,Presencial,Prospecção,Pendente
3384,2025-03-07,5117,1003,Telefone,Negociação,Pendente
3385,2025-02-18,5261,1007,Presencial,Prospecção,Realizada
3386,2025-01-11,5019,1005,Online,Prospecção,Realizada
3387,2025-04-30,5447,1003,Telefone,Negociação,Realizada
3388,2025-02-25,5445,1024,Presencial,Negociação,Pendente
3389,2025-05-05,5422,2001,Telefone,Negociação,Pendente
3390,2025-03-06,5075,2031,Presencial,Pós-venda,Realizada
3391,2025-01-06,5419,1003,Presencial,Negociação,Realizada
3392,2025-03-24,5130,2038,Presencial,Negociação,Realizada
3393,2025-01-14,5137,2039,Online,Prospecção,Realizada
3394,2025-06-27,5106,1017,Online,Prospecção,Realizada
3395,2025-05-18,5313,2032,Online,Negociação,Realizada
3396,2025-01-17,5037,1003,Telefone,Pós-venda,Realizada
3397,2025-04-22,5049,1024,Telefone,Prospecção,Pendente
3398,2025-01-09,5029,1058,Online,Negociação,Pendente
3399,2025-06-01,5304,1014,Telefone,Negociação,Realizada
3400,2025-03-08,5127,1037,Presencial,Negociação,Realizada
3401,2025-05-26,5331,2031,Telefone,Pós-venda,Realizada
3402,2025-04-26,5374,1001,Online,Prospecção,Pendente
3403,2025-05-02,5270,1046,Telefone,Pós-venda,Pendente
3404,2025-03-06,5212,1055,Presencial,Negociação,Realizada
3405,2025-05-29,5153,1033,Presencial,Prospecção,Realizada
3406,2025-05-03,5048,2018,Online,Negociação,Pendente
3407,2025-04-01,5356,1020,Telefone,Prospecção,Pendente
3408,2025-01-20,5354,1047,Presencial,Pós-venda,Pendente
3409,2025-03-05,5395,1026,Presencial,Prospecção,Realizada
3410,2025-06-03,5264,1060,Telefone,Prospecção,Realizada
3411,2025-04-12,5057,1006,Online,Prospecção,Pendente
3412,2025-02-26,5181,1013,Online,Prospecção,Pendente
3413,2025-05-26,5327,1025,Online,Pós-venda,Realizada
3414,2025-05-30,5231,1033,Online,Pós-venda,Pendente
3415,2025-02-25,5093,1017,Presencial,Pós-venda,Realizada
3416,2025-03-07,5406,2036,Telefone,Pós-venda,Realizada
3417,2025-03-26,5323,1045,Online,Negociação,Realizada
3418,2025-01-21,5007,1007,Online,Prospecção,Pendente
3419,2025-01-12,5460,2038,Telefone,Pós-venda,Pendente
3420,2025-03-16,5045,1016,Presencial,Pós-venda,Pendente
3421,2025-06-06,5028,1017,Telefone,Pós-venda,Realizada
3422,2025-02-21,5002,2016,Telefone,Negociação,Realizada
3423,2025-03-26,5312,1021,Online,Pós-venda,Pendente
3424,2025-06-03,5241,1037,Presencial,Pós-venda,Pendente
3425,2025-03-25,5419,1001,Online,Negociação,Pendente
3426,2025-04-30,5136,1038,Presencial,Negociação,Realizada
3427,2025-04-12,5191,2039,Online,Negociação,Realizada
3428,2025-03-22,5427,1002,Online,Pós-venda,Realizada
3429,2025-05-24,5241,1034,Telefone,Pós-venda,Realizada
3430,2025-01-07,5096,2003,Telefone,Prospecção,Pendente
3431,2025-04-01,5434,1042,Telefone,Prospecção,Pendente
3432,2025-04-27,5317,1045,Telefone,Pós-venda,Pendente
3433,2025-03-09,5493,2012,Presencial,Prospecção,Realizada
3434,2025-05-20,5453,1039,Telefone,Prospecção,Pendente
3435,2025-03-20,5055,2021,Online,Prospecção,Realizada
3436,2025-01-01,5227,2011,Telefone,Negociação,Pendente
3437,2025-05-18,5459,1047,Online,Prospecção,Realizada
3438,2025-01-02,5120,1019,Telefone,Pós-venda,Pendente
3439,2025-06-16,5181,2007,Telefone,Prospecção,Realizada
3440,2025-05-03,5049,1029,Online,Prospecção,Pendente
3441,2025-03-27,5446,1051,Presencial,Negociação,Realizada
3442,2025-05-15,5257,1027,Telefone,Negociação,Realizada
3443,2025-05-18,5301,1004,Telefone,Negociação,Pendente
3444,2025-02-01,5311,2029,Online,Prospecção,Realizada
3445,2025-04-24,5381,1053,Online,Negociação,Realizada
3446,2025-03-26,5001,1056,Online,Pós-venda,Realizada
3447,2025-02-09,5164,2029,Telefone,Prospecção,Realizada
3448,2025-02-06,5376,1011,Telefone,Prospecção,Pendente
3449,2025-03-20,5415,1022,Online,Negociação,Pendente
3450,2025-05-15,5248,2025,Online,Pós-venda,Pendente
3451,2025-03-21,5164,2024,Online,Pós-venda,Realizada
3452,2025-05-14,5454,1037,Presencial,Pós-venda,Pendente
3453,2025-06-23,5168,1005,Online,Negociação,Pendente
3454,2025-05-13,5276,1049,Presencial,Prospecção,Realizada
3455,2025-05-08,5276,2006,Telefone,Prospecção,Pendente
3456,2025-01-09,5401,1060,Presencial,Negociação,Realizada
3457,2025-05-12,5474,1003,Online,Negociação,Realizada
3458,2025-01-17,5319,2019,Telefone,Prospecção,Pendente
3459,2025-06-19,5213,2033,Online,Prospecção,Pendente
3460,2025-05-12,5046,2016,Telefone,Prospecção,Realizada
3461,2025-03-10,5411,1020,Telefone,Prospecção,Pendente
3462,2025-06-03,5203,1020,Telefone,Prospecção,Realizada
3463,2025-04-19,5367,1003,Telefone,Negociação,Pendente
3464,2025-05-18,5021,1013,Presencial,Negociação,Pendente
3465,2025-06-09,5446,1040,Telefone,Pós-venda,Pendente
3466,2025-06-30,5401,1002,Presencial,Pós-venda,Pendente
3467,2025-03-27,5423,2020,Presencial,Prospecção,Pendente
3468,2025-02-23,5146,1004,Telefone,Negociação,Pendente
3469,2025-05-14,5282,1001,Presencial,Prospecção,Realizada
3470,2025-06-10,5045,1024,Presencial,Prospecção,Pendente
3471,2025-05-02,5056,2004,Presencial,Pós-venda,Realizada
3472,2025-02-16,5159,2004,Presencial,Pós-venda,Realizada
3473,2025-01-12,5312,2014,Presencial,Pós-venda,Realizada
3474,2025-03-22,5304,1047,Telefone,Prospecção,Pendente
3475,2025-02-23,5482,1016,Telefone,Prospecção,Realizada
3476,2025-03-27,5353,2006,Online,Negociação,Realizada
3477,2025-01-25,5306,2005,Telefone,Prospecção,Pendente
3478,2025-06-25,5421,2024,Online,Prospecção,Realizada
3479,2025-03-11,5259,1041,Telefone,Negociação,Pendente
3480,2025-06-20,5083,2009,Presencial,Prospecção,Pendente
3481,2025-02-04,5224,1030,Online,Pós-venda,Realizada
3482,2025-01-28,5419,1055,Telefone,Prospecção,Pendente
3483,2025-02-21,5153,1036,Telefone,Negociação,Pendente
3484,2025-02-22,5172,1028,Presencial,Prospecção,Realizada
3485,2025-04-05,5497,1055,Telefone,Prospecção,Realizada
3486,2025-03-19,5353,2039,Telefone,Pós-venda,Realizada
3487,2025-04-17,5316,1039,Telefone,Negociação,Realizada
3488,2025-03-04,5248,1042,Online,Pós-venda,Pendente
3489,2025-02-22,5078,2023,Presencial,Negociação,Realizada
3490,2025-02-05,5455,1056,Presencial,Negociação,Realizada
3491,2025-01-17,5246,1010,Online,Negociação,Pendente
3492,2025-01-15,5433,1020,Presencial,Prospecção,Realizada
3493,2025-01-09,5046,1059,Online,Negociação,Realizada
3494,2025-02-08,5338,2025,Online,Negociação,Realizada
3495,2025-05-05,5314,2009,Telefone,Pós-venda,Pendente
3496,2025-02-27,5170,2023,Telefone,Pós-venda,Pendente
3497,2025-05-11,5067,2025,Presencial,Prospecção,Pendente
3498,2025-06-01,5318,1052,Telefone,Pós-venda,Pendente
3499,2025-05-02,5082,2015,Online,Negociação,Realizada
3500,2025-02-21,5499,1020,Online,Negociação,Pendente
3501,2025-02-02,5182,1050,Presencial,Pós-venda,Pendente
3502,2025-02-08,5206,1053,Online,Pós-venda,Pendente
3503,2025-01-27,5465,2017,Online,Negociação,Pendente
3504,2025-01-18,5423,2019,Presencial,Prospecção,Realizada
3505,2025-02-13,5200,1006,Presencial,Pós-venda,Pendente
3506,2025-01-03,5297,1035,Presencial,Prospecção,Realizada
3507,2025-01-31,5087,1003,Presencial,Pós-venda,Pendente
3508,2025-02-06,5242,1044,Telefone,Pós-venda,Realizada
3509,2025-02-22,5206,2014,Telefone,Pós-venda,Pendente
3510,2025-04-07,5219,2023,Online,Pós-venda,Pendente
3511,2025-02-11,5407,2005,Presencial,Pós-venda,Realizada
3512,2025-04-18,5035,1059,Telefone,Negociação,Pendente
3513,2025-03-09,5455,1005,Presencial,Prospecção,Realizada
3514,2025-05-08,5124,2018,Presencial,Negociação,Pendente
3515,2025-02-14,5088,2035,Telefone,Pós-venda,Pendente
3516,2025-06-13,5313,2027,Telefone,Negociação,Realizada
3517,2025-06-01,5401,1012,Presencial,Pós-venda,Pendente
3518,2025-06-08,5421,1053,Telefone,Pós-venda,Pendente
3519,2025-06-15,5136,1036,Online,Pós-venda,Pendente
3520,2025-03-13,5442,2011,Presencial,Prospecção,Realizada
3521,2025-01-01,5191,1034,Online,Pós-venda,Pendente
3522,2025-01-26,5181,1058,Telefone,Prospecção,Realizada
3523,2025-03-31,5139,2017,Online,Prospecção,Pendente
3524,2025-04-15,5105,1028,Telefone,Negociação,Realizada
3525,2025-04-02,5077,2010,Telefone,Pós-venda,Pendente
3526,2025-02-24,5461,1022,Online,Pós-venda,Pendente
3527,2025-06-12,5212,2016,Online,Prospecção,Realizada
3528,2025-02-07,5290,1001,Telefone,Prospecção,Realizada
3529,2025-06-01,5092,1038,Telefone,Prospecção,Realizada
3530,2025-05-07,5105,1059,Online,Negociação,Pendente
3531,2025-04-01,5325,1041,Telefone,Negociação,Realizada
3532,2025-06-14,5241,1050,Telefone,Pós-venda,Pendente
3533,2025-02-25,5129,1007,Online,Negociação,Pendente
3534,2025-03-09,5112,2013,Online,Pós-venda,Pendente
3535,2025-01-28,5161,1030,Online,Prospecção,Realizada
3536,2025-01-08,5392,2003,Online,Prospecção,Realizada
3537,2025-02-03,5394,1058,Telefone,Pós-venda,Realizada
3538,2025-03-12,5423,1010,Telefone,Negociação,Pendente
3539,2025-01-22,5436,2032,Presencial,Pós-venda,Pendente
3540,2025-04-12,5026,2003,Telefone,Pós-venda,Realizada
3541,2025-04-04,5352,1010,Presencial,Negociação,Pendente
3542,2025-06-11,5339,2012,Telefone,Negociação,Pendente
3543,2025-06-10,5129,1013,Presencial,Pós-venda,Pendente
3544,2025-01-07,5074,1057,Presencial,Prospecção,Pendente
3545,2025-01-12,5308,2022,Telefone,Pós-venda,Pendente
3546,2025-06-25,5139,1032,Presencial,Pós-venda,Realizada
3547,2025-02-07,5457,2023,Presencial,Negociação,Pendente
3548,2025-01-24,5320,1009,Telefone,Prospecção,Pendente
3549,2025-05-20,5148,1033,Online,Negociação,Pendente
3550,2025-05-06,5311,1030,Telefone,Pós-venda,Realizada
3551,2025-03-19,5150,1039,Online,Pós-venda,Realizada
3552,2025-02-23,5043,1014,Presencial,Pós-venda,Pendente
3553,2025-05-05,5378,1029,Telefone,Pós-venda,Realizada
3554,2025-03-05,5184,2027,Online,Prospecção,Pendente
3555,2025-06-20,5087,1003,Online,Prospecção,Realizada
3556,2025-05-02,5080,1016,Telefone,Pós-venda,Pendente
3557,2025-06-06,5138,1024,Telefone,Negociação,Pendente
3558,2025-01-15,5349,2004,Telefone,Negociação,Realizada
3559,2025-05-12,5496,1042,Telefone,Negociação,Pendente
3560,2025-05-11,5243,2035,Online,Negociação,Realizada
3561,2025-03-25,5316,1015,Online,Prospecção,Pendente
3562,2025-04-21,5469,2016,Online,Pós-venda,Realizada
3563,2025-01-28,5177,2035,Telefone,Prospecção,Realizada
3564,2025-04-23,5489,1042,Telefone,Pós-venda,Realizada
3565,2025-04-14,5004,1042,Online,Prospecção,Realizada
3566,2025-01-27,5284,1028,Presencial,Negociação,Realizada
3567,2025-03-18,5473,2029,Online,Negociação,Pendente
3568,2025-03-21,5111,1030,Online,Pós-venda,Realizada
3569,2025-05-22,5241,1049,Presencial,Pós-venda,Realizada
3570,2025-05-29,5442,1032,Online,Pós-venda,Realizada
3571,2025-02-10,5049,1025,Telefone,Prospecção,Pendente
3572,2025-05-23,5492,2001,Online,Pós-venda,Realizada
3573,2025-03-04,5062,2022,Telefone,Pós-venda,Pendente
3574,2025-04-24,5175,1021,Presencial,Prospecção,Pendente
3575,2025-05-07,5120,1043,Telefone,Prospecção,Pendente
3576,2025-05-08,5315,1026,Presencial,Prospecção,Realizada
3577,2025-02-02,5092,1027,Online,Prospecção,Pendente
3578,2025-04-20,5141,2013,Online,Negociação,Pendente
3579,2025-04-15,5105,1003,Telefone,Negociação,Realizada
3580,2025-04-02,5011,1013,Presencial,Prospecção,Pendente
3581,2025-05-24,5297,1028,Presencial,Negociação,Realizada
3582,2025-04-11,5231,1037,Telefone,Pós-venda,Pendente
3583,2025-02-11,5225,1050,Telefone,Pós-venda,Pendente
3584,2025-01-19,5131,1011,Presencial,Prospecção,Pendente
3585,2025-03-26,5169,2022,Online,Prospecção,Pendente
3586,2025-01-22,5037,1057,Telefone,Pós-venda,Pendente
3587,2025-03-21,5146,1025,Telefone,Pós-venda,Pendente
3588,2025-02-06,5377,1025,Online,Pós-venda,Pendente
3589,2025-05-08,5116,1008,Telefone,Pós-venda,Pendente
3590,2025-02-16,5127,2039,Presencial,Negociação,Realizada
3591,2025-05-18,5281,2036,Telefone,Negociação,Pendente
3592,2025-01-08,5071,2024,Online,Pós-venda,Pendente
3593,2025-05-02,5393,2004,Online,Prospecção,Realizada
3594,2025-01-31,5357,2033,Presencial,Pós-venda,Realizada
3595,2025-04-08,5036,2007,Online,Negociação,Realizada
3596,2025-05-08,5120,1043,Online,Prospecção,Pendente
3597,2025-04-28,5020,2032,Telefone,Negociação,Pendente
3598,2025-01-21,5321,1014,Telefone,Negociação,Realizada
3599,2025-01-26,5478,1034,Telefone,Negociação,Realizada
3600,2025-03-17,5259,1007,Online,Negociação,Pendente
3601,2025-02-27,5010,2036,Online,Pós-venda,Pendente
3602,2025-01-26,5247,2028,Telefone,Negociação,Pendente
3603,2025-03-02,5205,1011,Online,Pós-venda,Realizada
3604,2025-04-27,5088,1055,Online,Pós-venda,Realizada
3605,2025-05-20,5335,2024,Online,Prospecção,Pendente
3606,2025-01-26,5347,2030,Presencial,Prospecção,Realizada
3607,2025-04-01,5060,1032,Presencial,Prospecção,Realizada
3608,2025-02-18,5092,2028,Telefone,Prospecção,Realizada
3609,2025-06-10,5416,1025,Presencial,Pós-venda,Realizada
3610,2025-02-20,5126,1008,Telefone,Pós-venda,Realizada
3611,2025-05-28,5250,1048,Online,Pós-venda,Realizada
3612,2025-03-03,5430,1060,Telefone,Negociação,Pendente
3613,2025-05-01,5208,2012,Telefone,Negociação,Realizada
3614,2025-04-17,5252,1044,Presencial,Prospecção,Realizada
3615,2025-03-19,5165,1008,Telefone,Pós-venda,Pendente
3616,2025-06-28,5380,1003,Telefone,Negociação,Realizada
3617,2025-04-02,5026,1003,Telefone,Prospecção,Realizada
3618,2025-03-15,5226,1015,Telefone,Prospecção,Pendente
3619,2025-04-18,5181,2021,Online,Negociação,Pendente
3620,2025-02-25,5260,1027,Presencial,Pós-venda,Realizada
3621,2025-05-14,5280,2037,Online,Prospecção,Realizada
3622,2025-01-07,5124,2019,Presencial,Pós-venda,Realizada
3623,2025-03-01,5327,1045,Telefone,Prospecção,Pendente
3624,2025-02-28,5316,1044,Presencial,Pós-venda,Pendente
3625,2025-03-02,5404,1044,Telefone,Prospecção,Pendente
3626,2025-03-26,5348,2022,Online,Prospecção,Pendente
3627,2025-05-03,5002,1037,Telefone,Negociação,Realizada
3628,2025-01-04,5367,2009,Telefone,Negociação,Realizada
3629,2025-01-22,5315,1001,Online,Pós-venda,Pendente
3630,2025-06-29,5032,1007,Presencial,Pós-venda,Realizada
3631,2025-02-27,5139,1012,Telefone,Negociação,Realizada
3632,2025-02-07,5116,1040,Presencial,Prospecção,Realizada
3633,2025-04-19,5369,1008,Telefone,Negociação,Pendente
3634,2025-01-12,5354,1011,Presencial,Negociação,Realizada
3635,2025-02-23,5307,1014,Presencial,Prospecção,Realizada
3636,2025-05-23,5082,1010,Presencial,Negociação,Pendente
3637,2025-03-16,5281,1013,Presencial,Prospecção,Realizada
3638,2025-06-02,5364,2009,Online,Pós-venda,Realizada
3639,2025-03-13,5393,2024,Online,Pós-venda,Realizada
3640,2025-06-01,5441,2014,Telefone,Prospecção,Pendente
3641,2025-02-20,5166,2022,Telefone,Pós-venda,Realizada
3642,2025-03-22,5147,1060,Online,Prospecção,Pendente
3643,2025-03-14,5018,1040,Telefone,Negociação,Pendente
3644,2025-01-22,5025,2017,Telefone,Pós-venda,Pendente
3645,2025-02-17,5189,2031,Presencial,Negociação,Pendente
3646,2025-06-24,5300,1044,Presencial,Negociação,Realizada
3647,2025-04-19,5122,2029,Telefone,Pós-venda,Pendente
3648,2025-05-04,5493,1014,Online,Prospecção,Pendente
3649,2025-03-16,5339,2038,Presencial,Negociação,Realizada
3650,2025-05-09,5293,1002,Presencial,Negociação,Realizada
3651,2025-03-24,5192,1038,Presencial,Prospecção,Pendente
3652,2025-04-01,5116,1045,Presencial,Pós-venda,Realizada
3653,2025-04-14,5373,1014,Online,Pós-venda,Realizada
3654,2025-05-12,5260,1034,Presencial,Prospecção,Realizada
3655,2025-02-02,5041,1009,Telefone,Pós-venda,Pendente
3656,2025-01-12,5321,2030,Presencial,Pós-venda,Pendente
3657,2025-06-07,5236,2012,Presencial,Prospecção,Pendente
3658,2025-04-29,5252,2032,Presencial,Prospecção,Pendente
3659,2025-05-29,5195,1010,Presencial,Pós-venda,Pendente
3660,2025-06-19,5462,2004,Telefone,Pós-venda,Pendente
3661,2025-05-04,5247,1013,Presencial,Pós-venda,Realizada
3662,2025-01-21,5384,2030,Online,Pós-venda,Realizada
3663,2025-01-01,5347,1049,Online,Negociação,Pendente
3664,2025-05-14,5443,1046,Telefone,Negociação,Pendente
3665,2025-01-18,5091,1007,Telefone,Negociação,Pendente
3666,2025-06-12,5180,2001,Presencial,Negociação,Realizada
3667,2025-03-03,5364,2012,Presencial,Prospecção,Realizada
3668,2025-03-17,5434,2020,Presencial,Pós-venda,Pendente
3669,2025-01-10,5411,1005,Telefone,Negociação,Realizada
3670,2025-03-22,5296,1056,Presencial,Negociação,Pendente
3671,2025-02-28,5148,1008,Online,Prospecção,Pendente
3672,2025-01-09,5119,2022,Telefone,Pós-venda,Realizada
3673,2025-06-20,5354,1028,Presencial,Prospecção,Pendente
3674,2025-02-17,5062,2007,Presencial,Prospecção,Pendente
3675,2025-06-19,5431,1040,Online,Pós-venda,Realizada
3676,2025-04-27,5205,1052,Presencial,Prospecção,Realizada
3677,2025-04-03,5464,1002,Online,Prospecção,Pendente
3678,2025-05-16,5319,2004,Online,Negociação,Realizada
3679,2025-03-08,5394,2037,Online,Pós-venda,Realizada
3680,2025-06-03,5220,1054,Telefone,Negociação,Realizada
3681,2025-06-17,5157,1016,Telefone,Prospecção,Pendente
3682,2025-02-01,5178,2002,Presencial,Prospecção,Realizada
3683,2025-06-29,5250,2024,Online,Prospecção,Realizada
3684,2025-05-23,5186,1017,Presencial,Prospecção,Pendente
3685,2025-03-28,5418,2011,Online,Prospecção,Realizada
3686,2025-02-19,5441,1030,Presencial,Negociação,Realizada
3687,2025-02-09,5290,2033,Telefone,Prospecção,Pendente
3688,2025-06-21,5458,1056,Presencial,Prospecção,Pendente
3689,2025-06-16,5343,2012,Presencial,Prospecção,Realizada
3690,2025-03-04,5086,1058,Presencial,Negociação,Pendente
3691,2025-03-24,5172,2023,Online,Prospecção,Realizada
3692,2025-03-28,5258,1050,Telefone,Prospecção,Realizada
3693,2025-02-14,5346,2011,Telefone,Pós-venda,Pendente
3694,2025-06-23,5183,1036,Presencial,Pós-venda,Pendente
3695,2025-06-11,5288,1033,Online,Pós-venda,Pendente
3696,2025-04-29,5282,1055,Presencial,Prospecção,Realizada
3697,2025-03-16,5410,2039,Presencial,Negociação,Realizada
3698,2025-06-25,5310,2025,Telefone,Prospecção,Pendente
3699,2025-01-15,5088,1038,Online,Negociação,Realizada
3700,2025-05-01,5119,2008,Telefone,Pós-venda,Realizada
3701,2025-02-01,5090,1021,Online,Prospecção,Pendente
3702,2025-03-24,5371,2019,Presencial,Prospecção,Realizada
3703,2025-03-17,5476,2022,Online,Negociação,Realizada
3704,2025-02-05,5248,2036,Telefone,Negociação,Realizada
3705,2025-02-11,5437,1051,Online,Negociação,Pendente
3706,2025-06-26,5207,1054,Online,Negociação,Realizada
3707,2025-03-07,5249,2014,Telefone,Pós-venda,Pendente
3708,2025-06-05,5476,1059,Presencial,Pós-venda,Realizada
3709,2025-03-06,5133,2012,Presencial,Prospecção,Pendente
3710,2025-06-22,5265,1058,Telefone,Negociação,Realizada
3711,2025-03-10,5261,2005,Telefone,Negociação,Pendente
3712,2025-06-13,5093,2017,Online,Pós-venda,Realizada
3713,2025-04-16,5500,2015,Telefone,Negociação,Realizada
3714,2025-06-11,5319,2005,Online,Prospecção,Realizada
3715,2025-06-02,5050,1026,Presencial,Prospecção,Pendente
3716,2025-02-18,5102,1059,Online,Negociação,Realizada
3717,2025-03-03,5159,1009,Telefone,Pós-venda,Pendente
3718,2025-04-21,5409,1052,Presencial,Prospecção,Realizada
3719,2025-04-15,5018,2001,Online,Pós-venda,Pendente
3720,2025-05-16,5181,1030,Telefone,Pós-venda,Realizada
3721,2025-05-02,5398,1054,Online,Pós-venda,Realizada
3722,2025-05-01,5195,1019,Telefone,Negociação,Realizada
3723,2025-06-22,5375,2016,Telefone,Pós-venda,Pendente
3724,2025-03-06,5295,2018,Presencial,Prospecção,Pendente
3725,2025-02-18,5212,1054,Telefone,Negociação,Pendente
3726,2025-03-01,5110,1021,Telefone,Pós-venda,Pendente
3727,2025-02-19,5252,1012,Online,Prospecção,Realizada
3728,2025-04-14,5191,2031,Online,Pós-venda,Pendente
3729,2025-03-07,5122,1007,Presencial,Pós-venda,Pendente
3730,2025-06-25,5115,2007,Online,Prospecção,Pendente
3731,2025-03-09,5315,2017,Online,Negociação,Realizada
3732,2025-04-10,5068,1020,Telefone,Negociação,Realizada
3733,2025-01-16,5253,1019,Presencial,Negociação,Realizada
3734,2025-04-01,5112,2015,Online,Pós-venda,Pendente
3735,2025-06-29,5037,2016,Online,Prospecção,Realizada
3736,2025-03-10,5074,2024,Telefone,Negociação,Pendente
3737,2025-01-27,5237,2002,Presencial,Prospecção,Pendente
3738,2025-01-08,5480,2001,Telefone,Pós-venda,Pendente
3739,2025-05-10,5468,2014,Telefone,Negociação,Realizada
3740,2025-02-13,5326,1003,Presencial,Prospecção,Pendente
3741,2025-05-25,5179,1052,Telefone,Negociação,Pendente
3742,2025-06-11,5216,2035,Telefone,Pós-venda,Pendente
3743,2025-01-26,5498,1007,Online,Pós-venda,Pendente
3744,2025-03-22,5180,2017,Online,Negociação,Pendente
3745,2025-03-16,5006,1017,Presencial,Prospecção,Realizada
3746,2025-01-18,5067,2010,Telefone,Prospecção,Pendente
3747,2025-02-28,5204,2011,Presencial,Pós-venda,Pendente
3748,2025-02-21,5251,1007,Online,Pós-venda,Realizada
3749,2025-04-04,5107,2037,Telefone,Prospecção,Realizada
3750,2025-01-01,5221,2002,Telefone,Pós-venda,Pendente
3751,2025-02-16,5090,2022,Presencial,Pós-venda,Pendente
3752,2025-05-19,5464,2010,Telefone,Prospecção,Pendente
3753,2025-04-23,5107,1013,Telefone,Pós-venda,Pendente
3754,2025-05-16,5470,2001,Presencial,Pós-venda,Realizada
3755,2025-04-17,5027,1028,Online,Negociação,Pendente
3756,2025-06-08,5475,2010,Presencial,Pós-venda,Pendente
3757,2025-03-07,5185,1031,Telefone,Pós-venda,Pendente
3758,2025-06-01,5314,2013,Telefone,Negociação,Pendente
3759,2025-05-04,5045,1008,Telefone,Negociação,Pendente
3760,2025-04-08,5404,1058,Presencial,Pós-venda,Pendente
3761,2025-06-11,5494,2031,Online,Pós-venda,Realizada
3762,2025-05-21,5071,1037,Telefone,Negociação,Realizada
3763,2025-02-18,5384,1026,Online,Pós-venda,Realizada
3764,2025-02-20,5134,1045,Telefone,Pós-venda,Pendente
3765,2025-02-06,5428,2036,Online,Prospecção,Pendente
3766,2025-05-04,5266,1019,Presencial,Prospecção,Realizada
3767,2025-05-06,5168,2022,Online,Negociação,Pendente
3768,2025-03-04,5009,2021,Online,Negociação,Pendente
3769,2025-02-08,5270,1003,Presencial,Pós-venda,Realizada
3770,2025-02-03,5075,1043,Presencial,Prospecção,Realizada
3771,2025-03-25,5340,1025,Telefone,Prospecção,Pendente
3772,2025-03-25,5150,1024,Telefone,Prospecção,Pendente
3773,2025-04-17,5326,1046,Presencial,Pós-venda,Pendente
3774,2025-02-28,5286,1034,Online,Pós-venda,Realizada
3775,2025-06-09,5332,1038,Telefone,Pós-venda,Pendente
3776,2025-01-06,5146,1030,Telefone,Negociação,Pendente
3777,2025-03-31,5453,2029,Presencial,Pós-venda,Pendente
3778,2025-04-13,5391,1031,Telefone,Prospecção,Realizada
3779,2025-01-16,5443,1021,Telefone,Negociação,Pendente
3780,2025-04-27,5469,1023,Telefone,Pós-venda,Realizada
3781,2025-02-09,5059,2009,Telefone,Prospecção,Realizada
3782,2025-06-22,5330,1015,Presencial,Pós-venda,Realizada
3783,2025-06-15,5007,1012,Presencial,Prospecção,Pendente
3784,2025-03-22,5079,2020,Presencial,Prospecção,Realizada
3785,2025-03-25,5083,1018,Presencial,Prospecção,Realizada
3786,2025-02-14,5332,2010,Telefone,Prospecção,Realizada
3787,2025-01-11,5497,2036,Telefone,Negociação,Realizada
3788,2025-04-23,5247,1020,Presencial,Pós-venda,Realizada
3789,2025-02-11,5302,1032,Presencial,Pós-venda,Realizada
3790,2025-06-23,5209,1011,Presencial,Prospecção,Pendente
3791,2025-01-06,5382,1019,Telefone,Pós-venda,Realizada
3792,2025-03-29,5226,1031,Presencial,Pós-venda,Realizada
3793,2025-04-18,5254,1003,Telefone,Negociação,Pendente
3794,2025-05-13,5451,2029,Online,Pós-venda,Realizada
3795,2025-02-22,5249,1056,Presencial,Pós-venda,Pendente
3796,2025-06-20,5042,1002,Presencial,Prospecção,Pendente
3797,2025-05-30,5242,2013,Online,Pós-venda,Realizada
3798,2025-03-29,5338,1031,Online,Prospecção,Pendente
3799,2025-05-05,5129,1054,Telefone,Prospecção,Pendente
3800,2025-02-25,5222,1035,Presencial,Negociação,Pendente
3801,2025-03-06,5007,1042,Presencial,Prospecção,Realizada
3802,2025-01-16,5164,1003,Online,Prospecção,Pendente
3803,2025-01-30,5172,1039,Online,Pós-venda,Pendente
3804,2025-06-10,5497,1046,Online,Prospecção,Pendente
3805,2025-05-29,5124,1030,Online,Pós-venda,Pendente
3806,2025-02-26,5382,2034,Presencial,Negociação,Realizada
3807,2025-03-26,5453,2029,Online,Pós-venda,Pendente
3808,2025-06-07,5299,2004,Online,Prospecção,Pendente
3809,2025-04-23,5068,2030,Presencial,Pós-venda,Pendente
3810,2025-04-24,5184,2010,Telefone,Pós-venda,Pendente
3811,2025-06-26,5279,2024,Presencial,Negociação,Realizada
3812,2025-02-10,5277,2007,Telefone,Negociação,Realizada
3813,2025-05-18,5093,2019,Online,Prospecção,Pendente
3814,2025-04-19,5004,1019,Telefone,Prospecção,Pendente
3815,2025-01-11,5385,1013,Presencial,Prospecção,Realizada
3816,2025-02-17,5064,1025,Presencial,Prospecção,Realizada
3817,2025-03-29,5033,1047,Online,Negociação,Pendente
3818,2025-05-31,5346,2032,Online,Pós-venda,Pendente
3819,2025-01-24,5417,1011,Online,Negociação,Pendente
3820,2025-05-28,5321,1025,Presencial,Negociação,Pendente
3821,2025-03-18,5189,2001,Presencial,Pós-venda,Pendente
3822,2025-06-10,5316,2034,Online,Prospecção,Realizada
3823,2025-06-18,5232,2016,Online,Pós-venda,Realizada
3824,2025-02-21,5304,1013,Online,Prospecção,Realizada
3825,2025-06-15,5389,1008,Telefone,Prospecção,Pendente
3826,2025-05-24,5254,2028,Presencial,Prospecção,Realizada
3827,2025-05-21,5066,2028,Presencial,Pós-venda,Realizada
3828,2025-05-23,5137,1053,Telefone,Prospecção,Realizada
3829,2025-03-19,5226,1027,Presencial,Prospecção,Pendente
3830,2025-04-24,5194,2032,Telefone,Negociação,Realizada
3831,2025-03-03,5285,1037,Telefone,Negociação,Pendente
3832,2025-02-17,5441,1018,Telefone,Negociação,Realizada
3833,2025-05-17,5386,1049,Online,Negociação,Pendente
3834,2025-03-14,5481,1016,Presencial,Pós-venda,Pendente
3835,2025-04-08,5012,1031,Presencial,Pós-venda,Realizada
3836,2025-02-14,5073,1050,Telefone,Negociação,Pendente
3837,2025-03-19,5401,1023,Presencial,Negociação,Pendente
3838,2025-01-23,5388,1013,Telefone,Negociação,Pendente
3839,2025-06-06,5346,2036,Telefone,Prospecção,Pendente
3840,2025-05-20,5269,1038,Telefone,Prospecção,Realizada
3841,2025-02-22,5337,2028,Telefone,Negociação,Pendente
3842,2025-01-30,5028,2013,Presencial,Pós-venda,Pendente
3843,2025-04-28,5490,1052,Telefone,Negociação,Pendente
3844,2025-03-16,5159,1017,Presencial,Pós-venda,Realizada
3845,2025-02-06,5247,2034,Online,Prospecção,Realizada
3846,2025-03-18,5409,1007,Online,Pós-venda,Realizada
3847,2025-03-04,5468,1034,Online,Prospecção,Pendente
3848,2025-03-09,5011,1037,Online,Prospecção,Pendente
3849,2025-01-17,5033,1042,Online,Pós-venda,Pendente
3850,2025-04-11,5250,1057,Telefone,Prospecção,Realizada
3851,2025-03-05,5125,1029,Online,Negociação,Pendente
3852,2025-05-14,5326,2014,Presencial,Negociação,Pendente
3853,2025-03-03,5449,1048,Online,Prospecção,Realizada
3854,2025-04-25,5403,1058,Presencial,Prospecção,Pendente
3855,2025-04-19,5108,2020,Telefone,Negociação,Pendente
3856,2025-04-15,5187,2026,Presencial,Prospecção,Pendente
3857,2025-03-19,5358,1052,Presencial,Pós-venda,Pendente
3858,2025-02-15,5123,1014,Telefone,Pós-venda,Pendente
3859,2025-05-25,5128,1051,Telefone,Prospecção,Pendente
3860,2025-01-02,5117,1032,Telefone,Prospecção,Realizada
3861,2025-04-26,5330,1009,Online,Pós-venda,Pendente
3862,2025-06-01,5170,2021,Presencial,Pós-venda,Realizada
3863,2025-06-13,5075,1011,Online,Pós-venda,Realizada
3864,2025-01-01,5105,1008,Telefone,Pós-venda,Pendente
3865,2025-01-29,5131,2003,Telefone,Pós-venda,Realizada
3866,2025-06-19,5362,1048,Online,Pós-venda,Realizada
3867,2025-02-01,5409,2025,Online,Prospecção,Realizada
3868,2025-06-06,5058,1003,Presencial,Negociação,Realizada
3869,2025-03-06,5327,2021,Online,Pós-venda,Realizada
3870,2025-05-06,5248,1022,Online,Pós-venda,Pendente
3871,2025-04-30,5041,1001,Online,Prospecção,Realizada
3872,2025-03-29,5163,2013,Presencial,Prospecção,Realizada
3873,2025-05-24,5093,1009,Online,Prospecção,Realizada
3874,2025-01-22,5497,1058,Telefone,Prospecção,Realizada
3875,2025-01-29,5318,2037,Presencial,Negociação,Pendente
3876,2025-02-12,5211,1006,Telefone,Negociação,Pendente
3877,2025-01-07,5364,2037,Telefone,Negociação,Pendente
3878,2025-03-04,5444,1044,Telefone,Negociação,Pendente
3879,2025-02-26,5455,1024,Online,Prospecção,Pendente
3880,2025-04-07,5132,2038,Presencial,Pós-venda,Pendente
3881,2025-01-17,5336,1005,Online,Prospecção,Pendente
3882,2025-06-03,5146,1010,Telefone,Prospecção,Realizada
3883,2025-06-09,5165,1047,Online,Prospecção,Pendente
3884,2025-05-07,5216,2026,Telefone,Pós-venda,Realizada
3885,2025-03-17,5276,1039,Online,Pós-venda,Realizada
3886,2025-03-30,5094,2028,Telefone,Pós-venda,Realizada
3887,2025-06-15,5478,1056,Telefone,Negociação,Realizada
3888,2025-01-26,5335,1012,Presencial,Prospecção,Pendente
3889,2025-02-20,5112,2023,Telefone,Negociação,Realizada
3890,2025-01-20,5348,1054,Online,Negociação,Realizada
3891,2025-01-13,5230,1029,Online,Negociação,Pendente
3892,2025-04-13,5242,1028,Presencial,Prospecção,Pendente
3893,2025-06-21,5382,2004,Presencial,Prospecção,Pendente
3894,2025-03-04,5184,2014,Online,Pós-venda,Pendente
3895,2025-06-24,5307,1038,Telefone,Pós-venda,Pendente
3896,2025-06-15,5228,2026,Presencial,Prospecção,Realizada
3897,2025-02-06,5088,1012,Online,Negociação,Pendente
3898,2025-05-22,5075,1049,Telefone,Negociação,Pendente
3899,2025-06-19,5320,2006,Presencial,Prospecção,Realizada
3900,2025-05-15,5438,1014,Presencial,Prospecção,Pendente
3901,2025-05-22,5138,1013,Online,Prospecção,Pendente
3902,2025-03-03,5309,1015,Presencial,Pós-venda,Realizada
3903,2025-04-11,5230,1022,Online,Prospecção,Pendente
3904,2025-05-01,5263,2030,Telefone,Prospecção,Realizada
3905,2025-04-23,5386,1018,Telefone,Prospecção,Realizada
3906,2025-04-18,5074,2011,Online,Pós-venda,Realizada
3907,2025-01-02,5339,2036,Presencial,Pós-venda,Pendente
3908,2025-01-10,5466,2037,Presencial,Prospecção,Pendente
3909,2025-03-22,5478,1038,Telefone,Prospecção,Pendente
3910,2025-06-19,5007,2013,Telefone,Pós-venda,Realizada
3911,2025-05-03,5337,1057,Telefone,Pós-venda,Realizada
3912,2025-04-09,5295,2001,Presencial,Negociação,Pendente
3913,2025-04-17,5082,1016,Telefone,Negociação,Realizada
3914,2025-04-28,5327,1037,Presencial,Negociação,Realizada
3915,2025-01-31,5108,1026,Presencial,Prospecção,Realizada
3916,2025-04-22,5304,2029,Online,Prospecção,Realizada
3917,2025-01-11,5148,2025,Online,Prospecção,Pendente
3918,2025-06-16,5107,1041,Telefone,Prospecção,Realizada
3919,2025-05-23,5432,2018,Telefone,Negociação,Pendente
3920,2025-02-27,5051,2007,Online,Pós-venda,Pendente
3921,2025-06-07,5091,1030,Telefone,Pós-venda,Pendente
3922,2025-02-12,5072,1021,Presencial,Negociação,Realizada
3923,2025-04-17,5376,1023,Telefone,Pós-venda,Pendente
3924,2025-05-06,5425,2029,Telefone,Negociação,Pendente
3925,2025-01-17,5061,1018,Presencial,Negociação,Pendente
3926,2025-06-02,5119,1010,Telefone,Prospecção,Realizada
3927,2025-02-16,5418,1007,Presencial,Prospecção,Pendente
3928,2025-01-09,5471,1006,Presencial,Pós-venda,Pendente
3929,2025-06-22,5088,1035,Presencial,Prospecção,Pendente
3930,2025-04-30,5168,1037,Telefone,Negociação,Realizada
3931,2025-02-12,5431,1010,Online,Negociação,Pendente
3932,2025-02-11,5148,1039,Presencial,Negociação,Pendente
3933,2025-03-23,5142,1022,Presencial,Pós-venda,Pendente
3934,2025-02-21,5148,1018,Telefone,Prospecção,Pendente
3935,2025-01-25,5323,2014,Telefone,Negociação,Realizada
3936,2025-06-05,5408,1031,Online,Negociação,Realizada
3937,2025-06-22,5359,1021,Presencial,Negociação,Pendente
3938,2025-04-03,5151,1035,Presencial,Negociação,Realizada
3939,2025-04-01,5429,1016,Online,Negociação,Pendente
3940,2025-02-03,5016,2033,Online,Pós-venda,Realizada
3941,2025-06-30,5281,1015,Online,Prospecção,Realizada
3942,2025-04-19,5348,2040,Online,Prospecção,Realizada
3943,2025-04-30,5150,1039,Telefone,Prospecção,Realizada
3944,2025-04-12,5340,1056,Telefone,Prospecção,Realizada
3945,2025-01-13,5482,1031,Presencial,Negociação,Realizada
3946,2025-05-05,5251,1037,Online,Prospecção,Realizada
3947,2025-01-13,5266,1024,Presencial,Negociação,Realizada
3948,2025-01-24,5307,1050,Presencial,Pós-venda,Pendente
3949,2025-01-25,5460,2006,Presencial,Pós-venda,Realizada
3950,2025-01-21,5223,1022,Online,Negociação,Pendente
3951,2025-03-24,5302,1059,Telefone,Negociação,Realizada
3952,2025-01-09,5221,1002,Presencial,Prospecção,Pendente
3953,2025-04-30,5467,2031,Online,Prospecção,Pendente
3954,2025-02-05,5131,1025,Presencial,Negociação,Pendente
3955,2025-05-30,5288,2021,Presencial,Negociação,Realizada
3956,2025-03-01,5069,1023,Presencial,Negociação,Pendente
3957,2025-03-17,5420,2010,Online,Negociação,Pendente
3958,2025-03-07,5425,2025,Telefone,Prospecção,Pendente
3959,2025-03-05,5386,1022,Online,Negociação,Realizada
3960,2025-06-29,5236,1004,Presencial,Negociação,Realizada
3961,2025-01-26,5500,1034,Presencial,Negociação,Realizada
3962,2025-02-14,5400,1017,Presencial,Pós-venda,Realizada
3963,2025-06-26,5483,2008,Telefone,Pós-venda,Pendente
3964,2025-01-17,5107,1060,Presencial,Negociação,Realizada
3965,2025-02-14,5365,1001,Presencial,Negociação,Pendente
3966,2025-02-26,5069,2026,Online,Pós-venda,Pendente
3967,2025-04-06,5048,1059,Online,Pós-venda,Pendente
3968,2025-05-01,5090,2033,Online,Prospecção,Realizada
3969,2025-05-22,5020,2032,Presencial,Prospecção,Realizada
3970,2025-04-02,5294,1005,Online,Negociação,Pendente
3971,2025-05-18,5498,1047,Online,Prospecção,Pendente
3972,2025-03-07,5276,1054,Presencial,Negociação,Pendente
3973,2025-06-06,5393,2003,Telefone,Prospecção,Realizada
3974,2025-04-13,5454,2027,Online,Pós-venda,Realizada
3975,2025-02-05,5285,1031,Telefone,Pós-venda,Pendente
3976,2025-03-01,5404,2001,Telefone,Negociação,Pendente
3977,2025-06-15,5443,2004,Online,Pós-venda,Pendente
3978,2025-06-08,5312,1057,Presencial,Pós-venda,Pendente
3979,2025-03-20,5377,2016,Presencial,Negociação,Pendente
3980,2025-04-12,5407,1060,Online,Prospecção,Realizada
3981,2025-02-08,5195,1051,Telefone,Prospecção,Realizada
3982,2025-05-19,5141,2038,Presencial,Negociação,Pendente
3983,2025-03-04,5341,1008,Telefone,Pós-venda,Pendente
3984,2025-06-04,5170,1049,Telefone,Prospecção,Pendente
3985,2025-01-05,5320,1008,Online,Pós-venda,Realizada
3986,2025-03-24,5235,1047,Presencial,Prospecção,Realizada
3987,2025-02-20,5207,2025,Presencial,Pós-venda,Pendente
3988,2025-03-08,5284,1057,Telefone,Negociação,Pendente
3989,2025-01-28,5407,2021,Telefone,Negociação,Pendente
3990,2025-03-28,5423,2013,Presencial,Prospecção,Pendente
3991,2025-02-24,5034,2013,Online,Pós-venda,Realizada
3992,2025-04-17,5442,2038,Presencial,Pós-venda,Realizada
3993,2025-06-09,5286,2010,Online,Pós-venda,Realizada
3994,2025-01-09,5313,1044,Presencial,Negociação,Realizada
3995,2025-06-07,5344,2029,Telefone,Prospecção,Pendente
3996,2025-02-19,5404,1014,Online,Negociação,Realizada
3997,2025-06-02,5224,1023,Telefone,Negociação,Realizada
3998,2025-02-11,5083,1021,Presencial,Prospecção,Realizada
3999,2025-05-31,5331,1005,Telefone,Prospecção,Pendente
4000,2025-01-20,5052,1027,Online,Negociação,Pendente
4001,2025-06-15,5169,2039,Telefone,Pós-venda,Realizada
4002,2025-01-24,5475,2008,Online,Negociação,Realizada
4003,2025-06-25,5398,2012,Online,Pós-venda,Pendente
4004,2025-05-25,5456,1059,Online,Pós-venda,Realizada
4005,2025-06-24,5023,2018,Telefone,Negociação,Realizada
4006,2025-01-16,5061,1027,Presencial,Negociação,Realizada
4007,2025-04-28,5496,1038,Presencial,Pós-venda,Realizada
4008,2025-05-08,5456,1042,Online,Negociação,Realizada
4009,2025-04-01,5424,2033,Telefone,Pós-venda,Realizada
4010,2025-06-19,5463,1052,Online,Pós-venda,Realizada
4011,2025-04-13,5416,2024,Online,Prospecção,Realizada
4012,2025-06-19,5118,2028,Presencial,Negociação,Pendente
4013,2025-01-24,5189,1033,Online,Prospecção,Pendente
4014,2025-02-22,5037,1036,Online,Prospecção,Realizada
4015,2025-01-02,5089,1058,Presencial,Prospecção,Realizada
4016,2025-02-26,5077,2037,Telefone,Negociação,Realizada
4017,2025-01-12,5406,2034,Presencial,Pós-venda,Pendente
4018,2025-03-11,5276,1054,Telefone,Pós-venda,Realizada
4019,2025-03-02,5101,2017,Telefone,Pós-venda,Pendente
4020,2025-03-21,5193,1010,Presencial,Negociação,Pendente
4021,2025-02-24,5002,1008,Telefone,Pós-venda,Pendente
4022,2025-03-09,5025,1034,Telefone,Prospecção,Pendente
4023,2025-03-07,5318,1051,Presencial,Pós-venda,Realizada
4024,2025-03-25,5076,1041,Telefone,Pós-venda,Pendente
4025,2025-05-07,5043,1002,Telefone,Pós-venda,Pendente
4026,2025-03-08,5036,1016,Online,Pós-venda,Realizada
4027,2025-03-22,5044,2008,Telefone,Negociação,Pendente
4028,2025-02-15,5364,2039,Online,Pós-venda,Pendente
4029,2025-05-28,5317,1042,Online,Negociação,Pendente
4030,2025-01-15,5376,2020,Presencial,Negociação,Pendente
4031,2025-01-07,5254,1049,Presencial,Pós-venda,Realizada
4032,2025-03-16,5287,2031,Telefone,Prospecção,Realizada
4033,2025-06-02,5393,2017,Online,Pós-venda,Pendente
4034,2025-06-11,5184,2011,Telefone,Negociação,Pendente
4035,2025-03-08,5179,1034,Telefone,Pós-venda,Pendente
4036,2025-02-23,5123,1024,Presencial,Prospecção,Realizada
4037,2025-03-17,5219,1048,Presencial,Negociação,Pendente
4038,2025-01-27,5457,1033,Telefone,Prospecção,Pendente
4039,2025-02-26,5077,1018,Online,Prospecção,Realizada
4040,2025-05-18,5059,1042,Telefone,Prospecção,Pendente
4041,2025-05-17,5072,1015,Presencial,Prospecção,Realizada
4042,2025-05-25,5349,1033,Presencial,Pós-venda,Pendente
4043,2025-04-11,5063,2033,Telefone,Pós-venda,Pendente
4044,2025-03-07,5452,2014,Online,Negociação,Realizada
4045,2025-04-09,5117,2024,Presencial,Negociação,Realizada
4046,2025-01-16,5121,1018,Online,Negociação,Pendente
4047,2025-04-25,5324,1016,Telefone,Prospecção,Pendente
4048,2025-01-03,5045,1016,Presencial,Negociação,Realizada
4049,2025-06-08,5423,2029,Presencial,Prospecção,Pendente
4050,2025-05-19,5496,1058,Telefone,Negociação,Pendente
4051,2025-01-21,5026,1043,Telefone,Negociação,Pendente
4052,2025-01-29,5174,1008,Presencial,Pós-venda,Pendente
4053,2025-04-19,5136,2003,Presencial,Pós-venda,Realizada
4054,2025-02-19,5141,2035,Online,Negociação,Pendente
4055,2025-06-07,5188,1039,Presencial,Pós-venda,Pendente
4056,2025-03-16,5450,2035,Presencial,Prospecção,Pendente
4057,2025-02-27,5398,1044,Presencial,Negociação,Pendente
4058,2025-04-28,5485,1049,Online,Prospecção,Realizada
4059,2025-02-26,5456,2037,Telefone,Prospecção,Pendente
4060,2025-01-18,5396,1035,Telefone,Prospecção,Realizada
4061,2025-05-27,5389,1049,Telefone,Pós-venda,Realizada
4062,2025-01-01,5232,2009,Telefone,Negociação,Pendente
4063,2025-05-28,5442,1010,Presencial,Negociação,Pendente
4064,2025-05-30,5202,1012,Presencial,Negociação,Pendente
4065,2025-05-28,5233,1051,Presencial,Prospecção,Pendente
4066,2025-03-17,5225,1016,Telefone,Negociação,Pendente
4067,2025-05-08,5419,1059,Telefone,Pós-venda,Pendente
4068,2025-05-27,5228,1053,Presencial,Prospecção,Realizada
4069,2025-05-23,5184,1018,Telefone,Negociação,Realizada
4070,2025-01-09,5379,1015,Online,Prospecção,Realizada
4071,2025-06-18,5045,2025,Presencial,Prospecção,Pendente
4072,2025-05-18,5171,1006,Telefone,Prospecção,Pendente
4073,2025-04-20,5160,1051,Telefone,Pós-venda,Pendente
4074,2025-05-04,5223,2010,Telefone,Negociação,Realizada
4075,2025-01-14,5074,1042,Online,Pós-venda,Pendente
4076,2025-02-06,5180,2028,Presencial,Pós-venda,Realizada
4077,2025-03-04,5399,2017,Telefone,Negociação,Pendente
4078,2025-03-13,5213,1030,Telefone,Prospecção,Realizada
4079,2025-01-20,5244,1043,Telefone,Negociação,Realizada
4080,2025-04-22,5369,2026,Presencial,Negociação,Realizada
4081,2025-03-26,5474,1008,Online,Prospecção,Pendente
4082,2025-05-30,5490,1001,Online,Prospecção,Pendente
4083,2025-05-23,5159,1020,Online,Prospecção,Pendente
4084,2025-04-24,5005,1028,Telefone,Negociação,Realizada
4085,2025-02-03,5262,2016,Presencial,Negociação,Realizada
4086,2025-06-17,5424,1041,Telefone,Pós-venda,Realizada
4087,2025-03-02,5038,1045,Online,Pós-venda,Realizada
4088,2025-02-28,5010,2018,Telefone,Prospecção,Realizada
4089,2025-01-20,5457,1042,Online,Pós-venda,Realizada
4090,2025-03-20,5349,1055,Telefone,Negociação,Pendente
4091,2025-05-20,5258,1006,Online,Pós-venda,Pendente
4092,2025-01-28,5201,1020,Telefone,Negociação,Pendente
4093,2025-05-05,5074,1051,Online,Negociação,Pendente
4094,2025-05-01,5484,2022,Online,Negociação,Pendente
4095,2025-05-20,5365,1032,Online,Negociação,Realizada
4096,2025-03-29,5084,2035,Presencial,Pós-venda,Realizada
4097,2025-03-12,5435,1002,Telefone,Pós-venda,Realizada
4098,2025-04-12,5216,1028,Presencial,Pós-venda,Realizada
4099,2025-03-21,5255,2034,Online,Pós-venda,Realizada
4100,2025-01-06,5080,2010,Telefone,Pós-venda,Realizada
4101,2025-01-23,5407,2027,Telefone,Negociação,Realizada
4102,2025-05-30,5335,1050,Online,Prospecção,Pendente
4103,2025-01-26,5257,1006,Presencial,Pós-venda,Realizada
4104,2025-06-15,5104,1029,Telefone,Prospecção,Pendente
4105,2025-02-19,5320,1013,Online,Negociação,Realizada
4106,2025-03-18,5013,2010,Presencial,Negociação,Realizada
4107,2025-02-24,5275,1026,Online,Prospecção,Pendente
4108,2025-03-29,5413,1014,Presencial,Prospecção,Pendente
4109,2025-02-11,5021,2027,Presencial,Pós-venda,Realizada
4110,2025-03-14,5067,1035,Presencial,Negociação,Pendente
4111,2025-02-08,5294,2007,Online,Negociação,Pendente
4112,2025-03-29,5353,1024,Telefone,Prospecção,Pendente
4113,2025-06-16,5225,1006,Telefone,Prospecção,Pendente
4114,2025-01-23,5172,2002,Telefone,Negociação,Pendente
4115,2025-02-02,5253,1010,Telefone,Prospecção,Pendente
4116,2025-01-25,5415,2030,Presencial,Pós-venda,Pendente
4117,2025-03-04,5222,1024,Telefone,Negociação,Pendente
4118,2025-01-05,5218,1031,Online,Prospecção,Realizada
4119,2025-05-24,5332,2010,Telefone,Negociação,Realizada
4120,2025-03-14,5346,1047,Presencial,Prospecção,Pendente
4121,2025-03-24,5257,2022,Online,Pós-venda,Pendente
4122,2025-06-14,5306,2031,Telefone,Prospecção,Realizada
4123,2025-06-10,5496,2022,Online,Prospecção,Pendente
4124,2025-04-17,5046,1060,Online,Pós-venda,Pendente
4125,2025-05-09,5371,2014,Presencial,Prospecção,Realizada
4126,2025-03-21,5257,1003,Telefone,Pós-venda,Pendente
4127,2025-05-28,5005,2029,Telefone,Prospecção,Realizada
4128,2025-04-02,5303,2016,Presencial,Negociação,Realizada
4129,2025-05-01,5355,2029,Presencial,Prospecção,Realizada
4130,2025-03-01,5129,2011,Telefone,Pós-venda,Realizada
4131,2025-02-06,5399,1035,Online,Pós-venda,Pendente
4132,2025-03-27,5226,2034,Online,Prospecção,Realizada
4133,2025-06-13,5186,1050,Telefone,Negociação,Realizada
4134,2025-06-18,5414,2038,Online,Negociação,Realizada
4135,2025-06-11,5319,2006,Online,Prospecção,Realizada
4136,2025-02-07,5182,1055,Online,Prospecção,Pendente
4137,2025-02-21,5242,2016,Presencial,Prospecção,Realizada
4138,2025-05-18,5377,1002,Online,Prospecção,Realizada
4139,2025-05-23,5151,1015,Telefone,Prospecção,Pendente
4140,2025-03-21,5219,1011,Presencial,Prospecção,Realizada
4141,2025-02-27,5177,1009,Presencial,Pós-venda,Realizada
4142,2025-03-28,5350,1021,Online,Prospecção,Realizada
4143,2025-04-24,5434,1055,Online,Pós-venda,Realizada
4144,2025-04-14,5395,2038,Telefone,Pós-venda,Pendente
4145,2025-01-31,5350,1037,Telefone,Prospecção,Realizada
4146,2025-01-11,5341,1048,Online,Pós-venda,Realizada
4147,2025-05-25,5106,1018,Online,Prospecção,Realizada
4148,2025-05-07,5256,1043,Presencial,Pós-venda,Realizada
4149,2025-06-20,5320,1003,Presencial,Pós-venda,Pendente
4150,2025-04-08,5445,1045,Online,Pós-venda,Realizada
4151,2025-02-02,5381,1044,Presencial,Pós-venda,Realizada
4152,2025-05-10,5265,2037,Presencial,Prospecção,Pendente
4153,2025-01-22,5499,1059,Telefone,Pós-venda,Pendente
4154,2025-04-13,5340,2020,Presencial,Prospecção,Pendente
4155,2025-01-07,5233,1046,Telefone,Negociação,Pendente
4156,2025-04-28,5173,1025,Telefone,Prospecção,Pendente
4157,2025-05-24,5378,2033,Telefone,Negociação,Pendente
4158,2025-02-23,5246,2025,Online,Negociação,Realizada
4159,2025-02-22,5113,2004,Online,Pós-venda,Realizada
4160,2025-05-01,5215,1043,Telefone,Prospecção,Pendente
4161,2025-04-02,5405,2024,Telefone,Pós-venda,Realizada
4162,2025-04-30,5019,1016,Online,Negociação,Realizada
4163,2025-01-15,5268,2024,Presencial,Negociação,Realizada
4164,2025-02-16,5393,2020,Presencial,Negociação,Realizada
4165,2025-02-23,5103,2029,Presencial,Prospecção,Realizada
4166,2025-03-28,5020,1041,Presencial,Pós-venda,Realizada
4167,2025-02-15,5441,1054,Online,Pós-venda,Realizada
4168,2025-01-01,5103,1060,Presencial,Negociação,Pendente
4169,2025-05-08,5113,1025,Online,Prospecção,Realizada
4170,2025-04-24,5240,1030,Telefone,Pós-venda,Pendente
4171,2025-05-07,5383,1022,Telefone,Pós-venda,Realizada
4172,2025-03-20,5317,1047,Presencial,Pós-venda,Pendente
4173,2025-01-21,5204,1032,Online,Pós-venda,Realizada
4174,2025-05-02,5152,1009,Online,Negociação,Realizada
4175,2025-06-05,5262,2004,Presencial,Negociação,Pendente
4176,2025-03-05,5380,1038,Presencial,Prospecção,Realizada
4177,2025-01-18,5249,1035,Online,Negociação,Realizada
4178,2025-03-06,5368,2028,Presencial,Pós-venda,Pendente
4179,2025-03-04,5424,2009,Presencial,Prospecção,Realizada
4180,2025-04-16,5381,2030,Online,Pós-venda,Realizada
4181,2025-01-14,5326,1051,Online,Negociação,Pendente
4182,2025-05-13,5193,1006,Telefone,Prospecção,Realizada
4183,2025-06-27,5109,1033,Online,Pós-venda,Pendente
4184,2025-03-14,5407,1025,Presencial,Negociação,Pendente
4185,2025-02-05,5473,2006,Presencial,Negociação,Pendente
4186,2025-01-23,5275,1037,Online,Pós-venda,Pendente
4187,2025-01-02,5195,1032,Presencial,Pós-venda,Pendente
4188,2025-02-13,5264,2037,Online,Prospecção,Realizada
4189,2025-05-24,5073,2012,Online,Negociação,Realizada
4190,2025-06-18,5069,2035,Telefone,Prospecção,Pendente
4191,2025-04-23,5412,1043,Presencial,Pós-venda,Pendente
4192,2025-04-17,5182,2007,Online,Negociação,Realizada
4193,2025-03-13,5222,1036,Telefone,Negociação,Realizada
4194,2025-04-07,5462,1047,Online,Negociação,Realizada
4195,2025-01-03,5271,2006,Online,Pós-venda,Pendente
4196,2025-01-23,5309,1018,Presencial,Pós-venda,Realizada
4197,2025-03-04,5001,1049,Online,Prospecção,Pendente
4198,2025-02-12,5020,1025,Telefone,Pós-venda,Realizada
4199,2025-05-29,5367,2037,Online,Prospecção,Pendente
4200,2025-04-28,5348,1040,Telefone,Prospecção,Pendente
4201,2025-06-17,5316,1023,Online,Prospecção,Realizada
4202,2025-01-18,5265,2036,Online,Prospecção,Realizada
4203,2025-06-12,5108,2031,Telefone,Prospecção,Realizada
4204,2025-05-04,5497,1035,Telefone,Pós-venda,Pendente
4205,2025-02-24,5366,1029,Telefone,Negociação,Realizada
4206,2025-05-05,5117,1008,Online,Negociação,Realizada
4207,2025-06-20,5333,1041,Online,Prospecção,Pendente
4208,2025-02-16,5170,1013,Online,Prospecção,Pendente
4209,2025-01-19,5315,1008,Presencial,Negociação,Realizada
4210,2025-04-21,5069,2022,Presencial,Pós-venda,Realizada
4211,2025-01-13,5361,1022,Presencial,Prospecção,Realizada
4212,2025-04-16,5044,1055,Telefone,Prospecção,Realizada
4213,2025-03-10,5230,2035,Online,Negociação,Pendente
4214,2025-05-13,5439,2040,Presencial,Pós-venda,Pendente
4215,2025-04-05,5273,2012,Telefone,Pós-venda,Pendente
4216,2025-06-05,5081,2002,Online,Pós-venda,Pendente
4217,2025-03-11,5255,2022,Telefone,Pós-venda,Pendente
4218,2025-02-04,5456,2030,Telefone,Pós-venda,Pendente
4219,2025-04-25,5246,1008,Online,Prospecção,Pendente
4220,2025-04-14,5472,2003,Online,Negociação,Realizada
4221,2025-01-26,5472,1046,Telefone,Pós-venda,Pendente
4222,2025-01-06,5251,1030,Online,Pós-venda,Pendente
4223,2025-04-21,5492,2007,Presencial,Pós-venda,Realizada
4224,2025-01-05,5009,1013,Online,Negociação,Pendente
4225,2025-02-26,5304,1001,Presencial,Prospecção,Pendente
4226,2025-05-26,5459,2002,Telefone,Prospecção,Pendente
4227,2025-06-24,5135,2030,Presencial,Prospecção,Realizada
4228,2025-02-06,5252,1019,Presencial,Negociação,Realizada
4229,2025-03-26,5414,2027,Presencial,Pós-venda,Pendente
4230,2025-01-27,5044,1050,Online,Prospecção,Pendente
4231,2025-05-05,5238,1057,Online,Prospecção,Pendente
4232,2025-06-19,5272,1009,Online,Pós-venda,Pendente
4233,2025-03-15,5341,2009,Online,Pós-venda,Realizada
4234,2025-01-23,5217,1013,Online,Pós-venda,Pendente
4235,2025-04-08,5122,1028,Presencial,Pós-venda,Pendente
4236,2025-03-03,5255,2006,Online,Negociação,Realizada
4237,2025-02-11,5123,1059,Online,Pós-venda,Realizada
4238,2025-03-07,5359,1049,Online,Pós-venda,Pendente
4239,2025-03-22,5230,1006,Presencial,Negociação,Pendente
4240,2025-05-19,5298,1024,Presencial,Prospecção,Realizada
4241,2025-03-19,5003,2003,Telefone,Prospecção,Realizada
4242,2025-01-24,5077,2024,Presencial,Prospecção,Realizada
4243,2025-03-11,5312,2034,Online,Pós-venda,Pendente
4244,2025-05-14,5172,1006,Online,Pós-venda,Pendente
4245,2025-01-18,5397,2013,Online,Prospecção,Pendente
4246,2025-02-04,5484,2034,Telefone,Pós-venda,Realizada
4247,2025-02-01,5303,2003,Online,Prospecção,Realizada
4248,2025-02-09,5051,2037,Online,Pós-venda,Realizada
4249,2025-05-27,5385,2026,Online,Pós-venda,Realizada
4250,2025-06-03,5392,1009,Online,Pós-venda,Realizada
4251,2025-04-02,5284,2008,Telefone,Pós-venda,Pendente
4252,2025-01-26,5410,1060,Online,Pós-venda,Pendente
4253,2025-01-15,5307,1057,Presencial,Prospecção,Realizada
4254,2025-01-09,5207,1024,Telefone,Pós-venda,Pendente
4255,2025-02-27,5121,1020,Presencial,Prospecção,Pendente
4256,2025-04-21,5207,1052,Online,Prospecção,Realizada
4257,2025-03-30,5026,1039,Presencial,Prospecção,Realizada
4258,2025-05-03,5463,1054,Online,Prospecção,Realizada
4259,2025-06-08,5118,1047,Presencial,Pós-venda,Pendente
4260,2025-06-04,5396,2024,Online,Prospecção,Realizada
4261,2025-04-10,5059,1006,Telefone,Negociação,Realizada
4262,2025-04-03,5185,2033,Telefone,Negociação,Realizada
4263,2025-04-09,5386,2006,Telefone,Negociação,Realizada
4264,2025-02-10,5221,1028,Online,Prospecção,Realizada
4265,2025-03-05,5278,2004,Telefone,Prospecção,Pendente
4266,2025-05-23,5035,2028,Presencial,Prospecção,Realizada
4267,2025-06-14,5334,2014,Telefone,Prospecção,Pendente
4268,2025-05-24,5275,1039,Telefone,Pós-venda,Realizada
4269,2025-03-03,5007,1006,Presencial,Prospecção,Pendente
4270,2025-04-11,5491,2015,Presencial,Pós-venda,Pendente
4271,2025-04-15,5129,1046,Online,Prospecção,Pendente
4272,2025-05-06,5216,2026,Telefone,Prospecção,Realizada
4273,2025-03-14,5409,1022,Presencial,Pós-venda,Realizada
4274,2025-01-06,5184,1043,Telefone,Prospecção,Pendente
4275,2025-06-24,5150,1003,Online,Pós-venda,Realizada
4276,2025-06-10,5130,1035,Telefone,Pós-venda,Pendente
4277,2025-04-14,5406,1040,Telefone,Pós-venda,Pendente
4278,2025-02-10,5318,2023,Presencial,Prospecção,Pendente
4279,2025-04-09,5494,2038,Online,Prospecção,Realizada
4280,2025-03-09,5226,1038,Presencial,Pós-venda,Pendente
4281,2025-06-07,5246,2009,Online,Pós-venda,Realizada
4282,2025-03-27,5275,2025,Presencial,Prospecção,Realizada
4283,2025-01-24,5204,1022,Online,Prospecção,Realizada
4284,2025-01-28,5196,1055,Presencial,Prospecção,Realizada
4285,2025-02-22,5468,1022,Presencial,Pós-venda,Realizada
4286,2025-03-04,5273,2022,Online,Negociação,Realizada
4287,2025-01-02,5430,2024,Telefone,Prospecção,Realizada
4288,2025-02-13,5448,1006,Telefone,Negociação,Pendente
4289,2025-05-03,5433,2035,Telefone,Negociação,Realizada
4290,2025-04-19,5011,2015,Online,Negociação,Realizada
4291,2025-04-14,5223,1052,Presencial,Negociação,Pendente
4292,2025-03-19,5308,1030,Presencial,Prospecção,Pendente
4293,2025-06-29,5135,1026,Telefone,Negociação,Realizada
4294,2025-04-11,5159,1039,Telefone,Negociação,Pendente
4295,2025-03-08,5075,2007,Telefone,Negociação,Pendente
4296,2025-01-05,5360,1045,Presencial,Pós-venda,Realizada
4297,2025-06-05,5097,1025,Online,Negociação,Pendente
4298,2025-04-18,5180,1055,Online,Prospecção,Pendente
4299,2025-01-13,5180,1016,Online,Negociação,Pendente
4300,2025-06-08,5388,1031,Telefone,Prospecção,Realizada
4301,2025-05-28,5189,1003,Telefone,Prospecção,Realizada
4302,2025-03-07,5388,1032,Presencial,Negociação,Realizada
4303,2025-02-23,5481,2030,Online,Pós-venda,Pendente
4304,2025-06-20,5466,1045,Presencial,Prospecção,Realizada
4305,2025-04-15,5191,1025,Presencial,Prospecção,Pendente
4306,2025-03-22,5309,1057,Online,Pós-venda,Realizada
4307,2025-02-12,5122,2026,Online,Pós-venda,Realizada
4308,2025-03-21,5385,2022,Presencial,Pós-venda,Realizada
4309,2025-03-03,5371,1041,Presencial,Pós-venda,Pendente
4310,2025-02-08,5175,1004,Presencial,Pós-venda,Realizada
4311,2025-06-15,5191,1017,Online,Negociação,Pendente
4312,2025-04-07,5415,1024,Telefone,Negociação,Pendente
4313,2025-03-11,5264,1038,Presencial,Pós-venda,Pendente
4314,2025-04-19,5045,1012,Online,Negociação,Realizada
4315,2025-03-17,5297,1011,Online,Negociação,Pendente
4316,2025-02-08,5045,1060,Online,Pós-venda,Pendente
4317,2025-05-26,5145,1052,Online,Negociação,Pendente
4318,2025-05-05,5139,2039,Presencial,Pós-venda,Pendente
4319,2025-02-26,5150,1044,Presencial,Negociação,Pendente
4320,2025-02-08,5102,1039,Presencial,Pós-venda,Realizada
4321,2025-05-14,5216,1040,Telefone,Pós-venda,Pendente
4322,2025-01-01,5290,2031,Presencial,Prospecção,Realizada
4323,2025-02-21,5086,1026,Online,Pós-venda,Realizada
4324,2025-05-17,5199,2040,Telefone,Negociação,Realizada
4325,2025-02-06,5266,2001,Presencial,Negociação,Pendente
4326,2025-06-29,5065,2029,Telefone,Pós-venda,Pendente
4327,2025-06-17,5210,1014,Presencial,Negociação,Realizada
4328,2025-05-27,5161,2024,Presencial,Negociação,Realizada
4329,2025-01-15,5139,1060,Telefone,Pós-venda,Pendente
4330,2025-06-08,5402,2038,Online,Prospecção,Realizada
4331,2025-04-04,5414,1030,Online,Negociação,Realizada
4332,2025-04-08,5054,2038,Telefone,Pós-venda,Pendente
4333,2025-01-12,5500,1015,Telefone,Pós-venda,Realizada
4334,2025-05-19,5090,1010,Telefone,Prospecção,Realizada
4335,2025-02-03,5364,1034,Presencial,Pós-venda,Pendente
4336,2025-05-18,5074,2015,Presencial,Negociação,Pendente
4337,2025-02-03,5466,1017,Online,Prospecção,Realizada
4338,2025-05-01,5378,1012,Online,Pós-venda,Pendente
4339,2025-06-20,5093,2006,Presencial,Negociação,Realizada
4340,2025-02-14,5040,1056,Online,Pós-venda,Realizada
4341,2025-05-19,5240,1008,Telefone,Pós-venda,Realizada
4342,2025-03-07,5026,1032,Presencial,Pós-venda,Pendente
4343,2025-02-25,5026,1009,Telefone,Prospecção,Pendente
4344,2025-05-19,5240,1018,Presencial,Pós-venda,Pendente
4345,2025-01-05,5286,1039,Telefone,Pós-venda,Realizada
4346,2025-02-08,5270,2039,Online,Negociação,Pendente
4347,2025-03-31,5244,1020,Telefone,Prospecção,Realizada
4348,2025-04-27,5259,1037,Telefone,Pós-venda,Pendente
4349,2025-02-13,5153,1033,Presencial,Pós-venda,Pendente
4350,2025-06-29,5274,1015,Telefone,Prospecção,Pendente
4351,2025-03-06,5292,2036,Telefone,Prospecção,Pendente
4352,2025-03-07,5121,2012,Presencial,Prospecção,Pendente
4353,2025-06-02,5033,2023,Telefone,Prospecção,Pendente
4354,2025-01-27,5338,1004,Online,Prospecção,Realizada
4355,2025-06-30,5415,1006,Presencial,Prospecção,Pendente
4356,2025-04-18,5409,1010,Online,Prospecção,Realizada
4357,2025-06-12,5435,2031,Online,Prospecção,Pendente
4358,2025-05-05,5238,1026,Presencial,Prospecção,Pendente
4359,2025-01-26,5219,1047,Online,Negociação,Pendente
4360,2025-05-29,5160,2012,Online,Prospecção,Pendente
4361,2025-05-08,5046,1001,Telefone,Negociação,Realizada
4362,2025-03-14,5148,1027,Presencial,Negociação,Realizada
4363,2025-05-17,5141,1039,Telefone,Negociação,Pendente
4364,2025-05-17,5173,2036,Telefone,Prospecção,Pendente
4365,2025-04-09,5466,2012,Presencial,Pós-venda,Realizada
4366,2025-02-15,5083,1003,Presencial,Prospecção,Pendente
4367,2025-03-24,5449,2014,Telefone,Pós-venda,Pendente
4368,2025-03-10,5235,1021,Presencial,Prospecção,Pendente
4369,2025-03-28,5235,2005,Presencial,Prospecção,Realizada
4370,2025-06-29,5256,2002,Online,Pós-venda,Pendente
4371,2025-01-26,5143,1015,Online,Prospecção,Pendente
4372,2025-03-17,5163,1017,Online,Prospecção,Pendente
4373,2025-06-12,5312,2012,Presencial,Pós-venda,Realizada
4374,2025-05-12,5130,1007,Online,Prospecção,Pendente
4375,2025-06-11,5246,2020,Online,Negociação,Pendente
4376,2025-04-02,5368,1023,Presencial,Pós-venda,Realizada
4377,2025-01-25,5397,2037,Online,Pós-venda,Realizada
4378,2025-03-21,5289,1002,Telefone,Pós-venda,Realizada
4379,2025-02-27,5118,1040,Presencial,Negociação,Realizada
4380,2025-01-03,5440,1059,Online,Negociação,Pendente
4381,2025-02-09,5182,2001,Presencial,Negociação,Realizada
4382,2025-01-12,5472,1044,Presencial,Pós-venda,Realizada
4383,2025-01-25,5475,1030,Presencial,Negociação,Realizada
4384,2025-02-09,5393,1015,Telefone,Pós-venda,Realizada
4385,2025-04-10,5017,1059,Online,Negociação,Pendente
4386,2025-01-21,5312,1031,Telefone,Prospecção,Pendente
4387,2025-06-26,5466,1002,Presencial,Negociação,Realizada
4388,2025-05-16,5167,1003,Online,Pós-venda,Realizada
4389,2025-01-12,5175,2003,Presencial,Pós-venda,Realizada
4390,2025-01-07,5027,1009,Presencial,Negociação,Pendente
4391,2025-02-27,5232,1041,Telefone,Negociação,Realizada
4392,2025-04-06,5165,1059,Presencial,Prospecção,Realizada
4393,2025-02-08,5310,2007,Telefone,Negociação,Pendente
4394,2025-03-21,5223,1046,Presencial,Negociação,Pendente
4395,2025-06-05,5112,2035,Telefone,Negociação,Pendente
4396,2025-04-15,5405,1050,Telefone,Negociação,Realizada
4397,2025-02-27,5123,1031,Telefone,Pós-venda,Realizada
4398,2025-06-17,5066,2003,Online,Pós-venda,Realizada
4399,2025-02-22,5362,1057,Presencial,Negociação,Pendente
4400,2025-04-09,5332,1014,Presencial,Prospecção,Realizada
4401,2025-02-19,5085,2038,Presencial,Negociação,Pendente
4402,2025-06-14,5459,1059,Telefone,Negociação,Realizada
4403,2025-05-14,5397,1051,Telefone,Prospecção,Realizada
4404,2025-03-13,5423,2007,Online,Negociação,Realizada
4405,2025-05-09,5148,1023,Presencial,Prospecção,Realizada
4406,2025-03-21,5373,1032,Telefone,Negociação,Pendente
4407,2025-01-12,5056,1008,Online,Pós-venda,Pendente
4408,2025-03-01,5157,1023,Presencial,Pós-venda,Pendente
4409,2025-02-19,5016,1041,Online,Prospecção,Realizada
4410,2025-05-09,5005,1010,Presencial,Negociação,Pendente
4411,2025-02-14,5485,2028,Telefone,Pós-venda,Realizada
4412,2025-01-13,5172,2024,Telefone,Prospecção,Realizada
4413,2025-02-26,5273,1051,Presencial,Negociação,Realizada
4414,2025-06-20,5249,2015,Telefone,Prospecção,Realizada
4415,2025-04-29,5026,2021,Presencial,Prospecção,Pendente
4416,2025-03-21,5243,1006,Presencial,Pós-venda,Realizada
4417,2025-01-12,5450,2018,Telefone,Prospecção,Realizada
4418,2025-02-21,5486,1017,Online,Pós-venda,Pendente
4419,2025-01-29,5494,2002,Telefone,Prospecção,Realizada
4420,2025-04-28,5231,1048,Online,Prospecção,Pendente
4421,2025-03-27,5402,1047,Online,Pós-venda,Pendente
4422,2025-04-29,5289,1003,Presencial,Pós-venda,Pendente
4423,2025-04-28,5047,1003,Presencial,Pós-venda,Realizada
4424,2025-02-11,5205,1044,Online,Negociação,Realizada
4425,2025-06-08,5128,2029,Presencial,Prospecção,Realizada
4426,2025-01-01,5210,1047,Presencial,Pós-venda,Realizada
4427,2025-05-02,5466,2029,Online,Negociação,Pendente
4428,2025-05-25,5142,1010,Telefone,Negociação,Realizada
4429,2025-05-03,5238,1013,Presencial,Negociação,Pendente
4430,2025-01-04,5491,1033,Telefone,Pós-venda,Pendente
4431,2025-02-26,5410,2036,Online,Prospecção,Pendente
4432,2025-05-24,5379,1013,Presencial,Negociação,Pendente
4433,2025-06-11,5076,1016,Telefone,Prospecção,Realizada
4434,2025-05-18,5018,2023,Online,Prospecção,Pendente
4435,2025-02-20,5111,1053,Telefone,Prospecção,Pendente
4436,2025-05-03,5164,1037,Telefone,Pós-venda,Pendente
4437,2025-02-17,5197,2027,Online,Negociação,Pendente
4438,2025-04-10,5434,1041,Telefone,Pós-venda,Realizada
4439,2025-02-20,5030,1028,Online,Negociação,Pendente
4440,2025-04-16,5140,2023,Telefone,Pós-venda,Pendente
4441,2025-03-19,5082,1038,Presencial,Pós-venda,Realizada
4442,2025-05-23,5005,1019,Presencial,Pós-venda,Pendente
4443,2025-03-02,5289,1001,Online,Prospecção,Pendente
4444,2025-02-08,5117,1059,Online,Pós-venda,Realizada
4445,2025-05-02,5079,2038,Telefone,Prospecção,Realizada
4446,2025-06-02,5009,1044,Telefone,Negociação,Pendente
4447,2025-04-05,5261,2023,Telefone,Prospecção,Pendente
4448,2025-02-03,5159,2006,Online,Negociação,Realizada
4449,2025-04-22,5398,1042,Telefone,Pós-venda,Pendente
4450,2025-02-23,5434,1058,Presencial,Prospecção,Pendente
4451,2025-03-13,5226,1043,Online,Prospecção,Realizada
4452,2025-03-09,5102,2003,Online,Pós-venda,Pendente
4453,2025-05-23,5324,1037,Presencial,Prospecção,Pendente
4454,2025-02-17,5110,1059,Online,Pós-venda,Pendente
4455,2025-02-24,5022,1049,Telefone,Negociação,Pendente
4456,2025-02-09,5318,1041,Telefone,Prospecção,Realizada
4457,2025-01-07,5380,1014,Telefone,Negociação,Realizada
4458,2025-04-23,5198,2030,Presencial,Prospecção,Realizada
4459,2025-01-06,5325,2014,Presencial,Pós-venda,Realizada
4460,2025-04-02,5268,2027,Telefone,Negociação,Pendente
4461,2025-03-30,5080,1017,Telefone,Pós-venda,Pendente
4462,2025-04-03,5449,1042,Telefone,Pós-venda,Pendente
4463,2025-02-24,5441,2010,Online,Negociação,Pendente
4464,2025-05-08,5272,1033,Online,Negociação,Pendente
4465,2025-06-18,5145,2010,Presencial,Prospecção,Pendente
4466,2025-04-25,5244,2013,Presencial,Prospecção,Pendente
4467,2025-04-19,5030,1018,Presencial,Pós-venda,Pendente
4468,2025-04-02,5455,1012,Presencial,Pós-venda,Pendente
4469,2025-01-27,5081,2032,Online,Prospecção,Realizada
4470,2025-01-17,5212,2012,Telefone,Prospecção,Realizada
4471,2025-03-02,5437,1058,Online,Negociação,Realizada
4472,2025-04-15,5382,1058,Online,Negociação,Realizada
4473,2025-05-29,5374,1009,Online,Negociação,Realizada
4474,2025-01-18,5422,2021,Presencial,Prospecção,Realizada
4475,2025-05-03,5482,2018,Online,Negociação,Realizada
4476,2025-06-23,5214,1013,Presencial,Prospecção,Realizada
4477,2025-02-21,5058,1003,Telefone,Pós-venda,Realizada
4478,2025-02-04,5278,2004,Online,Prospecção,Pendente
4479,2025-03-24,5069,2035,Online,Prospecção,Pendente
4480,2025-05-22,5196,2012,Telefone,Pós-venda,Pendente
4481,2025-01-01,5497,1040,Telefone,Pós-venda,Pendente
4482,2025-02-04,5012,2040,Online,Prospecção,Realizada
4483,2025-05-01,5071,1033,Online,Negociação,Realizada
4484,2025-03-06,5031,1037,Telefone,Negociação,Realizada
4485,2025-04-19,5360,2011,Telefone,Pós-venda,Realizada
4486,2025-02-09,5302,1004,Online,Prospecção,Realizada
4487,2025-02-14,5259,2020,Telefone,Negociação,Pendente
4488,2025-02-05,5028,1055,Online,Negociação,Pendente
4489,2025-05-02,5054,2011,Telefone,Prospecção,Pendente
4490,2025-01-30,5373,2034,Telefone,Prospecção,Pendente
4491,2025-02-09,5175,1054,Telefone,Pós-venda,Pendente
4492,2025-01-05,5136,2011,Online,Prospecção,Pendente
4493,2025-06-07,5299,1060,Telefone,Pós-venda,Pendente
4494,2025-06-30,5382,1014,Telefone,Negociação,Realizada
4495,2025-03-15,5376,2033,Presencial,Pós-venda,Realizada
4496,2025-03-07,5229,1027,Online,Prospecção,Realizada
4497,2025-06-04,5177,1005,Presencial,Pós-venda,Pendente
4498,2025-04-30,5406,1021,Presencial,Negociação,Pendente
4499,2025-06-01,5270,1021,Online,Negociação,Realizada
4500,2025-02-17,5287,1002,Telefone,Pós-venda,Pendente
4501,2025-02-18,5454,1052,Online,Prospecção,Pendente
4502,2025-03-12,5244,1021,Presencial,Prospecção,Realizada
4503,2025-04-20,5102,1012,Online,Pós-venda,Realizada
4504,2025-04-20,5268,2016,Online,Pós-venda,Pendente
4505,2025-04-01,5072,1021,Presencial,Pós-venda,Realizada
4506,2025-02-16,5358,2001,Online,Pós-venda,Realizada
4507,2025-05-06,5477,2009,Online,Prospecção,Pendente
4508,2025-02-08,5020,1054,Telefone,Negociação,Realizada
4509,2025-06-03,5299,1001,Telefone,Negociação,Realizada
4510,2025-03-07,5425,2025,Online,Pós-venda,Pendente
4511,2025-05-06,5097,1005,Online,Negociação,Realizada
4512,2025-01-27,5173,1002,Presencial,Pós-venda,Realizada
4513,2025-06-08,5368,1006,Online,Pós-venda,Pendente
4514,2025-06-29,5198,2023,Online,Prospecção,Realizada
4515,2025-03-20,5377,2028,Telefone,Prospecção,Pendente
4516,2025-05-10,5111,1018,Online,Pós-venda,Realizada
4517,2025-05-13,5044,2015,Online,Negociação,Realizada
4518,2025-04-22,5013,2030,Telefone,Pós-venda,Realizada
4519,2025-04-14,5046,1046,Telefone,Negociação,Pendente
4520,2025-02-21,5045,1034,Telefone,Pós-venda,Pendente
4521,2025-06-13,5104,1053,Presencial,Negociação,Realizada
4522,2025-02-27,5048,1009,Online,Pós-venda,Pendente
4523,2025-01-03,5188,1005,Online,Prospecção,Realizada
4524,2025-04-16,5322,1003,Telefone,Prospecção,Realizada
4525,2025-02-16,5397,1042,Online,Prospecção,Realizada
4526,2025-01-11,5173,2020,Online,Negociação,Realizada
4527,2025-04-07,5344,1018,Presencial,Negociação,Realizada
4528,2025-05-21,5425,1044,Telefone,Pós-venda,Realizada
4529,2025-03-23,5363,2031,Online,Pós-venda,Realizada
4530,2025-03-10,5224,2015,Telefone,Negociação,Pendente
4531,2025-06-11,5025,1028,Online,Pós-venda,Pendente
4532,2025-03-26,5270,1053,Telefone,Pós-venda,Realizada
4533,2025-03-01,5047,1023,Presencial,Pós-venda,Realizada
4534,2025-06-14,5213,1029,Telefone,Negociação,Realizada
4535,2025-01-11,5237,1038,Presencial,Negociação,Realizada
4536,2025-05-23,5413,1044,Telefone,Pós-venda,Realizada
4537,2025-01-21,5467,1031,Telefone,Prospecção,Realizada
4538,2025-03-24,5419,1022,Online,Negociação,Realizada
4539,2025-02-02,5245,1034,Telefone,Pós-venda,Realizada
4540,2025-02-01,5172,1002,Online,Negociação,Realizada
4541,2025-03-10,5201,1057,Telefone,Pós-venda,Pendente
4542,2025-03-19,5312,1029,Presencial,Prospecção,Realizada
4543,2025-02-26,5094,2024,Telefone,Pós-venda,Realizada
4544,2025-03-25,5063,2004,Presencial,Pós-venda,Realizada
4545,2025-04-30,5360,2008,Online,Prospecção,Pendente
4546,2025-05-09,5055,2026,Online,Negociação,Pendente
4547,2025-01-01,5033,2024,Online,Negociação,Pendente
4548,2025-01-14,5096,1016,Online,Negociação,Pendente
4549,2025-04-12,5431,2004,Telefone,Negociação,Pendente
4550,2025-01-30,5499,2032,Presencial,Negociação,Pendente
4551,2025-06-11,5391,1054,Online,Negociação,Realizada
4552,2025-01-07,5245,2035,Presencial,Negociação,Pendente
4553,2025-06-24,5434,1009,Telefone,Negociação,Pendente
4554,2025-03-13,5202,2039,Telefone,Prospecção,Realizada
4555,2025-06-19,5153,2006,Online,Pós-venda,Realizada
4556,2025-04-20,5171,2036,Telefone,Negociação,Pendente
4557,2025-03-10,5220,2029,Presencial,Prospecção,Realizada
4558,2025-03-20,5184,1044,Presencial,Pós-venda,Realizada
4559,2025-03-11,5290,1056,Online,Pós-venda,Realizada
4560,2025-04-26,5020,1031,Telefone,Negociação,Realizada
4561,2025-06-09,5229,1005,Telefone,Pós-venda,Realizada
4562,2025-03-29,5152,2003,Telefone,Prospecção,Pendente
4563,2025-06-17,5212,2039,Presencial,Pós-venda,Realizada
4564,2025-03-08,5058,1029,Presencial,Prospecção,Pendente
4565,2025-03-20,5224,2017,Presencial,Prospecção,Pendente
4566,2025-01-10,5403,1007,Presencial,Negociação,Pendente
4567,2025-02-23,5101,1022,Telefone,Pós-venda,Realizada
4568,2025-04-08,5451,1004,Presencial,Negociação,Realizada
4569,2025-06-11,5077,2031,Online,Prospecção,Realizada
4570,2025-05-01,5403,2011,Presencial,Pós-venda,Realizada
4571,2025-05-20,5462,1057,Telefone,Pós-venda,Realizada
4572,2025-03-15,5150,2027,Telefone,Negociação,Pendente
4573,2025-04-06,5482,1025,Presencial,Negociação,Pendente
4574,2025-06-05,5294,1028,Telefone,Pós-venda,Realizada
4575,2025-04-19,5175,1015,Online,Pós-venda,Pendente
4576,2025-05-10,5178,2014,Online,Negociação,Pendente
4577,2025-01-19,5201,1026,Presencial,Prospecção,Pendente
4578,2025-05-15,5091,1009,Presencial,Negociação,Pendente
4579,2025-01-09,5265,1058,Presencial,Prospecção,Realizada
4580,2025-04-18,5396,2028,Online,Pós-venda,Pendente
4581,2025-06-17,5429,2011,Presencial,Pós-venda,Pendente
4582,2025-06-05,5355,1005,Telefone,Negociação,Pendente
4583,2025-02-23,5394,1015,Online,Prospecção,Pendente
4584,2025-05-22,5284,1058,Telefone,Negociação,Realizada
4585,2025-06-17,5307,1020,Online,Prospecção,Pendente
4586,2025-02-04,5118,2029,Presencial,Prospecção,Realizada
4587,2025-04-03,5306,2003,Telefone,Prospecção,Realizada
4588,2025-03-19,5127,1055,Presencial,Pós-venda,Realizada
4589,2025-06-03,5124,2016,Online,Prospecção,Realizada
4590,2025-02-24,5218,1037,Online,Pós-venda,Pendente
4591,2025-04-01,5284,2031,Telefone,Prospecção,Pendente
4592,2025-01-03,5076,1018,Telefone,Negociação,Pendente
4593,2025-03-27,5491,1022,Presencial,Negociação,Pendente
4594,2025-04-05,5027,1016,Telefone,Prospecção,Pendente
4595,2025-04-21,5369,1048,Online,Prospecção,Pendente
4596,2025-02-10,5146,1016,Telefone,Prospecção,Pendente
4597,2025-03-25,5107,1015,Telefone,Prospecção,Pendente
4598,2025-02-10,5257,1050,Online,Pós-venda,Realizada
4599,2025-05-21,5284,2006,Presencial,Prospecção,Pendente
4600,2025-06-26,5114,1035,Presencial,Pós-venda,Pendente
4601,2025-06-03,5156,1017,Online,Pós-venda,Realizada
4602,2025-05-16,5239,1054,Presencial,Pós-venda,Realizada
4603,2025-06-23,5103,1024,Presencial,Prospecção,Pendente
4604,2025-04-28,5049,1044,Telefone,Prospecção,Realizada
4605,2025-02-11,5139,2034,Telefone,Prospecção,Pendente
4606,2025-06-16,5302,2001,Presencial,Prospecção,Realizada
4607,2025-04-15,5228,1047,Telefone,Negociação,Pendente
4608,2025-03-12,5426,1034,Presencial,Negociação,Pendente
4609,2025-01-07,5009,2025,Online,Negociação,Pendente
4610,2025-05-07,5300,1011,Telefone,Pós-venda,Realizada
4611,2025-02-18,5467,1050,Online,Pós-venda,Pendente
4612,2025-02-06,5183,2008,Presencial,Pós-venda,Pendente
4613,2025-05-08,5498,1058,Online,Negociação,Realizada
4614,2025-06-22,5467,1019,Online,Prospecção,Realizada
4615,2025-01-22,5492,1024,Telefone,Negociação,Pendente
4616,2025-05-05,5135,1006,Telefone,Prospecção,Pendente
4617,2025-06-28,5347,1032,Telefone,Negociação,Pendente
4618,2025-02-05,5136,2007,Presencial,Negociação,Realizada
4619,2025-04-23,5377,2025,Telefone,Pós-venda,Realizada
4620,2025-04-25,5230,2018,Online,Prospecção,Realizada
4621,2025-05-20,5479,1037,Telefone,Pós-venda,Pendente
4622,2025-04-04,5382,1012,Telefone,Prospecção,Realizada
4623,2025-06-19,5162,1055,Online,Negociação,Realizada
4624,2025-05-09,5470,1013,Telefone,Prospecção,Realizada
4625,2025-05-19,5078,1032,Online,Prospecção,Pendente
4626,2025-01-08,5197,2027,Presencial,Negociação,Realizada
4627,2025-03-01,5398,1050,Presencial,Prospecção,Realizada
4628,2025-04-12,5357,2036,Telefone,Prospecção,Pendente
4629,2025-01-31,5258,1025,Presencial,Prospecção,Realizada
4630,2025-01-01,5327,1053,Online,Pós-venda,Realizada
4631,2025-05-15,5337,1055,Telefone,Negociação,Realizada
4632,2025-04-28,5148,1031,Telefone,Prospecção,Realizada
4633,2025-05-07,5439,1010,Presencial,Negociação,Realizada
4634,2025-04-27,5159,1047,Presencial,Prospecção,Pendente
4635,2025-02-22,5180,2009,Telefone,Prospecção,Pendente
4636,2025-06-25,5382,2024,Presencial,Pós-venda,Realizada
4637,2025-05-03,5411,2035,Presencial,Negociação,Pendente
4638,2025-02-27,5479,1008,Presencial,Prospecção,Realizada
4639,2025-04-05,5452,1024,Presencial,Pós-venda,Realizada
4640,2025-01-14,5411,1036,Presencial,Pós-venda,Pendente
4641,2025-03-29,5053,2001,Presencial,Negociação,Realizada
4642,2025-06-16,5152,1006,Presencial,Pós-venda,Pendente
4643,2025-02-25,5467,1016,Presencial,Prospecção,Realizada
4644,2025-02-14,5120,2035,Online,Negociação,Pendente
4645,2025-02-20,5303,1013,Telefone,Negociação,Realizada
4646,2025-04-01,5151,2014,Presencial,Pós-venda,Realizada
4647,2025-03-18,5170,2040,Telefone,Pós-venda,Realizada
4648,2025-01-02,5210,1006,Telefone,Prospecção,Pendente
4649,2025-06-18,5424,2002,Telefone,Negociação,Realizada
4650,2025-01-06,5340,2015,Telefone,Pós-venda,Pendente
4651,2025-05-07,5497,2012,Telefone,Pós-venda,Realizada
4652,2025-04-01,5040,2002,Online,Pós-venda,Pendente
4653,2025-02-06,5252,2027,Telefone,Prospecção,Realizada
4654,2025-04-18,5276,2009,Telefone,Pós-venda,Realizada
4655,2025-05-08,5116,1016,Online,Prospecção,Pendente
4656,2025-01-31,5031,1035,Presencial,Prospecção,Pendente
4657,2025-06-13,5020,1051,Online,Pós-venda,Realizada
4658,2025-03-01,5051,2021,Telefone,Negociação,Realizada
4659,2025-04-08,5239,1010,Online,Prospecção,Pendente
4660,2025-04-15,5317,1018,Presencial,Negociação,Pendente
4661,2025-02-19,5333,1017,Online,Pós-venda,Realizada
4662,2025-02-19,5278,1030,Presencial,Pós-venda,Realizada
4663,2025-05-26,5149,1002,Online,Pós-venda,Pendente
4664,2025-05-22,5273,2019,Presencial,Negociação,Realizada
4665,2025-06-23,5365,2006,Presencial,Pós-venda,Pendente
4666,2025-05-06,5027,1057,Telefone,Prospecção,Pendente
4667,2025-04-27,5381,1040,Online,Negociação,Pendente
4668,2025-05-30,5285,1046,Presencial,Prospecção,Pendente
4669,2025-06-24,5220,1040,Telefone,Negociação,Realizada
4670,2025-06-03,5197,2025,Telefone,Negociação,Realizada
4671,2025-03-10,5207,1031,Presencial,Negociação,Pendente
4672,2025-02-15,5457,2017,Online,Prospecção,Pendente
4673,2025-04-23,5276,1050,Presencial,Prospecção,Pendente
4674,2025-02-28,5125,1020,Telefone,Negociação,Pendente
4675,2025-02-17,5430,1042,Online,Negociação,Realizada
4676,2025-04-19,5492,1040,Telefone,Prospecção,Realizada
4677,2025-05-06,5307,1048,Telefone,Prospecção,Pendente
4678,2025-01-25,5435,1004,Online,Pós-venda,Realizada
4679,2025-04-11,5047,1007,Telefone,Pós-venda,Pendente
4680,2025-02-05,5175,2001,Online,Prospecção,Realizada
4681,2025-03-22,5113,1053,Telefone,Pós-venda,Pendente
4682,2025-02-04,5438,1049,Telefone,Pós-venda,Pendente
4683,2025-05-20,5149,2028,Telefone,Pós-venda,Pendente
4684,2025-02-13,5387,2001,Presencial,Pós-venda,Realizada
4685,2025-02-13,5299,2001,Telefone,Pós-venda,Pendente
4686,2025-05-15,5470,1010,Presencial,Negociação,Pendente
4687,2025-03-02,5425,2015,Online,Prospecção,Pendente
4688,2025-06-08,5048,1058,Online,Negociação,Realizada
4689,2025-06-19,5280,2034,Presencial,Pós-venda,Pendente
4690,2025-05-10,5253,1057,Online,Negociação,Pendente
4691,2025-03-29,5375,2025,Presencial,Prospecção,Pendente
4692,2025-04-06,5007,1026,Telefone,Pós-venda,Realizada
4693,2025-05-06,5269,1026,Online,Pós-venda,Pendente
4694,2025-01-01,5177,1055,Online,Negociação,Pendente
4695,2025-01-09,5382,1058,Telefone,Negociação,Pendente
4696,2025-06-12,5477,1016,Online,Prospecção,Pendente
4697,2025-04-02,5494,1028,Telefone,Pós-venda,Pendente
4698,2025-01-27,5222,1056,Online,Prospecção,Pendente
4699,2025-01-12,5292,2011,Online,Pós-venda,Realizada
4700,2025-04-06,5241,2022,Telefone,Pós-venda,Pendente
4701,2025-03-12,5356,2022,Presencial,Prospecção,Pendente
4702,2025-04-15,5221,1038,Presencial,Negociação,Pendente
4703,2025-04-30,5120,2023,Presencial,Negociação,Realizada
4704,2025-06-20,5405,1007,Presencial,Negociação,Realizada
4705,2025-04-23,5195,2016,Telefone,Pós-venda,Realizada
4706,2025-04-09,5166,2009,Presencial,Pós-venda,Pendente
4707,2025-01-28,5311,1004,Telefone,Pós-venda,Realizada
4708,2025-06-29,5166,1047,Presencial,Prospecção,Realizada
4709,2025-03-07,5241,1031,Online,Pós-venda,Realizada
4710,2025-05-27,5224,1008,Online,Pós-venda,Pendente
4711,2025-05-17,5008,2017,Presencial,Pós-venda,Pendente
4712,2025-03-01,5409,1053,Presencial,Prospecção,Pendente
4713,2025-06-26,5124,1047,Presencial,Pós-venda,Realizada
4714,2025-01-20,5150,1054,Online,Prospecção,Pendente
4715,2025-06-22,5322,1044,Online,Prospecção,Pendente
4716,2025-06-19,5211,2028,Presencial,Negociação,Pendente
4717,2025-04-16,5287,1007,Presencial,Prospecção,Pendente
4718,2025-02-06,5222,1054,Online,Pós-venda,Pendente
4719,2025-03-11,5234,2038,Presencial,Pós-venda,Pendente
4720,2025-06-14,5138,1023,Telefone,Prospecção,Realizada
4721,2025-04-28,5040,2014,Presencial,Prospecção,Realizada
4722,2025-03-12,5487,2002,Presencial,Pós-venda,Pendente
4723,2025-01-06,5350,1026,Telefone,Prospecção,Pendente
4724,2025-01-31,5037,1018,Presencial,Negociação,Realizada
4725,2025-05-05,5466,2029,Telefone,Pós-venda,Realizada
4726,2025-05-17,5390,2025,Presencial,Negociação,Pendente
4727,2025-04-15,5003,1039,Telefone,Negociação,Realizada
4728,2025-04-29,5231,2033,Telefone,Prospecção,Pendente
4729,2025-03-07,5291,2040,Presencial,Negociação,Realizada
4730,2025-06-04,5220,2037,Online,Pós-venda,Pendente
4731,2025-02-06,5374,2032,Online,Pós-venda,Realizada
4732,2025-02-21,5441,1031,Telefone,Pós-venda,Realizada
4733,2025-06-14,5380,1004,Online,Prospecção,Realizada
4734,2025-03-11,5412,2021,Telefone,Pós-venda,Pendente
4735,2025-04-04,5185,2005,Telefone,Pós-venda,Realizada
4736,2025-03-26,5367,2035,Presencial,Pós-venda,Pendente
4737,2025-04-16,5074,2004,Presencial,Pós-venda,Realizada
4738,2025-03-02,5153,1007,Online,Negociação,Realizada
4739,2025-05-17,5113,1010,Presencial,Prospecção,Pendente
4740,2025-05-29,5375,1027,Presencial,Pós-venda,Realizada
4741,2025-06-21,5050,1050,Presencial,Negociação,Pendente
4742,2025-04-13,5395,2024,Presencial,Pós-venda,Realizada
4743,2025-01-12,5154,1028,Online,Negociação,Realizada
4744,2025-06-15,5237,2016,Presencial,Pós-venda,Pendente
4745,2025-01-07,5360,1040,Presencial,Prospecção,Pendente
4746,2025-06-06,5306,2036,Online,Pós-venda,Pendente
4747,2025-01-29,5386,1036,Telefone,Pós-venda,Pendente
4748,2025-06-12,5375,1057,Telefone,Pós-venda,Pendente
4749,2025-02-26,5010,2034,Telefone,Pós-venda,Realizada
4750,2025-05-05,5450,1004,Presencial,Prospecção,Pendente
4751,2025-02-06,5482,1052,Telefone,Pós-venda,Realizada
4752,2025-05-19,5293,2038,Online,Prospecção,Pendente
4753,2025-04-29,5439,1014,Online,Prospecção,Pendente
4754,2025-02-21,5471,2032,Telefone,Negociação,Pendente
4755,2025-01-21,5236,2024,Presencial,Prospecção,Realizada
4756,2025-05-10,5022,1054,Online,Prospecção,Pendente
4757,2025-04-21,5238,1011,Online,Negociação,Realizada
4758,2025-02-21,5311,2013,Telefone,Prospecção,Realizada
4759,2025-01-30,5149,2014,Telefone,Pós-venda,Realizada
4760,2025-03-26,5429,2025,Presencial,Prospecção,Pendente
4761,2025-04-11,5272,1060,Telefone,Pós-venda,Pendente
4762,2025-02-08,5198,2033,Telefone,Prospecção,Realizada
4763,2025-03-22,5476,1010,Online,Pós-venda,Pendente
4764,2025-05-30,5239,1043,Telefone,Prospecção,Realizada
4765,2025-01-29,5355,2010,Presencial,Pós-venda,Realizada
4766,2025-06-27,5156,1024,Presencial,Pós-venda,Realizada
4767,2025-02-06,5436,2033,Online,Prospecção,Realizada
4768,2025-04-12,5227,2014,Presencial,Pós-venda,Realizada
4769,2025-02-25,5042,2027,Presencial,Negociação,Realizada
4770,2025-01-28,5102,2028,Online,Prospecção,Realizada
4771,2025-01-22,5484,1050,Telefone,Negociação,Realizada
4772,2025-05-06,5467,1051,Presencial,Prospecção,Realizada
4773,2025-06-09,5203,1030,Telefone,Prospecção,Pendente
4774,2025-01-25,5153,2013,Telefone,Negociação,Pendente
4775,2025-02-04,5068,1057,Online,Prospecção,Pendente
4776,2025-01-28,5158,1042,Telefone,Pós-venda,Realizada
4777,2025-06-12,5500,1058,Online,Negociação,Realizada
4778,2025-02-22,5406,1020,Telefone,Prospecção,Realizada
4779,2025-02-21,5251,2035,Presencial,Prospecção,Pendente
4780,2025-02-05,5309,1029,Online,Negociação,Realizada
4781,2025-06-18,5207,1017,Telefone,Negociação,Realizada
4782,2025-02-10,5144,1017,Telefone,Negociação,Realizada
4783,2025-05-27,5169,2008,Presencial,Prospecção,Realizada
4784,2025-04-02,5471,2015,Telefone,Prospecção,Pendente
4785,2025-02-06,5227,1047,Presencial,Negociação,Realizada
4786,2025-03-03,5303,2001,Telefone,Pós-venda,Realizada
4787,2025-02-14,5297,2018,Presencial,Pós-venda,Realizada
4788,2025-03-25,5479,1033,Presencial,Pós-venda,Realizada
4789,2025-02-17,5396,1055,Online,Negociação,Realizada
4790,2025-03-25,5362,1028,Online,Negociação,Realizada
4791,2025-01-14,5031,1021,Telefone,Negociação,Pendente
4792,2025-05-02,5391,2001,Presencial,Prospecção,Realizada
4793,2025-01-08,5059,2025,Online,Pós-venda,Pendente
4794,2025-01-31,5019,1011,Telefone,Prospecção,Realizada
4795,2025-03-04,5011,1053,Online,Prospecção,Realizada
4796,2025-03-12,5494,1044,Telefone,Prospecção,Pendente
4797,2025-02-06,5220,2020,Online,Negociação,Realizada
4798,2025-04-30,5449,2020,Telefone,Negociação,Pendente
4799,2025-02-11,5483,2039,Online,Prospecção,Realizada
4800,2025-01-04,5264,2022,Presencial,Negociação,Realizada
4801,2025-01-01,5176,2037,Online,Prospecção,Pendente
4802,2025-06-07,5342,1012,Presencial,Negociação,Realizada
4803,2025-02-04,5026,2003,Presencial,Prospecção,Realizada
4804,2025-01-29,5368,2029,Telefone,Pós-venda,Realizada
4805,2025-01-04,5445,2025,Telefone,Negociação,Pendente
4806,2025-05-18,5343,1003,Telefone,Negociação,Pendente
4807,2025-04-24,5048,2033,Online,Negociação,Realizada
4808,2025-03-27,5091,1048,Telefone,Pós-venda,Realizada
4809,2025-01-05,5358,1055,Telefone,Pós-venda,Pendente
4810,2025-04-25,5343,1021,Online,Prospecção,Realizada
4811,2025-01-28,5433,1032,Presencial,Pós-venda,Pendente
4812,2025-04-05,5270,2032,Online,Prospecção,Pendente
4813,2025-03-07,5049,2010,Telefone,Prospecção,Realizada
4814,2025-04-24,5408,1044,Online,Prospecção,Realizada
4815,2025-02-04,5127,1044,Online,Negociação,Pendente
4816,2025-02-22,5379,1030,Telefone,Pós-venda,Realizada
4817,2025-06-06,5448,1020,Presencial,Negociação,Pendente
4818,2025-01-04,5108,2016,Presencial,Pós-venda,Realizada
4819,2025-03-25,5334,1039,Telefone,Pós-venda,Realizada
4820,2025-06-04,5386,2013,Online,Pós-venda,Pendente
4821,2025-02-11,5291,1045,Online,Negociação,Realizada
4822,2025-02-10,5241,1014,Presencial,Negociação,Pendente
4823,2025-06-03,5401,2014,Online,Pós-venda,Pendente
4824,2025-04-15,5093,2018,Telefone,Negociação,Realizada
4825,2025-01-05,5465,2014,Presencial,Negociação,Pendente
4826,2025-05-28,5057,2032,Online,Negociação,Pendente
4827,2025-03-21,5252,1055,Presencial,Pós-venda,Realizada
4828,2025-04-06,5410,1018,Presencial,Prospecção,Pendente
4829,2025-04-03,5116,1018,Presencial,Pós-venda,Realizada
4830,2025-02-01,5390,1011,Presencial,Pós-venda,Realizada
4831,2025-05-31,5272,2002,Online,Prospecção,Realizada
4832,2025-04-22,5018,1011,Online,Prospecção,Realizada
4833,2025-04-23,5010,2004,Telefone,Prospecção,Realizada
4834,2025-02-08,5212,1031,Online,Pós-venda,Realizada
4835,2025-06-06,5153,2035,Online,Negociação,Realizada
4836,2025-04-30,5398,2031,Online,Negociação,Pendente
4837,2025-06-01,5004,1013,Presencial,Pós-venda,Pendente
4838,2025-05-14,5215,2008,Online,Negociação,Pendente
4839,2025-01-10,5311,1004,Telefone,Pós-venda,Realizada
4840,2025-02-11,5406,1015,Telefone,Negociação,Realizada
4841,2025-05-05,5376,1041,Telefone,Pós-venda,Pendente
4842,2025-05-04,5472,2025,Telefone,Pós-venda,Pendente
4843,2025-02-17,5094,1026,Telefone,Prospecção,Realizada
4844,2025-02-17,5012,1035,Online,Pós-venda,Realizada
4845,2025-06-12,5456,2005,Presencial,Prospecção,Realizada
4846,2025-01-04,5140,1029,Presencial,Pós-venda,Realizada
4847,2025-04-24,5034,2011,Telefone,Prospecção,Pendente
4848,2025-05-22,5406,2024,Telefone,Negociação,Pendente
4849,2025-04-22,5020,1021,Presencial,Prospecção,Realizada
4850,2025-04-14,5254,1031,Telefone,Pós-venda,Realizada
4851,2025-01-30,5097,1003,Telefone,Prospecção,Realizada
4852,2025-03-26,5367,1015,Online,Pós-venda,Realizada
4853,2025-05-18,5030,1035,Telefone,Prospecção,Pendente
4854,2025-06-21,5446,1006,Online,Pós-venda,Pendente
4855,2025-06-02,5496,1009,Presencial,Negociação,Pendente
4856,2025-04-02,5187,1026,Telefone,Pós-venda,Pendente
4857,2025-04-09,5193,1033,Presencial,Prospecção,Pendente
4858,2025-04-13,5269,1032,Online,Prospecção,Pendente
4859,2025-05-20,5009,2013,Online,Pós-venda,Pendente
4860,2025-06-27,5324,2012,Telefone,Negociação,Pendente
4861,2025-05-04,5014,1018,Presencial,Pós-venda,Pendente
4862,2025-06-05,5440,2015,Telefone,Pós-venda,Pendente
4863,2025-05-13,5286,2009,Online,Pós-venda,Realizada
4864,2025-06-14,5060,1002,Online,Prospecção,Pendente
4865,2025-03-11,5375,2020,Presencial,Pós-venda,Realizada
4866,2025-03-07,5392,1008,Telefone,Pós-venda,Pendente
4867,2025-05-05,5388,1008,Telefone,Prospecção,Realizada
4868,2025-05-21,5352,2030,Presencial,Negociação,Pendente
4869,2025-03-23,5362,1053,Online,Prospecção,Pendente
4870,2025-02-16,5449,2033,Online,Prospecção,Realizada
4871,2025-02-19,5439,2035,Online,Pós-venda,Realizada
4872,2025-04-08,5137,1029,Online,Prospecção,Pendente
4873,2025-04-15,5333,2034,Telefone,Prospecção,Realizada
4874,2025-05-18,5338,1040,Presencial,Prospecção,Realizada
4875,2025-04-09,5164,1059,Telefone,Prospecção,Pendente
4876,2025-06-19,5359,1038,Telefone,Pós-venda,Realizada
4877,2025-03-18,5017,2002,Telefone,Negociação,Pendente
4878,2025-02-21,5432,1057,Presencial,Pós-venda,Realizada
4879,2025-04-30,5320,2006,Presencial,Negociação,Pendente
4880,2025-05-20,5314,1045,Presencial,Prospecção,Pendente
4881,2025-03-26,5479,2039,Online,Negociação,Pendente
4882,2025-03-29,5474,1057,Presencial,Prospecção,Realizada
4883,2025-06-28,5192,2032,Telefone,Pós-venda,Realizada
4884,2025-01-13,5214,1018,Presencial,Prospecção,Pendente
4885,2025-03-24,5083,2037,Online,Negociação,Realizada
4886,2025-05-26,5321,2007,Telefone,Pós-venda,Realizada
4887,2025-06-15,5425,1024,Presencial,Prospecção,Pendente
4888,2025-03-29,5030,1027,Presencial,Negociação,Pendente
4889,2025-02-11,5410,2001,Presencial,Negociação,Pendente
4890,2025-01-25,5312,2008,Telefone,Prospecção,Realizada
4891,2025-03-02,5474,2001,Online,Negociação,Realizada
4892,2025-06-26,5243,1019,Online,Negociação,Pendente
4893,2025-05-23,5121,1031,Presencial,Pós-venda,Realizada
4894,2025-05-30,5189,1018,Telefone,Pós-venda,Pendente
4895,2025-04-24,5427,1031,Online,Prospecção,Realizada
4896,2025-03-20,5375,1015,Presencial,Negociação,Pendente
4897,2025-01-29,5276,1015,Telefone,Negociação,Pendente
4898,2025-03-08,5256,2022,Telefone,Pós-venda,Pendente
4899,2025-03-02,5380,1040,Telefone,Prospecção,Pendente
4900,2025-05-22,5042,1001,Online,Prospecção,Realizada
4901,2025-02-24,5331,1032,Online,Prospecção,Pendente
4902,2025-03-19,5424,2014,Telefone,Prospecção,Realizada
4903,2025-03-05,5017,1046,Online,Pós-venda,Realizada
4904,2025-05-15,5055,2020,Presencial,Pós-venda,Realizada
4905,2025-06-29,5439,1030,Online,Pós-venda,Pendente
4906,2025-06-03,5107,1038,Online,Negociação,Pendente
4907,2025-06-09,5324,2035,Online,Prospecção,Realizada
4908,2025-01-05,5356,1042,Online,Pós-venda,Realizada
4909,2025-04-04,5498,1016,Online,Pós-venda,Pendente
4910,2025-04-23,5486,1029,Online,Prospecção,Realizada
4911,2025-06-04,5306,1048,Presencial,Pós-venda,Pendente
4912,2025-01-25,5157,2040,Online,Negociação,Realizada
4913,2025-01-05,5365,1034,Presencial,Prospecção,Pendente
4914,2025-05-03,5012,2026,Online,Pós-venda,Realizada
4915,2025-01-18,5320,2031,Telefone,Negociação,Realizada
4916,2025-04-09,5412,1030,Presencial,Pós-venda,Pendente
4917,2025-01-09,5463,2019,Presencial,Prospecção,Realizada
4918,2025-03-11,5229,2001,Online,Pós-venda,Realizada
4919,2025-05-31,5097,1049,Presencial,Pós-venda,Realizada
4920,2025-01-08,5151,1029,Online,Prospecção,Realizada
4921,2025-01-21,5116,1056,Online,Negociação,Pendente
4922,2025-03-19,5368,1060,Telefone,Negociação,Realizada
4923,2025-04-19,5406,2018,Online,Negociação,Realizada
4924,2025-05-10,5132,2006,Online,Pós-venda,Pendente
4925,2025-03-17,5389,1050,Presencial,Prospecção,Pendente
4926,2025-04-22,5207,1028,Telefone,Negociação,Realizada
4927,2025-01-07,5041,1016,Online,Pós-venda,Pendente
4928,2025-06-12,5472,2036,Telefone,Negociação,Pendente
4929,2025-04-13,5224,1060,Presencial,Prospecção,Realizada
4930,2025-06-02,5077,2037,Telefone,Pós-venda,Pendente
4931,2025-03-29,5484,1048,Presencial,Negociação,Realizada
4932,2025-04-13,5105,2026,Online,Pós-venda,Realizada
4933,2025-01-05,5275,2012,Online,Prospecção,Realizada
4934,2025-04-26,5343,1012,Telefone,Negociação,Pendente
4935,2025-04-11,5439,1009,Online,Prospecção,Realizada
4936,2025-05-02,5497,2031,Presencial,Pós-venda,Pendente
4937,2025-05-09,5317,1059,Telefone,Pós-venda,Pendente
4938,2025-01-18,5176,1020,Telefone,Prospecção,Realizada
4939,2025-04-17,5417,1037,Presencial,Prospecção,Realizada
4940,2025-02-19,5202,2010,Telefone,Negociação,Realizada
4941,2025-03-03,5381,2003,Online,Negociação,Pendente
4942,2025-02-06,5275,1017,Telefone,Prospecção,Pendente
4943,2025-02-26,5122,2037,Online,Prospecção,Pendente
4944,2025-03-20,5087,1024,Online,Prospecção,Pendente
4945,2025-01-07,5213,1040,Telefone,Prospecção,Pendente
4946,2025-02-11,5231,2039,Presencial,Prospecção,Pendente
4947,2025-01-31,5289,1047,Online,Negociação,Realizada
4948,2025-05-03,5392,2037,Telefone,Prospecção,Realizada
4949,2025-03-24,5006,1014,Presencial,Pós-venda,Realizada
4950,2025-03-25,5298,2036,Presencial,Negociação,Pendente
4951,2025-06-18,5338,1028,Presencial,Prospecção,Pendente
4952,2025-01-27,5156,1019,Telefone,Prospecção,Realizada
4953,2025-03-05,5252,1006,Online,Pós-venda,Pendente
4954,2025-06-22,5375,1019,Telefone,Prospecção,Pendente
4955,2025-06-07,5007,2025,Telefone,Prospecção,Realizada
4956,2025-06-09,5081,1043,Telefone,Negociação,Realizada
4957,2025-05-24,5487,1011,Online,Prospecção,Pendente
4958,2025-04-11,5164,2028,Online,Negociação,Pendente
4959,2025-04-15,5232,1009,Online,Negociação,Pendente
4960,2025-01-18,5426,2006,Telefone,Prospecção,Pendente
4961,2025-02-19,5254,1005,Online,Pós-venda,Pendente
4962,2025-05-17,5454,1057,Online,Negociação,Pendente
4963,2025-02-25,5345,1055,Presencial,Pós-venda,Pendente
4964,2025-06-23,5309,1057,Online,Negociação,Pendente
4965,2025-01-20,5343,2031,Presencial,Negociação,Pendente
4966,2025-02-28,5097,1015,Telefone,Prospecção,Realizada
4967,2025-03-12,5244,1003,Presencial,Negociação,Pendente
4968,2025-01-16,5087,1040,Online,Pós-venda,Realizada
4969,2025-04-17,5128,2011,Presencial,Pós-venda,Pendente
4970,2025-06-04,5177,1054,Online,Negociação,Realizada
4971,2025-04-15,5446,2031,Presencial,Pós-venda,Realizada
4972,2025-02-14,5310,1015,Presencial,Negociação,Realizada
4973,2025-02-15,5203,2015,Presencial,Pós-venda,Realizada
4974,2025-05-03,5375,1052,Telefone,Negociação,Pendente
4975,2025-06-29,5256,1060,Presencial,Prospecção,Pendente
4976,2025-05-23,5200,1049,Online,Negociação,Pendente
4977,2025-01-07,5027,2002,Online,Prospecção,Pendente
4978,2025-02-23,5216,1005,Telefone,Prospecção,Pendente
4979,2025-01-25,5063,1006,Telefone,Prospecção,Pendente
4980,2025-03-03,5436,2015,Presencial,Pós-venda,Realizada
4981,2025-01-22,5017,1014,Telefone,Pós-venda,Pendente
4982,2025-04-09,5444,1057,Online,Pós-venda,Pendente
4983,2025-05-08,5024,1027,Online,Pós-venda,Realizada
4984,2025-03-10,5390,1011,Online,Prospecção,Realizada
4985,2025-01-28,5146,1040,Telefone,Pós-venda,Realizada
4986,2025-02-22,5288,1050,Presencial,Negociação,Realizada
4987,2025-04-13,5452,1036,Presencial,Prospecção,Realizada
4988,2025-06-09,5481,1026,Online,Prospecção,Pendente
4989,2025-01-03,5152,2013,Online,Pós-venda,Realizada
4990,2025-05-01,5077,1013,Online,Prospecção,Pendente
4991,2025-04-10,5157,1010,Telefone,Pós-venda,Realizada
4992,2025-04-08,5186,2009,Telefone,Negociação,Pendente
4993,2025-06-19,5353,1040,Presencial,Pós-venda,Realizada
4994,2025-01-10,5478,2008,Online,Pós-venda,Realizada
4995,2025-01-20,5049,1041,Telefone,Pós-venda,Pendente
4996,2025-04-30,5008,2027,Telefone,Negociação,Realizada
4997,2025-05-05,5475,1034,Telefone,Negociação,Pendente
4998,2025-02-28,5499,2016,Online,Pós-venda,Pendente
4999,2025-02-13,5201,1057,Online,Pós-venda,Realizada
5000,2025-04-19,5167,1056,Presencial,Negociação,Pendente
5001,2025-02-06,5445,1038,Presencial,Pós-venda,Realizada
5002,2025-04-22,5170,2026,Telefone,Prospecção,Pendente
5003,2025-03-28,5029,1036,Presencial,Pós-venda,Pendente
5004,2025-04-01,5027,1020,Online,Pós-venda,Realizada
5005,2025-05-28,5406,2013,Telefone,Pós-venda,Pendente
5006,2025-03-19,5449,2006,Telefone,Prospecção,Realizada
5007,2025-02-10,5194,1030,Online,Negociação,Realizada
5008,2025-05-12,5368,1046,Presencial,Negociação,Pendente
5009,2025-01-04,5359,1046,Presencial,Negociação,Realizada
5010,2025-02-24,5328,2032,Presencial,Pós-venda,Pendente
5011,2025-06-19,5036,1036,Presencial,Pós-venda,Realizada
5012,2025-02-02,5002,1039,Presencial,Pós-venda,Pendente
5013,2025-06-28,5402,1030,Presencial,Prospecção,Realizada
5014,2025-01-05,5467,2011,Online,Negociação,Realizada
5015,2025-06-26,5339,1026,Presencial,Negociação,Realizada
5016,2025-03-14,5229,1001,Presencial,Prospecção,Realizada
5017,2025-01-15,5331,2028,Presencial,Pós-venda,Pendente
5018,2025-03-14,5278,1038,Telefone,Negociação,Pendente
5019,2025-02-23,5077,2002,Telefone,Prospecção,Pendente
5020,2025-01-21,5335,1024,Presencial,Negociação,Pendente
5021,2025-02-12,5425,1015,Telefone,Prospecção,Realizada
5022,2025-05-17,5184,2029,Telefone,Prospecção,Pendente
5023,2025-02-14,5281,1052,Presencial,Prospecção,Pendente
5024,2025-04-12,5448,1014,Telefone,Pós-venda,Realizada
5025,2025-06-02,5340,1032,Telefone,Pós-venda,Realizada
5026,2025-01-12,5344,1020,Telefone,Negociação,Pendente
5027,2025-01-15,5209,1001,Presencial,Pós-venda,Pendente
5028,2025-04-03,5060,2032,Telefone,Prospecção,Realizada
5029,2025-02-15,5223,2028,Online,Pós-venda,Realizada
5030,2025-06-10,5239,2008,Telefone,Negociação,Pendente
5031,2025-05-21,5467,2026,Telefone,Negociação,Realizada
5032,2025-05-25,5352,1059,Online,Negociação,Pendente
5033,2025-06-26,5026,1042,Presencial,Negociação,Realizada
5034,2025-02-01,5154,2021,Telefone,Prospecção,Realizada
5035,2025-04-27,5436,1022,Online,Negociação,Pendente
5036,2025-06-26,5104,2020,Presencial,Negociação,Realizada
5037,2025-04-30,5285,1054,Presencial,Pós-venda,Pendente
5038,2025-01-27,5206,2009,Online,Prospecção,Pendente
5039,2025-03-04,5312,1053,Presencial,Negociação,Realizada
5040,2025-01-28,5248,2024,Online,Negociação,Pendente
5041,2025-01-29,5174,1046,Telefone,Pós-venda,Pendente
5042,2025-04-21,5492,2030,Telefone,Pós-venda,Realizada
5043,2025-03-05,5310,1022,Presencial,Negociação,Realizada
5044,2025-05-30,5148,2032,Online,Negociação,Pendente
5045,2025-01-30,5077,2024,Telefone,Prospecção,Pendente
5046,2025-01-03,5210,1035,Telefone,Negociação,Pendente
5047,2025-05-19,5186,2002,Presencial,Pós-venda,Realizada
5048,2025-03-13,5111,1051,Telefone,Negociação,Realizada
5049,2025-04-11,5396,1046,Telefone,Prospecção,Realizada
5050,2025-05-05,5260,1059,Online,Pós-venda,Pendente
5051,2025-04-14,5108,2037,Online,Negociação,Pendente
5052,2025-01-18,5019,1002,Presencial,Prospecção,Realizada
5053,2025-03-14,5334,1036,Telefone,Pós-venda,Pendente
5054,2025-05-07,5116,2030,Presencial,Prospecção,Realizada
5055,2025-04-04,5479,1049,Telefone,Prospecção,Pendente
5056,2025-02-14,5094,2015,Online,Pós-venda,Realizada
5057,2025-01-25,5049,1058,Online,Negociação,Pendente
5058,2025-01-05,5035,1029,Presencial,Pós-venda,Realizada
5059,2025-06-04,5233,2035,Online,Prospecção,Pendente
5060,2025-05-02,5344,2017,Telefone,Prospecção,Realizada
5061,2025-06-05,5310,2034,Online,Pós-venda,Realizada
5062,2025-06-08,5311,1039,Online,Negociação,Pendente
5063,2025-04-12,5048,1037,Telefone,Pós-venda,Realizada
5064,2025-04-09,5328,1058,Online,Pós-venda,Realizada
5065,2025-06-14,5238,2020,Telefone,Negociação,Pendente
5066,2025-03-23,5309,1009,Online,Pós-venda,Realizada
5067,2025-02-26,5462,1013,Presencial,Pós-venda,Realizada
5068,2025-02-20,5310,2027,Online,Negociação,Pendente
5069,2025-06-17,5405,1059,Presencial,Prospecção,Realizada
5070,2025-03-12,5287,2015,Telefone,Pós-venda,Realizada
5071,2025-05-20,5109,2013,Presencial,Prospecção,Realizada
5072,2025-02-08,5364,1013,Online,Prospecção,Pendente
5073,2025-01-30,5375,2012,Presencial,Pós-venda,Realizada
5074,2025-02-13,5446,1056,Telefone,Negociação,Realizada
5075,2025-06-29,5211,1042,Online,Negociação,Realizada
5076,2025-04-11,5211,1016,Presencial,Negociação,Realizada
5077,2025-05-04,5062,1046,Online,Negociação,Pendente
5078,2025-02-22,5275,2011,Telefone,Pós-venda,Realizada
5079,2025-02-10,5254,1054,Presencial,Prospecção,Realizada
5080,2025-05-15,5421,1015,Telefone,Pós-venda,Realizada
5081,2025-06-27,5446,2029,Presencial,Negociação,Pendente
5082,2025-02-04,5315,2039,Online,Negociação,Realizada
5083,2025-05-06,5209,1052,Telefone,Negociação,Realizada
5084,2025-01-13,5458,1028,Presencial,Prospecção,Realizada
5085,2025-05-05,5313,1056,Telefone,Negociação,Pendente
5086,2025-01-02,5131,2034,Presencial,Negociação,Pendente
5087,2025-01-03,5182,1019,Online,Negociação,Realizada
5088,2025-05-24,5100,1029,Presencial,Prospecção,Pendente
5089,2025-01-30,5261,2005,Presencial,Prospecção,Pendente
5090,2025-06-13,5097,1007,Telefone,Pós-venda,Pendente
5091,2025-05-04,5308,2009,Telefone,Negociação,Pendente
5092,2025-02-17,5097,1022,Online,Negociação,Pendente
5093,2025-01-12,5065,1023,Telefone,Negociação,Pendente
5094,2025-05-31,5388,2039,Telefone,Pós-venda,Pendente
5095,2025-05-21,5438,1010,Telefone,Negociação,Pendente
5096,2025-05-20,5096,2034,Presencial,Prospecção,Realizada
5097,2025-01-26,5239,1028,Online,Pós-venda,Realizada
5098,2025-01-07,5425,1056,Telefone,Pós-venda,Pendente
5099,2025-06-16,5235,1005,Online,Prospecção,Pendente
5100,2025-05-18,5173,1011,Telefone,Pós-venda,Realizada
5101,2025-05-25,5302,2037,Telefone,Negociação,Pendente
5102,2025-05-11,5365,2037,Presencial,Pós-venda,Pendente
5103,2025-01-01,5213,1013,Presencial,Pós-venda,Realizada
5104,2025-02-02,5193,1047,Presencial,Negociação,Realizada
5105,2025-05-26,5294,1031,Telefone,Negociação,Pendente
5106,2025-06-29,5146,1045,Presencial,Prospecção,Pendente
5107,2025-02-28,5071,2005,Presencial,Negociação,Realizada
5108,2025-06-19,5389,1057,Telefone,Pós-venda,Realizada
5109,2025-05-24,5388,2032,Telefone,Prospecção,Pendente
5110,2025-04-25,5049,2039,Presencial,Prospecção,Realizada
5111,2025-05-15,5082,2034,Presencial,Negociação,Pendente
5112,2025-04-28,5224,2033,Presencial,Negociação,Realizada
5113,2025-03-05,5039,1044,Online,Prospecção,Pendente
5114,2025-06-09,5342,1022,Telefone,Prospecção,Pendente
5115,2025-03-21,5495,2027,Telefone,Negociação,Realizada
5116,2025-06-11,5021,1028,Presencial,Pós-venda,Pendente
5117,2025-05-22,5301,2030,Presencial,Negociação,Pendente
5118,2025-04-18,5159,1026,Telefone,Pós-venda,Realizada
5119,2025-01-03,5117,1055,Presencial,Negociação,Pendente
5120,2025-04-28,5432,1007,Online,Prospecção,Pendente
5121,2025-01-05,5262,1017,Online,Negociação,Pendente
5122,2025-02-03,5194,1039,Online,Negociação,Pendente
5123,2025-06-15,5257,2021,Telefone,Prospecção,Realizada
5124,2025-06-25,5050,1025,Telefone,Negociação,Pendente
5125,2025-05-08,5132,1013,Presencial,Pós-venda,Pendente
5126,2025-04-08,5446,1016,Presencial,Prospecção,Pendente
5127,2025-03-18,5143,2016,Telefone,Prospecção,Pendente
5128,2025-02-11,5330,1056,Telefone,Prospecção,Pendente
5129,2025-03-25,5172,1038,Telefone,Negociação,Pendente
5130,2025-01-06,5343,1023,Telefone,Negociação,Realizada
5131,2025-02-20,5303,1036,Telefone,Prospecção,Realizada
5132,2025-02-14,5138,1036,Online,Pós-venda,Pendente
5133,2025-02-18,5341,1042,Telefone,Pós-venda,Realizada
5134,2025-01-11,5293,1020,Presencial,Pós-venda,Pendente
5135,2025-02-10,5279,1009,Online,Prospecção,Realizada
5136,2025-01-16,5255,1058,Online,Prospecção,Realizada
5137,2025-06-14,5486,2037,Online,Negociação,Realizada
5138,2025-03-26,5183,2028,Online,Prospecção,Realizada
5139,2025-06-09,5228,2005,Telefone,Negociação,Pendente
5140,2025-02-28,5407,2025,Presencial,Pós-venda,Realizada
5141,2025-03-13,5339,1017,Presencial,Pós-venda,Pendente
5142,2025-06-27,5108,1007,Presencial,Prospecção,Pendente
5143,2025-05-27,5382,2014,Telefone,Prospecção,Realizada
5144,2025-05-17,5124,2008,Presencial,Negociação,Realizada
5145,2025-02-18,5460,2012,Telefone,Pós-venda,Pendente
5146,2025-01-06,5350,2024,Telefone,Prospecção,Realizada
5147,2025-06-14,5408,1048,Presencial,Negociação,Pendente
5148,2025-01-05,5288,1033,Presencial,Negociação,Pendente
5149,2025-04-28,5074,1054,Presencial,Prospecção,Pendente
5150,2025-03-11,5232,2003,Presencial,Negociação,Pendente
5151,2025-06-20,5284,1034,Online,Pós-venda,Realizada
5152,2025-06-26,5080,2001,Online,Pós-venda,Realizada
5153,2025-03-31,5248,2019,Presencial,Pós-venda,Realizada
5154,2025-03-18,5076,2002,Online,Negociação,Pendente
5155,2025-03-26,5189,1036,Online,Negociação,Pendente
5156,2025-06-26,5327,1054,Presencial,Negociação,Pendente
5157,2025-05-24,5329,2037,Telefone,Pós-venda,Pendente
5158,2025-03-27,5072,1007,Presencial,Pós-venda,Realizada
5159,2025-02-22,5051,2040,Presencial,Pós-venda,Realizada
5160,2025-04-27,5484,1002,Online,Negociação,Pendente
5161,2025-05-22,5127,1003,Online,Prospecção,Pendente
5162,2025-03-22,5013,1009,Telefone,Prospecção,Pendente
5163,2025-05-08,5034,1022,Telefone,Prospecção,Realizada
5164,2025-04-20,5122,2007,Online,Prospecção,Realizada
5165,2025-04-03,5319,1029,Online,Pós-venda,Pendente
5166,2025-03-27,5423,2037,Online,Pós-venda,Pendente
5167,2025-01-05,5387,1048,Presencial,Pós-venda,Realizada
5168,2025-01-08,5382,1003,Presencial,Negociação,Pendente
5169,2025-02-25,5231,2029,Telefone,Pós-venda,Pendente
5170,2025-02-04,5358,1030,Online,Pós-venda,Realizada
5171,2025-01-11,5382,2033,Online,Pós-venda,Pendente
5172,2025-03-31,5039,1006,Presencial,Pós-venda,Realizada
5173,2025-01-09,5427,1028,Online,Negociação,Realizada
5174,2025-03-26,5436,2036,Online,Pós-venda,Pendente
5175,2025-03-06,5492,1003,Telefone,Prospecção,Pendente
5176,2025-06-23,5500,1014,Presencial,Negociação,Pendente
5177,2025-01-14,5317,2022,Online,Negociação,Realizada
5178,2025-03-17,5409,1006,Presencial,Prospecção,Pendente
5179,2025-06-27,5096,2010,Presencial,Pós-venda,Realizada
5180,2025-02-21,5229,1030,Presencial,Pós-venda,Pendente
5181,2025-06-24,5154,2038,Presencial,Pós-venda,Pendente
5182,2025-06-24,5399,1022,Telefone,Negociação,Realizada
5183,2025-05-28,5279,2011,Presencial,Negociação,Realizada
5184,2025-05-26,5185,1024,Online,Prospecção,Realizada
5185,2025-03-21,5315,2040,Presencial,Pós-venda,Realizada
5186,2025-04-12,5475,1001,Online,Negociação,Realizada
5187,2025-06-23,5238,2019,Presencial,Prospecção,Realizada
5188,2025-01-05,5206,2032,Online,Negociação,Pendente
5189,2025-01-06,5032,1006,Presencial,Prospecção,Realizada
5190,2025-02-05,5310,1001,Online,Pós-venda,Pendente
5191,2025-05-03,5247,2002,Telefone,Negociação,Pendente
5192,2025-02-03,5293,1013,Telefone,Prospecção,Pendente
5193,2025-01-18,5052,2033,Presencial,Negociação,Realizada
5194,2025-01-30,5091,2026,Telefone,Negociação,Realizada
5195,2025-04-17,5480,2004,Presencial,Pós-venda,Pendente
5196,2025-04-02,5219,2003,Online,Negociação,Realizada
5197,2025-04-29,5102,1025,Online,Negociação,Pendente
5198,2025-05-04,5156,2010,Presencial,Pós-venda,Realizada
5199,2025-06-13,5274,2040,Online,Prospecção,Realizada
5200,2025-03-07,5079,2024,Telefone,Negociação,Realizada
5201,2025-05-17,5004,1045,Presencial,Prospecção,Pendente
5202,2025-03-26,5451,2033,Presencial,Pós-venda,Realizada
5203,2025-05-02,5444,2038,Presencial,Prospecção,Realizada
5204,2025-04-30,5082,1022,Telefone,Prospecção,Pendente
5205,2025-01-06,5474,2017,Online,Prospecção,Pendente
5206,2025-05-10,5035,2025,Presencial,Negociação,Pendente
5207,2025-01-01,5414,2038,Presencial,Pós-venda,Realizada
5208,2025-02-06,5239,2003,Presencial,Pós-venda,Pendente
5209,2025-02-27,5191,1012,Telefone,Pós-venda,Realizada
5210,2025-03-08,5143,1028,Telefone,Negociação,Realizada
5211,2025-06-03,5387,1023,Telefone,Prospecção,Realizada
5212,2025-02-21,5095,1034,Telefone,Prospecção,Pendente
5213,2025-01-29,5381,1002,Presencial,Negociação,Pendente
5214,2025-01-19,5214,2025,Online,Pós-venda,Realizada
5215,2025-04-25,5243,1009,Telefone,Pós-venda,Realizada
5216,2025-03-18,5138,1020,Telefone,Negociação,Realizada
5217,2025-03-29,5261,2014,Presencial,Negociação,Realizada
5218,2025-02-13,5144,2005,Presencial,Prospecção,Realizada
5219,2025-02-24,5340,2012,Presencial,Negociação,Realizada
5220,2025-02-27,5245,2015,Telefone,Prospecção,Realizada
5221,2025-05-31,5217,2024,Online,Negociação,Realizada
5222,2025-02-23,5087,2024,Online,Pós-venda,Pendente
5223,2025-04-12,5178,1030,Online,Negociação,Realizada
5224,2025-01-18,5234,1055,Telefone,Negociação,Pendente
5225,2025-01-15,5139,1008,Presencial,Prospecção,Pendente
5226,2025-06-24,5263,1047,Online,Negociação,Realizada
5227,2025-01-15,5436,2034,Presencial,Prospecção,Realizada
5228,2025-04-10,5083,1057,Telefone,Negociação,Pendente
5229,2025-02-22,5314,1012,Online,Negociação,Pendente
5230,2025-04-01,5118,1025,Telefone,Pós-venda,Pendente
5231,2025-04-03,5488,2012,Presencial,Pós-venda,Pendente
5232,2025-05-28,5090,1042,Telefone,Negociação,Pendente
5233,2025-06-06,5258,1046,Telefone,Pós-venda,Realizada
5234,2025-05-20,5065,1050,Online,Pós-venda,Realizada
5235,2025-01-03,5333,2022,Telefone,Prospecção,Pendente
5236,2025-05-16,5188,1014,Presencial,Negociação,Realizada
5237,2025-01-29,5225,1020,Presencial,Pós-venda,Pendente
5238,2025-06-20,5111,2006,Presencial,Prospecção,Pendente
5239,2025-02-07,5345,1042,Online,Pós-venda,Pendente
5240,2025-05-19,5017,1016,Presencial,Prospecção,Realizada
5241,2025-02-28,5478,2009,Presencial,Pós-venda,Realizada
5242,2025-02-12,5022,1053,Online,Negociação,Realizada
5243,2025-02-11,5129,1034,Online,Pós-venda,Realizada
5244,2025-04-01,5308,1021,Telefone,Pós-venda,Pendente
5245,2025-04-25,5326,2024,Telefone,Prospecção,Realizada
5246,2025-01-09,5346,1042,Presencial,Prospecção,Realizada
5247,2025-03-04,5257,2033,Telefone,Prospecção,Pendente
5248,2025-04-16,5141,2039,Online,Pós-venda,Pendente
5249,2025-03-31,5167,1027,Online,Pós-venda,Pendente
5250,2025-03-10,5275,1013,Telefone,Negociação,Realizada
5251,2025-01-08,5274,2029,Telefone,Negociação,Realizada
5252,2025-05-29,5033,1052,Telefone,Negociação,Realizada
5253,2025-04-03,5012,2003,Online,Pós-venda,Realizada
5254,2025-04-09,5332,1047,Online,Prospecção,Realizada
5255,2025-04-14,5264,1019,Telefone,Prospecção,Realizada
5256,2025-01-04,5396,2013,Telefone,Prospecção,Pendente
5257,2025-04-24,5108,2005,Online,Negociação,Realizada
5258,2025-03-01,5192,1057,Telefone,Pós-venda,Realizada
5259,2025-04-15,5212,1013,Online,Negociação,Pendente
5260,2025-04-02,5150,1057,Presencial,Pós-venda,Pendente
5261,2025-01-26,5220,1049,Online,Prospecção,Pendente
5262,2025-04-07,5112,2007,Online,Prospecção,Pendente
5263,2025-06-07,5354,2011,Online,Pós-venda,Realizada
5264,2025-03-11,5022,1014,Telefone,Negociação,Realizada
5265,2025-02-18,5137,1011,Online,Prospecção,Realizada
5266,2025-05-13,5383,1002,Presencial,Prospecção,Realizada
5267,2025-01-20,5078,1035,Presencial,Pós-venda,Pendente
5268,2025-05-10,5147,1044,Presencial,Pós-venda,Pendente
5269,2025-06-25,5211,1030,Online,Prospecção,Pendente
5270,2025-02-07,5440,1054,Presencial,Pós-venda,Pendente
5271,2025-06-19,5285,2014,Online,Prospecção,Realizada
5272,2025-04-03,5118,2014,Telefone,Pós-venda,Pendente
5273,2025-06-04,5407,2010,Telefone,Prospecção,Realizada
5274,2025-03-01,5038,2031,Telefone,Pós-venda,Realizada
5275,2025-05-23,5385,1020,Telefone,Pós-venda,Realizada
5276,2025-06-07,5071,2037,Online,Prospecção,Realizada
5277,2025-01-27,5467,1041,Presencial,Prospecção,Pendente
5278,2025-02-04,5281,1052,Online,Pós-venda,Pendente
5279,2025-04-04,5301,1006,Online,Negociação,Pendente
5280,2025-02-01,5064,2020,Telefone,Pós-venda,Realizada
5281,2025-01-18,5132,1036,Online,Negociação,Realizada
5282,2025-06-24,5404,2011,Online,Negociação,Realizada
5283,2025-01-05,5179,2037,Telefone,Pós-venda,Realizada
5284,2025-06-02,5179,2011,Online,Pós-venda,Pendente
5285,2025-06-13,5113,2019,Telefone,Prospecção,Pendente
5286,2025-02-24,5322,2026,Presencial,Prospecção,Pendente
5287,2025-06-30,5212,2006,Presencial,Negociação,Pendente
5288,2025-03-29,5449,2027,Online,Pós-venda,Pendente
5289,2025-04-21,5169,2016,Online,Pós-venda,Realizada
5290,2025-01-10,5165,1010,Telefone,Negociação,Realizada
5291,2025-03-11,5431,2040,Online,Negociação,Pendente
5292,2025-04-23,5135,1033,Telefone,Prospecção,Pendente
5293,2025-05-14,5365,1038,Presencial,Negociação,Realizada
5294,2025-03-28,5045,2004,Telefone,Negociação,Realizada
5295,2025-04-15,5286,2034,Online,Negociação,Realizada
5296,2025-06-13,5401,2007,Telefone,Pós-venda,Pendente
5297,2025-05-26,5245,1060,Presencial,Pós-venda,Realizada
5298,2025-06-27,5491,2024,Online,Negociação,Realizada
5299,2025-06-07,5457,1055,Online,Pós-venda,Pendente
5300,2025-02-02,5256,2019,Telefone,Pós-venda,Pendente
5301,2025-06-16,5484,2014,Online,Prospecção,Realizada
5302,2025-06-10,5364,1012,Presencial,Prospecção,Pendente
5303,2025-06-02,5198,1015,Telefone,Negociação,Realizada
5304,2025-03-05,5331,2001,Presencial,Negociação,Pendente
5305,2025-04-10,5227,1034,Presencial,Negociação,Pendente
5306,2025-05-10,5391,1043,Online,Prospecção,Realizada
5307,2025-05-02,5254,1007,Presencial,Prospecção,Pendente
5308,2025-04-10,5231,1018,Presencial,Negociação,Pendente
5309,2025-05-09,5097,2015,Online,Prospecção,Realizada
5310,2025-05-10,5270,2026,Telefone,Negociação,Pendente
5311,2025-02-09,5242,1051,Online,Pós-venda,Realizada
5312,2025-03-10,5203,1036,Telefone,Pós-venda,Realizada
5313,2025-01-23,5434,1057,Online,Pós-venda,Realizada
5314,2025-06-10,5028,2012,Online,Prospecção,Realizada
5315,2025-02-25,5434,1032,Telefone,Prospecção,Pendente
5316,2025-03-22,5336,1045,Telefone,Prospecção,Pendente
5317,2025-06-23,5390,2010,Online,Negociação,Realizada
5318,2025-01-06,5116,1030,Presencial,Pós-venda,Realizada
5319,2025-05-24,5170,2025,Online,Pós-venda,Realizada
5320,2025-03-09,5184,1019,Online,Negociação,Realizada
5321,2025-01-08,5472,2014,Telefone,Negociação,Realizada
5322,2025-06-15,5401,2030,Online,Prospecção,Pendente
5323,2025-04-02,5470,1044,Telefone,Pós-venda,Pendente
5324,2025-03-05,5015,2005,Telefone,Negociação,Pendente
5325,2025-05-28,5406,1031,Telefone,Negociação,Realizada
5326,2025-05-23,5251,1011,Telefone,Negociação,Pendente
5327,2025-03-15,5359,2014,Presencial,Prospecção,Realizada
5328,2025-06-12,5208,1051,Telefone,Prospecção,Pendente
5329,2025-03-05,5019,1030,Online,Prospecção,Realizada
5330,2025-02-12,5400,1039,Telefone,Pós-venda,Pendente
5331,2025-04-12,5315,1049,Presencial,Pós-venda,Pendente
5332,2025-06-10,5105,1059,Presencial,Prospecção,Realizada
5333,2025-01-14,5156,2014,Online,Pós-venda,Pendente
5334,2025-06-26,5119,1040,Online,Pós-venda,Realizada
5335,2025-05-16,5237,2033,Presencial,Negociação,Pendente
5336,2025-06-17,5200,2039,Online,Negociação,Realizada
5337,2025-02-04,5091,1036,Online,Negociação,Realizada
5338,2025-01-02,5160,2006,Presencial,Negociação,Realizada
5339,2025-04-28,5047,1051,Telefone,Negociação,Realizada
5340,2025-06-14,5490,1045,Telefone,Negociação,Pendente
5341,2025-06-18,5385,1006,Telefone,Pós-venda,Realizada
5342,2025-04-03,5099,1003,Online,Prospecção,Realizada
5343,2025-04-19,5468,1026,Online,Prospecção,Pendente
5344,2025-01-30,5493,2033,Telefone,Prospecção,Pendente
5345,2025-01-18,5470,2010,Presencial,Pós-venda,Pendente
5346,2025-03-12,5280,2001,Telefone,Negociação,Pendente
5347,2025-03-22,5032,1002,Telefone,Negociação,Realizada
5348,2025-05-16,5171,2013,Online,Prospecção,Pendente
5349,2025-03-06,5074,1025,Presencial,Pós-venda,Pendente
5350,2025-01-01,5385,1031,Online,Pós-venda,Pendente
5351,2025-01-22,5037,1057,Presencial,Negociação,Realizada
5352,2025-03-22,5494,1008,Presencial,Pós-venda,Realizada
5353,2025-01-12,5438,2038,Online,Negociação,Realizada
5354,2025-05-01,5431,1012,Online,Pós-venda,Pendente
5355,2025-05-16,5161,2006,Telefone,Pós-venda,Realizada
5356,2025-04-09,5187,1027,Telefone,Prospecção,Realizada
5357,2025-04-10,5144,1002,Presencial,Prospecção,Pendente
5358,2025-04-01,5146,2035,Presencial,Pós-venda,Realizada
5359,2025-06-23,5258,2022,Online,Negociação,Pendente
5360,2025-01-14,5448,2018,Presencial,Pós-venda,Realizada
5361,2025-02-07,5452,2007,Presencial,Pós-venda,Pendente
5362,2025-03-01,5231,2022,Online,Prospecção,Pendente
5363,2025-06-12,5412,1053,Online,Negociação,Pendente
5364,2025-05-23,5033,2010,Online,Pós-venda,Pendente
5365,2025-06-07,5084,1049,Presencial,Prospecção,Pendente
5366,2025-01-27,5087,1016,Presencial,Prospecção,Pendente
5367,2025-06-16,5448,1036,Presencial,Pós-venda,Realizada
5368,2025-06-11,5214,1011,Presencial,Negociação,Pendente
5369,2025-05-06,5081,1046,Presencial,Prospecção,Realizada
5370,2025-02-12,5250,2007,Telefone,Pós-venda,Pendente
5371,2025-05-04,5400,1025,Telefone,Pós-venda,Realizada
5372,2025-05-20,5316,1030,Online,Pós-venda,Pendente
5373,2025-06-08,5316,1029,Online,Prospecção,Pendente
5374,2025-05-25,5372,2008,Presencial,Prospecção,Pendente
5375,2025-04-30,5085,1012,Telefone,Prospecção,Realizada
5376,2025-05-05,5042,1026,Telefone,Pós-venda,Pendente
5377,2025-04-03,5185,2014,Online,Pós-venda,Pendente
5378,2025-05-03,5048,2037,Online,Pós-venda,Realizada
5379,2025-06-11,5103,1045,Presencial,Negociação,Pendente
5380,2025-05-30,5004,2005,Telefone,Pós-venda,Realizada
5381,2025-03-10,5440,2025,Online,Negociação,Pendente
5382,2025-06-30,5023,1024,Online,Prospecção,Realizada
5383,2025-05-19,5417,1053,Presencial,Prospecção,Realizada
5384,2025-01-11,5174,1037,Online,Prospecção,Realizada
5385,2025-06-13,5065,2019,Online,Pós-venda,Realizada
5386,2025-01-01,5140,2001,Online,Pós-venda,Pendente
5387,2025-02-08,5213,1044,Telefone,Pós-venda,Realizada
5388,2025-03-30,5058,1006,Online,Pós-venda,Realizada
5389,2025-03-21,5321,1047,Telefone,Negociação,Pendente
5390,2025-03-20,5094,2017,Presencial,Negociação,Realizada
5391,2025-06-17,5279,2037,Online,Pós-venda,Realizada
5392,2025-05-29,5043,2028,Presencial,Pós-venda,Realizada
5393,2025-06-30,5080,2040,Online,Prospecção,Pendente
5394,2025-05-26,5335,2039,Telefone,Negociação,Realizada
5395,2025-02-03,5385,2034,Presencial,Negociação,Realizada
5396,2025-04-23,5231,2029,Presencial,Pós-venda,Pendente
5397,2025-02-17,5336,2013,Telefone,Pós-venda,Pendente
5398,2025-04-24,5270,1009,Online,Prospecção,Realizada
5399,2025-02-18,5194,2003,Online,Pós-venda,Pendente
5400,2025-06-26,5364,1022,Presencial,Negociação,Realizada
5401,2025-02-14,5245,2028,Online,Negociação,Pendente
5402,2025-03-12,5366,1005,Online,Prospecção,Pendente
5403,2025-04-14,5091,1048,Telefone,Pós-venda,Pendente
5404,2025-03-27,5441,1042,Presencial,Negociação,Pendente
5405,2025-06-17,5457,1003,Telefone,Negociação,Pendente
5406,2025-05-01,5423,2036,Presencial,Negociação,Realizada
5407,2025-03-07,5084,2031,Telefone,Pós-venda,Realizada
5408,2025-03-25,5372,2023,Presencial,Prospecção,Pendente
5409,2025-03-07,5199,1012,Online,Prospecção,Realizada
5410,2025-03-12,5303,2033,Telefone,Prospecção,Realizada
5411,2025-03-12,5258,1037,Telefone,Prospecção,Realizada
5412,2025-05-16,5324,1007,Telefone,Pós-venda,Pendente
5413,2025-04-16,5437,1024,Online,Prospecção,Realizada
5414,2025-06-14,5113,1014,Telefone,Pós-venda,Realizada
5415,2025-02-24,5105,1003,Online,Negociação,Pendente
5416,2025-03-13,5143,1014,Telefone,Prospecção,Realizada
5417,2025-06-12,5372,1052,Online,Negociação,Realizada
5418,2025-05-17,5215,1020,Online,Negociação,Realizada
5419,2025-04-30,5135,1048,Presencial,Pós-venda,Realizada
5420,2025-05-14,5226,2022,Telefone,Negociação,Realizada
5421,2025-02-19,5322,1045,Online,Prospecção,Pendente
5422,2025-01-03,5337,1028,Online,Prospecção,Pendente
5423,2025-04-12,5323,1034,Online,Negociação,Pendente
5424,2025-06-03,5214,2015,Presencial,Pós-venda,Pendente
5425,2025-02-04,5277,1046,Presencial,Prospecção,Realizada
5426,2025-03-10,5223,2024,Presencial,Pós-venda,Realizada
5427,2025-04-24,5170,1032,Presencial,Pós-venda,Realizada
5428,2025-04-16,5500,1049,Telefone,Pós-venda,Pendente
5429,2025-04-23,5104,2003,Presencial,Prospecção,Pendente
5430,2025-03-12,5325,1016,Presencial,Pós-venda,Realizada
5431,2025-03-21,5429,1054,Presencial,Negociação,Pendente
5432,2025-01-15,5175,2021,Online,Prospecção,Pendente
5433,2025-02-03,5478,2014,Presencial,Prospecção,Pendente
5434,2025-05-16,5102,2019,Online,Prospecção,Pendente
5435,2025-04-23,5432,1003,Online,Negociação,Pendente
5436,2025-03-11,5171,2014,Telefone,Prospecção,Realizada
5437,2025-03-23,5472,2004,Online,Pós-venda,Realizada
5438,2025-06-15,5134,1034,Online,Pós-venda,Realizada
5439,2025-05-06,5457,2017,Presencial,Pós-venda,Realizada
5440,2025-04-06,5162,1027,Presencial,Negociação,Pendente
5441,2025-01-05,5204,1017,Telefone,Prospecção,Pendente
5442,2025-01-27,5080,1006,Telefone,Prospecção,Pendente
5443,2025-05-19,5129,1015,Presencial,Negociação,Pendente
5444,2025-05-11,5305,2009,Online,Prospecção,Pendente
5445,2025-01-23,5195,1018,Online,Pós-venda,Pendente
5446,2025-03-04,5388,2027,Online,Negociação,Realizada
5447,2025-04-03,5388,1011,Telefone,Negociação,Realizada
5448,2025-05-12,5237,2002,Presencial,Prospecção,Realizada
5449,2025-02-08,5410,1047,Online,Negociação,Pendente
5450,2025-06-05,5138,2007,Online,Negociação,Pendente
5451,2025-03-02,5037,2022,Presencial,Negociação,Realizada
5452,2025-06-25,5365,1023,Presencial,Prospecção,Pendente
5453,2025-01-20,5296,1049,Online,Prospecção,Realizada
5454,2025-03-25,5404,1002,Online,Pós-venda,Pendente
5455,2025-02-03,5058,2009,Telefone,Negociação,Pendente
5456,2025-05-02,5056,2005,Telefone,Prospecção,Pendente
5457,2025-02-18,5187,1039,Presencial,Pós-venda,Realizada
5458,2025-06-21,5494,1008,Telefone,Negociação,Pendente
5459,2025-06-17,5453,2039,Online,Prospecção,Realizada
5460,2025-01-17,5142,1052,Presencial,Negociação,Realizada
5461,2025-05-13,5142,1013,Telefone,Pós-venda,Pendente
5462,2025-05-20,5499,1043,Online,Pós-venda,Realizada
5463,2025-03-20,5347,1050,Online,Prospecção,Pendente
5464,2025-03-03,5246,2017,Online,Negociação,Pendente
5465,2025-01-08,5087,2009,Telefone,Pós-venda,Realizada
5466,2025-02-10,5150,1007,Online,Pós-venda,Pendente
5467,2025-04-22,5124,1023,Online,Prospecção,Realizada
5468,2025-01-21,5108,2023,Telefone,Prospecção,Realizada
5469,2025-02-27,5466,1029,Telefone,Negociação,Realizada
5470,2025-04-28,5226,1033,Presencial,Prospecção,Pendente
5471,2025-04-18,5451,1015,Presencial,Negociação,Pendente
5472,2025-02-15,5182,2025,Presencial,Prospecção,Pendente
5473,2025-06-16,5246,1053,Online,Prospecção,Pendente
5474,2025-05-01,5246,1055,Presencial,Prospecção,Pendente
5475,2025-05-30,5131,1043,Online,Prospecção,Realizada
5476,2025-06-20,5123,1042,Telefone,Negociação,Pendente
5477,2025-04-16,5429,1010,Presencial,Negociação,Realizada
5478,2025-06-01,5017,2020,Online,Prospecção,Realizada
5479,2025-06-17,5050,2018,Presencial,Negociação,Pendente
5480,2025-05-25,5206,2012,Online,Negociação,Pendente
5481,2025-01-19,5115,1056,Telefone,Negociação,Realizada
5482,2025-02-23,5021,2012,Presencial,Negociação,Realizada
5483,2025-04-11,5268,1040,Telefone,Prospecção,Realizada
5484,2025-03-23,5130,2027,Telefone,Negociação,Pendente
5485,2025-02-25,5145,1018,Presencial,Prospecção,Pendente
5486,2025-06-05,5133,2028,Telefone,Negociação,Realizada
5487,2025-01-08,5226,2016,Presencial,Negociação,Realizada
5488,2025-01-13,5476,2010,Online,Prospecção,Pendente
5489,2025-06-12,5355,2008,Online,Pós-venda,Realizada
5490,2025-02-21,5064,1019,Online,Pós-venda,Realizada
5491,2025-05-28,5032,2033,Telefone,Negociação,Realizada
5492,2025-06-01,5095,2003,Online,Pós-venda,Pendente
5493,2025-01-25,5330,1057,Presencial,Negociação,Realizada
5494,2025-06-16,5378,2012,Online,Negociação,Pendente
5495,2025-05-31,5209,1033,Presencial,Pós-venda,Realizada
5496,2025-04-14,5007,2027,Online,Prospecção,Pendente
5497,2025-02-20,5223,1005,Telefone,Negociação,Pendente
5498,2025-02-26,5008,1048,Telefone,Pós-venda,Pendente
5499,2025-03-23,5056,2034,Telefone,Pós-venda,Pendente
5500,2025-04-27,5225,2005,Presencial,Prospecção,Pendente
5501,2025-03-04,5030,2033,Telefone,Negociação,Realizada
5502,2025-06-19,5145,2038,Telefone,Pós-venda,Pendente
5503,2025-03-06,5393,2003,Telefone,Prospecção,Pendente
5504,2025-06-10,5229,1059,Online,Prospecção,Pendente
5505,2025-04-18,5105,2038,Online,Pós-venda,Pendente
5506,2025-05-30,5418,1033,Telefone,Prospecção,Realizada
5507,2025-02-03,5237,1007,Online,Pós-venda,Pendente
5508,2025-03-17,5195,2027,Online,Negociação,Pendente
5509,2025-02-12,5431,2023,Online,Negociação,Realizada
5510,2025-01-31,5172,1011,Telefone,Pós-venda,Realizada
5511,2025-01-16,5196,2007,Presencial,Negociação,Realizada
5512,2025-04-06,5214,1030,Telefone,Pós-venda,Realizada
5513,2025-06-24,5477,2014,Online,Prospecção,Pendente
5514,2025-05-26,5097,2040,Presencial,Pós-venda,Realizada
5515,2025-04-22,5015,1007,Telefone,Negociação,Realizada
5516,2025-05-27,5225,1045,Online,Pós-venda,Realizada
5517,2025-01-30,5054,1050,Online,Negociação,Realizada
5518,2025-06-21,5323,1033,Presencial,Negociação,Pendente
5519,2025-04-19,5206,2026,Telefone,Pós-venda,Pendente
5520,2025-02-28,5370,1059,Online,Negociação,Realizada
5521,2025-06-13,5488,2002,Telefone,Pós-venda,Realizada
5522,2025-01-21,5309,2027,Telefone,Negociação,Pendente
5523,2025-04-06,5406,2001,Presencial,Prospecção,Pendente
5524,2025-03-21,5415,1013,Telefone,Negociação,Pendente
5525,2025-02-13,5405,2019,Online,Pós-venda,Realizada
5526,2025-06-23,5066,1015,Presencial,Pós-venda,Pendente
5527,2025-04-29,5251,2028,Telefone,Pós-venda,Realizada
5528,2025-04-16,5201,1049,Telefone,Negociação,Pendente
5529,2025-03-16,5385,2003,Online,Prospecção,Pendente
5530,2025-02-11,5119,2040,Online,Negociação,Realizada
5531,2025-05-11,5205,2040,Online,Negociação,Realizada
5532,2025-06-15,5255,2004,Presencial,Negociação,Realizada
5533,2025-04-18,5303,2012,Presencial,Negociação,Pendente
5534,2025-01-26,5343,1060,Presencial,Pós-venda,Pendente
5535,2025-05-11,5263,2011,Online,Negociação,Realizada
5536,2025-04-09,5446,2036,Online,Negociação,Pendente
5537,2025-06-04,5389,1058,Online,Negociação,Pendente
5538,2025-06-22,5303,1003,Telefone,Prospecção,Pendente
5539,2025-05-15,5474,2004,Presencial,Negociação,Pendente
5540,2025-02-09,5190,2027,Presencial,Pós-venda,Pendente
5541,2025-06-23,5019,2036,Presencial,Prospecção,Pendente
5542,2025-01-20,5059,1025,Presencial,Negociação,Realizada
5543,2025-04-08,5203,2039,Presencial,Negociação,Pendente
5544,2025-03-14,5192,1043,Telefone,Pós-venda,Pendente
5545,2025-02-12,5460,1004,Online,Negociação,Realizada
5546,2025-02-13,5404,2013,Online,Negociação,Pendente
5547,2025-02-07,5292,1026,Presencial,Prospecção,Pendente
5548,2025-03-16,5258,1013,Online,Negociação,Pendente
5549,2025-03-01,5400,2023,Presencial,Prospecção,Pendente
5550,2025-01-22,5190,2035,Presencial,Pós-venda,Pendente
5551,2025-05-13,5042,2036,Telefone,Pós-venda,Realizada
5552,2025-02-28,5402,2020,Telefone,Prospecção,Pendente
5553,2025-05-07,5199,2009,Online,Pós-venda,Realizada
5554,2025-06-26,5075,1036,Online,Pós-venda,Realizada
5555,2025-03-31,5114,1044,Presencial,Prospecção,Pendente
5556,2025-06-20,5432,2019,Presencial,Pós-venda,Pendente
5557,2025-03-20,5173,2034,Online,Negociação,Realizada
5558,2025-06-21,5444,2026,Telefone,Prospecção,Pendente
5559,2025-06-03,5492,2038,Online,Prospecção,Realizada
5560,2025-04-22,5305,2039,Online,Negociação,Pendente
5561,2025-03-27,5411,2013,Online,Prospecção,Pendente
5562,2025-05-17,5002,1009,Presencial,Pós-venda,Pendente
5563,2025-02-09,5467,2004,Telefone,Prospecção,Realizada
5564,2025-01-09,5129,1056,Telefone,Negociação,Realizada
5565,2025-02-18,5378,2021,Online,Pós-venda,Pendente
5566,2025-04-08,5002,2006,Presencial,Prospecção,Realizada
5567,2025-02-14,5262,1037,Telefone,Negociação,Realizada
5568,2025-06-12,5483,2039,Telefone,Prospecção,Pendente
5569,2025-03-13,5006,1021,Presencial,Prospecção,Pendente
5570,2025-04-22,5319,2012,Telefone,Pós-venda,Realizada
5571,2025-03-17,5098,2039,Online,Prospecção,Pendente
5572,2025-04-14,5463,2003,Online,Prospecção,Pendente
5573,2025-05-08,5062,2017,Presencial,Pós-venda,Realizada
5574,2025-01-27,5136,2004,Telefone,Negociação,Pendente
5575,2025-06-21,5323,1016,Telefone,Prospecção,Pendente
5576,2025-05-23,5265,1015,Online,Prospecção,Pendente
5577,2025-01-25,5274,1034,Online,Negociação,Pendente
5578,2025-04-02,5136,1032,Telefone,Prospecção,Realizada
5579,2025-01-04,5446,2034,Presencial,Pós-venda,Pendente
5580,2025-01-09,5121,1056,Presencial,Prospecção,Pendente
5581,2025-01-09,5052,1002,Online,Negociação,Pendente
5582,2025-04-18,5199,1059,Presencial,Prospecção,Pendente
5583,2025-02-15,5199,1039,Telefone,Prospecção,Pendente
5584,2025-06-14,5354,2012,Presencial,Pós-venda,Pendente
5585,2025-02-28,5245,1011,Telefone,Negociação,Pendente
5586,2025-01-29,5110,2026,Telefone,Pós-venda,Realizada
5587,2025-01-22,5462,2022,Online,Negociação,Realizada
5588,2025-01-19,5238,1027,Presencial,Pós-venda,Realizada
5589,2025-02-07,5349,1018,Presencial,Pós-venda,Pendente
5590,2025-05-14,5057,1041,Presencial,Pós-venda,Realizada
5591,2025-02-25,5433,1038,Presencial,Negociação,Pendente
5592,2025-02-25,5460,1038,Online,Negociação,Realizada
5593,2025-03-24,5065,1037,Telefone,Pós-venda,Realizada
5594,2025-05-27,5331,1040,Telefone,Pós-venda,Pendente
5595,2025-04-21,5292,1014,Presencial,Prospecção,Realizada
5596,2025-04-14,5041,2021,Presencial,Prospecção,Realizada
5597,2025-03-07,5129,1009,Telefone,Prospecção,Realizada
5598,2025-04-02,5344,1045,Presencial,Pós-venda,Pendente
5599,2025-01-08,5461,1040,Presencial,Pós-venda,Pendente
5600,2025-01-11,5151,2018,Telefone,Pós-venda,Realizada
5601,2025-04-06,5315,1058,Presencial,Pós-venda,Pendente
5602,2025-04-26,5197,2008,Telefone,Pós-venda,Realizada
5603,2025-03-25,5444,1005,Online,Prospecção,Realizada
5604,2025-04-01,5361,1046,Presencial,Pós-venda,Pendente
5605,2025-03-11,5185,1025,Telefone,Prospecção,Pendente
5606,2025-01-06,5145,2025,Telefone,Negociação,Pendente
5607,2025-01-16,5089,1030,Online,Prospecção,Pendente
5608,2025-03-07,5148,1052,Presencial,Negociação,Pendente
5609,2025-03-08,5142,1025,Online,Pós-venda,Realizada
5610,2025-01-08,5381,2011,Telefone,Prospecção,Realizada
5611,2025-06-19,5170,2023,Presencial,Pós-venda,Realizada
5612,2025-04-10,5412,1017,Telefone,Prospecção,Pendente
5613,2025-03-05,5030,2030,Presencial,Pós-venda,Realizada
5614,2025-05-01,5235,2032,Online,Pós-venda,Realizada
5615,2025-01-22,5222,1045,Presencial,Negociação,Pendente
5616,2025-03-11,5076,1022,Telefone,Negociação,Pendente
5617,2025-01-30,5379,1041,Telefone,Pós-venda,Realizada
5618,2025-02-11,5121,2016,Online,Pós-venda,Pendente
5619,2025-05-03,5373,1059,Presencial,Prospecção,Pendente
5620,2025-05-04,5384,1045,Presencial,Prospecção,Pendente
5621,2025-01-07,5271,1037,Presencial,Negociação,Realizada
5622,2025-05-23,5308,2023,Telefone,Prospecção,Pendente
5623,2025-01-18,5200,1059,Presencial,Negociação,Realizada
5624,2025-02-19,5212,2032,Presencial,Negociação,Pendente
5625,2025-05-05,5258,1050,Online,Negociação,Realizada
5626,2025-06-02,5409,2016,Presencial,Pós-venda,Pendente
5627,2025-01-20,5217,1053,Online,Prospecção,Pendente
5628,2025-01-20,5150,2018,Telefone,Prospecção,Pendente
5629,2025-02-12,5283,1010,Online,Negociação,Realizada
5630,2025-03-02,5467,2032,Presencial,Pós-venda,Pendente
5631,2025-02-07,5052,2016,Online,Negociação,Realizada
5632,2025-02-10,5483,2020,Telefone,Negociação,Realizada
5633,2025-02-10,5268,2019,Online,Negociação,Pendente
5634,2025-02-07,5080,1050,Telefone,Negociação,Pendente
5635,2025-02-11,5337,2019,Online,Prospecção,Realizada
5636,2025-06-30,5242,2022,Presencial,Negociação,Pendente
5637,2025-06-25,5041,2027,Presencial,Negociação,Pendente
5638,2025-05-23,5379,2011,Presencial,Pós-venda,Pendente
5639,2025-04-02,5109,1041,Presencial,Negociação,Realizada
5640,2025-01-21,5014,1052,Presencial,Negociação,Realizada
5641,2025-04-11,5471,2024,Presencial,Negociação,Realizada
5642,2025-02-27,5288,2009,Telefone,Prospecção,Realizada
5643,2025-01-26,5455,1019,Online,Prospecção,Realizada
5644,2025-04-05,5223,2026,Presencial,Prospecção,Realizada
5645,2025-05-04,5488,1010,Presencial,Negociação,Realizada
5646,2025-02-02,5045,1024,Online,Pós-venda,Realizada
5647,2025-01-13,5291,1039,Online,Prospecção,Pendente
5648,2025-06-03,5410,1005,Telefone,Prospecção,Pendente
5649,2025-01-06,5393,1014,Presencial,Prospecção,Pendente
5650,2025-05-13,5003,1019,Online,Pós-venda,Pendente
5651,2025-04-23,5348,1054,Online,Prospecção,Realizada
5652,2025-04-04,5417,2035,Online,Prospecção,Pendente
5653,2025-02-28,5005,2025,Online,Negociação,Realizada
5654,2025-04-12,5411,1057,Online,Prospecção,Pendente
5655,2025-01-23,5070,1056,Presencial,Pós-venda,Pendente
5656,2025-01-12,5401,2005,Presencial,Negociação,Realizada
5657,2025-05-08,5412,1009,Online,Pós-venda,Realizada
5658,2025-05-29,5036,1037,Presencial,Negociação,Pendente
5659,2025-05-16,5229,2022,Online,Pós-venda,Pendente
5660,2025-02-06,5255,2011,Telefone,Pós-venda,Realizada
5661,2025-04-01,5372,1040,Telefone,Prospecção,Pendente
5662,2025-06-11,5032,2020,Online,Prospecção,Realizada
5663,2025-04-03,5344,1051,Presencial,Negociação,Pendente
5664,2025-02-23,5365,1055,Online,Negociação,Pendente
5665,2025-03-20,5154,1053,Telefone,Negociação,Pendente
5666,2025-06-15,5477,2032,Presencial,Prospecção,Realizada
5667,2025-04-06,5415,1032,Online,Negociação,Pendente
5668,2025-05-16,5479,2019,Presencial,Prospecção,Realizada
5669,2025-02-17,5382,2010,Presencial,Prospecção,Realizada
5670,2025-05-06,5002,2013,Presencial,Negociação,Realizada
5671,2025-03-15,5455,1057,Presencial,Pós-venda,Pendente
5672,2025-05-22,5482,1050,Telefone,Prospecção,Pendente
5673,2025-02-19,5361,1029,Online,Negociação,Realizada
5674,2025-05-26,5284,2026,Telefone,Prospecção,Realizada
5675,2025-02-16,5466,2035,Online,Pós-venda,Pendente
5676,2025-04-12,5028,2004,Presencial,Negociação,Pendente
5677,2025-03-29,5167,1055,Online,Pós-venda,Realizada
5678,2025-02-27,5094,2010,Telefone,Negociação,Realizada
5679,2025-03-06,5221,1056,Presencial,Prospecção,Pendente
5680,2025-06-14,5244,1034,Telefone,Prospecção,Realizada
5681,2025-04-18,5207,2011,Telefone,Negociação,Realizada
5682,2025-01-29,5149,1021,Presencial,Prospecção,Realizada
5683,2025-04-27,5397,2036,Telefone,Prospecção,Pendente
5684,2025-04-24,5442,1052,Online,Pós-venda,Pendente
5685,2025-05-31,5086,2026,Online,Pós-venda,Pendente
5686,2025-02-26,5393,2017,Presencial,Negociação,Realizada
5687,2025-02-06,5120,1036,Online,Pós-venda,Realizada
5688,2025-06-17,5162,1051,Telefone,Negociação,Pendente
5689,2025-03-27,5090,1007,Presencial,Negociação,Realizada
5690,2025-02-10,5270,1046,Telefone,Prospecção,Realizada
5691,2025-02-16,5361,2014,Presencial,Negociação,Realizada
5692,2025-04-14,5450,2039,Telefone,Pós-venda,Realizada
5693,2025-06-26,5470,1025,Presencial,Negociação,Pendente
5694,2025-02-16,5396,2026,Presencial,Prospecção,Pendente
5695,2025-01-20,5199,2031,Presencial,Prospecção,Pendente
5696,2025-06-16,5174,2026,Online,Prospecção,Realizada
5697,2025-01-08,5434,1056,Telefone,Prospecção,Pendente
5698,2025-04-10,5304,1046,Online,Prospecção,Realizada
5699,2025-01-23,5386,1010,Telefone,Pós-venda,Pendente
5700,2025-05-12,5310,1060,Presencial,Pós-venda,Realizada
5701,2025-01-17,5015,2031,Online,Pós-venda,Pendente
5702,2025-01-29,5232,1020,Presencial,Negociação,Realizada
5703,2025-03-13,5256,2020,Online,Pós-venda,Pendente
5704,2025-05-08,5060,1049,Presencial,Pós-venda,Pendente
5705,2025-01-29,5285,1058,Telefone,Pós-venda,Pendente
5706,2025-06-13,5061,1028,Presencial,Negociação,Pendente
5707,2025-03-06,5090,2002,Online,Prospecção,Realizada
5708,2025-01-12,5286,1048,Telefone,Negociação,Realizada
5709,2025-03-28,5138,1021,Presencial,Negociação,Pendente
5710,2025-01-22,5218,2016,Online,Pós-venda,Pendente
5711,2025-06-22,5044,2033,Online,Prospecção,Pendente
5712,2025-05-26,5050,1003,Telefone,Prospecção,Pendente
5713,2025-01-09,5180,2035,Telefone,Pós-venda,Pendente
5714,2025-03-13,5194,1051,Telefone,Negociação,Pendente
5715,2025-03-18,5283,1050,Presencial,Pós-venda,Pendente
5716,2025-06-06,5116,1024,Online,Pós-venda,Pendente
5717,2025-04-20,5199,1005,Presencial,Prospecção,Pendente
5718,2025-01-19,5485,2031,Telefone,Pós-venda,Pendente
5719,2025-03-17,5441,1028,Presencial,Pós-venda,Realizada
5720,2025-01-28,5031,1043,Telefone,Negociação,Pendente
5721,2025-03-04,5445,2001,Online,Pós-venda,Realizada
5722,2025-03-13,5484,1055,Online,Prospecção,Pendente
5723,2025-04-07,5328,1049,Telefone,Pós-venda,Pendente
5724,2025-04-15,5184,2017,Presencial,Negociação,Pendente
5725,2025-01-31,5275,2017,Telefone,Negociação,Realizada
5726,2025-01-15,5142,1057,Online,Negociação,Pendente
5727,2025-06-27,5334,1038,Telefone,Pós-venda,Pendente
5728,2025-02-25,5490,1018,Telefone,Negociação,Pendente
5729,2025-02-10,5209,2018,Telefone,Negociação,Realizada
5730,2025-01-26,5262,2007,Telefone,Prospecção,Realizada
5731,2025-03-08,5152,2006,Telefone,Negociação,Pendente
5732,2025-01-17,5313,2027,Telefone,Negociação,Realizada
5733,2025-04-09,5267,1022,Online,Negociação,Realizada
5734,2025-05-12,5051,2038,Telefone,Pós-venda,Realizada
5735,2025-02-04,5213,1034,Presencial,Negociação,Realizada
5736,2025-01-24,5232,1021,Telefone,Pós-venda,Pendente
5737,2025-05-21,5230,1001,Presencial,Negociação,Pendente
5738,2025-02-28,5427,1036,Presencial,Prospecção,Pendente
5739,2025-02-27,5421,1027,Telefone,Negociação,Pendente
5740,2025-06-04,5200,2001,Telefone,Prospecção,Pendente
5741,2025-03-21,5488,2016,Online,Prospecção,Pendente
5742,2025-01-08,5263,2038,Presencial,Negociação,Realizada
5743,2025-01-10,5279,2036,Telefone,Negociação,Realizada
5744,2025-02-08,5219,1059,Online,Negociação,Pendente
5745,2025-04-16,5299,1045,Online,Prospecção,Pendente
5746,2025-05-02,5102,2036,Telefone,Prospecção,Pendente
5747,2025-04-05,5394,2017,Online,Negociação,Pendente
5748,2025-03-12,5439,2024,Online,Prospecção,Pendente
5749,2025-02-25,5314,1011,Presencial,Prospecção,Realizada
5750,2025-03-31,5380,1006,Telefone,Prospecção,Realizada
5751,2025-05-12,5280,2030,Telefone,Negociação,Realizada
5752,2025-05-21,5239,2013,Telefone,Negociação,Pendente
5753,2025-03-28,5045,1007,Telefone,Negociação,Pendente
5754,2025-01-29,5209,1032,Telefone,Negociação,Pendente
5755,2025-02-18,5048,1023,Online,Pós-venda,Pendente
5756,2025-05-24,5205,2037,Online,Pós-venda,Pendente
5757,2025-01-10,5173,1030,Telefone,Pós-venda,Realizada
5758,2025-03-28,5026,2030,Telefone,Pós-venda,Pendente
5759,2025-03-19,5168,2021,Presencial,Prospecção,Pendente
5760,2025-01-11,5337,2026,Presencial,Pós-venda,Realizada
5761,2025-02-23,5374,1015,Telefone,Pós-venda,Realizada
5762,2025-06-27,5154,1047,Presencial,Negociação,Realizada
5763,2025-05-12,5479,1058,Presencial,Pós-venda,Realizada
5764,2025-03-08,5434,2021,Presencial,Negociação,Realizada
5765,2025-06-12,5395,1059,Telefone,Negociação,Pendente
5766,2025-03-31,5338,1041,Presencial,Negociação,Pendente
5767,2025-06-25,5072,1012,Presencial,Prospecção,Pendente
5768,2025-05-02,5460,1038,Online,Prospecção,Realizada
5769,2025-01-05,5346,1025,Telefone,Pós-venda,Pendente
5770,2025-05-29,5336,1055,Telefone,Pós-venda,Pendente
5771,2025-05-26,5470,1048,Presencial,Negociação,Pendente
5772,2025-05-06,5275,2036,Online,Negociação,Pendente
5773,2025-03-28,5429,1043,Online,Prospecção,Realizada
5774,2025-01-31,5416,1012,Online,Pós-venda,Pendente
5775,2025-04-03,5128,1038,Presencial,Negociação,Realizada
5776,2025-06-11,5435,1037,Online,Pós-venda,Pendente
5777,2025-03-09,5381,2007,Telefone,Negociação,Pendente
5778,2025-04-19,5043,2006,Online,Negociação,Realizada
5779,2025-04-09,5410,1047,Presencial,Prospecção,Pendente
5780,2025-03-06,5048,1017,Telefone,Prospecção,Pendente
5781,2025-06-10,5371,1014,Online,Pós-venda,Pendente
5782,2025-04-22,5450,1057,Telefone,Negociação,Pendente
5783,2025-05-12,5344,2034,Telefone,Pós-venda,Realizada
5784,2025-03-04,5254,1025,Presencial,Pós-venda,Pendente
5785,2025-03-10,5009,1031,Telefone,Pós-venda,Pendente
5786,2025-02-16,5463,1004,Online,Pós-venda,Pendente
5787,2025-05-25,5189,1011,Telefone,Pós-venda,Pendente
5788,2025-03-26,5282,1042,Online,Pós-venda,Realizada
5789,2025-06-24,5133,1055,Telefone,Negociação,Realizada
5790,2025-01-10,5435,2024,Telefone,Pós-venda,Realizada
5791,2025-04-15,5095,2006,Online,Pós-venda,Realizada
5792,2025-06-09,5007,1051,Telefone,Prospecção,Pendente
5793,2025-06-19,5470,1006,Telefone,Prospecção,Realizada
5794,2025-03-21,5480,1027,Presencial,Prospecção,Realizada
5795,2025-03-16,5347,2006,Online,Prospecção,Realizada
5796,2025-02-28,5130,1003,Presencial,Negociação,Realizada
5797,2025-06-28,5108,1028,Online,Prospecção,Pendente
5798,2025-01-19,5146,2015,Telefone,Pós-venda,Realizada
5799,2025-01-14,5069,1006,Telefone,Prospecção,Realizada
5800,2025-04-03,5307,1030,Telefone,Negociação,Realizada
5801,2025-02-18,5254,2036,Presencial,Negociação,Pendente
5802,2025-01-28,5488,1014,Presencial,Pós-venda,Realizada
5803,2025-06-23,5048,2024,Presencial,Pós-venda,Pendente
5804,2025-06-05,5171,2014,Online,Prospecção,Realizada
5805,2025-06-09,5377,1038,Telefone,Negociação,Pendente
5806,2025-03-06,5313,2007,Online,Negociação,Realizada
5807,2025-05-12,5418,1053,Telefone,Negociação,Pendente
5808,2025-04-30,5458,2005,Telefone,Negociação,Pendente
5809,2025-01-14,5132,2021,Telefone,Prospecção,Pendente
5810,2025-02-22,5465,1055,Online,Negociação,Realizada
5811,2025-03-05,5284,1026,Telefone,Pós-venda,Realizada
5812,2025-05-31,5449,1016,Presencial,Negociação,Realizada
5813,2025-06-16,5085,2025,Presencial,Pós-venda,Pendente
5814,2025-04-02,5126,2008,Online,Prospecção,Pendente
5815,2025-05-09,5434,1056,Presencial,Pós-venda,Pendente
5816,2025-04-01,5295,1033,Telefone,Pós-venda,Realizada
5817,2025-03-27,5032,1034,Online,Prospecção,Pendente
5818,2025-02-07,5251,2010,Telefone,Prospecção,Pendente
5819,2025-03-08,5371,2016,Online,Pós-venda,Realizada
5820,2025-03-10,5199,1025,Telefone,Pós-venda,Realizada
5821,2025-04-14,5059,2018,Presencial,Negociação,Realizada
5822,2025-01-28,5382,1036,Telefone,Negociação,Realizada
5823,2025-02-12,5403,2033,Online,Prospecção,Pendente
5824,2025-06-16,5252,2035,Online,Negociação,Pendente
5825,2025-01-16,5118,2028,Online,Pós-venda,Pendente
5826,2025-06-01,5118,2003,Telefone,Pós-venda,Pendente
5827,2025-01-06,5353,1002,Online,Prospecção,Pendente
5828,2025-01-28,5428,1060,Telefone,Pós-venda,Realizada
5829,2025-04-21,5423,2025,Presencial,Prospecção,Pendente
5830,2025-05-31,5341,2002,Presencial,Pós-venda,Realizada
5831,2025-04-03,5314,1027,Online,Pós-venda,Realizada
5832,2025-06-03,5459,1013,Online,Negociação,Pendente
5833,2025-01-25,5058,1010,Telefone,Prospecção,Pendente
5834,2025-03-25,5149,1035,Telefone,Pós-venda,Realizada
5835,2025-02-15,5484,1056,Online,Pós-venda,Pendente
5836,2025-02-28,5263,1028,Presencial,Pós-venda,Realizada
5837,2025-04-13,5221,1036,Telefone,Pós-venda,Realizada
5838,2025-06-06,5481,2019,Presencial,Negociação,Realizada
5839,2025-04-25,5128,1043,Telefone,Pós-venda,Pendente
5840,2025-05-07,5264,1018,Online,Negociação,Pendente
5841,2025-05-30,5451,2017,Presencial,Negociação,Pendente
5842,2025-03-07,5262,2015,Telefone,Prospecção,Realizada
5843,2025-05-19,5256,1004,Presencial,Negociação,Realizada
5844,2025-06-06,5027,1021,Online,Prospecção,Realizada
5845,2025-06-22,5259,2036,Telefone,Prospecção,Pendente
5846,2025-03-25,5387,1056,Online,Prospecção,Realizada
5847,2025-04-27,5249,2040,Presencial,Negociação,Realizada
5848,2025-06-26,5447,2014,Online,Negociação,Pendente
5849,2025-02-24,5067,1051,Telefone,Negociação,Realizada
5850,2025-04-06,5175,1044,Telefone,Negociação,Realizada
5851,2025-06-27,5298,1015,Presencial,Negociação,Realizada
5852,2025-06-05,5298,1001,Online,Pós-venda,Pendente
5853,2025-01-31,5052,1040,Presencial,Prospecção,Pendente
5854,2025-03-04,5386,2009,Telefone,Prospecção,Realizada
5855,2025-06-06,5030,2005,Presencial,Pós-venda,Pendente
5856,2025-04-29,5317,2008,Telefone,Negociação,Pendente
5857,2025-06-03,5361,2021,Telefone,Pós-venda,Realizada
5858,2025-02-21,5010,1024,Online,Negociação,Realizada
5859,2025-04-13,5008,2017,Presencial,Pós-venda,Realizada
5860,2025-06-03,5319,2040,Presencial,Pós-venda,Pendente
5861,2025-05-19,5155,1016,Telefone,Pós-venda,Realizada
5862,2025-01-04,5493,1033,Telefone,Prospecção,Pendente
5863,2025-03-14,5290,2022,Online,Prospecção,Pendente
5864,2025-04-27,5131,1054,Telefone,Prospecção,Pendente
5865,2025-03-30,5041,1059,Online,Pós-venda,Pendente
5866,2025-06-10,5420,2006,Online,Negociação,Realizada
5867,2025-05-24,5259,1023,Presencial,Pós-venda,Pendente
5868,2025-02-09,5429,2034,Telefone,Pós-venda,Pendente
5869,2025-03-06,5203,1009,Presencial,Prospecção,Realizada
5870,2025-01-18,5124,1028,Presencial,Pós-venda,Realizada
5871,2025-05-15,5308,2037,Telefone,Negociação,Pendente
5872,2025-04-30,5189,1005,Telefone,Prospecção,Pendente
5873,2025-04-13,5125,2003,Telefone,Negociação,Pendente
5874,2025-06-09,5379,2035,Telefone,Negociação,Realizada
5875,2025-04-29,5235,2040,Telefone,Pós-venda,Pendente
5876,2025-02-07,5407,1057,Online,Negociação,Realizada
5877,2025-02-04,5247,1019,Online,Negociação,Realizada
5878,2025-06-24,5195,1008,Telefone,Prospecção,Pendente
5879,2025-04-06,5424,2029,Online,Prospecção,Realizada
5880,2025-04-20,5315,2029,Telefone,Prospecção,Pendente
5881,2025-01-09,5043,2032,Telefone,Pós-venda,Realizada
5882,2025-01-11,5481,2038,Online,Prospecção,Pendente
5883,2025-02-06,5297,1001,Telefone,Pós-venda,Realizada
5884,2025-03-07,5012,1039,Telefone,Negociação,Realizada
5885,2025-05-27,5434,1006,Telefone,Pós-venda,Pendente
5886,2025-01-02,5297,2006,Online,Prospecção,Pendente
5887,2025-05-25,5471,1034,Presencial,Prospecção,Realizada
5888,2025-05-24,5034,1010,Telefone,Pós-venda,Pendente
5889,2025-01-31,5282,1054,Online,Prospecção,Realizada
5890,2025-04-18,5012,2005,Online,Prospecção,Realizada
5891,2025-04-13,5496,2026,Online,Pós-venda,Realizada
5892,2025-01-18,5446,2019,Presencial,Negociação,Pendente
5893,2025-02-21,5241,1030,Presencial,Negociação,Realizada
5894,2025-06-04,5331,2016,Telefone,Negociação,Realizada
5895,2025-05-25,5315,1060,Online,Negociação,Pendente
5896,2025-03-05,5228,2015,Presencial,Prospecção,Pendente
5897,2025-04-10,5433,1033,Telefone,Pós-venda,Pendente
5898,2025-04-25,5287,1013,Telefone,Negociação,Pendente
5899,2025-04-19,5431,2034,Telefone,Negociação,Pendente
5900,2025-01-06,5154,2022,Online,Pós-venda,Realizada
5901,2025-03-03,5404,1024,Online,Pós-venda,Realizada
5902,2025-06-21,5060,1016,Online,Prospecção,Pendente
5903,2025-01-22,5340,2008,Online,Pós-venda,Realizada
5904,2025-06-27,5059,1056,Presencial,Prospecção,Pendente
5905,2025-06-13,5045,2014,Online,Prospecção,Pendente
5906,2025-04-28,5045,1018,Telefone,Negociação,Realizada
5907,2025-06-26,5023,1024,Online,Prospecção,Realizada
5908,2025-06-08,5251,1007,Telefone,Prospecção,Realizada
5909,2025-02-26,5095,1045,Online,Prospecção,Realizada
5910,2025-01-26,5237,1010,Presencial,Negociação,Realizada
5911,2025-05-04,5095,1001,Telefone,Negociação,Pendente
5912,2025-04-11,5161,1022,Presencial,Prospecção,Pendente
5913,2025-01-21,5056,2002,Telefone,Negociação,Realizada
5914,2025-05-25,5226,2027,Online,Prospecção,Realizada
5915,2025-01-29,5410,1024,Online,Prospecção,Realizada
5916,2025-05-20,5347,1038,Telefone,Pós-venda,Realizada
5917,2025-02-17,5029,1032,Telefone,Prospecção,Realizada
5918,2025-03-09,5236,1016,Presencial,Prospecção,Pendente
5919,2025-03-31,5294,2005,Telefone,Prospecção,Pendente
5920,2025-06-02,5206,2035,Presencial,Negociação,Realizada
5921,2025-05-19,5072,1008,Telefone,Pós-venda,Pendente
5922,2025-04-13,5227,2014,Presencial,Prospecção,Realizada
5923,2025-01-04,5236,1059,Telefone,Pós-venda,Realizada
5924,2025-05-19,5433,2026,Online,Negociação,Pendente
5925,2025-03-09,5276,1045,Telefone,Pós-venda,Realizada
5926,2025-03-15,5397,1042,Online,Pós-venda,Pendente
5927,2025-06-17,5153,2023,Telefone,Negociação,Pendente
5928,2025-02-10,5401,1038,Online,Prospecção,Realizada
5929,2025-02-06,5383,1017,Presencial,Prospecção,Pendente
5930,2025-05-23,5292,2012,Telefone,Prospecção,Realizada
5931,2025-02-18,5190,1043,Online,Pós-venda,Pendente
5932,2025-01-31,5028,2035,Online,Negociação,Realizada
5933,2025-04-17,5280,1059,Presencial,Pós-venda,Realizada
5934,2025-05-07,5131,1012,Presencial,Prospecção,Pendente
5935,2025-05-04,5099,1057,Online,Pós-venda,Realizada
5936,2025-03-19,5358,2032,Telefone,Prospecção,Pendente
5937,2025-04-11,5198,1058,Telefone,Pós-venda,Realizada
5938,2025-04-13,5106,2030,Presencial,Prospecção,Pendente
5939,2025-05-31,5044,1046,Telefone,Pós-venda,Realizada
5940,2025-03-14,5461,2007,Online,Pós-venda,Pendente
5941,2025-06-18,5002,2031,Telefone,Pós-venda,Pendente
5942,2025-06-23,5404,2017,Presencial,Negociação,Pendente
5943,2025-01-01,5379,1020,Presencial,Negociação,Realizada
5944,2025-05-04,5145,1012,Presencial,Negociação,Realizada
5945,2025-05-28,5287,2023,Online,Negociação,Realizada
5946,2025-02-25,5126,1010,Online,Negociação,Pendente
5947,2025-05-31,5203,2022,Telefone,Prospecção,Pendente
5948,2025-04-11,5050,1047,Telefone,Negociação,Pendente
5949,2025-03-07,5407,1050,Telefone,Negociação,Pendente
5950,2025-03-30,5487,1007,Online,Pós-venda,Realizada
5951,2025-01-06,5493,2001,Telefone,Prospecção,Pendente
5952,2025-03-28,5286,1008,Telefone,Negociação,Realizada
5953,2025-04-24,5489,1030,Telefone,Pós-venda,Realizada
5954,2025-02-26,5026,1015,Online,Prospecção,Realizada
5955,2025-03-13,5074,1046,Presencial,Negociação,Realizada
5956,2025-01-25,5355,2015,Telefone,Negociação,Realizada
5957,2025-02-03,5386,2023,Presencial,Pós-venda,Realizada
5958,2025-03-19,5052,1008,Online,Negociação,Realizada
5959,2025-01-29,5376,2038,Telefone,Prospecção,Pendente
5960,2025-06-03,5160,1015,Online,Pós-venda,Realizada
5961,2025-01-09,5260,1013,Presencial,Pós-venda,Pendente
5962,2025-03-25,5385,1013,Presencial,Pós-venda,Pendente
5963,2025-03-27,5152,2003,Telefone,Negociação,Pendente
5964,2025-04-24,5478,2005,Online,Pós-venda,Pendente
5965,2025-01-28,5076,1034,Online,Negociação,Pendente
5966,2025-06-29,5317,1041,Online,Prospecção,Pendente
5967,2025-02-26,5302,1032,Telefone,Pós-venda,Realizada
5968,2025-03-23,5067,2040,Telefone,Pós-venda,Pendente
5969,2025-05-21,5238,1044,Telefone,Negociação,Realizada
5970,2025-06-04,5292,2020,Telefone,Pós-venda,Pendente
5971,2025-06-13,5055,1002,Online,Prospecção,Pendente
5972,2025-04-16,5143,2008,Presencial,Prospecção,Pendente
5973,2025-06-08,5469,1049,Presencial,Prospecção,Realizada
5974,2025-04-28,5432,1014,Presencial,Pós-venda,Pendente
5975,2025-01-28,5472,1056,Presencial,Pós-venda,Realizada
5976,2025-06-20,5341,2031,Telefone,Pós-venda,Realizada
5977,2025-02-28,5357,1051,Online,Pós-venda,Pendente
5978,2025-04-14,5131,1010,Presencial,Pós-venda,Realizada
5979,2025-01-11,5412,2016,Online,Prospecção,Pendente
5980,2025-03-08,5196,1048,Presencial,Prospecção,Pendente
5981,2025-03-21,5399,1010,Telefone,Pós-venda,Pendente
5982,2025-05-09,5345,2013,Telefone,Negociação,Pendente
5983,2025-04-05,5167,1048,Telefone,Prospecção,Realizada
5984,2025-03-23,5339,2033,Telefone,Pós-venda,Realizada
5985,2025-04-03,5268,1049,Online,Negociação,Realizada
5986,2025-04-30,5271,2016,Presencial,Negociação,Pendente
5987,2025-02-04,5037,2024,Telefone,Pós-venda,Realizada
5988,2025-05-06,5190,2005,Telefone,Negociação,Realizada
5989,2025-02-18,5279,1059,Presencial,Prospecção,Realizada
5990,2025-05-12,5004,1008,Presencial,Pós-venda,Pendente
5991,2025-04-18,5425,2034,Telefone,Negociação,Pendente
5992,2025-03-17,5485,1043,Online,Negociação,Pendente
5993,2025-03-01,5262,1017,Online,Pós-venda,Pendente
5994,2025-04-10,5449,2020,Telefone,Prospecção,Realizada
5995,2025-05-29,5271,2024,Online,Prospecção,Pendente
5996,2025-06-09,5321,2028,Online,Negociação,Realizada
5997,2025-05-01,5132,1029,Online,Pós-venda,Pendente
5998,2025-03-27,5006,2035,Telefone,Prospecção,Realizada
5999,2025-05-24,5236,2010,Presencial,Negociação,Pendente
6000,2025-01-01,5392,2005,Telefone,Pós-venda,Pendente
6001,2025-04-05,5458,2027,Telefone,Pós-venda,Pendente
6002,2025-03-17,5210,1015,Online,Prospecção,Realizada
6003,2025-05-21,5209,2039,Telefone,Negociação,Realizada
6004,2025-04-20,5470,1030,Online,Negociação,Pendente
6005,2025-04-13,5295,1008,Telefone,Prospecção,Pendente
6006,2025-05-04,5196,1038,Presencial,Negociação,Pendente
6007,2025-03-23,5003,1002,Presencial,Prospecção,Realizada
6008,2025-02-06,5199,2036,Telefone,Pós-venda,Pendente
6009,2025-03-22,5251,2012,Telefone,Negociação,Pendente
6010,2025-01-09,5004,1018,Presencial,Negociação,Realizada
6011,2025-02-26,5311,2027,Online,Prospecção,Realizada
6012,2025-03-23,5248,2038,Presencial,Pós-venda,Pendente
6013,2025-04-18,5482,2035,Presencial,Pós-venda,Pendente
6014,2025-05-27,5442,1033,Online,Negociação,Pendente
6015,2025-05-11,5074,1044,Telefone,Negociação,Realizada
6016,2025-06-26,5486,2033,Online,Negociação,Pendente
6017,2025-02-05,5080,1033,Presencial,Negociação,Pendente
6018,2025-02-18,5320,2021,Online,Pós-venda,Pendente
6019,2025-06-26,5095,2020,Telefone,Negociação,Pendente
6020,2025-05-05,5295,2009,Telefone,Pós-venda,Pendente
6021,2025-04-02,5486,1027,Presencial,Negociação,Pendente
6022,2025-03-22,5171,2023,Online,Negociação,Realizada
6023,2025-02-17,5170,2023,Telefone,Pós-venda,Pendente
6024,2025-01-17,5382,2034,Presencial,Pós-venda,Pendente
6025,2025-02-15,5339,2040,Telefone,Pós-venda,Pendente
6026,2025-01-13,5250,2036,Online,Negociação,Pendente
6027,2025-06-04,5371,1004,Telefone,Pós-venda,Realizada
6028,2025-01-08,5078,1042,Presencial,Prospecção,Pendente
6029,2025-06-24,5115,1011,Telefone,Pós-venda,Realizada
6030,2025-05-18,5045,1006,Telefone,Prospecção,Pendente
6031,2025-06-10,5422,1014,Telefone,Prospecção,Realizada
6032,2025-01-17,5265,2003,Telefone,Pós-venda,Pendente
6033,2025-04-24,5453,1059,Presencial,Prospecção,Pendente
6034,2025-02-13,5368,2012,Presencial,Prospecção,Realizada
6035,2025-01-12,5370,1037,Online,Negociação,Realizada
6036,2025-01-16,5334,2039,Presencial,Prospecção,Pendente
6037,2025-06-14,5136,2025,Online,Pós-venda,Realizada
6038,2025-03-22,5167,2011,Online,Negociação,Pendente
6039,2025-02-11,5132,1058,Presencial,Negociação,Pendente
6040,2025-04-13,5146,1050,Online,Negociação,Pendente
6041,2025-04-06,5311,2005,Online,Prospecção,Realizada
6042,2025-06-10,5215,2029,Telefone,Prospecção,Realizada
6043,2025-06-14,5280,1050,Presencial,Pós-venda,Pendente
6044,2025-06-15,5096,2024,Online,Pós-venda,Realizada
6045,2025-04-26,5495,2023,Presencial,Pós-venda,Realizada
6046,2025-05-15,5089,1035,Online,Prospecção,Realizada
6047,2025-01-27,5362,1018,Telefone,Pós-venda,Pendente
6048,2025-05-28,5384,1056,Telefone,Negociação,Realizada
6049,2025-03-22,5152,1008,Telefone,Negociação,Pendente
6050,2025-02-17,5382,1041,Online,Pós-venda,Pendente
6051,2025-06-06,5053,2040,Presencial,Prospecção,Pendente
6052,2025-06-24,5016,2039,Presencial,Pós-venda,Pendente
6053,2025-05-05,5152,2008,Online,Negociação,Pendente
6054,2025-04-23,5049,1044,Presencial,Prospecção,Realizada
6055,2025-05-09,5374,1013,Telefone,Prospecção,Pendente
6056,2025-01-28,5050,2009,Telefone,Pós-venda,Realizada
6057,2025-02-04,5028,2024,Presencial,Prospecção,Pendente
6058,2025-03-22,5282,1045,Online,Negociação,Pendente
6059,2025-06-25,5468,2017,Presencial,Prospecção,Realizada
6060,2025-05-15,5010,1009,Telefone,Pós-venda,Realizada
6061,2025-04-16,5391,1032,Online,Prospecção,Pendente
6062,2025-05-06,5038,1052,Telefone,Negociação,Realizada
6063,2025-01-14,5126,1004,Telefone,Prospecção,Pendente
6064,2025-05-06,5142,1035,Telefone,Prospecção,Pendente
6065,2025-06-21,5057,1013,Online,Negociação,Realizada
6066,2025-06-11,5172,2034,Presencial,Pós-venda,Pendente
6067,2025-05-04,5017,1028,Online,Prospecção,Realizada
6068,2025-01-25,5323,2033,Telefone,Prospecção,Pendente
6069,2025-01-25,5087,1025,Presencial,Prospecção,Realizada
6070,2025-03-04,5239,1053,Telefone,Prospecção,Realizada
6071,2025-05-17,5262,1041,Telefone,Negociação,Pendente
6072,2025-02-22,5189,1056,Telefone,Prospecção,Realizada
6073,2025-02-28,5337,1029,Telefone,Negociação,Realizada
6074,2025-04-30,5296,2019,Online,Pós-venda,Realizada
6075,2025-05-01,5022,1035,Telefone,Pós-venda,Realizada
6076,2025-05-21,5237,2001,Online,Pós-venda,Realizada
6077,2025-05-17,5225,1043,Online,Prospecção,Realizada
6078,2025-06-19,5489,1035,Telefone,Prospecção,Pendente
6079,2025-02-23,5324,1051,Telefone,Pós-venda,Realizada
6080,2025-03-18,5095,1031,Online,Pós-venda,Pendente
6081,2025-06-26,5169,2027,Online,Negociação,Realizada
6082,2025-04-22,5188,1033,Online,Pós-venda,Realizada
6083,2025-04-16,5363,1017,Online,Negociação,Realizada
6084,2025-01-14,5030,1049,Presencial,Prospecção,Realizada
6085,2025-01-31,5444,1051,Presencial,Prospecção,Realizada
6086,2025-05-21,5016,1042,Online,Pós-venda,Pendente
6087,2025-06-29,5473,2023,Presencial,Negociação,Realizada
6088,2025-06-10,5249,2012,Online,Prospecção,Pendente
6089,2025-03-01,5345,1046,Online,Negociação,Pendente
6090,2025-06-05,5331,1026,Presencial,Negociação,Pendente
6091,2025-06-22,5025,2003,Telefone,Prospecção,Pendente
6092,2025-05-05,5151,2002,Presencial,Negociação,Realizada
6093,2025-01-27,5482,1043,Telefone,Negociação,Realizada
6094,2025-02-15,5083,2011,Telefone,Pós-venda,Pendente
6095,2025-01-28,5141,2026,Online,Pós-venda,Realizada
6096,2025-03-28,5329,1021,Presencial,Negociação,Pendente
6097,2025-05-23,5421,2019,Online,Prospecção,Realizada
6098,2025-06-13,5252,2038,Online,Prospecção,Pendente
6099,2025-05-11,5149,1017,Telefone,Negociação,Pendente
6100,2025-06-04,5394,1055,Online,Prospecção,Realizada
6101,2025-03-09,5164,1060,Presencial,Pós-venda,Realizada
6102,2025-01-15,5057,1057,Presencial,Negociação,Realizada
6103,2025-02-02,5264,1022,Presencial,Pós-venda,Realizada
6104,2025-02-06,5400,2020,Online,Negociação,Realizada
6105,2025-05-13,5047,2033,Presencial,Prospecção,Realizada
6106,2025-06-23,5130,2018,Presencial,Pós-venda,Realizada
6107,2025-01-01,5204,2019,Online,Negociação,Realizada
6108,2025-05-23,5375,1021,Telefone,Negociação,Realizada
6109,2025-03-14,5127,2031,Presencial,Pós-venda,Realizada
6110,2025-03-21,5104,1035,Presencial,Pós-venda,Pendente
6111,2025-04-09,5265,1048,Presencial,Pós-venda,Realizada
6112,2025-05-31,5291,1055,Online,Negociação,Pendente
6113,2025-02-18,5085,1017,Telefone,Negociação,Realizada
6114,2025-04-22,5380,1041,Telefone,Negociação,Realizada
6115,2025-06-07,5460,2016,Telefone,Prospecção,Realizada
6116,2025-02-24,5416,2012,Online,Pós-venda,Pendente
6117,2025-03-12,5232,1054,Telefone,Pós-venda,Realizada
6118,2025-05-18,5233,1024,Online,Negociação,Realizada
6119,2025-01-02,5407,1007,Presencial,Negociação,Pendente
6120,2025-03-06,5363,1020,Online,Negociação,Pendente
6121,2025-05-06,5436,1007,Telefone,Negociação,Realizada
6122,2025-05-02,5242,1050,Presencial,Pós-venda,Pendente
6123,2025-03-21,5134,2006,Telefone,Prospecção,Realizada
6124,2025-06-06,5103,1037,Presencial,Pós-venda,Realizada
6125,2025-02-22,5342,1013,Online,Prospecção,Realizada
6126,2025-03-02,5488,1033,Presencial,Pós-venda,Realizada
6127,2025-06-04,5459,1006,Telefone,Prospecção,Pendente
6128,2025-04-27,5329,1035,Online,Prospecção,Pendente
6129,2025-02-05,5470,2009,Online,Prospecção,Realizada
6130,2025-04-02,5226,2024,Online,Prospecção,Pendente
6131,2025-03-03,5393,2004,Presencial,Prospecção,Pendente
6132,2025-02-07,5126,1004,Online,Negociação,Realizada
6133,2025-02-07,5184,2018,Presencial,Prospecção,Realizada
6134,2025-02-13,5488,1005,Online,Pós-venda,Pendente
6135,2025-02-15,5146,1007,Online,Prospecção,Realizada
6136,2025-03-16,5369,1042,Presencial,Pós-venda,Pendente
6137,2025-03-12,5049,1006,Presencial,Negociação,Realizada
6138,2025-03-29,5122,2009,Telefone,Prospecção,Pendente
6139,2025-02-06,5361,1040,Telefone,Prospecção,Realizada
6140,2025-05-11,5317,2032,Telefone,Prospecção,Realizada
6141,2025-06-24,5147,2028,Presencial,Negociação,Realizada
6142,2025-05-29,5291,1015,Online,Negociação,Realizada
6143,2025-04-13,5175,2017,Presencial,Pós-venda,Realizada
6144,2025-06-28,5415,1031,Presencial,Pós-venda,Pendente
6145,2025-03-15,5269,1016,Online,Pós-venda,Pendente
6146,2025-05-22,5017,1056,Presencial,Prospecção,Realizada
6147,2025-02-06,5415,1060,Presencial,Pós-venda,Realizada
6148,2025-02-11,5216,1054,Online,Prospecção,Realizada
6149,2025-03-21,5008,1026,Telefone,Pós-venda,Pendente
6150,2025-06-05,5205,1020,Telefone,Pós-venda,Pendente
6151,2025-06-05,5396,2026,Telefone,Pós-venda,Realizada
6152,2025-01-27,5128,1012,Online,Negociação,Realizada
6153,2025-02-11,5020,1052,Presencial,Negociação,Realizada
6154,2025-05-04,5189,1055,Telefone,Negociação,Realizada
6155,2025-06-18,5410,2030,Telefone,Prospecção,Realizada
6156,2025-03-17,5182,1031,Online,Pós-venda,Pendente
6157,2025-02-09,5334,1040,Presencial,Prospecção,Realizada
6158,2025-03-13,5010,2038,Telefone,Negociação,Pendente
6159,2025-03-08,5336,1040,Telefone,Pós-venda,Pendente
6160,2025-02-06,5200,2031,Online,Prospecção,Pendente
6161,2025-05-16,5050,1033,Telefone,Prospecção,Pendente
6162,2025-04-13,5486,1019,Telefone,Prospecção,Pendente
6163,2025-05-22,5295,1009,Telefone,Pós-venda,Pendente
6164,2025-04-11,5143,1031,Telefone,Pós-venda,Pendente
6165,2025-01-14,5420,1007,Presencial,Prospecção,Pendente
6166,2025-05-22,5426,1040,Presencial,Prospecção,Pendente
6167,2025-01-16,5089,2013,Presencial,Negociação,Pendente
6168,2025-03-10,5426,1002,Online,Prospecção,Realizada
6169,2025-04-27,5472,1010,Presencial,Negociação,Pendente
6170,2025-06-06,5382,1047,Presencial,Pós-venda,Pendente
6171,2025-03-03,5078,1016,Presencial,Negociação,Realizada
6172,2025-04-04,5276,2038,Telefone,Prospecção,Pendente
6173,2025-05-15,5153,2005,Presencial,Pós-venda,Realizada
6174,2025-03-12,5319,1031,Telefone,Negociação,Realizada
6175,2025-02-12,5381,1011,Presencial,Negociação,Realizada
6176,2025-05-22,5357,1052,Online,Negociação,Realizada
6177,2025-04-04,5050,1050,Telefone,Prospecção,Realizada
6178,2025-05-19,5166,2027,Telefone,Prospecção,Pendente
6179,2025-05-26,5427,1040,Telefone,Negociação,Pendente
6180,2025-01-27,5315,2040,Telefone,Prospecção,Realizada
6181,2025-02-03,5394,2019,Telefone,Prospecção,Realizada
6182,2025-06-22,5085,1037,Presencial,Pós-venda,Realizada
6183,2025-02-22,5175,2003,Telefone,Negociação,Pendente
6184,2025-03-26,5113,1022,Presencial,Negociação,Pendente
6185,2025-06-24,5232,2031,Presencial,Prospecção,Pendente
6186,2025-03-15,5050,1055,Telefone,Pós-venda,Pendente
6187,2025-04-14,5465,1058,Telefone,Negociação,Pendente
6188,2025-05-23,5447,2025,Presencial,Prospecção,Realizada
6189,2025-06-15,5447,2019,Telefone,Pós-venda,Realizada
6190,2025-02-26,5151,2014,Online,Prospecção,Pendente
6191,2025-02-27,5326,2011,Telefone,Pós-venda,Realizada
6192,2025-05-16,5031,1010,Online,Pós-venda,Realizada
6193,2025-03-23,5088,2029,Telefone,Prospecção,Pendente
6194,2025-05-15,5102,2021,Online,Prospecção,Pendente
6195,2025-04-16,5244,1051,Telefone,Prospecção,Realizada
6196,2025-06-04,5040,1045,Telefone,Negociação,Realizada
6197,2025-04-19,5009,1005,Telefone,Negociação,Realizada
6198,2025-04-18,5493,1015,Online,Negociação,Pendente
6199,2025-05-20,5479,1047,Presencial,Pós-venda,Realizada
6200,2025-04-18,5148,1053,Presencial,Prospecção,Realizada
6201,2025-01-20,5118,1027,Presencial,Negociação,Realizada
6202,2025-02-10,5417,1049,Telefone,Pós-venda,Pendente
6203,2025-02-18,5107,2003,Online,Negociação,Realizada
6204,2025-02-01,5170,2015,Presencial,Negociação,Realizada
6205,2025-01-20,5300,1031,Telefone,Pós-venda,Pendente
6206,2025-02-09,5103,1055,Online,Prospecção,Pendente
6207,2025-03-15,5386,1018,Telefone,Negociação,Pendente
6208,2025-05-11,5094,1058,Telefone,Prospecção,Pendente
6209,2025-04-04,5197,2027,Online,Pós-venda,Realizada
6210,2025-02-11,5159,1040,Online,Negociação,Pendente
6211,2025-06-21,5372,1017,Online,Pós-venda,Realizada
6212,2025-04-22,5463,1005,Presencial,Negociação,Pendente
6213,2025-05-17,5054,1045,Telefone,Prospecção,Pendente
6214,2025-06-16,5374,2017,Telefone,Negociação,Pendente
6215,2025-03-29,5452,2007,Telefone,Pós-venda,Pendente
6216,2025-05-01,5022,1006,Online,Pós-venda,Realizada
6217,2025-03-30,5361,1047,Presencial,Prospecção,Pendente
6218,2025-04-04,5278,2006,Telefone,Pós-venda,Pendente
6219,2025-06-08,5317,2040,Presencial,Negociação,Pendente
6220,2025-03-28,5058,1044,Presencial,Negociação,Pendente
6221,2025-03-08,5371,2023,Presencial,Pós-venda,Pendente
6222,2025-06-12,5098,2031,Presencial,Negociação,Pendente
6223,2025-06-06,5214,1036,Online,Prospecção,Pendente
6224,2025-05-29,5383,1037,Presencial,Negociação,Pendente
6225,2025-02-18,5284,2031,Online,Negociação,Pendente
6226,2025-02-22,5006,1049,Online,Pós-venda,Pendente
6227,2025-05-25,5435,2037,Online,Prospecção,Realizada
6228,2025-04-04,5045,2036,Presencial,Pós-venda,Pendente
6229,2025-02-26,5007,1046,Online,Pós-venda,Realizada
6230,2025-02-14,5066,2031,Presencial,Prospecção,Pendente
6231,2025-05-15,5302,2031,Telefone,Negociação,Realizada
6232,2025-05-09,5375,1024,Presencial,Negociação,Realizada
6233,2025-01-27,5007,1041,Online,Pós-venda,Realizada
6234,2025-05-06,5387,1034,Telefone,Pós-venda,Realizada
6235,2025-04-23,5371,1046,Presencial,Pós-venda,Realizada
6236,2025-04-11,5089,1029,Online,Prospecção,Pendente
6237,2025-02-07,5044,2007,Presencial,Negociação,Realizada
6238,2025-04-18,5353,2021,Telefone,Prospecção,Pendente
6239,2025-06-04,5164,2023,Telefone,Prospecção,Realizada
6240,2025-04-16,5312,1012,Telefone,Negociação,Pendente
6241,2025-05-13,5157,1059,Presencial,Pós-venda,Realizada
6242,2025-02-10,5070,2025,Presencial,Prospecção,Pendente
6243,2025-04-13,5348,1046,Online,Pós-venda,Realizada
6244,2025-04-08,5050,2008,Online,Negociação,Realizada
6245,2025-02-28,5221,2005,Presencial,Negociação,Realizada
6246,2025-01-16,5209,1044,Online,Prospecção,Pendente
6247,2025-05-12,5287,2011,Online,Pós-venda,Realizada
6248,2025-05-29,5170,2020,Presencial,Pós-venda,Pendente
6249,2025-06-01,5200,2009,Online,Negociação,Realizada
6250,2025-05-21,5256,1050,Telefone,Pós-venda,Realizada
6251,2025-05-03,5210,2009,Presencial,Prospecção,Pendente
6252,2025-06-17,5387,1010,Telefone,Prospecção,Pendente
6253,2025-03-27,5035,2036,Online,Negociação,Realizada
6254,2025-01-11,5370,1018,Online,Negociação,Realizada
6255,2025-05-23,5054,1053,Telefone,Prospecção,Realizada
6256,2025-01-16,5056,2011,Telefone,Negociação,Realizada
6257,2025-01-23,5460,1008,Presencial,Negociação,Pendente
6258,2025-02-08,5414,2002,Telefone,Pós-venda,Realizada
6259,2025-02-21,5052,1019,Telefone,Prospecção,Pendente
6260,2025-05-01,5096,2004,Online,Pós-venda,Realizada
6261,2025-01-01,5012,1050,Presencial,Pós-venda,Pendente
6262,2025-04-04,5210,1028,Presencial,Negociação,Realizada
6263,2025-06-25,5179,1045,Presencial,Prospecção,Pendente
6264,2025-03-01,5287,2027,Telefone,Prospecção,Realizada
6265,2025-06-21,5101,2006,Online,Negociação,Pendente
6266,2025-06-05,5039,1037,Online,Pós-venda,Pendente
6267,2025-05-31,5002,2025,Online,Negociação,Pendente
6268,2025-04-27,5347,1042,Telefone,Negociação,Realizada
6269,2025-06-28,5158,2037,Online,Pós-venda,Pendente
6270,2025-02-03,5036,2013,Online,Prospecção,Pendente
6271,2025-01-13,5243,1031,Telefone,Negociação,Realizada
6272,2025-01-27,5390,1055,Presencial,Pós-venda,Pendente
6273,2025-06-27,5066,1054,Presencial,Negociação,Pendente
6274,2025-04-25,5379,2004,Telefone,Prospecção,Realizada
6275,2025-01-31,5251,2027,Telefone,Pós-venda,Realizada
6276,2025-04-26,5059,1018,Telefone,Pós-venda,Pendente
6277,2025-06-20,5289,2014,Telefone,Pós-venda,Realizada
6278,2025-05-25,5418,1031,Online,Negociação,Realizada
6279,2025-05-13,5055,1035,Online,Pós-venda,Realizada
6280,2025-05-31,5380,2017,Online,Negociação,Pendente
6281,2025-03-11,5002,1043,Telefone,Negociação,Realizada
6282,2025-03-28,5346,2021,Telefone,Prospecção,Realizada
6283,2025-03-17,5145,1039,Presencial,Prospecção,Pendente
6284,2025-05-25,5141,2022,Presencial,Pós-venda,Pendente
6285,2025-05-14,5439,1045,Telefone,Negociação,Realizada
6286,2025-06-14,5154,2008,Telefone,Negociação,Realizada
6287,2025-04-27,5144,2003,Online,Negociação,Realizada
6288,2025-04-09,5346,2025,Presencial,Pós-venda,Pendente
6289,2025-06-15,5453,2001,Online,Pós-venda,Realizada
6290,2025-06-19,5250,1024,Presencial,Prospecção,Realizada
6291,2025-05-08,5046,1016,Online,Pós-venda,Pendente
6292,2025-02-23,5439,2038,Telefone,Negociação,Realizada
6293,2025-04-23,5432,1050,Presencial,Pós-venda,Realizada
6294,2025-06-05,5266,2037,Presencial,Prospecção,Pendente
6295,2025-04-08,5382,2036,Presencial,Pós-venda,Pendente
6296,2025-03-06,5444,2002,Online,Pós-venda,Realizada
6297,2025-04-29,5096,2019,Presencial,Pós-venda,Realizada
6298,2025-04-30,5224,2020,Online,Prospecção,Pendente
6299,2025-06-09,5412,2007,Telefone,Negociação,Pendente
6300,2025-06-24,5065,2020,Telefone,Negociação,Realizada
6301,2025-01-17,5222,2040,Telefone,Pós-venda,Pendente
6302,2025-05-07,5440,2036,Telefone,Prospecção,Pendente
6303,2025-03-02,5385,2036,Presencial,Negociação,Pendente
6304,2025-03-15,5420,1005,Telefone,Prospecção,Pendente
6305,2025-01-06,5261,1022,Online,Prospecção,Pendente
6306,2025-02-27,5117,2020,Presencial,Pós-venda,Pendente
6307,2025-04-25,5091,2010,Presencial,Pós-venda,Pendente
6308,2025-03-27,5489,1022,Online,Negociação,Realizada
6309,2025-01-21,5050,1021,Presencial,Prospecção,Pendente
6310,2025-06-11,5143,1027,Telefone,Negociação,Realizada
6311,2025-05-24,5470,2015,Online,Pós-venda,Realizada
6312,2025-06-17,5121,1052,Presencial,Negociação,Realizada
6313,2025-05-13,5057,1005,Telefone,Pós-venda,Realizada
6314,2025-04-17,5163,1009,Online,Negociação,Pendente
6315,2025-01-25,5477,1048,Online,Pós-venda,Realizada
6316,2025-03-05,5265,1006,Telefone,Negociação,Realizada
6317,2025-06-20,5334,2025,Online,Pós-venda,Realizada
6318,2025-04-11,5062,1030,Presencial,Negociação,Pendente
6319,2025-06-23,5445,1036,Presencial,Prospecção,Pendente
6320,2025-06-10,5152,2040,Presencial,Pós-venda,Realizada
6321,2025-05-20,5341,2013,Online,Prospecção,Realizada
6322,2025-04-25,5127,2029,Presencial,Prospecção,Realizada
6323,2025-05-10,5397,1048,Presencial,Pós-venda,Pendente
6324,2025-01-27,5468,1001,Presencial,Pós-venda,Pendente
6325,2025-02-18,5189,1007,Telefone,Pós-venda,Pendente
6326,2025-06-14,5410,2006,Presencial,Pós-venda,Pendente
6327,2025-03-09,5159,1056,Online,Prospecção,Pendente
6328,2025-01-14,5154,2017,Presencial,Prospecção,Realizada
6329,2025-02-17,5091,1060,Online,Prospecção,Pendente
6330,2025-03-06,5335,1015,Online,Pós-venda,Realizada
6331,2025-04-18,5266,1040,Online,Prospecção,Pendente
6332,2025-06-01,5118,1058,Telefone,Negociação,Pendente
6333,2025-02-26,5049,1045,Presencial,Pós-venda,Realizada
6334,2025-04-25,5088,2032,Online,Negociação,Pendente
6335,2025-01-02,5433,1034,Telefone,Prospecção,Pendente
6336,2025-04-26,5144,1011,Online,Prospecção,Realizada
6337,2025-03-05,5071,1050,Online,Negociação,Pendente
6338,2025-04-15,5341,1053,Presencial,Negociação,Realizada
6339,2025-04-14,5120,1053,Online,Prospecção,Realizada
6340,2025-06-01,5340,1048,Online,Pós-venda,Pendente
6341,2025-01-25,5462,1052,Presencial,Negociação,Pendente
6342,2025-04-13,5023,1038,Presencial,Negociação,Realizada
6343,2025-02-17,5496,2006,Telefone,Negociação,Realizada
6344,2025-01-19,5076,1009,Telefone,Pós-venda,Realizada
6345,2025-06-08,5025,2013,Telefone,Negociação,Pendente
6346,2025-02-18,5337,1015,Presencial,Pós-venda,Pendente
6347,2025-01-19,5086,2001,Online,Prospecção,Pendente
6348,2025-01-24,5037,1025,Online,Prospecção,Realizada
6349,2025-02-11,5469,1003,Online,Pós-venda,Pendente
6350,2025-01-09,5491,2024,Presencial,Pós-venda,Realizada
6351,2025-03-18,5421,1032,Presencial,Pós-venda,Pendente
6352,2025-03-26,5299,1039,Online,Negociação,Realizada
6353,2025-03-06,5398,2019,Telefone,Negociação,Pendente
6354,2025-03-14,5252,2017,Presencial,Pós-venda,Realizada
6355,2025-04-04,5488,2004,Presencial,Prospecção,Realizada
6356,2025-04-18,5177,2034,Online,Prospecção,Realizada
6357,2025-05-22,5346,2022,Presencial,Negociação,Pendente
6358,2025-04-06,5492,1035,Telefone,Negociação,Realizada
6359,2025-05-29,5158,1043,Telefone,Pós-venda,Realizada
6360,2025-06-01,5403,2032,Online,Prospecção,Pendente
6361,2025-02-20,5260,2018,Online,Negociação,Pendente
6362,2025-05-11,5003,1037,Online,Pós-venda,Pendente
6363,2025-05-31,5016,1045,Telefone,Prospecção,Realizada
6364,2025-01-22,5201,2011,Online,Negociação,Pendente
6365,2025-04-14,5084,1028,Telefone,Negociação,Realizada
6366,2025-04-03,5400,2009,Telefone,Pós-venda,Pendente
6367,2025-02-18,5402,2013,Online,Prospecção,Realizada
6368,2025-01-20,5191,1028,Telefone,Prospecção,Pendente
6369,2025-01-03,5336,2012,Telefone,Prospecção,Pendente
6370,2025-03-27,5392,2027,Online,Negociação,Realizada
6371,2025-04-19,5118,1048,Telefone,Pós-venda,Realizada
6372,2025-05-01,5149,1041,Online,Prospecção,Realizada
6373,2025-06-18,5017,2033,Presencial,Pós-venda,Realizada
6374,2025-06-20,5381,1033,Telefone,Negociação,Realizada
6375,2025-03-06,5345,2030,Presencial,Prospecção,Pendente
6376,2025-06-17,5274,1054,Presencial,Pós-venda,Realizada
6377,2025-03-20,5046,1009,Presencial,Negociação,Pendente
6378,2025-04-23,5306,1053,Presencial,Prospecção,Realizada
6379,2025-06-24,5282,1003,Presencial,Pós-venda,Realizada
6380,2025-03-29,5327,1011,Presencial,Negociação,Pendente
6381,2025-04-07,5078,1051,Telefone,Prospecção,Pendente
6382,2025-06-13,5073,1026,Online,Prospecção,Realizada
6383,2025-05-24,5255,1060,Telefone,Negociação,Realizada
6384,2025-04-17,5066,2006,Presencial,Pós-venda,Realizada
6385,2025-02-18,5387,1001,Presencial,Negociação,Pendente
6386,2025-03-06,5255,1019,Telefone,Prospecção,Realizada
6387,2025-02-19,5100,2001,Presencial,Prospecção,Pendente
6388,2025-04-05,5104,2027,Telefone,Pós-venda,Pendente
6389,2025-01-26,5192,1016,Presencial,Pós-venda,Realizada
6390,2025-01-15,5278,1058,Online,Prospecção,Realizada
6391,2025-04-14,5197,1059,Presencial,Prospecção,Pendente
6392,2025-03-08,5193,1050,Telefone,Negociação,Pendente
6393,2025-02-10,5496,1025,Telefone,Pós-venda,Pendente
6394,2025-03-31,5138,1056,Telefone,Negociação,Pendente
6395,2025-05-03,5390,2011,Telefone,Negociação,Realizada
6396,2025-06-17,5182,2031,Presencial,Negociação,Realizada
6397,2025-01-19,5159,1012,Online,Prospecção,Realizada
6398,2025-05-06,5088,2025,Online,Negociação,Pendente
6399,2025-04-14,5472,2040,Telefone,Prospecção,Realizada
6400,2025-04-28,5393,2040,Presencial,Negociação,Realizada
6401,2025-04-20,5288,1043,Presencial,Pós-venda,Pendente
6402,2025-03-08,5479,1029,Telefone,Prospecção,Pendente
6403,2025-03-01,5135,1003,Presencial,Negociação,Pendente
6404,2025-04-25,5309,1026,Telefone,Negociação,Realizada
6405,2025-02-02,5202,1046,Presencial,Prospecção,Pendente
6406,2025-05-04,5265,1022,Presencial,Pós-venda,Realizada
6407,2025-03-04,5040,2018,Telefone,Negociação,Pendente
6408,2025-06-23,5046,1004,Presencial,Negociação,Realizada
6409,2025-06-02,5334,2010,Presencial,Pós-venda,Realizada
6410,2025-04-27,5378,1020,Presencial,Prospecção,Realizada
6411,2025-04-13,5058,2024,Presencial,Prospecção,Pendente
6412,2025-06-08,5416,2025,Online,Pós-venda,Pendente
6413,2025-06-23,5435,1013,Presencial,Prospecção,Pendente
6414,2025-03-15,5115,2022,Online,Pós-venda,Pendente
6415,2025-04-17,5087,2028,Presencial,Pós-venda,Pendente
6416,2025-04-18,5332,1026,Telefone,Prospecção,Pendente
6417,2025-03-21,5157,1029,Telefone,Pós-venda,Pendente
6418,2025-01-17,5386,1016,Online,Prospecção,Realizada
6419,2025-01-23,5251,1056,Telefone,Negociação,Realizada
6420,2025-06-29,5445,2018,Online,Negociação,Pendente
6421,2025-01-10,5483,1040,Presencial,Prospecção,Pendente
6422,2025-03-05,5160,2035,Telefone,Pós-venda,Pendente
6423,2025-01-31,5251,1002,Presencial,Negociação,Pendente
6424,2025-04-01,5154,2017,Telefone,Prospecção,Realizada
6425,2025-01-14,5478,1008,Online,Prospecção,Realizada
6426,2025-05-05,5305,1026,Telefone,Pós-venda,Realizada
6427,2025-02-03,5131,2019,Presencial,Prospecção,Pendente
6428,2025-05-10,5314,1041,Online,Pós-venda,Realizada
6429,2025-06-02,5415,1028,Online,Negociação,Realizada
6430,2025-05-20,5293,1008,Telefone,Negociação,Realizada
6431,2025-01-08,5345,1042,Online,Prospecção,Realizada
6432,2025-01-24,5449,1016,Presencial,Negociação,Pendente
6433,2025-05-15,5400,2003,Online,Prospecção,Pendente
6434,2025-03-22,5205,2031,Online,Pós-venda,Pendente
6435,2025-05-05,5409,2013,Online,Negociação,Realizada
6436,2025-05-08,5279,1060,Presencial,Pós-venda,Pendente
6437,2025-03-07,5236,1048,Telefone,Prospecção,Pendente
6438,2025-05-17,5399,1026,Telefone,Negociação,Pendente
6439,2025-03-26,5489,1041,Presencial,Negociação,Realizada
6440,2025-06-21,5059,2007,Presencial,Negociação,Pendente
6441,2025-05-04,5427,1018,Telefone,Prospecção,Realizada
6442,2025-01-23,5027,2015,Presencial,Prospecção,Realizada
6443,2025-01-13,5493,1059,Presencial,Negociação,Realizada
6444,2025-01-14,5319,2011,Telefone,Negociação,Realizada
6445,2025-03-11,5433,2015,Online,Pós-venda,Realizada
6446,2025-02-20,5143,1048,Online,Prospecção,Pendente
6447,2025-02-05,5063,1035,Presencial,Pós-venda,Realizada
6448,2025-04-20,5061,1036,Presencial,Negociação,Pendente
6449,2025-03-13,5476,1056,Online,Prospecção,Pendente
6450,2025-01-22,5436,1058,Telefone,Prospecção,Realizada
6451,2025-06-11,5376,1029,Telefone,Negociação,Realizada
6452,2025-04-04,5128,2021,Presencial,Negociação,Pendente
6453,2025-01-20,5347,2011,Online,Prospecção,Pendente
6454,2025-02-09,5258,1045,Presencial,Negociação,Pendente
6455,2025-02-01,5108,2040,Telefone,Pós-venda,Realizada
6456,2025-06-02,5268,1043,Telefone,Prospecção,Pendente
6457,2025-06-06,5151,1033,Telefone,Pós-venda,Realizada
6458,2025-04-26,5113,1052,Presencial,Pós-venda,Pendente
6459,2025-02-06,5035,1003,Online,Pós-venda,Realizada
6460,2025-02-15,5218,1028,Telefone,Negociação,Pendente
6461,2025-05-22,5296,1041,Presencial,Prospecção,Realizada
6462,2025-03-20,5115,2029,Telefone,Pós-venda,Realizada
6463,2025-01-20,5187,2001,Telefone,Negociação,Pendente
6464,2025-01-09,5232,2035,Telefone,Negociação,Realizada
6465,2025-02-01,5395,2021,Presencial,Pós-venda,Realizada
6466,2025-02-12,5158,2014,Presencial,Prospecção,Pendente
6467,2025-05-26,5326,2038,Online,Negociação,Pendente
6468,2025-06-17,5136,2032,Presencial,Pós-venda,Realizada
6469,2025-06-23,5384,2003,Presencial,Negociação,Pendente
6470,2025-02-15,5425,1014,Presencial,Negociação,Realizada
6471,2025-02-02,5406,2004,Presencial,Prospecção,Pendente
6472,2025-02-09,5365,2024,Telefone,Pós-venda,Realizada
6473,2025-02-07,5461,1036,Presencial,Negociação,Pendente
6474,2025-06-21,5464,1028,Online,Pós-venda,Realizada
6475,2025-03-17,5046,1003,Presencial,Prospecção,Realizada
6476,2025-01-27,5143,1048,Telefone,Pós-venda,Pendente
6477,2025-01-16,5148,2014,Presencial,Prospecção,Realizada
6478,2025-06-20,5487,1037,Online,Negociação,Pendente
6479,2025-06-17,5114,2013,Telefone,Pós-venda,Realizada
6480,2025-01-05,5345,2014,Telefone,Negociação,Pendente
6481,2025-03-08,5392,2007,Telefone,Negociação,Realizada
6482,2025-05-03,5357,2015,Online,Prospecção,Pendente
6483,2025-01-06,5326,2003,Online,Negociação,Pendente
6484,2025-03-20,5483,1014,Presencial,Negociação,Pendente
6485,2025-02-02,5363,1004,Online,Pós-venda,Realizada
6486,2025-04-12,5162,2019,Online,Negociação,Realizada
6487,2025-01-30,5264,2024,Presencial,Pós-venda,Realizada
6488,2025-05-03,5107,2007,Telefone,Pós-venda,Realizada
6489,2025-03-24,5433,1021,Presencial,Prospecção,Realizada
6490,2025-01-03,5477,2009,Presencial,Pós-venda,Pendente
6491,2025-01-15,5305,1055,Presencial,Negociação,Realizada
6492,2025-05-22,5461,1004,Online,Negociação,Pendente
6493,2025-06-18,5403,1050,Presencial,Pós-venda,Realizada
6494,2025-04-28,5039,1059,Presencial,Pós-venda,Realizada
6495,2025-01-31,5293,1029,Telefone,Pós-venda,Pendente
6496,2025-04-23,5079,2005,Presencial,Pós-venda,Realizada
6497,2025-02-02,5293,1006,Presencial,Negociação,Realizada
6498,2025-01-08,5072,1046,Telefone,Pós-venda,Realizada
6499,2025-03-22,5111,2012,Telefone,Negociação,Pendente
6500,2025-05-27,5214,1021,Online,Prospecção,Realizada
6501,2025-03-11,5400,1036,Telefone,Negociação,Realizada
6502,2025-03-15,5082,1052,Online,Pós-venda,Realizada
6503,2025-04-28,5409,2019,Presencial,Prospecção,Realizada
6504,2025-06-10,5196,1028,Presencial,Negociação,Realizada
6505,2025-01-09,5169,2032,Presencial,Pós-venda,Realizada
6506,2025-03-19,5329,1043,Presencial,Negociação,Pendente
6507,2025-04-23,5406,2030,Online,Prospecção,Pendente
6508,2025-03-20,5441,2032,Telefone,Prospecção,Realizada
6509,2025-06-17,5486,2024,Presencial,Pós-venda,Pendente
6510,2025-05-31,5216,1001,Presencial,Prospecção,Realizada
6511,2025-05-19,5237,2036,Presencial,Pós-venda,Realizada
6512,2025-01-26,5272,2025,Online,Prospecção,Pendente
6513,2025-06-09,5289,2011,Online,Pós-venda,Pendente
6514,2025-04-16,5362,1036,Presencial,Negociação,Pendente
6515,2025-04-22,5358,1005,Presencial,Negociação,Realizada
6516,2025-03-22,5031,1027,Online,Prospecção,Pendente
6517,2025-02-26,5244,1037,Telefone,Pós-venda,Realizada
6518,2025-05-01,5299,1031,Telefone,Pós-venda,Pendente
6519,2025-04-15,5417,1024,Online,Prospecção,Realizada
6520,2025-02-16,5445,1053,Online,Prospecção,Pendente
6521,2025-03-03,5209,1041,Presencial,Prospecção,Realizada
6522,2025-06-20,5409,1025,Online,Pós-venda,Realizada
6523,2025-06-30,5487,2015,Telefone,Prospecção,Pendente
6524,2025-05-17,5329,1002,Telefone,Prospecção,Realizada
6525,2025-04-29,5443,2015,Telefone,Pós-venda,Realizada
6526,2025-06-13,5210,2022,Telefone,Pós-venda,Pendente
6527,2025-03-17,5249,2024,Telefone,Pós-venda,Pendente
6528,2025-01-12,5324,1027,Telefone,Negociação,Pendente
6529,2025-02-08,5048,1047,Presencial,Negociação,Realizada
6530,2025-03-05,5368,1009,Online,Negociação,Pendente
6531,2025-04-24,5294,1025,Telefone,Prospecção,Realizada
6532,2025-01-28,5249,2010,Online,Prospecção,Pendente
6533,2025-05-07,5491,2030,Presencial,Prospecção,Pendente
6534,2025-03-13,5437,1008,Presencial,Negociação,Realizada
6535,2025-06-07,5236,2029,Online,Pós-venda,Pendente
6536,2025-05-27,5394,1035,Online,Pós-venda,Realizada
6537,2025-06-19,5390,1007,Presencial,Negociação,Realizada
6538,2025-01-04,5369,2030,Telefone,Pós-venda,Pendente
6539,2025-04-27,5208,1044,Presencial,Negociação,Realizada
6540,2025-04-09,5121,2035,Presencial,Prospecção,Realizada
6541,2025-02-22,5317,2022,Telefone,Negociação,Realizada
6542,2025-04-25,5339,1027,Telefone,Pós-venda,Realizada
6543,2025-02-03,5482,2040,Telefone,Prospecção,Realizada
6544,2025-05-04,5467,2034,Presencial,Negociação,Realizada
6545,2025-01-03,5137,1030,Presencial,Pós-venda,Realizada
6546,2025-06-16,5129,1013,Presencial,Pós-venda,Pendente
6547,2025-02-01,5447,1050,Presencial,Negociação,Pendente
6548,2025-04-02,5288,2029,Telefone,Pós-venda,Realizada
6549,2025-05-15,5051,1004,Telefone,Prospecção,Realizada
6550,2025-02-28,5299,2035,Telefone,Prospecção,Realizada
6551,2025-01-23,5269,2015,Online,Pós-venda,Pendente
6552,2025-06-18,5262,2016,Telefone,Pós-venda,Realizada
6553,2025-05-21,5498,2025,Telefone,Prospecção,Realizada
6554,2025-05-27,5346,1043,Online,Pós-venda,Pendente
6555,2025-04-22,5484,1060,Telefone,Negociação,Realizada
6556,2025-06-25,5482,2022,Presencial,Pós-venda,Pendente
6557,2025-06-20,5002,1033,Telefone,Prospecção,Pendente
6558,2025-05-24,5012,2013,Presencial,Negociação,Pendente
6559,2025-02-13,5216,1027,Online,Prospecção,Pendente
6560,2025-06-21,5232,1002,Telefone,Prospecção,Pendente
6561,2025-05-31,5005,2038,Presencial,Pós-venda,Pendente
6562,2025-04-25,5258,2001,Telefone,Negociação,Pendente
6563,2025-05-23,5185,2016,Online,Negociação,Realizada
6564,2025-06-09,5074,1059,Presencial,Prospecção,Realizada
6565,2025-01-30,5225,2020,Presencial,Prospecção,Realizada
6566,2025-05-11,5056,1005,Online,Pós-venda,Pendente
6567,2025-01-01,5466,1040,Online,Pós-venda,Pendente
6568,2025-03-31,5041,1024,Online,Prospecção,Realizada
6569,2025-03-15,5304,2003,Telefone,Negociação,Pendente
6570,2025-01-30,5221,2023,Presencial,Prospecção,Realizada
6571,2025-03-07,5380,2004,Telefone,Prospecção,Pendente
6572,2025-02-02,5031,1007,Telefone,Prospecção,Pendente
6573,2025-05-26,5112,1022,Presencial,Negociação,Pendente
6574,2025-05-31,5457,1055,Presencial,Prospecção,Pendente
6575,2025-04-24,5493,2014,Online,Pós-venda,Realizada
6576,2025-04-06,5447,1010,Presencial,Pós-venda,Realizada
6577,2025-02-07,5437,2035,Telefone,Negociação,Pendente
6578,2025-04-10,5325,1039,Telefone,Pós-venda,Realizada
6579,2025-01-18,5301,1038,Online,Prospecção,Realizada
6580,2025-04-16,5185,2007,Presencial,Pós-venda,Pendente
6581,2025-04-19,5061,1018,Telefone,Pós-venda,Pendente
6582,2025-06-07,5490,2005,Presencial,Pós-venda,Pendente
6583,2025-05-13,5488,1043,Online,Pós-venda,Pendente
6584,2025-06-19,5122,2005,Online,Negociação,Pendente
6585,2025-06-23,5273,1060,Presencial,Pós-venda,Realizada
6586,2025-02-07,5178,1023,Presencial,Prospecção,Realizada
6587,2025-01-15,5282,1049,Presencial,Prospecção,Pendente
6588,2025-06-20,5076,2023,Online,Prospecção,Pendente
6589,2025-04-28,5018,1021,Online,Pós-venda,Realizada
6590,2025-01-21,5273,1023,Presencial,Negociação,Pendente
6591,2025-02-18,5351,1038,Presencial,Prospecção,Realizada
6592,2025-02-25,5188,2010,Online,Negociação,Realizada
6593,2025-06-29,5414,2030,Presencial,Prospecção,Realizada
6594,2025-02-24,5069,1008,Telefone,Prospecção,Pendente
6595,2025-06-28,5348,1035,Telefone,Prospecção,Pendente
6596,2025-05-21,5246,2003,Telefone,Pós-venda,Pendente
6597,2025-02-18,5348,2039,Telefone,Prospecção,Pendente
6598,2025-05-23,5267,1020,Online,Negociação,Pendente
6599,2025-04-11,5060,2007,Online,Negociação,Realizada
6600,2025-02-24,5149,2040,Telefone,Pós-venda,Realizada
6601,2025-02-24,5223,1056,Presencial,Negociação,Pendente
6602,2025-03-22,5228,2024,Online,Pós-venda,Realizada
6603,2025-01-09,5324,1019,Presencial,Negociação,Pendente
6604,2025-04-18,5169,1013,Online,Pós-venda,Pendente
6605,2025-02-05,5461,2028,Presencial,Pós-venda,Pendente
6606,2025-02-06,5212,1024,Online,Prospecção,Realizada
6607,2025-02-06,5408,1016,Presencial,Negociação,Realizada
6608,2025-03-15,5079,2036,Online,Negociação,Pendente
6609,2025-03-21,5197,1059,Presencial,Negociação,Pendente
6610,2025-04-07,5228,1009,Online,Pós-venda,Pendente
6611,2025-01-22,5361,1029,Telefone,Negociação,Pendente
6612,2025-01-30,5240,2021,Presencial,Prospecção,Pendente
6613,2025-05-02,5363,1019,Presencial,Negociação,Pendente
6614,2025-04-04,5447,2008,Online,Negociação,Realizada
6615,2025-05-29,5358,2040,Telefone,Prospecção,Pendente
6616,2025-01-15,5496,2018,Online,Negociação,Realizada
6617,2025-02-08,5390,1049,Online,Prospecção,Pendente
6618,2025-04-17,5413,2013,Telefone,Negociação,Realizada
6619,2025-03-20,5432,1022,Presencial,Prospecção,Realizada
6620,2025-04-11,5117,1008,Online,Negociação,Realizada
6621,2025-06-03,5240,1034,Presencial,Negociação,Pendente
6622,2025-04-06,5149,2035,Presencial,Pós-venda,Pendente
6623,2025-05-02,5320,2022,Telefone,Prospecção,Pendente
6624,2025-05-23,5453,2039,Telefone,Pós-venda,Realizada
6625,2025-06-17,5430,1021,Presencial,Negociação,Pendente
6626,2025-04-01,5341,1026,Online,Negociação,Realizada
6627,2025-01-01,5182,2024,Online,Negociação,Pendente
6628,2025-04-20,5369,2015,Telefone,Negociação,Pendente
6629,2025-06-11,5469,1017,Online,Negociação,Pendente
6630,2025-06-07,5476,2016,Online,Pós-venda,Pendente
6631,2025-05-14,5090,2040,Online,Pós-venda,Realizada
6632,2025-03-19,5487,2007,Presencial,Pós-venda,Realizada
6633,2025-01-02,5417,2038,Presencial,Negociação,Pendente
6634,2025-03-22,5391,1010,Telefone,Negociação,Pendente
6635,2025-03-06,5373,2001,Online,Pós-venda,Pendente
6636,2025-02-19,5473,1039,Telefone,Prospecção,Pendente
6637,2025-01-18,5148,1014,Online,Prospecção,Pendente
6638,2025-05-11,5154,1018,Telefone,Prospecção,Pendente
6639,2025-01-22,5477,1030,Telefone,Prospecção,Pendente
6640,2025-02-10,5413,2030,Telefone,Pós-venda,Realizada
6641,2025-05-20,5342,2006,Online,Negociação,Realizada
6642,2025-05-06,5483,1024,Online,Pós-venda,Pendente
6643,2025-01-08,5357,1059,Presencial,Pós-venda,Realizada
6644,2025-04-24,5211,2023,Telefone,Pós-venda,Realizada
6645,2025-05-25,5070,2013,Telefone,Negociação,Realizada
6646,2025-04-29,5274,1012,Telefone,Negociação,Realizada
6647,2025-06-05,5112,1019,Presencial,Negociação,Realizada
6648,2025-02-06,5051,2010,Telefone,Prospecção,Realizada
6649,2025-05-26,5373,2016,Online,Pós-venda,Realizada
6650,2025-02-05,5412,1010,Online,Negociação,Realizada
6651,2025-03-05,5263,2039,Online,Prospecção,Realizada
6652,2025-02-25,5043,1021,Online,Negociação,Realizada
6653,2025-01-11,5133,2024,Online,Negociação,Realizada
6654,2025-06-27,5226,1014,Online,Pós-venda,Pendente
6655,2025-04-29,5068,1053,Presencial,Pós-venda,Pendente
6656,2025-01-08,5222,1003,Presencial,Pós-venda,Pendente
6657,2025-03-07,5287,1011,Telefone,Negociação,Realizada
6658,2025-02-09,5162,1060,Online,Prospecção,Realizada
6659,2025-05-28,5500,1045,Presencial,Prospecção,Realizada
6660,2025-02-08,5496,1019,Online,Pós-venda,Realizada
6661,2025-05-15,5371,1025,Presencial,Pós-venda,Realizada
6662,2025-05-28,5046,2003,Online,Negociação,Pendente
6663,2025-06-16,5094,2029,Online,Prospecção,Realizada
6664,2025-04-01,5400,2030,Online,Prospecção,Realizada
6665,2025-01-30,5281,1033,Online,Negociação,Realizada
6666,2025-03-29,5338,2030,Telefone,Negociação,Pendente
6667,2025-03-30,5267,1046,Presencial,Negociação,Realizada
6668,2025-03-10,5351,1012,Presencial,Negociação,Realizada
6669,2025-03-07,5300,1023,Presencial,Pós-venda,Realizada
6670,2025-01-29,5001,1022,Online,Prospecção,Realizada
6671,2025-04-18,5185,2032,Presencial,Negociação,Pendente
6672,2025-02-18,5061,2021,Presencial,Negociação,Realizada
6673,2025-01-06,5460,1003,Presencial,Pós-venda,Realizada
6674,2025-03-14,5479,1032,Online,Negociação,Realizada
6675,2025-04-23,5477,1055,Online,Prospecção,Realizada
6676,2025-05-06,5420,1056,Online,Pós-venda,Pendente
6677,2025-05-06,5231,2039,Presencial,Prospecção,Pendente
6678,2025-03-25,5451,2010,Telefone,Prospecção,Pendente
6679,2025-01-15,5158,1017,Presencial,Prospecção,Pendente
6680,2025-02-03,5390,2038,Telefone,Prospecção,Pendente
6681,2025-04-09,5151,2040,Presencial,Prospecção,Realizada
6682,2025-05-29,5031,1048,Online,Pós-venda,Pendente
6683,2025-03-03,5083,1004,Presencial,Negociação,Realizada
6684,2025-02-16,5461,2020,Telefone,Prospecção,Realizada
6685,2025-02-15,5249,2014,Presencial,Prospecção,Realizada
6686,2025-05-26,5288,1039,Online,Pós-venda,Realizada
6687,2025-01-04,5416,1050,Presencial,Pós-venda,Pendente
6688,2025-03-03,5470,1019,Presencial,Prospecção,Pendente
6689,2025-01-22,5386,2040,Online,Negociação,Pendente
6690,2025-03-18,5317,1037,Online,Negociação,Realizada
6691,2025-04-09,5254,2011,Online,Negociação,Realizada
6692,2025-04-09,5435,2034,Online,Prospecção,Pendente
6693,2025-02-04,5392,2023,Presencial,Pós-venda,Realizada
6694,2025-01-27,5037,1034,Presencial,Negociação,Pendente
6695,2025-06-06,5369,1020,Online,Prospecção,Pendente
6696,2025-03-19,5387,2002,Telefone,Prospecção,Realizada
6697,2025-02-09,5483,1032,Presencial,Pós-venda,Pendente
6698,2025-01-18,5193,2025,Presencial,Negociação,Pendente
6699,2025-01-28,5417,2007,Presencial,Pós-venda,Realizada
6700,2025-04-08,5408,1024,Presencial,Negociação,Pendente
6701,2025-03-12,5214,1054,Presencial,Prospecção,Pendente
6702,2025-06-29,5205,1029,Online,Prospecção,Pendente
6703,2025-03-05,5499,2029,Presencial,Prospecção,Pendente
6704,2025-05-19,5431,1028,Presencial,Negociação,Realizada
6705,2025-04-01,5207,2038,Presencial,Negociação,Pendente
6706,2025-03-12,5055,1041,Telefone,Prospecção,Realizada
6707,2025-01-02,5325,2001,Telefone,Pós-venda,Realizada
6708,2025-04-22,5061,1012,Online,Prospecção,Pendente
6709,2025-06-17,5462,2028,Telefone,Prospecção,Pendente
6710,2025-03-06,5360,2027,Presencial,Pós-venda,Pendente
6711,2025-04-01,5142,1006,Online,Negociação,Realizada
6712,2025-01-05,5362,1010,Telefone,Negociação,Pendente
6713,2025-03-20,5453,2003,Online,Negociação,Realizada
6714,2025-06-24,5203,2022,Online,Negociação,Pendente
6715,2025-01-11,5477,1043,Online,Pós-venda,Realizada
6716,2025-03-05,5446,1055,Online,Pós-venda,Realizada
6717,2025-06-11,5453,1037,Telefone,Pós-venda,Pendente
6718,2025-03-16,5433,1044,Presencial,Negociação,Pendente
6719,2025-02-21,5194,2019,Telefone,Pós-venda,Realizada
6720,2025-04-29,5137,1022,Presencial,Pós-venda,Realizada
6721,2025-01-03,5369,1054,Telefone,Prospecção,Realizada
6722,2025-02-14,5308,2002,Presencial,Prospecção,Pendente
6723,2025-05-12,5119,1059,Online,Prospecção,Pendente
6724,2025-03-30,5463,2003,Online,Negociação,Pendente
6725,2025-04-07,5341,2002,Presencial,Negociação,Realizada
6726,2025-01-06,5141,1049,Presencial,Pós-venda,Pendente
6727,2025-03-31,5310,1035,Online,Pós-venda,Realizada
6728,2025-06-18,5248,2013,Presencial,Prospecção,Realizada
6729,2025-01-18,5273,2032,Telefone,Pós-venda,Pendente
6730,2025-04-19,5265,2025,Online,Pós-venda,Pendente
6731,2025-05-20,5387,1026,Presencial,Negociação,Realizada
6732,2025-03-29,5071,2004,Telefone,Negociação,Realizada
6733,2025-05-14,5386,1055,Telefone,Prospecção,Realizada
6734,2025-04-24,5067,2002,Telefone,Pós-venda,Pendente
6735,2025-02-06,5287,2036,Presencial,Prospecção,Pendente
6736,2025-06-24,5259,2032,Presencial,Prospecção,Pendente
6737,2025-02-19,5286,1030,Online,Pós-venda,Pendente
6738,2025-05-22,5488,2002,Telefone,Prospecção,Pendente
6739,2025-06-27,5271,2035,Telefone,Pós-venda,Pendente
6740,2025-01-12,5394,1049,Telefone,Pós-venda,Pendente
6741,2025-02-15,5450,2017,Presencial,Pós-venda,Realizada
6742,2025-04-16,5010,2003,Presencial,Negociação,Realizada
6743,2025-02-28,5068,2019,Online,Prospecção,Pendente
6744,2025-01-13,5036,1038,Telefone,Pós-venda,Pendente
6745,2025-01-28,5022,1008,Online,Negociação,Pendente
6746,2025-04-21,5328,1033,Online,Pós-venda,Realizada
6747,2025-01-07,5462,2009,Presencial,Pós-venda,Pendente
6748,2025-01-31,5450,1037,Online,Prospecção,Pendente
6749,2025-02-09,5084,2035,Presencial,Pós-venda,Pendente
6750,2025-05-31,5268,2025,Telefone,Pós-venda,Realizada
6751,2025-04-19,5495,1046,Telefone,Negociação,Realizada
6752,2025-03-29,5406,1032,Telefone,Prospecção,Pendente
6753,2025-03-13,5112,1035,Online,Pós-venda,Realizada
6754,2025-01-31,5037,1051,Online,Prospecção,Pendente
6755,2025-01-10,5113,1046,Online,Prospecção,Pendente
6756,2025-05-28,5406,2003,Online,Negociação,Pendente
6757,2025-05-17,5100,1022,Presencial,Prospecção,Pendente
6758,2025-06-15,5184,2013,Online,Pós-venda,Pendente
6759,2025-06-28,5353,1060,Online,Prospecção,Realizada
6760,2025-05-19,5432,2014,Telefone,Prospecção,Pendente
6761,2025-05-14,5190,1013,Telefone,Prospecção,Pendente
6762,2025-06-18,5433,1041,Telefone,Prospecção,Pendente
6763,2025-01-07,5266,1049,Telefone,Pós-venda,Realizada
6764,2025-04-25,5432,2033,Presencial,Pós-venda,Realizada
6765,2025-05-01,5272,2006,Telefone,Negociação,Pendente
6766,2025-02-26,5197,1058,Online,Prospecção,Realizada
6767,2025-03-09,5066,1046,Online,Negociação,Realizada
6768,2025-05-23,5416,1030,Telefone,Pós-venda,Realizada
6769,2025-01-13,5337,1052,Online,Prospecção,Pendente
6770,2025-06-06,5379,1002,Presencial,Prospecção,Pendente
6771,2025-03-23,5479,1010,Telefone,Negociação,Realizada
6772,2025-05-14,5210,1031,Telefone,Prospecção,Pendente
6773,2025-02-15,5498,1035,Presencial,Negociação,Realizada
6774,2025-06-26,5123,2036,Presencial,Negociação,Realizada
6775,2025-04-01,5066,1030,Presencial,Pós-venda,Realizada
6776,2025-06-25,5310,2019,Presencial,Pós-venda,Pendente
6777,2025-02-08,5061,1036,Telefone,Negociação,Pendente
6778,2025-01-17,5485,1039,Telefone,Negociação,Pendente
6779,2025-01-11,5262,1014,Telefone,Pós-venda,Realizada
6780,2025-03-27,5388,1012,Online,Prospecção,Realizada
6781,2025-03-24,5392,1015,Presencial,Pós-venda,Pendente
6782,2025-05-15,5488,2025,Presencial,Pós-venda,Pendente
6783,2025-03-15,5422,1008,Telefone,Prospecção,Pendente
6784,2025-02-22,5191,1049,Telefone,Pós-venda,Pendente
6785,2025-02-04,5017,1020,Telefone,Pós-venda,Pendente
6786,2025-05-05,5303,1006,Telefone,Negociação,Realizada
6787,2025-05-06,5229,1003,Presencial,Prospecção,Realizada
6788,2025-05-27,5172,1007,Presencial,Pós-venda,Realizada
6789,2025-03-14,5394,2028,Telefone,Prospecção,Realizada
6790,2025-01-21,5202,2026,Online,Pós-venda,Pendente
6791,2025-04-01,5199,2040,Presencial,Prospecção,Realizada
6792,2025-04-19,5041,1044,Online,Negociação,Realizada
6793,2025-01-04,5423,2005,Telefone,Negociação,Pendente
6794,2025-04-22,5196,2025,Presencial,Pós-venda,Realizada
6795,2025-02-07,5238,2039,Telefone,Prospecção,Pendente
6796,2025-01-25,5269,1021,Telefone,Prospecção,Pendente
6797,2025-01-03,5350,1001,Online,Prospecção,Pendente
6798,2025-03-01,5160,2019,Presencial,Negociação,Realizada
6799,2025-05-23,5417,2040,Presencial,Prospecção,Realizada
6800,2025-05-10,5144,1059,Telefone,Pós-venda,Pendente
6801,2025-04-02,5397,1003,Presencial,Negociação,Pendente
6802,2025-02-18,5302,1022,Telefone,Prospecção,Pendente
6803,2025-04-20,5335,1007,Online,Prospecção,Pendente
6804,2025-01-16,5434,1052,Telefone,Pós-venda,Realizada
6805,2025-06-28,5053,2021,Online,Pós-venda,Pendente
6806,2025-01-26,5368,2031,Online,Pós-venda,Pendente
6807,2025-02-17,5426,2027,Telefone,Pós-venda,Pendente
6808,2025-02-12,5438,1049,Telefone,Prospecção,Pendente
6809,2025-05-21,5113,2002,Presencial,Negociação,Realizada
6810,2025-01-31,5179,1014,Presencial,Pós-venda,Pendente
6811,2025-02-19,5401,1011,Presencial,Negociação,Pendente
6812,2025-05-21,5002,1006,Online,Negociação,Realizada
6813,2025-02-26,5179,2004,Online,Negociação,Pendente
6814,2025-06-20,5057,2028,Online,Negociação,Pendente
6815,2025-01-23,5468,2035,Online,Pós-venda,Realizada
6816,2025-05-06,5241,2040,Presencial,Pós-venda,Realizada
6817,2025-03-30,5323,2038,Presencial,Prospecção,Realizada
6818,2025-02-06,5166,2024,Presencial,Prospecção,Pendente
6819,2025-03-02,5468,1023,Online,Prospecção,Pendente
6820,2025-02-28,5241,2039,Presencial,Negociação,Realizada
6821,2025-06-04,5452,1059,Telefone,Prospecção,Pendente
6822,2025-01-01,5413,2033,Telefone,Negociação,Realizada
6823,2025-01-25,5232,2032,Presencial,Negociação,Pendente
6824,2025-05-02,5168,2038,Presencial,Pós-venda,Realizada
6825,2025-04-08,5339,1056,Telefone,Prospecção,Pendente
6826,2025-02-14,5056,2022,Presencial,Negociação,Realizada
6827,2025-05-13,5370,2002,Online,Negociação,Realizada
6828,2025-02-19,5079,1024,Online,Prospecção,Realizada
6829,2025-06-28,5105,1051,Online,Pós-venda,Realizada
6830,2025-02-15,5467,1027,Telefone,Prospecção,Realizada
6831,2025-02-09,5065,2015,Presencial,Pós-venda,Realizada
6832,2025-06-02,5134,1032,Telefone,Prospecção,Pendente
6833,2025-01-05,5394,1051,Telefone,Negociação,Realizada
6834,2025-06-14,5456,1012,Online,Prospecção,Pendente
6835,2025-02-01,5445,1037,Telefone,Prospecção,Realizada
6836,2025-06-22,5104,2016,Online,Pós-venda,Pendente
6837,2025-06-05,5333,1057,Online,Negociação,Realizada
6838,2025-02-21,5447,1011,Online,Pós-venda,Pendente
6839,2025-04-03,5444,2033,Presencial,Negociação,Pendente
6840,2025-04-08,5025,1052,Online,Negociação,Realizada
6841,2025-01-03,5453,1029,Online,Negociação,Realizada
6842,2025-04-29,5096,1050,Telefone,Negociação,Pendente
6843,2025-02-16,5223,1039,Telefone,Negociação,Pendente
6844,2025-06-29,5361,1035,Telefone,Pós-venda,Realizada
6845,2025-05-27,5185,1040,Presencial,Pós-venda,Realizada
6846,2025-04-05,5263,1058,Online,Pós-venda,Realizada
6847,2025-05-30,5153,1047,Presencial,Prospecção,Pendente
6848,2025-06-21,5262,2040,Online,Pós-venda,Realizada
6849,2025-05-15,5051,2009,Presencial,Pós-venda,Pendente
6850,2025-03-28,5218,2019,Online,Negociação,Realizada
6851,2025-06-18,5354,1008,Online,Prospecção,Realizada
6852,2025-01-01,5438,1039,Presencial,Negociação,Realizada
6853,2025-01-23,5315,1035,Online,Negociação,Pendente
6854,2025-04-04,5409,2029,Telefone,Negociação,Realizada
6855,2025-03-26,5035,2002,Presencial,Negociação,Realizada
6856,2025-05-22,5164,2040,Online,Negociação,Pendente
6857,2025-06-15,5137,1032,Online,Prospecção,Pendente
6858,2025-02-18,5365,1015,Presencial,Pós-venda,Realizada
6859,2025-01-11,5381,1010,Telefone,Prospecção,Pendente
6860,2025-06-16,5453,2038,Online,Pós-venda,Pendente
6861,2025-06-07,5113,1038,Online,Prospecção,Pendente
6862,2025-04-22,5039,1031,Presencial,Prospecção,Pendente
6863,2025-04-16,5432,1013,Online,Pós-venda,Pendente
6864,2025-02-18,5267,1038,Telefone,Prospecção,Pendente
6865,2025-05-08,5221,2039,Telefone,Pós-venda,Realizada
6866,2025-06-24,5435,1037,Online,Pós-venda,Realizada
6867,2025-04-22,5467,2040,Telefone,Negociação,Pendente
6868,2025-01-17,5480,2001,Presencial,Prospecção,Pendente
6869,2025-02-25,5073,1014,Telefone,Negociação,Pendente
6870,2025-04-19,5155,2018,Online,Negociação,Pendente
6871,2025-04-07,5015,2005,Telefone,Negociação,Realizada
6872,2025-02-03,5369,2017,Online,Prospecção,Realizada
6873,2025-01-15,5475,1054,Presencial,Pós-venda,Realizada
6874,2025-02-16,5370,1057,Online,Negociação,Realizada
6875,2025-02-21,5184,2029,Presencial,Negociação,Realizada
6876,2025-03-10,5296,2015,Telefone,Negociação,Realizada
6877,2025-05-30,5095,1033,Telefone,Prospecção,Pendente
6878,2025-05-15,5279,2030,Presencial,Pós-venda,Pendente
6879,2025-05-07,5185,1004,Online,Negociação,Realizada
6880,2025-06-06,5045,2005,Online,Pós-venda,Pendente
6881,2025-05-15,5197,1055,Presencial,Pós-venda,Realizada
6882,2025-01-10,5193,1027,Presencial,Pós-venda,Realizada
6883,2025-03-17,5197,1046,Online,Pós-venda,Realizada
6884,2025-06-03,5135,1014,Presencial,Pós-venda,Realizada
6885,2025-01-30,5449,1001,Telefone,Pós-venda,Pendente
6886,2025-03-28,5056,1004,Online,Negociação,Pendente
6887,2025-06-24,5413,1017,Presencial,Negociação,Realizada
6888,2025-02-01,5285,1053,Telefone,Negociação,Pendente
6889,2025-02-08,5301,1002,Presencial,Pós-venda,Pendente
6890,2025-05-23,5052,1002,Presencial,Prospecção,Realizada
6891,2025-05-16,5406,1057,Online,Prospecção,Pendente
6892,2025-01-24,5290,2027,Presencial,Pós-venda,Pendente
6893,2025-01-15,5367,2020,Online,Prospecção,Pendente
6894,2025-05-31,5475,1021,Telefone,Negociação,Realizada
6895,2025-02-24,5092,2016,Telefone,Pós-venda,Realizada
6896,2025-05-03,5490,1013,Telefone,Negociação,Pendente
6897,2025-01-10,5279,1022,Telefone,Negociação,Realizada
6898,2025-05-29,5186,1055,Online,Prospecção,Pendente
6899,2025-01-22,5279,1038,Telefone,Prospecção,Realizada
6900,2025-03-07,5154,1045,Presencial,Pós-venda,Realizada
6901,2025-04-01,5145,1053,Presencial,Negociação,Realizada
6902,2025-02-17,5097,1043,Online,Prospecção,Pendente
6903,2025-06-03,5338,2003,Online,Negociação,Pendente
6904,2025-05-14,5173,1041,Telefone,Prospecção,Pendente
6905,2025-06-25,5056,2020,Presencial,Prospecção,Realizada
6906,2025-05-01,5080,2018,Online,Negociação,Realizada
6907,2025-05-08,5291,1026,Online,Pós-venda,Realizada
6908,2025-05-21,5411,1015,Online,Prospecção,Realizada
6909,2025-05-20,5158,1051,Online,Prospecção,Realizada
6910,2025-03-17,5158,1039,Online,Pós-venda,Pendente
6911,2025-03-30,5303,1058,Presencial,Negociação,Pendente
6912,2025-01-06,5347,1044,Online,Prospecção,Realizada
6913,2025-01-01,5123,1039,Telefone,Negociação,Pendente
6914,2025-02-28,5100,1057,Telefone,Prospecção,Realizada
6915,2025-05-10,5423,2005,Telefone,Pós-venda,Pendente
6916,2025-04-10,5037,1015,Telefone,Prospecção,Realizada
6917,2025-05-22,5207,1040,Presencial,Prospecção,Realizada
6918,2025-04-25,5399,1005,Presencial,Prospecção,Pendente
6919,2025-01-15,5081,2017,Online,Negociação,Realizada
6920,2025-04-22,5040,2039,Telefone,Prospecção,Realizada
6921,2025-03-03,5302,1050,Online,Negociação,Pendente
6922,2025-01-30,5112,2017,Online,Pós-venda,Pendente
6923,2025-03-26,5322,2005,Presencial,Prospecção,Realizada
6924,2025-03-31,5130,1001,Telefone,Prospecção,Realizada
6925,2025-02-02,5060,2039,Presencial,Negociação,Pendente
6926,2025-05-27,5435,1024,Telefone,Pós-venda,Pendente
6927,2025-02-18,5029,2009,Telefone,Pós-venda,Pendente
6928,2025-01-22,5080,2035,Presencial,Negociação,Pendente
6929,2025-02-07,5316,1044,Presencial,Negociação,Pendente
6930,2025-03-16,5322,1014,Presencial,Negociação,Realizada
6931,2025-01-15,5384,2018,Presencial,Pós-venda,Pendente
6932,2025-02-18,5492,1054,Online,Pós-venda,Pendente
6933,2025-03-30,5167,1014,Presencial,Prospecção,Pendente
6934,2025-05-04,5228,2020,Presencial,Negociação,Realizada
6935,2025-04-18,5015,2038,Online,Prospecção,Pendente
6936,2025-03-21,5042,2038,Telefone,Pós-venda,Realizada
6937,2025-02-13,5256,2032,Presencial,Negociação,Realizada
6938,2025-05-07,5376,1051,Telefone,Negociação,Realizada
6939,2025-03-15,5405,2004,Telefone,Prospecção,Realizada
6940,2025-05-06,5105,2032,Presencial,Pós-venda,Realizada
6941,2025-05-23,5257,1007,Presencial,Negociação,Realizada
6942,2025-04-15,5114,2021,Presencial,Negociação,Realizada
6943,2025-03-27,5491,1054,Online,Negociação,Realizada
6944,2025-03-25,5031,1051,Presencial,Pós-venda,Realizada
6945,2025-03-10,5273,1020,Presencial,Negociação,Pendente
6946,2025-03-03,5071,2002,Telefone,Negociação,Pendente
6947,2025-03-08,5403,1044,Telefone,Prospecção,Pendente
6948,2025-02-14,5217,1049,Telefone,Pós-venda,Realizada
6949,2025-01-21,5354,1036,Online,Prospecção,Pendente
6950,2025-03-08,5187,2015,Presencial,Negociação,Pendente
6951,2025-04-14,5394,1059,Online,Prospecção,Pendente
6952,2025-05-24,5085,1008,Presencial,Pós-venda,Realizada
6953,2025-04-04,5475,1023,Telefone,Prospecção,Pendente
6954,2025-02-27,5489,2032,Presencial,Pós-venda,Pendente
6955,2025-01-19,5467,1008,Presencial,Prospecção,Realizada
6956,2025-04-12,5022,2005,Online,Negociação,Realizada
6957,2025-05-30,5213,1002,Presencial,Pós-venda,Realizada
6958,2025-05-15,5255,2031,Online,Prospecção,Realizada
6959,2025-04-14,5012,1059,Online,Negociação,Realizada
6960,2025-05-11,5371,2005,Telefone,Pós-venda,Pendente
6961,2025-05-20,5101,1043,Telefone,Prospecção,Pendente
6962,2025-03-16,5197,2020,Presencial,Prospecção,Pendente
6963,2025-06-24,5191,1029,Telefone,Negociação,Realizada
6964,2025-03-13,5309,1043,Telefone,Pós-venda,Realizada
6965,2025-02-02,5469,1007,Telefone,Prospecção,Realizada
6966,2025-06-21,5388,1029,Online,Negociação,Pendente
6967,2025-05-08,5364,1015,Telefone,Prospecção,Pendente
6968,2025-03-13,5111,2020,Telefone,Pós-venda,Realizada
6969,2025-04-15,5324,2030,Online,Negociação,Realizada
6970,2025-06-01,5033,1008,Online,Pós-venda,Pendente
6971,2025-03-02,5012,2007,Telefone,Prospecção,Pendente
6972,2025-02-25,5261,1033,Online,Pós-venda,Pendente
6973,2025-06-18,5220,1012,Presencial,Prospecção,Pendente
6974,2025-06-15,5094,1016,Presencial,Negociação,Pendente
6975,2025-02-24,5057,1060,Presencial,Negociação,Pendente
6976,2025-02-20,5384,1041,Telefone,Negociação,Realizada
6977,2025-02-20,5342,1038,Telefone,Prospecção,Realizada
6978,2025-05-20,5007,1023,Telefone,Prospecção,Pendente
6979,2025-01-08,5021,2038,Presencial,Prospecção,Pendente
6980,2025-04-30,5392,2020,Presencial,Negociação,Realizada
6981,2025-02-04,5054,1054,Presencial,Negociação,Realizada
6982,2025-06-20,5016,1045,Online,Negociação,Realizada
6983,2025-01-12,5233,2021,Online,Pós-venda,Pendente
6984,2025-02-14,5021,2018,Online,Prospecção,Pendente
6985,2025-04-26,5228,1028,Online,Prospecção,Pendente
6986,2025-03-20,5485,2038,Telefone,Pós-venda,Realizada
6987,2025-05-15,5321,2002,Online,Pós-venda,Pendente
6988,2025-01-19,5210,1060,Presencial,Prospecção,Pendente
6989,2025-03-16,5403,2029,Presencial,Prospecção,Pendente
6990,2025-03-05,5129,2005,Telefone,Prospecção,Pendente
6991,2025-02-10,5469,2009,Presencial,Negociação,Pendente
6992,2025-04-19,5388,1020,Telefone,Negociação,Realizada
6993,2025-06-20,5108,1057,Telefone,Prospecção,Pendente
6994,2025-05-30,5320,1040,Online,Prospecção,Realizada
6995,2025-01-23,5436,2024,Telefone,Pós-venda,Pendente
6996,2025-02-18,5082,2008,Presencial,Pós-venda,Pendente
6997,2025-03-28,5217,1047,Presencial,Prospecção,Realizada
6998,2025-02-17,5016,1038,Presencial,Negociação,Realizada
6999,2025-06-17,5026,1006,Telefone,Pós-venda,Pendente
7000,2025-06-28,5481,1027,Online,Negociação,Pendente
7001,2025-02-19,5274,1047,Presencial,Pós-venda,Pendente
7002,2025-03-22,5423,2015,Online,Negociação,Realizada
7003,2025-06-18,5361,1048,Online,Pós-venda,Realizada
7004,2025-06-25,5442,1034,Telefone,Pós-venda,Realizada
7005,2025-01-18,5122,2039,Telefone,Prospecção,Pendente
7006,2025-06-13,5182,2032,Telefone,Prospecção,Pendente
7007,2025-03-03,5087,1030,Online,Negociação,Realizada
7008,2025-05-04,5175,2012,Telefone,Prospecção,Realizada
7009,2025-05-18,5257,2016,Online,Prospecção,Realizada
7010,2025-05-15,5303,2003,Presencial,Prospecção,Realizada
7011,2025-05-12,5372,1038,Online,Pós-venda,Pendente
7012,2025-02-14,5158,2024,Telefone,Pós-venda,Pendente
7013,2025-05-30,5111,1012,Presencial,Negociação,Pendente
7014,2025-04-14,5105,1017,Telefone,Negociação,Pendente
7015,2025-05-23,5116,2012,Presencial,Negociação,Realizada
7016,2025-06-19,5314,1021,Telefone,Prospecção,Realizada
7017,2025-05-31,5268,2001,Online,Prospecção,Realizada
7018,2025-02-22,5478,1022,Telefone,Negociação,Pendente
7019,2025-05-28,5475,1028,Telefone,Prospecção,Pendente
7020,2025-06-10,5308,1004,Online,Pós-venda,Realizada
7021,2025-06-07,5040,2036,Online,Prospecção,Realizada
7022,2025-03-28,5185,2021,Telefone,Negociação,Pendente
7023,2025-02-26,5089,1005,Presencial,Pós-venda,Pendente
7024,2025-06-15,5343,2030,Telefone,Prospecção,Pendente
7025,2025-06-11,5137,2008,Online,Prospecção,Pendente
7026,2025-06-10,5228,1016,Online,Pós-venda,Realizada
7027,2025-04-15,5215,1048,Online,Pós-venda,Pendente
7028,2025-05-21,5167,1029,Presencial,Pós-venda,Pendente
7029,2025-02-19,5227,2032,Telefone,Negociação,Realizada
7030,2025-03-05,5082,1019,Online,Pós-venda,Pendente
7031,2025-05-04,5263,2032,Online,Pós-venda,Realizada
7032,2025-06-18,5333,1012,Telefone,Negociação,Realizada
7033,2025-04-24,5070,1048,Telefone,Negociação,Pendente
7034,2025-05-26,5108,1042,Telefone,Negociação,Realizada
7035,2025-02-07,5017,1032,Presencial,Negociação,Pendente
7036,2025-06-17,5209,1013,Presencial,Negociação,Pendente
7037,2025-04-13,5137,2024,Online,Negociação,Pendente
7038,2025-05-10,5029,1056,Presencial,Pós-venda,Realizada
7039,2025-04-30,5050,1050,Telefone,Pós-venda,Pendente
7040,2025-01-08,5397,1043,Online,Prospecção,Pendente
7041,2025-01-28,5179,2028,Online,Prospecção,Pendente
7042,2025-05-31,5460,1054,Telefone,Prospecção,Realizada
7043,2025-04-12,5238,1035,Telefone,Pós-venda,Realizada
7044,2025-02-06,5498,2022,Presencial,Negociação,Realizada
7045,2025-01-10,5156,1028,Telefone,Pós-venda,Pendente
7046,2025-03-25,5310,1005,Presencial,Negociação,Realizada
7047,2025-05-20,5010,1024,Online,Pós-venda,Pendente
7048,2025-05-04,5334,1052,Presencial,Prospecção,Realizada
7049,2025-02-18,5081,1005,Online,Negociação,Pendente
7050,2025-04-18,5473,1022,Online,Prospecção,Pendente
7051,2025-06-22,5354,1039,Online,Pós-venda,Realizada
7052,2025-06-25,5233,2010,Presencial,Negociação,Pendente
7053,2025-01-23,5051,1031,Online,Prospecção,Pendente
7054,2025-04-04,5471,1056,Telefone,Prospecção,Realizada
7055,2025-06-24,5382,2021,Telefone,Prospecção,Pendente
7056,2025-06-17,5458,2009,Online,Pós-venda,Realizada
7057,2025-04-02,5250,1044,Telefone,Prospecção,Realizada
7058,2025-03-25,5130,2009,Presencial,Pós-venda,Pendente
7059,2025-01-05,5075,1010,Presencial,Prospecção,Realizada
7060,2025-06-02,5258,2012,Presencial,Prospecção,Realizada
7061,2025-01-20,5427,1044,Presencial,Negociação,Realizada
7062,2025-05-23,5473,2017,Presencial,Pós-venda,Realizada
7063,2025-05-20,5367,2033,Presencial,Negociação,Realizada
7064,2025-04-16,5313,1015,Online,Prospecção,Pendente
7065,2025-04-01,5382,2006,Telefone,Pós-venda,Pendente
7066,2025-02-22,5426,2019,Online,Pós-venda,Pendente
7067,2025-02-22,5406,1027,Online,Negociação,Realizada
7068,2025-04-07,5286,1018,Telefone,Negociação,Pendente
7069,2025-03-16,5495,2016,Presencial,Negociação,Pendente
7070,2025-02-28,5320,1003,Online,Pós-venda,Realizada
7071,2025-06-17,5401,1052,Online,Negociação,Realizada
7072,2025-06-12,5099,1027,Online,Prospecção,Realizada
7073,2025-01-29,5211,1041,Telefone,Prospecção,Realizada
7074,2025-04-30,5208,2023,Telefone,Negociação,Pendente
7075,2025-02-23,5088,1021,Telefone,Negociação,Realizada
7076,2025-06-01,5275,2032,Online,Pós-venda,Pendente
7077,2025-03-11,5111,2033,Presencial,Pós-venda,Pendente
7078,2025-06-02,5347,1002,Online,Pós-venda,Realizada
7079,2025-01-02,5433,1050,Online,Pós-venda,Realizada
7080,2025-04-28,5120,2001,Telefone,Negociação,Realizada
7081,2025-04-10,5180,2004,Telefone,Prospecção,Realizada
7082,2025-02-01,5401,1052,Telefone,Pós-venda,Pendente
7083,2025-05-21,5364,2037,Telefone,Prospecção,Realizada
7084,2025-04-05,5114,2012,Telefone,Prospecção,Pendente
7085,2025-03-31,5450,2036,Presencial,Negociação,Realizada
7086,2025-01-25,5104,1038,Online,Pós-venda,Pendente
7087,2025-05-16,5056,1018,Online,Negociação,Pendente
7088,2025-03-25,5323,1059,Telefone,Prospecção,Realizada
7089,2025-02-22,5249,2027,Online,Negociação,Realizada
7090,2025-05-18,5174,1052,Presencial,Prospecção,Pendente
7091,2025-03-28,5498,2024,Telefone,Pós-venda,Realizada
7092,2025-04-28,5093,1057,Telefone,Pós-venda,Realizada
7093,2025-04-21,5081,1035,Online,Prospecção,Pendente
7094,2025-06-04,5315,2015,Telefone,Prospecção,Pendente
7095,2025-06-01,5164,1023,Telefone,Negociação,Realizada
7096,2025-05-07,5265,1050,Online,Negociação,Realizada
7097,2025-03-23,5352,2009,Online,Prospecção,Realizada
7098,2025-03-22,5452,1018,Presencial,Pós-venda,Realizada
7099,2025-01-18,5266,1046,Telefone,Prospecção,Realizada
7100,2025-03-25,5165,1031,Telefone,Negociação,Pendente
7101,2025-06-08,5117,1043,Online,Prospecção,Pendente
7102,2025-06-22,5318,2037,Online,Prospecção,Pendente
7103,2025-04-04,5225,1035,Telefone,Pós-venda,Pendente
7104,2025-01-24,5376,2030,Telefone,Pós-venda,Realizada
7105,2025-06-06,5020,1037,Telefone,Negociação,Pendente
7106,2025-03-15,5454,2011,Presencial,Prospecção,Realizada
7107,2025-01-31,5237,1012,Telefone,Pós-venda,Realizada
7108,2025-03-29,5359,1041,Online,Negociação,Pendente
7109,2025-01-09,5417,1041,Presencial,Negociação,Realizada
7110,2025-05-01,5230,1010,Telefone,Pós-venda,Pendente
7111,2025-03-28,5439,2033,Presencial,Prospecção,Pendente
7112,2025-05-20,5017,2014,Online,Pós-venda,Pendente
7113,2025-06-12,5270,1049,Presencial,Pós-venda,Realizada
7114,2025-01-13,5242,1018,Online,Pós-venda,Pendente
7115,2025-05-10,5477,1042,Telefone,Negociação,Pendente
7116,2025-02-05,5323,1032,Online,Negociação,Realizada
7117,2025-01-29,5123,1040,Online,Prospecção,Realizada
7118,2025-02-13,5428,1014,Online,Negociação,Realizada
7119,2025-05-03,5273,1010,Telefone,Prospecção,Realizada
7120,2025-01-04,5280,2025,Telefone,Pós-venda,Realizada
7121,2025-06-27,5285,2013,Telefone,Negociação,Realizada
7122,2025-06-13,5112,2008,Presencial,Negociação,Pendente
7123,2025-06-18,5033,1011,Telefone,Negociação,Realizada
7124,2025-06-12,5412,1030,Presencial,Pós-venda,Pendente
7125,2025-06-08,5156,1018,Online,Prospecção,Realizada
7126,2025-05-07,5446,2022,Online,Pós-venda,Pendente
7127,2025-03-24,5247,2036,Online,Negociação,Realizada
7128,2025-06-25,5031,2035,Presencial,Prospecção,Pendente
7129,2025-02-02,5440,1003,Telefone,Negociação,Pendente
7130,2025-05-07,5214,1055,Telefone,Pós-venda,Realizada
7131,2025-03-20,5479,1053,Presencial,Prospecção,Realizada
7132,2025-01-09,5269,2027,Online,Prospecção,Pendente
7133,2025-01-22,5292,1030,Telefone,Negociação,Pendente
7134,2025-06-11,5316,2015,Telefone,Pós-venda,Pendente
7135,2025-05-14,5206,2004,Online,Prospecção,Pendente
7136,2025-06-27,5271,1051,Presencial,Negociação,Realizada
7137,2025-04-02,5225,2006,Telefone,Prospecção,Realizada
7138,2025-06-20,5464,1003,Online,Prospecção,Pendente
7139,2025-05-14,5459,2023,Online,Negociação,Realizada
7140,2025-06-28,5213,1029,Presencial,Pós-venda,Pendente
7141,2025-02-10,5179,1042,Online,Negociação,Realizada
7142,2025-06-12,5202,1055,Telefone,Pós-venda,Realizada
7143,2025-01-23,5339,1059,Online,Negociação,Pendente
7144,2025-02-22,5041,1051,Telefone,Negociação,Realizada
7145,2025-05-22,5343,2030,Presencial,Prospecção,Pendente
7146,2025-05-28,5104,1037,Presencial,Pós-venda,Realizada
7147,2025-04-28,5137,2036,Telefone,Prospecção,Pendente
7148,2025-01-01,5199,1025,Online,Pós-venda,Pendente
7149,2025-01-28,5444,1002,Online,Negociação,Pendente
7150,2025-04-14,5063,2034,Presencial,Negociação,Pendente
7151,2025-02-02,5327,1046,Presencial,Negociação,Pendente
7152,2025-04-26,5284,1013,Presencial,Negociação,Pendente
7153,2025-01-30,5048,1032,Telefone,Negociação,Pendente
7154,2025-06-11,5339,1001,Telefone,Prospecção,Pendente
7155,2025-05-13,5156,1044,Online,Pós-venda,Realizada
7156,2025-04-14,5163,1022,Presencial,Pós-venda,Pendente
7157,2025-01-12,5465,1011,Telefone,Pós-venda,Pendente
7158,2025-06-17,5311,1057,Presencial,Negociação,Pendente
7159,2025-02-21,5417,1009,Presencial,Prospecção,Pendente
7160,2025-06-10,5124,2013,Online,Pós-venda,Realizada
7161,2025-05-23,5268,1012,Presencial,Negociação,Realizada
7162,2025-02-26,5030,1060,Telefone,Prospecção,Pendente
7163,2025-05-31,5366,1017,Telefone,Pós-venda,Pendente
7164,2025-06-20,5421,2010,Telefone,Prospecção,Realizada
7165,2025-05-26,5348,1042,Telefone,Prospecção,Pendente
7166,2025-03-15,5304,2007,Presencial,Negociação,Pendente
7167,2025-06-16,5415,1007,Online,Prospecção,Realizada
7168,2025-02-15,5256,1044,Presencial,Prospecção,Pendente
7169,2025-04-25,5481,2007,Presencial,Negociação,Pendente
7170,2025-06-28,5288,1031,Presencial,Prospecção,Pendente
7171,2025-03-16,5144,2030,Online,Negociação,Realizada
7172,2025-01-03,5135,2035,Telefone,Prospecção,Realizada
7173,2025-04-18,5202,1040,Telefone,Negociação,Pendente
7174,2025-06-29,5022,2004,Presencial,Prospecção,Realizada
7175,2025-04-04,5269,1046,Online,Negociação,Pendente
7176,2025-01-11,5352,1017,Telefone,Negociação,Pendente
7177,2025-06-18,5391,1060,Online,Negociação,Realizada
7178,2025-01-27,5128,2028,Online,Negociação,Realizada
7179,2025-02-07,5018,1037,Online,Pós-venda,Pendente
7180,2025-02-16,5048,2040,Presencial,Negociação,Realizada
7181,2025-04-14,5143,1026,Online,Negociação,Realizada
7182,2025-03-07,5020,2038,Presencial,Pós-venda,Realizada
7183,2025-03-20,5203,1034,Presencial,Pós-venda,Pendente
7184,2025-02-26,5199,1013,Telefone,Negociação,Pendente
7185,2025-02-08,5484,2037,Online,Negociação,Pendente
7186,2025-02-22,5416,1037,Online,Negociação,Pendente
7187,2025-05-11,5295,1013,Presencial,Prospecção,Realizada
7188,2025-06-13,5043,1017,Presencial,Negociação,Pendente
7189,2025-05-28,5115,2023,Online,Pós-venda,Realizada
7190,2025-03-23,5490,1028,Online,Prospecção,Pendente
7191,2025-03-05,5109,1033,Telefone,Negociação,Pendente
7192,2025-06-30,5061,2027,Telefone,Prospecção,Realizada
7193,2025-05-05,5168,2027,Online,Pós-venda,Pendente
7194,2025-06-02,5003,1021,Presencial,Prospecção,Realizada
7195,2025-01-28,5353,2037,Presencial,Pós-venda,Realizada
7196,2025-03-10,5086,2016,Presencial,Negociação,Realizada
7197,2025-02-14,5200,2029,Telefone,Negociação,Realizada
7198,2025-01-14,5137,2038,Presencial,Pós-venda,Realizada
7199,2025-02-12,5078,1002,Presencial,Negociação,Realizada
7200,2025-03-13,5196,1008,Telefone,Pós-venda,Pendente
7201,2025-06-30,5151,1026,Presencial,Pós-venda,Realizada
7202,2025-04-15,5451,1045,Telefone,Pós-venda,Pendente
7203,2025-04-08,5471,1027,Telefone,Pós-venda,Pendente
7204,2025-02-07,5437,1030,Presencial,Pós-venda,Pendente
7205,2025-01-01,5498,2021,Online,Negociação,Realizada
7206,2025-06-25,5283,1026,Telefone,Negociação,Realizada
7207,2025-01-04,5218,2036,Online,Negociação,Pendente
7208,2025-05-14,5122,2007,Presencial,Prospecção,Pendente
7209,2025-06-10,5413,1059,Presencial,Negociação,Pendente
7210,2025-04-10,5413,2033,Presencial,Pós-venda,Realizada
7211,2025-05-06,5389,1034,Online,Pós-venda,Realizada
7212,2025-03-06,5240,2022,Online,Prospecção,Realizada
7213,2025-02-16,5182,2029,Online,Pós-venda,Pendente
7214,2025-03-20,5197,1018,Presencial,Negociação,Realizada
7215,2025-01-30,5305,1055,Telefone,Pós-venda,Realizada
7216,2025-06-04,5043,2019,Telefone,Negociação,Pendente
7217,2025-04-08,5346,1052,Telefone,Pós-venda,Realizada
7218,2025-05-03,5145,1029,Presencial,Pós-venda,Realizada
7219,2025-04-08,5106,1028,Presencial,Pós-venda,Pendente
7220,2025-01-24,5454,2020,Presencial,Pós-venda,Pendente
7221,2025-04-25,5228,1023,Online,Prospecção,Realizada
7222,2025-03-17,5178,2001,Telefone,Negociação,Pendente
7223,2025-06-20,5029,1020,Telefone,Negociação,Pendente
7224,2025-04-28,5197,1058,Presencial,Pós-venda,Pendente
7225,2025-06-23,5086,1008,Telefone,Negociação,Pendente
7226,2025-06-04,5168,2011,Online,Negociação,Realizada
7227,2025-04-02,5013,2011,Telefone,Pós-venda,Realizada
7228,2025-01-05,5025,1008,Telefone,Negociação,Pendente
7229,2025-02-07,5145,2027,Presencial,Pós-venda,Pendente
7230,2025-06-29,5016,1048,Online,Negociação,Realizada
7231,2025-06-27,5043,2020,Telefone,Negociação,Realizada
7232,2025-01-26,5022,2025,Telefone,Prospecção,Realizada
7233,2025-01-02,5440,1055,Telefone,Negociação,Realizada
7234,2025-03-12,5045,1034,Telefone,Prospecção,Realizada
7235,2025-05-31,5305,1015,Presencial,Pós-venda,Realizada
7236,2025-06-04,5158,1048,Telefone,Pós-venda,Pendente
7237,2025-01-29,5387,2024,Online,Pós-venda,Realizada
7238,2025-06-13,5138,1013,Telefone,Negociação,Pendente
7239,2025-03-12,5183,2005,Telefone,Prospecção,Pendente
7240,2025-05-26,5341,2003,Telefone,Pós-venda,Realizada
7241,2025-03-15,5061,2029,Online,Pós-venda,Pendente
7242,2025-01-09,5249,1051,Telefone,Prospecção,Realizada
7243,2025-06-11,5487,1017,Online,Pós-venda,Realizada
7244,2025-06-13,5282,1060,Presencial,Negociação,Realizada
7245,2025-05-12,5078,1028,Telefone,Prospecção,Pendente
7246,2025-04-25,5375,2012,Telefone,Prospecção,Pendente
7247,2025-05-13,5436,1057,Online,Prospecção,Realizada
7248,2025-02-04,5188,2037,Presencial,Pós-venda,Pendente
7249,2025-04-21,5444,1059,Presencial,Negociação,Pendente
7250,2025-01-19,5099,1029,Presencial,Prospecção,Pendente
7251,2025-05-09,5245,1023,Online,Prospecção,Pendente
7252,2025-04-06,5170,2010,Online,Pós-venda,Realizada
7253,2025-06-29,5018,1036,Online,Negociação,Pendente
7254,2025-05-28,5319,1011,Presencial,Negociação,Realizada
7255,2025-01-21,5001,1038,Online,Pós-venda,Pendente
7256,2025-02-15,5125,1007,Presencial,Prospecção,Pendente
7257,2025-06-22,5258,2032,Online,Negociação,Pendente
7258,2025-03-25,5058,1028,Presencial,Negociação,Pendente
7259,2025-05-22,5308,2019,Presencial,Negociação,Realizada
7260,2025-05-21,5043,2024,Presencial,Pós-venda,Pendente
7261,2025-02-26,5485,1033,Online,Prospecção,Realizada
7262,2025-03-21,5184,1026,Presencial,Pós-venda,Pendente
7263,2025-02-26,5295,1034,Online,Negociação,Realizada
7264,2025-06-29,5120,2013,Telefone,Pós-venda,Realizada
7265,2025-03-13,5442,1057,Online,Negociação,Realizada
7266,2025-06-06,5134,1049,Online,Pós-venda,Realizada
7267,2025-04-22,5386,1005,Online,Pós-venda,Pendente
7268,2025-05-17,5299,2029,Presencial,Pós-venda,Pendente
7269,2025-04-24,5015,2031,Presencial,Negociação,Realizada
7270,2025-04-18,5282,2001,Telefone,Pós-venda,Realizada
7271,2025-05-09,5391,1030,Online,Pós-venda,Realizada
7272,2025-04-22,5238,1031,Online,Prospecção,Realizada
7273,2025-01-14,5232,2033,Presencial,Pós-venda,Realizada
7274,2025-05-25,5319,1046,Online,Negociação,Realizada
7275,2025-04-22,5366,1025,Online,Prospecção,Realizada
7276,2025-05-26,5196,1005,Telefone,Prospecção,Pendente
7277,2025-05-20,5433,1029,Telefone,Negociação,Realizada
7278,2025-05-26,5004,2036,Online,Pós-venda,Pendente
7279,2025-04-19,5003,1060,Presencial,Prospecção,Realizada
7280,2025-01-17,5435,1012,Online,Negociação,Pendente
7281,2025-03-04,5260,2011,Presencial,Prospecção,Realizada
7282,2025-05-18,5258,1006,Online,Pós-venda,Realizada
7283,2025-05-18,5403,2037,Presencial,Prospecção,Pendente
7284,2025-06-09,5443,1010,Online,Prospecção,Realizada
7285,2025-01-22,5461,2032,Online,Pós-venda,Pendente
7286,2025-04-08,5395,1033,Telefone,Prospecção,Pendente
7287,2025-05-02,5408,1060,Online,Negociação,Pendente
7288,2025-05-06,5082,1044,Presencial,Pós-venda,Realizada
7289,2025-04-07,5187,1058,Telefone,Prospecção,Pendente
7290,2025-03-10,5369,1043,Online,Pós-venda,Realizada
7291,2025-02-11,5011,1056,Online,Prospecção,Pendente
7292,2025-06-24,5030,1030,Presencial,Negociação,Realizada
7293,2025-02-14,5379,1053,Online,Prospecção,Realizada
7294,2025-06-30,5039,1059,Telefone,Negociação,Pendente
7295,2025-05-01,5332,1039,Online,Negociação,Realizada
7296,2025-03-19,5033,1030,Telefone,Prospecção,Pendente
7297,2025-06-24,5125,1005,Telefone,Prospecção,Pendente
7298,2025-04-13,5337,1028,Online,Pós-venda,Realizada
7299,2025-01-05,5418,2005,Telefone,Pós-venda,Pendente
7300,2025-03-25,5078,1032,Presencial,Negociação,Realizada
7301,2025-02-01,5127,2025,Telefone,Prospecção,Pendente
7302,2025-06-10,5358,1060,Online,Negociação,Realizada
7303,2025-02-26,5197,2032,Presencial,Pós-venda,Pendente
7304,2025-06-02,5077,2020,Online,Negociação,Pendente
7305,2025-02-25,5490,2034,Telefone,Pós-venda,Pendente
7306,2025-05-04,5067,1004,Presencial,Negociação,Realizada
7307,2025-03-31,5130,2005,Online,Prospecção,Realizada
7308,2025-02-20,5056,1011,Presencial,Negociação,Pendente
7309,2025-02-18,5184,2037,Online,Pós-venda,Realizada
7310,2025-05-28,5486,1040,Presencial,Pós-venda,Pendente
7311,2025-04-26,5339,2031,Online,Prospecção,Realizada
7312,2025-05-22,5416,1035,Online,Pós-venda,Pendente
7313,2025-03-22,5396,1048,Presencial,Pós-venda,Pendente
7314,2025-01-16,5028,2027,Online,Pós-venda,Pendente
7315,2025-06-25,5386,1055,Telefone,Prospecção,Realizada
7316,2025-01-31,5046,2014,Online,Prospecção,Realizada
7317,2025-02-28,5045,2008,Presencial,Prospecção,Pendente
7318,2025-03-24,5081,2001,Presencial,Negociação,Pendente
7319,2025-05-16,5277,1005,Telefone,Negociação,Pendente
7320,2025-01-13,5034,2036,Presencial,Negociação,Pendente
7321,2025-01-28,5415,2012,Telefone,Pós-venda,Pendente
7322,2025-01-15,5299,1024,Telefone,Prospecção,Realizada
7323,2025-03-23,5313,2007,Telefone,Prospecção,Pendente
7324,2025-05-22,5170,1005,Telefone,Pós-venda,Pendente
7325,2025-02-14,5025,1041,Online,Prospecção,Realizada
7326,2025-03-26,5483,1022,Telefone,Negociação,Realizada
7327,2025-05-02,5478,1018,Online,Prospecção,Pendente
7328,2025-03-17,5326,2004,Telefone,Pós-venda,Realizada
7329,2025-03-10,5300,1023,Presencial,Pós-venda,Pendente
7330,2025-03-08,5058,2035,Telefone,Negociação,Realizada
7331,2025-06-18,5446,2020,Telefone,Negociação,Realizada
7332,2025-01-14,5107,1003,Presencial,Negociação,Realizada
7333,2025-01-24,5148,1010,Telefone,Negociação,Pendente
7334,2025-01-09,5377,1055,Presencial,Negociação,Pendente
7335,2025-02-01,5176,2006,Telefone,Prospecção,Realizada
7336,2025-02-23,5409,2009,Presencial,Pós-venda,Pendente
7337,2025-05-20,5179,1041,Telefone,Pós-venda,Pendente
7338,2025-03-29,5418,2027,Presencial,Prospecção,Realizada
7339,2025-06-28,5038,1025,Online,Pós-venda,Pendente
7340,2025-02-17,5194,2014,Telefone,Negociação,Pendente
7341,2025-04-16,5243,2017,Presencial,Prospecção,Pendente
7342,2025-04-11,5010,1008,Telefone,Pós-venda,Pendente
7343,2025-05-05,5198,2003,Online,Prospecção,Pendente
7344,2025-02-28,5267,2031,Telefone,Negociação,Realizada
7345,2025-04-26,5289,1044,Telefone,Pós-venda,Realizada
7346,2025-02-27,5308,2010,Presencial,Prospecção,Realizada
7347,2025-05-07,5268,1023,Presencial,Prospecção,Realizada
7348,2025-03-11,5202,1012,Telefone,Negociação,Realizada
7349,2025-01-25,5195,1010,Telefone,Prospecção,Pendente
7350,2025-01-17,5345,1001,Online,Prospecção,Realizada
7351,2025-06-12,5432,1041,Telefone,Pós-venda,Realizada
7352,2025-01-13,5064,2039,Presencial,Prospecção,Pendente
7353,2025-03-03,5492,2022,Online,Negociação,Pendente
7354,2025-05-27,5302,2040,Presencial,Negociação,Realizada
7355,2025-06-11,5180,1007,Telefone,Prospecção,Pendente
7356,2025-02-22,5048,1050,Online,Prospecção,Pendente
7357,2025-01-28,5430,2003,Online,Prospecção,Realizada
7358,2025-05-22,5229,2002,Online,Pós-venda,Pendente
7359,2025-03-04,5035,2035,Online,Prospecção,Realizada
7360,2025-06-24,5084,1039,Presencial,Pós-venda,Realizada
7361,2025-03-12,5032,1005,Telefone,Pós-venda,Realizada
7362,2025-01-02,5462,2021,Online,Pós-venda,Realizada
7363,2025-04-11,5339,1005,Telefone,Pós-venda,Pendente
7364,2025-02-19,5048,2037,Telefone,Pós-venda,Realizada
7365,2025-04-20,5436,1056,Telefone,Prospecção,Realizada
7366,2025-02-09,5362,1001,Presencial,Pós-venda,Pendente
7367,2025-06-21,5314,1020,Presencial,Prospecção,Pendente
7368,2025-06-03,5174,1052,Telefone,Prospecção,Pendente
7369,2025-05-22,5484,1017,Presencial,Prospecção,Pendente
7370,2025-04-03,5030,1022,Presencial,Pós-venda,Pendente
7371,2025-04-05,5152,2009,Online,Prospecção,Realizada
7372,2025-03-28,5013,1053,Online,Pós-venda,Realizada
7373,2025-06-04,5351,2006,Telefone,Prospecção,Realizada
7374,2025-03-25,5399,1057,Online,Pós-venda,Realizada
7375,2025-04-29,5105,2027,Telefone,Pós-venda,Realizada
7376,2025-03-13,5077,1030,Online,Pós-venda,Pendente
7377,2025-01-17,5099,1040,Presencial,Prospecção,Realizada
7378,2025-06-11,5127,1053,Online,Negociação,Pendente
7379,2025-02-10,5008,2037,Telefone,Negociação,Pendente
7380,2025-01-28,5081,1039,Online,Prospecção,Realizada
7381,2025-05-05,5395,2023,Presencial,Negociação,Realizada
7382,2025-02-08,5042,2018,Presencial,Negociação,Realizada
7383,2025-05-09,5449,2027,Telefone,Negociação,Pendente
7384,2025-01-15,5039,2033,Presencial,Negociação,Realizada
7385,2025-04-02,5145,2040,Presencial,Pós-venda,Pendente
7386,2025-04-19,5162,2027,Telefone,Negociação,Realizada
7387,2025-01-03,5486,2028,Presencial,Prospecção,Realizada
7388,2025-02-26,5198,2031,Online,Pós-venda,Pendente
7389,2025-06-24,5175,1058,Telefone,Prospecção,Realizada
7390,2025-05-24,5367,1001,Telefone,Negociação,Realizada
7391,2025-04-01,5356,2038,Presencial,Pós-venda,Realizada
7392,2025-03-24,5085,2012,Telefone,Prospecção,Pendente
7393,2025-06-28,5188,2006,Online,Pós-venda,Realizada
7394,2025-02-02,5139,1052,Presencial,Pós-venda,Realizada
7395,2025-05-25,5149,2004,Presencial,Pós-venda,Realizada
7396,2025-03-12,5365,2024,Online,Prospecção,Realizada
7397,2025-03-10,5270,1028,Presencial,Prospecção,Pendente
7398,2025-03-26,5255,2012,Presencial,Prospecção,Pendente
7399,2025-02-23,5083,1011,Online,Negociação,Pendente
7400,2025-05-10,5418,2011,Telefone,Pós-venda,Realizada
7401,2025-04-24,5043,1026,Telefone,Negociação,Realizada
7402,2025-05-01,5422,1004,Telefone,Prospecção,Realizada
7403,2025-03-05,5102,1007,Telefone,Prospecção,Pendente
7404,2025-03-06,5327,1027,Presencial,Negociação,Realizada
7405,2025-04-30,5118,2034,Presencial,Negociação,Pendente
7406,2025-03-29,5317,2012,Presencial,Prospecção,Realizada
7407,2025-04-02,5060,1047,Presencial,Negociação,Realizada
7408,2025-01-13,5051,2013,Presencial,Negociação,Realizada
7409,2025-02-21,5066,2038,Telefone,Prospecção,Realizada
7410,2025-06-04,5202,2026,Presencial,Prospecção,Realizada
7411,2025-01-17,5331,1011,Online,Negociação,Pendente
7412,2025-03-26,5362,2004,Telefone,Prospecção,Realizada
7413,2025-03-08,5368,2030,Online,Pós-venda,Realizada
7414,2025-06-27,5064,1024,Presencial,Pós-venda,Pendente
7415,2025-06-15,5073,2036,Telefone,Negociação,Pendente
7416,2025-03-12,5154,2012,Telefone,Prospecção,Realizada
7417,2025-03-11,5048,2002,Telefone,Negociação,Pendente
7418,2025-01-22,5126,2013,Online,Negociação,Pendente
7419,2025-06-29,5424,1044,Telefone,Negociação,Realizada
7420,2025-06-03,5472,1034,Telefone,Prospecção,Pendente
7421,2025-01-13,5500,2037,Online,Prospecção,Realizada
7422,2025-01-01,5083,1028,Telefone,Negociação,Pendente
7423,2025-01-26,5373,2040,Presencial,Negociação,Pendente
7424,2025-06-08,5491,1028,Telefone,Negociação,Realizada
7425,2025-06-08,5036,2029,Telefone,Prospecção,Pendente
7426,2025-06-21,5115,2024,Telefone,Pós-venda,Pendente
7427,2025-05-10,5288,1017,Online,Pós-venda,Realizada
7428,2025-01-25,5134,1054,Presencial,Negociação,Realizada
7429,2025-02-12,5319,1014,Online,Pós-venda,Pendente
7430,2025-04-06,5374,2016,Presencial,Prospecção,Realizada
7431,2025-06-08,5182,1058,Presencial,Pós-venda,Realizada
7432,2025-06-27,5475,1040,Online,Negociação,Realizada
7433,2025-05-21,5276,1051,Presencial,Pós-venda,Realizada
7434,2025-06-28,5411,1029,Presencial,Negociação,Pendente
7435,2025-06-03,5165,1019,Presencial,Pós-venda,Pendente
7436,2025-05-26,5001,1006,Telefone,Prospecção,Realizada
7437,2025-04-08,5053,1022,Online,Pós-venda,Pendente
7438,2025-03-15,5455,1033,Telefone,Pós-venda,Realizada
7439,2025-06-19,5315,1037,Presencial,Pós-venda,Realizada
7440,2025-06-06,5041,1012,Telefone,Negociação,Pendente
7441,2025-05-21,5414,1046,Telefone,Negociação,Realizada
7442,2025-05-27,5232,1017,Presencial,Prospecção,Realizada
7443,2025-04-27,5313,2003,Telefone,Pós-venda,Realizada
7444,2025-05-05,5059,1019,Online,Pós-venda,Pendente
7445,2025-03-21,5200,2028,Presencial,Prospecção,Pendente
7446,2025-01-06,5330,2023,Presencial,Prospecção,Pendente
7447,2025-05-25,5306,1050,Presencial,Negociação,Realizada
7448,2025-06-14,5223,1015,Online,Pós-venda,Realizada
7449,2025-03-18,5092,2013,Presencial,Pós-venda,Realizada
7450,2025-06-08,5491,1044,Presencial,Negociação,Pendente
7451,2025-05-08,5294,1060,Online,Negociação,Realizada
7452,2025-03-18,5431,2025,Online,Prospecção,Pendente
7453,2025-02-10,5114,1030,Online,Negociação,Realizada
7454,2025-02-28,5377,1012,Telefone,Pós-venda,Realizada
7455,2025-05-12,5444,2036,Telefone,Negociação,Realizada
7456,2025-01-12,5213,2014,Telefone,Prospecção,Realizada
7457,2025-06-10,5109,2036,Presencial,Pós-venda,Realizada
7458,2025-06-11,5483,2013,Online,Negociação,Realizada
7459,2025-04-23,5314,1025,Telefone,Prospecção,Realizada
7460,2025-05-05,5465,1036,Telefone,Prospecção,Pendente
7461,2025-04-04,5097,2033,Online,Pós-venda,Realizada
7462,2025-05-08,5151,2014,Online,Pós-venda,Pendente
7463,2025-03-04,5300,2036,Telefone,Negociação,Realizada
7464,2025-03-06,5050,1043,Online,Pós-venda,Realizada
7465,2025-06-05,5348,2013,Online,Negociação,Realizada
7466,2025-03-29,5087,1018,Presencial,Negociação,Pendente
7467,2025-02-02,5271,1031,Presencial,Prospecção,Pendente
7468,2025-04-04,5248,1058,Telefone,Prospecção,Pendente
7469,2025-02-24,5008,1055,Online,Negociação,Pendente
7470,2025-04-29,5016,2002,Telefone,Prospecção,Realizada
7471,2025-06-10,5075,1023,Presencial,Negociação,Pendente
7472,2025-01-03,5077,2030,Presencial,Prospecção,Realizada
7473,2025-06-21,5243,1026,Online,Prospecção,Realizada
7474,2025-06-28,5161,1026,Presencial,Negociação,Realizada
7475,2025-01-17,5242,1056,Online,Prospecção,Pendente
7476,2025-03-09,5094,1008,Online,Negociação,Realizada
7477,2025-06-13,5300,2015,Telefone,Pós-venda,Pendente
7478,2025-02-22,5337,1054,Online,Pós-venda,Pendente
7479,2025-06-01,5302,1048,Online,Pós-venda,Pendente
7480,2025-01-03,5284,1027,Online,Negociação,Realizada
7481,2025-06-11,5116,2030,Presencial,Prospecção,Realizada
7482,2025-06-20,5107,2028,Presencial,Pós-venda,Pendente
7483,2025-05-12,5491,1047,Telefone,Prospecção,Realizada
7484,2025-03-28,5440,1005,Online,Prospecção,Pendente
7485,2025-03-23,5169,1036,Telefone,Negociação,Realizada
7486,2025-06-05,5039,2037,Telefone,Pós-venda,Pendente
7487,2025-03-18,5053,1024,Presencial,Negociação,Realizada
7488,2025-02-20,5106,1059,Online,Negociação,Realizada
7489,2025-03-29,5056,2004,Telefone,Pós-venda,Pendente
7490,2025-04-26,5468,2038,Telefone,Negociação,Realizada
7491,2025-03-18,5290,1054,Telefone,Negociação,Pendente
7492,2025-05-29,5314,1014,Online,Pós-venda,Pendente
7493,2025-05-02,5005,2039,Telefone,Prospecção,Pendente
7494,2025-02-12,5132,2022,Online,Pós-venda,Realizada
7495,2025-06-27,5028,2028,Presencial,Prospecção,Pendente
7496,2025-01-21,5445,1019,Online,Negociação,Realizada
7497,2025-04-15,5083,1004,Presencial,Pós-venda,Pendente
7498,2025-06-24,5074,2015,Presencial,Pós-venda,Pendente
7499,2025-03-22,5158,2004,Telefone,Prospecção,Realizada
7500,2025-04-14,5251,1001,Online,Pós-venda,Pendente
7501,2025-04-22,5287,1054,Online,Negociação,Realizada
7502,2025-02-25,5244,2040,Presencial,Pós-venda,Realizada
7503,2025-05-02,5378,2022,Online,Pós-venda,Pendente
7504,2025-03-14,5278,1031,Telefone,Prospecção,Pendente
7505,2025-02-05,5037,2003,Online,Pós-venda,Pendente
7506,2025-05-14,5118,1060,Telefone,Negociação,Pendente
7507,2025-06-30,5124,2031,Presencial,Pós-venda,Realizada
7508,2025-03-10,5454,1015,Online,Negociação,Realizada
7509,2025-03-29,5439,1054,Telefone,Negociação,Realizada
7510,2025-05-03,5189,1032,Online,Pós-venda,Realizada
7511,2025-03-11,5392,1032,Presencial,Negociação,Realizada
7512,2025-06-22,5169,1049,Telefone,Prospecção,Pendente
7513,2025-03-14,5089,2032,Online,Negociação,Realizada
7514,2025-05-16,5092,2029,Presencial,Negociação,Realizada
7515,2025-02-23,5405,1043,Online,Negociação,Realizada
7516,2025-05-19,5039,1036,Telefone,Prospecção,Realizada
7517,2025-01-05,5255,1021,Online,Pós-venda,Pendente
7518,2025-03-25,5119,2020,Telefone,Pós-venda,Pendente
7519,2025-03-31,5031,1025,Telefone,Prospecção,Realizada
7520,2025-01-09,5291,2034,Online,Prospecção,Pendente
7521,2025-06-01,5067,1051,Presencial,Pós-venda,Pendente
7522,2025-04-20,5160,1010,Online,Negociação,Pendente
7523,2025-06-16,5278,1012,Online,Pós-venda,Realizada
7524,2025-03-06,5075,1054,Telefone,Negociação,Realizada
7525,2025-01-10,5322,1043,Online,Pós-venda,Pendente
7526,2025-05-24,5421,1043,Telefone,Prospecção,Realizada
7527,2025-04-15,5449,1029,Online,Prospecção,Realizada
7528,2025-01-30,5458,1032,Telefone,Negociação,Pendente
7529,2025-04-09,5116,1032,Presencial,Prospecção,Realizada
7530,2025-01-07,5011,1042,Telefone,Pós-venda,Pendente
7531,2025-06-04,5302,1045,Telefone,Negociação,Pendente
7532,2025-01-12,5422,2021,Presencial,Negociação,Pendente
7533,2025-04-19,5035,1011,Online,Prospecção,Pendente
7534,2025-05-11,5050,2010,Presencial,Pós-venda,Pendente
7535,2025-03-06,5401,1006,Online,Pós-venda,Realizada
7536,2025-01-09,5088,1017,Online,Pós-venda,Pendente
7537,2025-01-16,5132,1058,Telefone,Negociação,Realizada
7538,2025-05-10,5237,2006,Online,Pós-venda,Realizada
7539,2025-03-22,5460,1019,Telefone,Prospecção,Realizada
7540,2025-02-22,5298,1043,Online,Negociação,Pendente
7541,2025-04-02,5113,2017,Presencial,Negociação,Pendente
7542,2025-03-01,5340,1019,Presencial,Negociação,Realizada
7543,2025-03-07,5040,2033,Telefone,Pós-venda,Realizada
7544,2025-05-20,5208,1017,Online,Negociação,Pendente
7545,2025-05-31,5318,2020,Online,Pós-venda,Pendente
7546,2025-03-09,5169,2010,Online,Pós-venda,Realizada
7547,2025-01-07,5287,2017,Presencial,Negociação,Realizada
7548,2025-04-13,5376,1006,Presencial,Pós-venda,Realizada
7549,2025-02-25,5324,1049,Presencial,Negociação,Pendente
7550,2025-06-21,5262,1036,Telefone,Pós-venda,Realizada
7551,2025-06-13,5257,1002,Online,Negociação,Realizada
7552,2025-02-23,5303,1004,Presencial,Negociação,Pendente
7553,2025-02-09,5121,1032,Online,Prospecção,Realizada
7554,2025-05-28,5240,2016,Telefone,Pós-venda,Pendente
7555,2025-04-11,5068,1015,Telefone,Negociação,Realizada
7556,2025-06-10,5455,2013,Presencial,Prospecção,Pendente
7557,2025-05-02,5313,1014,Online,Pós-venda,Realizada
7558,2025-04-19,5344,2040,Telefone,Pós-venda,Realizada
7559,2025-02-03,5380,1057,Presencial,Pós-venda,Pendente
7560,2025-01-12,5364,2019,Online,Negociação,Pendente
7561,2025-06-11,5343,2008,Presencial,Negociação,Realizada
7562,2025-03-05,5159,2016,Telefone,Prospecção,Realizada
7563,2025-04-06,5204,1007,Presencial,Pós-venda,Realizada
7564,2025-05-12,5257,1022,Presencial,Prospecção,Pendente
7565,2025-06-09,5447,2021,Online,Pós-venda,Pendente
7566,2025-03-22,5011,1056,Presencial,Pós-venda,Pendente
7567,2025-06-11,5411,2030,Presencial,Pós-venda,Pendente
7568,2025-05-23,5044,2036,Telefone,Negociação,Pendente
7569,2025-03-04,5282,1042,Presencial,Negociação,Realizada
7570,2025-04-12,5039,1026,Telefone,Prospecção,Pendente
7571,2025-05-09,5283,2037,Online,Prospecção,Realizada
7572,2025-01-15,5481,2024,Presencial,Negociação,Pendente
7573,2025-01-22,5281,1045,Presencial,Prospecção,Realizada
7574,2025-05-27,5353,1013,Online,Prospecção,Pendente
7575,2025-03-12,5358,1014,Telefone,Negociação,Realizada
7576,2025-05-10,5072,2015,Online,Pós-venda,Pendente
7577,2025-01-04,5370,1045,Presencial,Pós-venda,Pendente
7578,2025-01-23,5427,1008,Telefone,Pós-venda,Pendente
7579,2025-01-27,5337,1040,Presencial,Negociação,Realizada
7580,2025-04-18,5440,1012,Presencial,Prospecção,Pendente
7581,2025-02-04,5051,1020,Online,Negociação,Realizada
7582,2025-05-28,5206,2036,Online,Pós-venda,Realizada
7583,2025-06-24,5073,1057,Telefone,Prospecção,Realizada
7584,2025-01-08,5342,1056,Presencial,Pós-venda,Pendente
7585,2025-01-11,5355,2035,Telefone,Pós-venda,Realizada
7586,2025-02-24,5021,1031,Telefone,Negociação,Realizada
7587,2025-02-15,5049,1038,Online,Pós-venda,Pendente
7588,2025-06-26,5339,1023,Presencial,Negociação,Realizada
7589,2025-02-07,5119,1034,Telefone,Negociação,Pendente
7590,2025-05-02,5106,1051,Presencial,Prospecção,Realizada
7591,2025-02-01,5015,1058,Telefone,Pós-venda,Realizada
7592,2025-03-23,5349,2004,Telefone,Pós-venda,Pendente
7593,2025-05-31,5107,1040,Telefone,Prospecção,Realizada
7594,2025-03-15,5235,2003,Online,Prospecção,Pendente
7595,2025-03-07,5280,2025,Telefone,Prospecção,Pendente
7596,2025-02-25,5472,1017,Presencial,Pós-venda,Realizada
7597,2025-05-24,5394,1016,Telefone,Negociação,Realizada
7598,2025-01-02,5312,2039,Telefone,Pós-venda,Pendente
7599,2025-03-22,5283,1038,Telefone,Negociação,Pendente
7600,2025-04-03,5316,2005,Telefone,Pós-venda,Realizada
7601,2025-06-10,5076,1042,Telefone,Pós-venda,Pendente
7602,2025-06-19,5060,1026,Presencial,Pós-venda,Pendente
7603,2025-06-11,5181,1020,Presencial,Negociação,Pendente
7604,2025-02-20,5034,2034,Online,Negociação,Realizada
7605,2025-05-26,5398,2021,Telefone,Prospecção,Pendente
7606,2025-02-24,5330,1047,Presencial,Negociação,Pendente
7607,2025-02-07,5329,2019,Online,Prospecção,Realizada
7608,2025-05-22,5023,1010,Presencial,Negociação,Pendente
7609,2025-02-26,5476,1021,Presencial,Pós-venda,Realizada
7610,2025-05-25,5186,1012,Presencial,Prospecção,Realizada
7611,2025-03-12,5075,2003,Presencial,Prospecção,Pendente
7612,2025-02-10,5237,2030,Online,Prospecção,Realizada
7613,2025-02-25,5229,1031,Presencial,Pós-venda,Pendente
7614,2025-06-16,5333,1033,Online,Prospecção,Pendente
7615,2025-01-17,5124,1051,Telefone,Prospecção,Realizada
7616,2025-06-08,5275,2013,Online,Pós-venda,Pendente
7617,2025-05-11,5361,2033,Presencial,Pós-venda,Pendente
7618,2025-01-24,5451,2005,Telefone,Pós-venda,Pendente
7619,2025-06-12,5063,1031,Telefone,Negociação,Realizada
7620,2025-02-03,5324,1010,Online,Prospecção,Realizada
7621,2025-06-05,5001,1021,Presencial,Pós-venda,Realizada
7622,2025-05-20,5407,1034,Online,Prospecção,Pendente
7623,2025-06-25,5134,1053,Presencial,Pós-venda,Realizada
7624,2025-04-29,5374,2026,Telefone,Prospecção,Realizada
7625,2025-04-21,5310,2024,Telefone,Prospecção,Pendente
7626,2025-03-17,5409,1060,Presencial,Prospecção,Realizada
7627,2025-03-20,5073,1024,Telefone,Prospecção,Pendente
7628,2025-06-13,5065,2024,Presencial,Negociação,Realizada
7629,2025-02-20,5248,2018,Telefone,Prospecção,Pendente
7630,2025-02-01,5274,2017,Presencial,Negociação,Pendente
7631,2025-04-17,5338,1029,Presencial,Prospecção,Pendente
7632,2025-01-07,5224,2016,Presencial,Pós-venda,Realizada
7633,2025-01-08,5104,2005,Online,Negociação,Realizada
7634,2025-01-09,5324,2014,Online,Negociação,Pendente
7635,2025-03-30,5274,2022,Presencial,Negociação,Realizada
7636,2025-04-09,5004,2039,Telefone,Pós-venda,Pendente
7637,2025-06-26,5202,2024,Online,Pós-venda,Pendente
7638,2025-05-06,5395,1043,Presencial,Pós-venda,Realizada
7639,2025-06-04,5473,1025,Telefone,Negociação,Pendente
7640,2025-06-25,5448,2022,Online,Negociação,Realizada
7641,2025-04-26,5068,2023,Online,Negociação,Realizada
7642,2025-02-05,5467,1045,Telefone,Negociação,Realizada
7643,2025-01-26,5014,2007,Telefone,Prospecção,Realizada
7644,2025-04-28,5146,1056,Telefone,Pós-venda,Realizada
7645,2025-06-13,5017,2035,Online,Pós-venda,Realizada
7646,2025-06-22,5395,1053,Telefone,Pós-venda,Pendente
7647,2025-06-11,5215,2035,Telefone,Negociação,Realizada
7648,2025-05-01,5348,2026,Online,Prospecção,Realizada
7649,2025-06-18,5109,1022,Online,Prospecção,Pendente
7650,2025-06-20,5400,1013,Telefone,Prospecção,Realizada
7651,2025-04-18,5052,1009,Telefone,Pós-venda,Pendente
7652,2025-06-04,5086,2031,Presencial,Negociação,Pendente
7653,2025-06-10,5138,2036,Presencial,Pós-venda,Realizada
7654,2025-02-21,5292,1059,Presencial,Negociação,Pendente
7655,2025-03-30,5107,1030,Presencial,Negociação,Pendente
7656,2025-03-21,5038,1009,Telefone,Pós-venda,Realizada
7657,2025-06-24,5149,2033,Telefone,Pós-venda,Realizada
7658,2025-03-06,5293,1054,Online,Negociação,Pendente
7659,2025-03-02,5233,1036,Telefone,Negociação,Pendente
7660,2025-01-16,5355,2029,Online,Prospecção,Pendente
7661,2025-01-21,5261,1020,Presencial,Negociação,Realizada
7662,2025-03-28,5009,2023,Presencial,Negociação,Realizada
7663,2025-04-06,5492,1019,Telefone,Negociação,Realizada
7664,2025-06-18,5364,2005,Online,Negociação,Pendente
7665,2025-04-30,5144,1015,Online,Prospecção,Pendente
7666,2025-06-24,5291,2005,Telefone,Prospecção,Realizada
7667,2025-06-18,5459,2040,Online,Pós-venda,Realizada
7668,2025-03-03,5317,2023,Online,Negociação,Pendente
7669,2025-02-14,5313,1048,Presencial,Prospecção,Pendente
7670,2025-06-30,5215,2031,Online,Negociação,Realizada
7671,2025-04-06,5191,2009,Online,Prospecção,Realizada
7672,2025-06-09,5148,1057,Presencial,Negociação,Realizada
7673,2025-02-23,5454,2018,Online,Prospecção,Realizada
7674,2025-06-28,5292,2018,Online,Prospecção,Pendente
7675,2025-06-05,5308,1027,Online,Negociação,Pendente
7676,2025-02-06,5142,2023,Telefone,Negociação,Pendente
7677,2025-02-27,5411,2036,Telefone,Negociação,Pendente
7678,2025-06-20,5230,2030,Online,Negociação,Pendente
7679,2025-04-15,5443,1029,Telefone,Negociação,Realizada
7680,2025-02-28,5207,2003,Presencial,Prospecção,Realizada
7681,2025-03-06,5379,1041,Presencial,Prospecção,Realizada
7682,2025-06-21,5326,1004,Presencial,Prospecção,Realizada
7683,2025-02-05,5343,1054,Online,Negociação,Realizada
7684,2025-06-27,5087,2032,Telefone,Negociação,Pendente
7685,2025-02-19,5431,1042,Presencial,Pós-venda,Realizada
7686,2025-03-23,5355,1056,Online,Negociação,Pendente
7687,2025-01-16,5114,1059,Telefone,Negociação,Pendente
7688,2025-02-09,5220,2022,Presencial,Pós-venda,Realizada
7689,2025-06-21,5287,1032,Presencial,Negociação,Realizada
7690,2025-02-22,5028,1029,Online,Negociação,Realizada
7691,2025-04-01,5157,1030,Presencial,Prospecção,Pendente
7692,2025-05-13,5462,1023,Telefone,Negociação,Pendente
7693,2025-06-23,5007,1034,Telefone,Prospecção,Pendente
7694,2025-02-07,5110,1019,Telefone,Prospecção,Pendente
7695,2025-06-06,5356,1016,Presencial,Pós-venda,Pendente
7696,2025-06-10,5143,1023,Telefone,Prospecção,Pendente
7697,2025-05-08,5005,2014,Online,Prospecção,Realizada
7698,2025-04-20,5017,1013,Telefone,Negociação,Pendente
7699,2025-03-20,5098,1038,Presencial,Negociação,Pendente
7700,2025-02-11,5498,2014,Presencial,Negociação,Pendente
7701,2025-05-01,5068,1053,Telefone,Pós-venda,Realizada
7702,2025-01-10,5289,1028,Online,Pós-venda,Pendente
7703,2025-02-18,5322,1049,Telefone,Negociação,Pendente
7704,2025-05-01,5324,2040,Presencial,Negociação,Pendente
7705,2025-02-25,5117,2035,Presencial,Pós-venda,Realizada
7706,2025-04-01,5061,2029,Online,Prospecção,Realizada
7707,2025-03-04,5448,1023,Telefone,Pós-venda,Realizada
7708,2025-05-10,5081,1015,Presencial,Negociação,Pendente
7709,2025-04-30,5417,1002,Telefone,Negociação,Pendente
7710,2025-04-26,5059,1043,Online,Negociação,Pendente
7711,2025-03-27,5464,1025,Online,Prospecção,Realizada
7712,2025-05-02,5183,1004,Telefone,Prospecção,Pendente
7713,2025-01-12,5078,1011,Presencial,Negociação,Pendente
7714,2025-04-04,5413,1003,Online,Prospecção,Realizada
7715,2025-01-18,5262,2032,Presencial,Prospecção,Pendente
7716,2025-02-17,5496,1059,Presencial,Prospecção,Realizada
7717,2025-04-05,5262,1007,Telefone,Prospecção,Pendente
7718,2025-05-05,5285,1009,Telefone,Pós-venda,Realizada
7719,2025-02-25,5231,2003,Presencial,Prospecção,Pendente
7720,2025-05-03,5136,2034,Telefone,Pós-venda,Pendente
7721,2025-01-29,5415,1038,Presencial,Pós-venda,Pendente
7722,2025-03-22,5169,1043,Telefone,Negociação,Pendente
7723,2025-02-15,5074,2001,Online,Prospecção,Pendente
7724,2025-03-15,5056,2027,Online,Negociação,Realizada
7725,2025-03-01,5305,2011,Telefone,Negociação,Pendente
7726,2025-01-20,5290,1049,Telefone,Pós-venda,Pendente
7727,2025-05-02,5190,2004,Online,Prospecção,Pendente
7728,2025-01-28,5015,1056,Presencial,Negociação,Pendente
7729,2025-02-23,5486,1013,Telefone,Prospecção,Pendente
7730,2025-04-26,5284,1014,Telefone,Negociação,Realizada
7731,2025-05-08,5198,1058,Online,Pós-venda,Pendente
7732,2025-02-18,5363,1026,Online,Prospecção,Pendente
7733,2025-04-28,5098,1029,Presencial,Prospecção,Pendente
7734,2025-03-02,5457,1038,Telefone,Pós-venda,Realizada
7735,2025-05-04,5405,1050,Online,Negociação,Realizada
7736,2025-06-13,5451,1031,Telefone,Pós-venda,Realizada
7737,2025-04-07,5191,1015,Online,Prospecção,Pendente
7738,2025-02-14,5119,1053,Telefone,Pós-venda,Pendente
7739,2025-03-29,5375,2008,Telefone,Prospecção,Realizada
7740,2025-04-24,5004,1034,Telefone,Prospecção,Realizada
7741,2025-05-05,5416,1010,Online,Negociação,Pendente
7742,2025-01-20,5109,1011,Presencial,Negociação,Pendente
7743,2025-03-17,5370,1049,Telefone,Prospecção,Realizada
7744,2025-05-21,5351,2021,Telefone,Negociação,Pendente
7745,2025-04-13,5017,1010,Presencial,Negociação,Pendente
7746,2025-02-14,5268,1054,Telefone,Negociação,Pendente
7747,2025-01-08,5069,1040,Presencial,Negociação,Pendente
7748,2025-06-28,5013,2021,Presencial,Pós-venda,Realizada
7749,2025-02-09,5316,1051,Presencial,Prospecção,Realizada
7750,2025-01-09,5049,1033,Telefone,Negociação,Realizada
7751,2025-04-20,5134,2025,Telefone,Negociação,Pendente
7752,2025-01-28,5024,1032,Online,Negociação,Realizada
7753,2025-01-30,5067,1057,Online,Pós-venda,Realizada
7754,2025-05-21,5211,2026,Online,Pós-venda,Pendente
7755,2025-03-14,5244,2014,Presencial,Negociação,Realizada
7756,2025-02-07,5023,2008,Presencial,Prospecção,Pendente
7757,2025-04-22,5152,2024,Online,Negociação,Realizada
7758,2025-04-23,5159,2037,Online,Negociação,Pendente
7759,2025-02-01,5037,2023,Telefone,Prospecção,Pendente
7760,2025-01-29,5469,2038,Telefone,Pós-venda,Pendente
7761,2025-05-13,5018,2022,Presencial,Prospecção,Realizada
7762,2025-02-28,5180,1019,Online,Prospecção,Realizada
7763,2025-03-04,5324,1030,Telefone,Negociação,Pendente
7764,2025-05-14,5247,1022,Presencial,Prospecção,Pendente
7765,2025-04-05,5094,1040,Presencial,Prospecção,Pendente
7766,2025-05-28,5439,1037,Presencial,Negociação,Pendente
7767,2025-04-13,5073,1009,Presencial,Pós-venda,Pendente
7768,2025-06-13,5457,1054,Presencial,Negociação,Pendente
7769,2025-05-05,5238,1037,Presencial,Prospecção,Pendente
7770,2025-01-23,5208,1040,Telefone,Negociação,Pendente
7771,2025-01-07,5386,1048,Telefone,Pós-venda,Pendente
7772,2025-04-24,5196,2028,Presencial,Negociação,Pendente
7773,2025-02-21,5375,1020,Presencial,Pós-venda,Realizada
7774,2025-06-22,5384,2030,Online,Pós-venda,Pendente
7775,2025-02-23,5339,2007,Presencial,Pós-venda,Pendente
7776,2025-03-06,5331,2003,Presencial,Negociação,Pendente
7777,2025-03-06,5399,1004,Telefone,Negociação,Realizada
7778,2025-02-19,5274,1040,Online,Prospecção,Realizada
7779,2025-03-09,5238,1047,Online,Pós-venda,Realizada
7780,2025-03-13,5423,1054,Online,Pós-venda,Realizada
7781,2025-04-11,5496,2015,Online,Pós-venda,Pendente
7782,2025-01-16,5279,1035,Telefone,Pós-venda,Realizada
7783,2025-01-12,5320,1012,Online,Negociação,Pendente
7784,2025-04-18,5469,1028,Telefone,Prospecção,Realizada
7785,2025-01-24,5080,1051,Online,Prospecção,Realizada
7786,2025-06-03,5461,1002,Online,Prospecção,Realizada
7787,2025-06-23,5416,1019,Telefone,Negociação,Realizada
7788,2025-06-18,5125,1001,Telefone,Prospecção,Realizada
7789,2025-03-10,5286,1016,Presencial,Prospecção,Pendente
7790,2025-01-07,5262,1032,Online,Negociação,Pendente
7791,2025-03-06,5190,1002,Presencial,Pós-venda,Realizada
7792,2025-05-10,5067,1023,Online,Prospecção,Pendente
7793,2025-01-16,5279,2009,Presencial,Pós-venda,Pendente
7794,2025-05-07,5153,2002,Presencial,Prospecção,Realizada
7795,2025-06-10,5416,2032,Online,Pós-venda,Pendente
7796,2025-01-17,5098,2018,Telefone,Prospecção,Pendente
7797,2025-05-05,5208,2014,Online,Negociação,Pendente
7798,2025-05-19,5202,2015,Presencial,Prospecção,Realizada
7799,2025-06-01,5325,2031,Online,Prospecção,Realizada
7800,2025-03-06,5191,2035,Telefone,Prospecção,Realizada
7801,2025-05-23,5245,1027,Presencial,Negociação,Pendente
7802,2025-03-08,5224,1006,Telefone,Negociação,Pendente
7803,2025-04-20,5229,1033,Online,Negociação,Pendente
7804,2025-06-07,5366,1059,Online,Pós-venda,Pendente
7805,2025-02-11,5396,1018,Presencial,Prospecção,Realizada
7806,2025-02-04,5022,1029,Presencial,Prospecção,Pendente
7807,2025-05-04,5287,1023,Telefone,Negociação,Realizada
7808,2025-02-20,5161,1038,Online,Pós-venda,Pendente
7809,2025-04-29,5404,1002,Presencial,Negociação,Pendente
7810,2025-02-06,5370,1059,Online,Negociação,Realizada
7811,2025-05-26,5421,2026,Telefone,Negociação,Realizada
7812,2025-01-04,5200,2025,Online,Prospecção,Pendente
7813,2025-06-15,5183,2033,Telefone,Prospecção,Pendente
7814,2025-01-16,5275,2008,Online,Prospecção,Realizada
7815,2025-03-23,5204,1023,Telefone,Negociação,Realizada
7816,2025-03-21,5268,2015,Telefone,Negociação,Pendente
7817,2025-03-03,5425,1014,Telefone,Prospecção,Pendente
7818,2025-04-19,5389,2018,Presencial,Pós-venda,Realizada
7819,2025-06-14,5448,2024,Presencial,Pós-venda,Realizada
7820,2025-04-22,5067,1023,Online,Negociação,Pendente
7821,2025-04-03,5454,1014,Telefone,Prospecção,Pendente
7822,2025-03-07,5499,1025,Online,Negociação,Pendente
7823,2025-01-25,5490,2020,Online,Negociação,Pendente
7824,2025-01-01,5469,1001,Online,Negociação,Realizada
7825,2025-05-02,5419,2031,Online,Negociação,Pendente
7826,2025-06-27,5011,1008,Online,Prospecção,Pendente
7827,2025-06-17,5053,1007,Presencial,Prospecção,Realizada
7828,2025-02-09,5044,1025,Telefone,Negociação,Pendente
7829,2025-04-01,5411,2003,Online,Prospecção,Realizada
7830,2025-04-12,5344,1030,Online,Negociação,Pendente
7831,2025-04-16,5029,2026,Presencial,Negociação,Realizada
7832,2025-04-11,5482,1059,Presencial,Prospecção,Pendente
7833,2025-04-25,5101,2020,Presencial,Pós-venda,Realizada
7834,2025-01-23,5204,2028,Presencial,Pós-venda,Pendente
7835,2025-03-27,5188,2011,Online,Negociação,Pendente
7836,2025-02-07,5153,2004,Online,Pós-venda,Pendente
7837,2025-02-14,5245,1026,Presencial,Pós-venda,Pendente
7838,2025-03-01,5048,2017,Presencial,Negociação,Pendente
7839,2025-04-27,5084,1045,Presencial,Pós-venda,Realizada
7840,2025-06-25,5390,1017,Online,Negociação,Pendente
7841,2025-04-23,5414,2014,Online,Prospecção,Pendente
7842,2025-04-10,5004,2025,Telefone,Negociação,Realizada
7843,2025-01-10,5239,2006,Telefone,Pós-venda,Pendente
7844,2025-03-15,5485,1028,Presencial,Pós-venda,Pendente
7845,2025-01-09,5349,1037,Telefone,Pós-venda,Pendente
7846,2025-03-21,5233,2016,Telefone,Negociação,Realizada
7847,2025-04-28,5367,1043,Presencial,Negociação,Realizada
7848,2025-04-05,5103,1055,Presencial,Negociação,Realizada
7849,2025-05-15,5482,1026,Presencial,Negociação,Realizada
7850,2025-02-11,5109,2019,Presencial,Prospecção,Pendente
7851,2025-03-28,5233,2031,Presencial,Prospecção,Realizada
7852,2025-05-22,5020,2012,Telefone,Prospecção,Pendente
7853,2025-06-10,5466,1008,Online,Pós-venda,Realizada
7854,2025-05-17,5452,1042,Presencial,Negociação,Pendente
7855,2025-04-04,5031,1030,Telefone,Prospecção,Pendente
7856,2025-02-06,5340,1054,Presencial,Pós-venda,Pendente
7857,2025-05-01,5132,1004,Presencial,Pós-venda,Realizada
7858,2025-01-26,5112,2004,Telefone,Pós-venda,Pendente
7859,2025-03-17,5437,1056,Online,Pós-venda,Pendente
7860,2025-05-08,5070,1051,Telefone,Negociação,Pendente
7861,2025-04-27,5339,2035,Telefone,Negociação,Realizada
7862,2025-05-07,5407,1023,Telefone,Prospecção,Pendente
7863,2025-03-25,5190,1002,Online,Pós-venda,Pendente
7864,2025-04-28,5484,2015,Online,Prospecção,Realizada
7865,2025-05-23,5143,2014,Online,Negociação,Realizada
7866,2025-05-20,5496,2015,Presencial,Pós-venda,Pendente
7867,2025-05-31,5006,2017,Online,Prospecção,Realizada
7868,2025-03-21,5061,1056,Online,Prospecção,Pendente
7869,2025-06-14,5167,2024,Presencial,Negociação,Pendente
7870,2025-03-14,5288,1038,Presencial,Negociação,Pendente
7871,2025-05-26,5097,2019,Presencial,Prospecção,Realizada
7872,2025-02-11,5208,2026,Presencial,Pós-venda,Realizada
7873,2025-01-25,5432,2026,Presencial,Prospecção,Pendente
7874,2025-03-04,5066,1016,Online,Negociação,Realizada
7875,2025-03-02,5478,1034,Telefone,Prospecção,Pendente
7876,2025-06-30,5397,1002,Online,Prospecção,Pendente
7877,2025-01-18,5458,1034,Telefone,Prospecção,Pendente
7878,2025-04-26,5462,2024,Presencial,Prospecção,Realizada
7879,2025-06-26,5176,2002,Presencial,Negociação,Pendente
7880,2025-01-14,5015,1038,Presencial,Negociação,Realizada
7881,2025-03-06,5445,1047,Telefone,Pós-venda,Realizada
7882,2025-06-29,5099,2036,Telefone,Negociação,Realizada
7883,2025-03-31,5351,1023,Online,Negociação,Pendente
7884,2025-02-28,5286,1034,Online,Negociação,Realizada
7885,2025-01-25,5014,1013,Telefone,Prospecção,Realizada
7886,2025-05-30,5082,1002,Telefone,Prospecção,Realizada
7887,2025-06-15,5082,2027,Telefone,Prospecção,Pendente
7888,2025-02-20,5006,1034,Telefone,Prospecção,Realizada
7889,2025-03-22,5180,2004,Presencial,Prospecção,Pendente
7890,2025-06-09,5455,1001,Presencial,Prospecção,Realizada
7891,2025-06-05,5092,2023,Telefone,Negociação,Pendente
7892,2025-01-20,5001,2027,Online,Pós-venda,Realizada
7893,2025-03-27,5449,1002,Presencial,Pós-venda,Realizada
7894,2025-05-10,5084,1008,Online,Prospecção,Realizada
7895,2025-01-08,5075,2028,Presencial,Negociação,Realizada
7896,2025-04-28,5090,1014,Telefone,Prospecção,Realizada
7897,2025-02-14,5374,2006,Online,Prospecção,Pendente
7898,2025-04-16,5167,1047,Telefone,Negociação,Realizada
7899,2025-06-30,5110,2022,Online,Negociação,Pendente
7900,2025-04-16,5353,1022,Telefone,Prospecção,Pendente
7901,2025-02-10,5460,1031,Online,Negociação,Pendente
7902,2025-05-30,5445,1019,Telefone,Pós-venda,Realizada
7903,2025-04-10,5154,1010,Presencial,Negociação,Realizada
7904,2025-06-29,5132,2019,Presencial,Prospecção,Pendente
7905,2025-05-08,5232,1025,Online,Prospecção,Pendente
7906,2025-04-09,5037,1026,Telefone,Pós-venda,Pendente
7907,2025-05-30,5424,2001,Online,Negociação,Realizada
7908,2025-01-08,5070,2024,Online,Prospecção,Pendente
7909,2025-02-22,5133,2027,Telefone,Negociação,Realizada
7910,2025-04-01,5327,2034,Online,Pós-venda,Realizada
7911,2025-04-23,5017,2013,Telefone,Prospecção,Pendente
7912,2025-04-22,5086,1047,Online,Pós-venda,Realizada
7913,2025-05-04,5202,1033,Presencial,Pós-venda,Realizada
7914,2025-06-14,5485,1028,Telefone,Negociação,Pendente
7915,2025-04-18,5345,1054,Presencial,Prospecção,Pendente
7916,2025-06-22,5062,2005,Online,Prospecção,Pendente
7917,2025-02-13,5445,1041,Telefone,Negociação,Pendente
7918,2025-03-16,5118,1026,Telefone,Negociação,Realizada
7919,2025-01-02,5352,2012,Telefone,Negociação,Pendente
7920,2025-05-23,5042,2001,Presencial,Prospecção,Realizada
7921,2025-01-21,5314,1026,Presencial,Negociação,Pendente
7922,2025-06-08,5114,2020,Telefone,Prospecção,Realizada
7923,2025-06-10,5385,1023,Presencial,Negociação,Pendente
7924,2025-05-01,5475,1007,Presencial,Negociação,Pendente
7925,2025-04-07,5364,1004,Presencial,Negociação,Pendente
7926,2025-05-29,5470,1023,Online,Prospecção,Pendente
7927,2025-04-11,5410,1035,Telefone,Negociação,Realizada
7928,2025-01-10,5173,1021,Online,Negociação,Pendente
7929,2025-01-07,5466,2030,Online,Prospecção,Realizada
7930,2025-06-05,5320,1011,Online,Prospecção,Pendente
7931,2025-05-23,5205,1002,Presencial,Pós-venda,Realizada
7932,2025-06-07,5381,2037,Online,Negociação,Realizada
7933,2025-06-23,5254,1025,Online,Pós-venda,Pendente
7934,2025-01-19,5075,2025,Telefone,Negociação,Realizada
7935,2025-06-08,5022,1016,Presencial,Pós-venda,Realizada
7936,2025-03-23,5341,1019,Online,Negociação,Pendente
7937,2025-04-30,5156,1056,Telefone,Pós-venda,Realizada
7938,2025-01-22,5141,2036,Telefone,Pós-venda,Pendente
7939,2025-03-07,5349,1039,Telefone,Negociação,Realizada
7940,2025-01-21,5304,2015,Telefone,Pós-venda,Realizada
7941,2025-03-31,5423,1032,Presencial,Pós-venda,Realizada
7942,2025-04-26,5057,2032,Presencial,Negociação,Pendente
7943,2025-05-07,5370,1027,Telefone,Prospecção,Realizada
7944,2025-02-26,5462,1050,Presencial,Prospecção,Pendente
7945,2025-05-11,5302,2011,Online,Pós-venda,Realizada
7946,2025-02-23,5193,2018,Presencial,Prospecção,Realizada
7947,2025-03-25,5114,2004,Telefone,Pós-venda,Pendente
7948,2025-05-21,5279,2023,Presencial,Prospecção,Realizada
7949,2025-03-20,5150,1059,Telefone,Pós-venda,Realizada
7950,2025-06-22,5231,1017,Online,Prospecção,Realizada
7951,2025-01-02,5320,2019,Presencial,Pós-venda,Pendente
7952,2025-02-02,5366,2013,Telefone,Pós-venda,Realizada
7953,2025-04-03,5438,2001,Online,Negociação,Pendente
7954,2025-03-19,5229,1030,Online,Prospecção,Realizada
7955,2025-03-16,5154,2025,Presencial,Pós-venda,Realizada
7956,2025-04-02,5136,2028,Presencial,Prospecção,Pendente
7957,2025-03-07,5022,2012,Online,Prospecção,Pendente
7958,2025-04-09,5088,1060,Online,Pós-venda,Pendente
7959,2025-03-24,5163,1059,Online,Prospecção,Pendente
7960,2025-01-03,5453,1059,Telefone,Negociação,Pendente
7961,2025-01-09,5444,2025,Telefone,Negociação,Realizada
7962,2025-06-23,5495,2023,Telefone,Pós-venda,Realizada
7963,2025-01-19,5114,2033,Presencial,Pós-venda,Realizada
7964,2025-04-08,5420,1057,Online,Prospecção,Pendente
7965,2025-02-24,5320,1040,Telefone,Prospecção,Realizada
7966,2025-04-30,5442,1029,Telefone,Prospecção,Realizada
7967,2025-05-16,5035,1042,Presencial,Negociação,Realizada
7968,2025-03-17,5148,1026,Telefone,Prospecção,Realizada
7969,2025-05-13,5219,1045,Online,Pós-venda,Realizada
7970,2025-03-22,5225,1057,Presencial,Prospecção,Pendente
7971,2025-03-30,5209,1009,Telefone,Prospecção,Realizada
7972,2025-01-06,5453,2019,Online,Prospecção,Realizada
7973,2025-03-11,5308,1038,Telefone,Pós-venda,Realizada
7974,2025-04-20,5327,1014,Online,Negociação,Pendente
7975,2025-06-17,5417,2028,Telefone,Prospecção,Pendente
7976,2025-01-18,5331,2037,Online,Pós-venda,Pendente
7977,2025-05-08,5080,2010,Online,Prospecção,Realizada
7978,2025-06-08,5154,1008,Online,Pós-venda,Pendente
7979,2025-03-31,5389,2024,Presencial,Negociação,Realizada
7980,2025-03-22,5244,2024,Online,Prospecção,Realizada
7981,2025-02-07,5355,1057,Telefone,Pós-venda,Pendente
7982,2025-05-21,5310,1006,Presencial,Prospecção,Pendente
7983,2025-03-05,5272,2024,Online,Prospecção,Realizada
7984,2025-02-01,5257,1042,Telefone,Negociação,Pendente
7985,2025-05-05,5310,1055,Telefone,Prospecção,Pendente
7986,2025-01-28,5041,1049,Presencial,Pós-venda,Realizada
7987,2025-04-03,5097,2010,Telefone,Negociação,Pendente
7988,2025-06-30,5257,1032,Telefone,Prospecção,Realizada
7989,2025-02-01,5314,1044,Presencial,Pós-venda,Pendente
7990,2025-02-15,5395,1016,Online,Prospecção,Realizada
7991,2025-02-08,5412,1038,Presencial,Pós-venda,Realizada
7992,2025-04-05,5297,2026,Presencial,Pós-venda,Pendente
7993,2025-03-20,5182,2026,Presencial,Negociação,Realizada
7994,2025-06-06,5001,1001,Online,Prospecção,Pendente
7995,2025-06-09,5199,1012,Telefone,Prospecção,Pendente
7996,2025-02-03,5328,2018,Presencial,Prospecção,Pendente
7997,2025-01-24,5397,1012,Online,Prospecção,Realizada
7998,2025-05-31,5316,1048,Presencial,Negociação,Pendente
7999,2025-03-26,5380,1056,Telefone,Prospecção,Pendente
8000,2025-06-18,5020,1029,Telefone,Pós-venda,Pendente
8001,2025-06-03,5301,2010,Presencial,Negociação,Pendente
8002,2025-03-15,5010,1009,Telefone,Pós-venda,Pendente
8003,2025-02-15,5388,1013,Online,Pós-venda,Realizada
8004,2025-02-26,5341,1035,Telefone,Pós-venda,Pendente
8005,2025-03-16,5154,2031,Presencial,Prospecção,Pendente
8006,2025-06-10,5272,2016,Telefone,Prospecção,Realizada
8007,2025-04-23,5193,2001,Online,Prospecção,Pendente
8008,2025-01-07,5478,1029,Telefone,Prospecção,Realizada
8009,2025-01-24,5061,1012,Telefone,Prospecção,Pendente
8010,2025-05-27,5250,2033,Telefone,Prospecção,Pendente
8011,2025-06-02,5272,2002,Presencial,Pós-venda,Realizada
8012,2025-03-22,5480,1014,Telefone,Prospecção,Realizada
8013,2025-05-31,5383,2037,Online,Prospecção,Realizada
8014,2025-01-06,5151,2030,Telefone,Pós-venda,Pendente
8015,2025-02-25,5473,1008,Presencial,Pós-venda,Realizada
8016,2025-01-27,5446,2038,Presencial,Prospecção,Pendente
8017,2025-06-05,5410,2027,Presencial,Prospecção,Pendente
8018,2025-05-28,5331,1001,Online,Pós-venda,Pendente
8019,2025-06-25,5268,2019,Telefone,Prospecção,Pendente
8020,2025-02-15,5177,1001,Online,Prospecção,Pendente
8021,2025-06-19,5024,1027,Online,Prospecção,Realizada
8022,2025-01-27,5396,1001,Online,Prospecção,Pendente
8023,2025-05-16,5175,2001,Presencial,Prospecção,Realizada
8024,2025-06-10,5452,1031,Online,Prospecção,Pendente
8025,2025-06-13,5182,1035,Presencial,Pós-venda,Pendente
8026,2025-06-06,5271,1019,Telefone,Negociação,Pendente
8027,2025-04-05,5103,2006,Online,Negociação,Realizada
8028,2025-01-12,5299,1052,Online,Prospecção,Realizada
8029,2025-01-15,5059,2034,Presencial,Pós-venda,Realizada
8030,2025-06-09,5486,1019,Telefone,Negociação,Pendente
8031,2025-05-07,5463,1009,Online,Pós-venda,Pendente
8032,2025-01-09,5183,2009,Presencial,Prospecção,Realizada
8033,2025-02-27,5208,1039,Telefone,Negociação,Pendente
8034,2025-03-02,5205,2030,Online,Negociação,Realizada
8035,2025-03-18,5459,1026,Presencial,Pós-venda,Pendente
8036,2025-04-18,5474,1036,Online,Prospecção,Realizada
8037,2025-06-09,5196,1029,Telefone,Negociação,Realizada
8038,2025-06-29,5004,2008,Presencial,Prospecção,Realizada
8039,2025-05-21,5247,1033,Presencial,Pós-venda,Pendente
8040,2025-04-09,5071,1030,Presencial,Pós-venda,Pendente
8041,2025-02-04,5420,2001,Online,Prospecção,Realizada
8042,2025-03-03,5171,1002,Telefone,Pós-venda,Realizada
8043,2025-04-18,5232,2028,Telefone,Negociação,Realizada
8044,2025-01-16,5038,1025,Online,Prospecção,Pendente
8045,2025-02-27,5141,1051,Presencial,Pós-venda,Pendente
8046,2025-03-15,5488,2033,Presencial,Pós-venda,Realizada
8047,2025-06-21,5288,2015,Online,Pós-venda,Realizada
8048,2025-06-23,5344,1033,Telefone,Negociação,Pendente
8049,2025-01-31,5101,2036,Presencial,Pós-venda,Realizada
8050,2025-04-13,5286,2006,Telefone,Negociação,Realizada
8051,2025-05-24,5001,1054,Presencial,Prospecção,Realizada
8052,2025-06-10,5330,2036,Telefone,Pós-venda,Realizada
8053,2025-06-03,5463,2029,Online,Pós-venda,Pendente
8054,2025-04-17,5044,2011,Online,Negociação,Pendente
8055,2025-03-25,5275,2027,Presencial,Negociação,Realizada
8056,2025-03-30,5333,2006,Online,Negociação,Realizada
8057,2025-03-07,5089,1023,Telefone,Pós-venda,Realizada
8058,2025-05-24,5192,2017,Telefone,Pós-venda,Pendente
8059,2025-04-10,5434,2013,Telefone,Pós-venda,Pendente
8060,2025-04-11,5205,2012,Telefone,Pós-venda,Realizada
8061,2025-05-22,5224,1039,Presencial,Negociação,Realizada
8062,2025-01-01,5067,2025,Presencial,Pós-venda,Pendente
8063,2025-03-18,5440,1011,Online,Prospecção,Realizada
8064,2025-02-04,5113,1003,Telefone,Pós-venda,Realizada
8065,2025-01-04,5084,1053,Telefone,Pós-venda,Pendente
8066,2025-01-21,5176,2032,Presencial,Negociação,Pendente
8067,2025-04-29,5423,2013,Telefone,Prospecção,Realizada
8068,2025-05-14,5193,1003,Online,Negociação,Pendente
8069,2025-05-16,5310,1044,Presencial,Prospecção,Pendente
8070,2025-03-30,5278,2026,Presencial,Prospecção,Realizada
8071,2025-04-30,5340,1041,Online,Pós-venda,Realizada
8072,2025-03-05,5366,2026,Telefone,Pós-venda,Realizada
8073,2025-02-23,5143,2038,Presencial,Prospecção,Realizada
8074,2025-03-17,5493,2034,Presencial,Prospecção,Realizada
8075,2025-03-29,5438,1028,Presencial,Negociação,Pendente
8076,2025-04-02,5086,2005,Telefone,Prospecção,Pendente
8077,2025-06-22,5486,1057,Online,Prospecção,Pendente
8078,2025-06-15,5276,1026,Online,Pós-venda,Pendente
8079,2025-01-05,5280,2009,Telefone,Negociação,Realizada
8080,2025-01-27,5148,1050,Telefone,Negociação,Realizada
8081,2025-06-15,5105,1037,Online,Prospecção,Realizada
8082,2025-03-14,5359,1041,Presencial,Prospecção,Realizada
8083,2025-02-15,5338,1059,Online,Negociação,Realizada
8084,2025-05-18,5319,1027,Presencial,Negociação,Realizada
8085,2025-03-10,5246,1024,Presencial,Pós-venda,Pendente
8086,2025-05-17,5441,2006,Telefone,Pós-venda,Pendente
8087,2025-05-21,5093,2030,Telefone,Prospecção,Realizada
8088,2025-06-15,5469,1029,Telefone,Prospecção,Realizada
8089,2025-01-31,5435,2008,Online,Prospecção,Pendente
8090,2025-02-21,5326,1051,Online,Prospecção,Realizada
8091,2025-05-27,5195,1013,Presencial,Pós-venda,Realizada
8092,2025-01-12,5053,1005,Presencial,Negociação,Realizada
8093,2025-02-15,5159,1013,Presencial,Pós-venda,Pendente
8094,2025-01-03,5126,1028,Presencial,Pós-venda,Realizada
8095,2025-02-20,5182,2030,Presencial,Negociação,Pendente
8096,2025-05-09,5226,1006,Online,Pós-venda,Pendente
8097,2025-03-09,5006,1032,Presencial,Prospecção,Realizada
8098,2025-01-26,5077,2030,Online,Negociação,Realizada
8099,2025-06-28,5183,1014,Telefone,Negociação,Pendente
8100,2025-01-03,5013,1057,Online,Negociação,Pendente
8101,2025-03-20,5451,1016,Telefone,Pós-venda,Realizada
8102,2025-02-04,5055,1028,Online,Negociação,Realizada
8103,2025-05-20,5344,1026,Online,Pós-venda,Realizada
8104,2025-01-10,5498,1012,Online,Negociação,Pendente
8105,2025-02-20,5436,2007,Presencial,Pós-venda,Pendente
8106,2025-04-25,5394,2001,Presencial,Prospecção,Realizada
8107,2025-02-21,5484,1047,Online,Pós-venda,Pendente
8108,2025-05-03,5409,1006,Telefone,Pós-venda,Realizada
8109,2025-02-05,5474,1011,Online,Pós-venda,Realizada
8110,2025-03-05,5421,2031,Online,Prospecção,Realizada
8111,2025-01-28,5149,2005,Telefone,Prospecção,Realizada
8112,2025-06-08,5413,1054,Presencial,Negociação,Pendente
8113,2025-03-26,5423,2038,Telefone,Prospecção,Realizada
8114,2025-02-26,5361,1011,Presencial,Prospecção,Realizada
8115,2025-04-01,5411,1055,Online,Pós-venda,Realizada
8116,2025-01-16,5006,2012,Telefone,Pós-venda,Pendente
8117,2025-05-31,5048,1029,Presencial,Prospecção,Pendente
8118,2025-01-27,5091,1059,Presencial,Pós-venda,Pendente
8119,2025-06-22,5296,1012,Online,Prospecção,Pendente
8120,2025-05-27,5272,1025,Online,Pós-venda,Realizada
8121,2025-01-26,5370,2039,Online,Prospecção,Pendente
8122,2025-03-06,5133,2037,Online,Prospecção,Realizada
8123,2025-06-17,5075,1016,Presencial,Negociação,Realizada
8124,2025-01-10,5277,1022,Online,Negociação,Realizada
8125,2025-05-09,5399,1004,Online,Pós-venda,Realizada
8126,2025-02-14,5136,2035,Telefone,Negociação,Pendente
8127,2025-02-15,5139,1038,Presencial,Negociação,Pendente
8128,2025-02-04,5073,1053,Telefone,Prospecção,Pendente
8129,2025-05-12,5493,2017,Online,Negociação,Pendente
8130,2025-01-10,5122,1046,Online,Pós-venda,Realizada
8131,2025-02-24,5277,1052,Presencial,Negociação,Realizada
8132,2025-01-31,5485,1019,Online,Negociação,Realizada
8133,2025-05-02,5344,1007,Online,Negociação,Realizada
8134,2025-01-13,5032,2010,Telefone,Prospecção,Pendente
8135,2025-03-05,5172,2025,Presencial,Prospecção,Pendente
8136,2025-05-12,5370,1015,Online,Pós-venda,Realizada
8137,2025-01-06,5110,1028,Telefone,Negociação,Realizada
8138,2025-05-21,5236,1019,Online,Negociação,Realizada
8139,2025-04-27,5283,1040,Presencial,Pós-venda,Realizada
8140,2025-01-12,5083,1027,Presencial,Negociação,Realizada
8141,2025-02-27,5167,1053,Telefone,Negociação,Realizada
8142,2025-03-10,5424,1012,Telefone,Negociação,Pendente
8143,2025-01-04,5052,2008,Presencial,Pós-venda,Realizada
8144,2025-01-10,5336,2037,Online,Negociação,Realizada
8145,2025-01-26,5114,2039,Online,Pós-venda,Pendente
8146,2025-01-25,5358,2039,Presencial,Pós-venda,Pendente
8147,2025-01-24,5249,1008,Online,Negociação,Realizada
8148,2025-01-19,5386,1033,Telefone,Prospecção,Realizada
8149,2025-04-24,5083,2001,Presencial,Prospecção,Pendente
8150,2025-05-29,5152,1006,Online,Negociação,Pendente
8151,2025-01-24,5455,1012,Presencial,Prospecção,Pendente
8152,2025-01-14,5382,1051,Presencial,Pós-venda,Pendente
8153,2025-03-20,5496,1003,Telefone,Prospecção,Realizada
8154,2025-02-28,5346,2014,Telefone,Negociação,Pendente
8155,2025-03-10,5037,1021,Online,Negociação,Realizada
8156,2025-03-07,5385,2034,Online,Negociação,Realizada
8157,2025-03-09,5477,2040,Presencial,Pós-venda,Realizada
8158,2025-03-02,5131,2037,Presencial,Pós-venda,Realizada
8159,2025-01-27,5307,1044,Online,Prospecção,Realizada
8160,2025-05-22,5213,1055,Online,Negociação,Pendente
8161,2025-02-13,5319,1023,Presencial,Negociação,Realizada
8162,2025-06-10,5203,1021,Telefone,Pós-venda,Realizada
8163,2025-01-30,5141,2025,Telefone,Pós-venda,Realizada
8164,2025-02-02,5462,1018,Presencial,Negociação,Realizada
8165,2025-05-27,5117,2032,Presencial,Pós-venda,Realizada
8166,2025-05-18,5379,1049,Presencial,Pós-venda,Pendente
8167,2025-02-17,5381,2017,Online,Pós-venda,Pendente
8168,2025-05-29,5378,1053,Online,Negociação,Pendente
8169,2025-05-11,5474,2011,Online,Pós-venda,Pendente
8170,2025-03-17,5264,1007,Presencial,Prospecção,Realizada
8171,2025-05-06,5093,1021,Online,Negociação,Pendente
8172,2025-03-19,5148,1060,Online,Negociação,Realizada
8173,2025-01-18,5288,1027,Telefone,Negociação,Pendente
8174,2025-04-19,5484,2001,Online,Pós-venda,Realizada
8175,2025-01-08,5497,1021,Telefone,Negociação,Realizada
8176,2025-01-18,5480,1049,Presencial,Negociação,Realizada
8177,2025-04-24,5156,2039,Online,Prospecção,Realizada
8178,2025-03-28,5293,1019,Telefone,Negociação,Realizada
8179,2025-04-02,5021,2023,Presencial,Prospecção,Realizada
8180,2025-03-22,5236,2027,Telefone,Negociação,Realizada
8181,2025-02-10,5488,2008,Presencial,Negociação,Pendente
8182,2025-04-17,5292,1006,Online,Pós-venda,Pendente
8183,2025-06-18,5072,1019,Online,Prospecção,Realizada
8184,2025-06-16,5052,1031,Presencial,Pós-venda,Pendente
8185,2025-02-09,5500,1049,Presencial,Prospecção,Pendente
8186,2025-06-05,5334,1054,Telefone,Negociação,Pendente
8187,2025-01-15,5192,2017,Online,Pós-venda,Realizada
8188,2025-06-27,5461,1049,Presencial,Negociação,Realizada
8189,2025-03-11,5471,2008,Online,Pós-venda,Realizada
8190,2025-01-12,5473,2036,Online,Pós-venda,Pendente
8191,2025-05-15,5267,2010,Online,Prospecção,Realizada
8192,2025-02-06,5397,1060,Telefone,Pós-venda,Pendente
8193,2025-04-13,5043,1001,Online,Pós-venda,Pendente
8194,2025-06-21,5141,1025,Online,Negociação,Pendente
8195,2025-06-13,5104,2035,Telefone,Negociação,Realizada
8196,2025-06-06,5147,1020,Telefone,Prospecção,Pendente
8197,2025-03-29,5168,1018,Presencial,Pós-venda,Pendente
8198,2025-03-29,5295,1034,Online,Negociação,Pendente
8199,2025-04-26,5243,1029,Presencial,Prospecção,Pendente
8200,2025-05-08,5282,1038,Presencial,Prospecção,Realizada
8201,2025-02-20,5122,1041,Telefone,Prospecção,Realizada
8202,2025-02-13,5469,2018,Telefone,Negociação,Pendente
8203,2025-04-30,5350,1002,Presencial,Negociação,Pendente
8204,2025-01-05,5141,2016,Presencial,Prospecção,Pendente
8205,2025-02-25,5035,1050,Presencial,Pós-venda,Realizada
8206,2025-05-13,5330,2037,Online,Pós-venda,Pendente
8207,2025-02-27,5213,1023,Online,Negociação,Realizada
8208,2025-02-09,5469,1046,Presencial,Pós-venda,Realizada
8209,2025-01-13,5197,1028,Presencial,Negociação,Realizada
8210,2025-02-09,5119,1015,Online,Prospecção,Pendente
8211,2025-06-24,5289,1016,Presencial,Negociação,Realizada
8212,2025-02-05,5460,1033,Online,Pós-venda,Pendente
8213,2025-04-12,5429,1028,Presencial,Prospecção,Pendente
8214,2025-04-20,5239,2019,Online,Pós-venda,Pendente
8215,2025-05-14,5058,1043,Telefone,Prospecção,Realizada
8216,2025-05-20,5029,1011,Telefone,Negociação,Realizada
8217,2025-04-03,5392,1013,Presencial,Negociação,Realizada
8218,2025-02-14,5331,1004,Telefone,Prospecção,Pendente
8219,2025-01-23,5345,2021,Presencial,Pós-venda,Pendente
8220,2025-03-30,5001,1002,Presencial,Negociação,Realizada
8221,2025-03-10,5142,1027,Telefone,Prospecção,Realizada
8222,2025-06-05,5001,1034,Telefone,Pós-venda,Realizada
8223,2025-06-20,5199,1011,Online,Prospecção,Realizada
8224,2025-04-14,5219,1051,Online,Negociação,Realizada
8225,2025-04-15,5461,1016,Presencial,Negociação,Pendente
8226,2025-03-12,5005,1009,Online,Pós-venda,Realizada
8227,2025-05-06,5095,1023,Presencial,Prospecção,Realizada
8228,2025-05-26,5353,1045,Presencial,Pós-venda,Realizada
8229,2025-05-21,5152,1020,Online,Prospecção,Realizada
8230,2025-06-28,5048,1043,Presencial,Prospecção,Pendente
8231,2025-03-23,5482,2020,Telefone,Negociação,Realizada
8232,2025-06-15,5457,1033,Presencial,Pós-venda,Pendente
8233,2025-01-15,5157,2037,Online,Pós-venda,Realizada
8234,2025-01-07,5231,1058,Telefone,Negociação,Pendente
8235,2025-03-25,5174,2001,Online,Pós-venda,Pendente
8236,2025-06-23,5211,1050,Presencial,Prospecção,Pendente
8237,2025-04-04,5356,1047,Presencial,Pós-venda,Pendente
8238,2025-01-25,5125,2008,Telefone,Negociação,Realizada
8239,2025-05-09,5104,2034,Online,Prospecção,Realizada
8240,2025-01-22,5113,2029,Presencial,Prospecção,Realizada
8241,2025-01-10,5216,1010,Telefone,Prospecção,Pendente
8242,2025-04-24,5338,2020,Presencial,Prospecção,Realizada
8243,2025-01-10,5113,2003,Presencial,Pós-venda,Realizada
8244,2025-03-21,5491,1050,Presencial,Negociação,Realizada
8245,2025-05-14,5034,1033,Presencial,Pós-venda,Pendente
8246,2025-01-12,5311,1037,Telefone,Negociação,Pendente
8247,2025-03-05,5023,1030,Online,Negociação,Realizada
8248,2025-06-24,5390,2038,Telefone,Pós-venda,Realizada
8249,2025-01-27,5193,1021,Online,Pós-venda,Realizada
8250,2025-05-16,5445,1042,Presencial,Negociação,Pendente
8251,2025-04-23,5007,1060,Telefone,Pós-venda,Realizada
8252,2025-02-25,5049,2020,Presencial,Prospecção,Pendente
8253,2025-05-22,5323,1016,Telefone,Prospecção,Pendente
8254,2025-04-19,5367,1026,Online,Prospecção,Pendente
8255,2025-06-24,5476,1023,Online,Prospecção,Realizada
8256,2025-02-21,5166,2037,Presencial,Negociação,Realizada
8257,2025-05-06,5053,1011,Presencial,Negociação,Realizada
8258,2025-01-31,5392,1052,Presencial,Prospecção,Realizada
8259,2025-02-09,5463,1028,Online,Pós-venda,Pendente
8260,2025-06-08,5419,2024,Presencial,Pós-venda,Pendente
8261,2025-06-20,5250,2018,Presencial,Prospecção,Pendente
8262,2025-05-24,5106,1060,Telefone,Prospecção,Pendente
8263,2025-04-18,5043,2026,Presencial,Pós-venda,Realizada
8264,2025-02-22,5014,1060,Presencial,Negociação,Pendente
8265,2025-05-23,5328,2020,Online,Pós-venda,Realizada
8266,2025-01-16,5499,1020,Online,Pós-venda,Pendente
8267,2025-01-02,5352,1008,Telefone,Prospecção,Pendente
8268,2025-03-10,5346,1020,Online,Prospecção,Pendente
8269,2025-04-08,5376,2024,Presencial,Prospecção,Realizada
8270,2025-05-22,5209,2029,Online,Prospecção,Pendente
8271,2025-05-23,5165,1042,Telefone,Pós-venda,Pendente
8272,2025-05-17,5448,2025,Online,Negociação,Realizada
8273,2025-03-13,5343,2006,Online,Prospecção,Pendente
8274,2025-04-14,5055,2038,Presencial,Negociação,Pendente
8275,2025-01-23,5043,1026,Presencial,Prospecção,Pendente
8276,2025-02-08,5022,2001,Telefone,Pós-venda,Realizada
8277,2025-01-21,5194,1025,Presencial,Prospecção,Pendente
8278,2025-06-05,5458,1032,Online,Pós-venda,Pendente
8279,2025-06-22,5166,2040,Telefone,Prospecção,Pendente
8280,2025-03-18,5090,2003,Online,Pós-venda,Realizada
8281,2025-02-12,5384,2007,Presencial,Negociação,Pendente
8282,2025-05-26,5321,1035,Online,Pós-venda,Realizada
8283,2025-03-03,5219,2034,Telefone,Pós-venda,Pendente
8284,2025-02-27,5050,1034,Online,Pós-venda,Pendente
8285,2025-02-15,5042,1019,Telefone,Pós-venda,Realizada
8286,2025-02-21,5083,1060,Telefone,Prospecção,Realizada
8287,2025-06-26,5254,2006,Online,Pós-venda,Pendente
8288,2025-03-04,5231,2005,Presencial,Negociação,Realizada
8289,2025-03-10,5389,2020,Presencial,Prospecção,Pendente
8290,2025-01-26,5427,1034,Online,Pós-venda,Pendente
8291,2025-05-04,5005,2002,Telefone,Negociação,Pendente
8292,2025-02-02,5488,2022,Online,Pós-venda,Pendente
8293,2025-06-04,5388,1031,Online,Prospecção,Pendente
8294,2025-06-27,5028,1060,Online,Pós-venda,Pendente
8295,2025-02-09,5049,1053,Online,Negociação,Pendente
8296,2025-01-15,5067,1007,Telefone,Prospecção,Pendente
8297,2025-04-07,5346,1018,Online,Pós-venda,Realizada
8298,2025-05-01,5496,2024,Online,Prospecção,Pendente
8299,2025-03-17,5472,1058,Online,Negociação,Pendente
8300,2025-01-15,5052,1047,Telefone,Negociação,Pendente
8301,2025-05-18,5015,1002,Telefone,Prospecção,Pendente
8302,2025-01-06,5004,2023,Online,Prospecção,Realizada
8303,2025-04-29,5135,1024,Online,Prospecção,Pendente
8304,2025-03-09,5133,2018,Telefone,Negociação,Realizada
8305,2025-06-29,5010,1024,Telefone,Negociação,Realizada
8306,2025-03-18,5330,1043,Presencial,Prospecção,Realizada
8307,2025-06-26,5336,1044,Telefone,Negociação,Realizada
8308,2025-04-22,5362,1021,Presencial,Negociação,Pendente
8309,2025-06-03,5407,1060,Telefone,Prospecção,Pendente
8310,2025-06-19,5125,1015,Presencial,Pós-venda,Pendente
8311,2025-02-17,5070,2032,Presencial,Negociação,Realizada
8312,2025-04-13,5348,1060,Online,Negociação,Realizada
8313,2025-04-02,5037,2019,Online,Pós-venda,Realizada
8314,2025-01-02,5029,1013,Presencial,Pós-venda,Realizada
8315,2025-05-24,5035,2006,Online,Negociação,Pendente
8316,2025-01-15,5175,2035,Presencial,Pós-venda,Realizada
8317,2025-06-06,5276,2004,Presencial,Pós-venda,Pendente
8318,2025-04-02,5193,1018,Presencial,Negociação,Pendente
8319,2025-05-15,5021,2015,Online,Pós-venda,Realizada
8320,2025-05-29,5259,2038,Presencial,Negociação,Pendente
8321,2025-01-27,5278,1044,Telefone,Pós-venda,Realizada
8322,2025-06-24,5350,2022,Online,Pós-venda,Realizada
8323,2025-01-14,5033,1036,Telefone,Pós-venda,Pendente
8324,2025-01-08,5470,2006,Presencial,Prospecção,Realizada
8325,2025-01-16,5167,1024,Online,Pós-venda,Pendente
8326,2025-02-22,5418,2039,Online,Prospecção,Pendente
8327,2025-01-13,5217,2021,Presencial,Negociação,Pendente
8328,2025-06-14,5360,2028,Telefone,Negociação,Pendente
8329,2025-05-30,5204,2006,Telefone,Prospecção,Pendente
8330,2025-02-16,5117,1033,Presencial,Prospecção,Realizada
8331,2025-04-20,5345,2019,Online,Pós-venda,Pendente
8332,2025-04-30,5274,1001,Presencial,Pós-venda,Realizada
8333,2025-06-19,5211,2033,Presencial,Negociação,Realizada
8334,2025-03-17,5335,1049,Presencial,Pós-venda,Pendente
8335,2025-05-24,5149,2006,Online,Prospecção,Pendente
8336,2025-01-29,5195,1013,Online,Negociação,Pendente
8337,2025-01-08,5013,2016,Telefone,Negociação,Realizada
8338,2025-06-19,5325,1027,Online,Prospecção,Realizada
8339,2025-02-24,5413,2022,Online,Negociação,Pendente
8340,2025-01-30,5060,1055,Presencial,Pós-venda,Realizada
8341,2025-05-27,5342,1002,Telefone,Negociação,Pendente
8342,2025-05-29,5263,1002,Telefone,Pós-venda,Realizada
8343,2025-04-20,5156,2005,Telefone,Prospecção,Realizada
8344,2025-01-06,5272,1051,Telefone,Prospecção,Pendente
8345,2025-01-06,5369,2004,Presencial,Negociação,Realizada
8346,2025-05-17,5360,1043,Online,Prospecção,Realizada
8347,2025-06-04,5438,2005,Telefone,Pós-venda,Realizada
8348,2025-02-11,5415,2008,Telefone,Pós-venda,Pendente
8349,2025-02-28,5049,2002,Online,Prospecção,Pendente
8350,2025-06-25,5345,1057,Online,Prospecção,Realizada
8351,2025-06-13,5368,1024,Presencial,Prospecção,Pendente
8352,2025-05-10,5127,2028,Online,Negociação,Realizada
8353,2025-04-08,5479,1045,Online,Negociação,Realizada
8354,2025-01-05,5348,2030,Telefone,Pós-venda,Pendente
8355,2025-05-03,5398,2035,Online,Prospecção,Pendente
8356,2025-05-07,5456,2025,Telefone,Prospecção,Pendente
8357,2025-03-19,5057,1048,Presencial,Pós-venda,Pendente
8358,2025-04-18,5236,1020,Telefone,Prospecção,Realizada
8359,2025-03-29,5100,1013,Telefone,Prospecção,Pendente
8360,2025-02-17,5449,1057,Telefone,Pós-venda,Pendente
8361,2025-01-09,5181,1008,Online,Negociação,Realizada
8362,2025-03-19,5044,2027,Online,Pós-venda,Realizada
8363,2025-06-12,5434,2006,Presencial,Negociação,Realizada
8364,2025-05-17,5037,1027,Telefone,Negociação,Realizada
8365,2025-04-02,5451,1056,Telefone,Prospecção,Realizada
8366,2025-02-01,5333,2009,Presencial,Negociação,Pendente
8367,2025-05-04,5162,1046,Telefone,Prospecção,Realizada
8368,2025-04-18,5302,2029,Online,Negociação,Pendente
8369,2025-01-13,5013,2010,Presencial,Pós-venda,Realizada
8370,2025-04-19,5337,2027,Online,Prospecção,Pendente
8371,2025-03-09,5431,1045,Online,Prospecção,Realizada
8372,2025-02-13,5488,1039,Telefone,Prospecção,Pendente
8373,2025-01-05,5442,2010,Presencial,Pós-venda,Pendente
8374,2025-06-15,5368,1019,Online,Pós-venda,Pendente
8375,2025-06-20,5248,2002,Online,Prospecção,Pendente
8376,2025-04-27,5369,1020,Presencial,Negociação,Pendente
8377,2025-04-01,5455,2002,Presencial,Pós-venda,Pendente
8378,2025-02-03,5011,1016,Online,Negociação,Pendente
8379,2025-06-22,5458,1035,Presencial,Negociação,Realizada
8380,2025-04-01,5444,1056,Telefone,Pós-venda,Pendente
8381,2025-02-13,5126,1041,Presencial,Negociação,Realizada
8382,2025-04-09,5380,1052,Presencial,Negociação,Realizada
8383,2025-03-12,5500,1057,Online,Pós-venda,Realizada
8384,2025-04-11,5005,1002,Telefone,Prospecção,Realizada
8385,2025-01-26,5211,1040,Telefone,Prospecção,Realizada
8386,2025-06-26,5490,2029,Telefone,Prospecção,Pendente
8387,2025-03-19,5191,1005,Presencial,Pós-venda,Realizada
8388,2025-06-08,5152,1045,Telefone,Prospecção,Realizada
8389,2025-05-16,5234,1013,Online,Negociação,Realizada
8390,2025-05-27,5166,1024,Presencial,Negociação,Realizada
8391,2025-01-01,5391,1038,Presencial,Negociação,Pendente
8392,2025-02-09,5370,1053,Presencial,Negociação,Pendente
8393,2025-01-21,5135,1015,Presencial,Prospecção,Pendente
8394,2025-05-21,5307,1050,Telefone,Prospecção,Pendente
8395,2025-01-02,5214,1036,Telefone,Pós-venda,Realizada
8396,2025-03-23,5236,2034,Telefone,Negociação,Pendente
8397,2025-03-03,5233,2021,Telefone,Negociação,Pendente
8398,2025-06-15,5051,2025,Presencial,Pós-venda,Realizada
8399,2025-05-07,5116,1058,Online,Negociação,Pendente
8400,2025-05-15,5155,1002,Presencial,Prospecção,Realizada
8401,2025-03-07,5286,1044,Telefone,Pós-venda,Pendente
8402,2025-04-14,5348,1036,Online,Prospecção,Realizada
8403,2025-06-29,5443,1054,Presencial,Pós-venda,Realizada
8404,2025-04-20,5316,2018,Presencial,Prospecção,Pendente
8405,2025-01-22,5192,2009,Online,Pós-venda,Pendente
8406,2025-05-11,5029,1004,Presencial,Prospecção,Realizada
8407,2025-02-24,5137,2024,Telefone,Negociação,Pendente
8408,2025-06-11,5438,1002,Telefone,Negociação,Realizada
8409,2025-01-26,5201,1025,Online,Negociação,Realizada
8410,2025-03-17,5114,1041,Online,Prospecção,Realizada
8411,2025-01-15,5143,1051,Online,Negociação,Pendente
8412,2025-06-27,5461,1048,Presencial,Negociação,Realizada
8413,2025-05-19,5438,1056,Online,Prospecção,Realizada
8414,2025-05-14,5036,2008,Online,Pós-venda,Pendente
8415,2025-03-24,5416,2025,Online,Pós-venda,Pendente
8416,2025-05-17,5023,2035,Online,Pós-venda,Pendente
8417,2025-03-06,5476,1041,Online,Pós-venda,Realizada
8418,2025-03-22,5135,2032,Online,Pós-venda,Realizada
8419,2025-03-16,5190,1040,Telefone,Prospecção,Realizada
8420,2025-06-22,5402,2002,Presencial,Prospecção,Pendente
8421,2025-03-27,5353,2013,Telefone,Negociação,Realizada
8422,2025-06-03,5455,2033,Presencial,Pós-venda,Realizada
8423,2025-04-10,5054,1052,Telefone,Pós-venda,Realizada
8424,2025-05-30,5476,2019,Presencial,Prospecção,Pendente
8425,2025-02-19,5316,2031,Online,Pós-venda,Pendente
8426,2025-04-02,5396,1059,Presencial,Pós-venda,Pendente
8427,2025-03-28,5081,1045,Online,Prospecção,Realizada
8428,2025-06-16,5158,1039,Online,Pós-venda,Realizada
8429,2025-03-20,5496,1054,Presencial,Prospecção,Pendente
8430,2025-05-28,5358,2034,Presencial,Pós-venda,Pendente
8431,2025-06-16,5109,2039,Presencial,Negociação,Pendente
8432,2025-03-07,5263,1010,Presencial,Negociação,Pendente
8433,2025-01-25,5483,2004,Presencial,Pós-venda,Pendente
8434,2025-06-21,5051,2026,Presencial,Negociação,Realizada
8435,2025-06-26,5360,1010,Presencial,Prospecção,Realizada
8436,2025-03-26,5188,1009,Online,Negociação,Realizada
8437,2025-06-19,5060,2030,Online,Pós-venda,Pendente
8438,2025-05-15,5286,1003,Telefone,Negociação,Realizada
8439,2025-03-04,5073,1015,Telefone,Negociação,Realizada
8440,2025-03-21,5175,1016,Online,Pós-venda,Pendente
8441,2025-02-28,5264,2023,Presencial,Pós-venda,Realizada
8442,2025-03-26,5193,1046,Online,Negociação,Pendente
8443,2025-06-23,5415,2006,Telefone,Pós-venda,Pendente
8444,2025-06-04,5031,1040,Presencial,Negociação,Realizada
8445,2025-05-11,5115,2028,Telefone,Prospecção,Realizada
8446,2025-02-22,5445,1060,Presencial,Pós-venda,Pendente
8447,2025-01-25,5436,2010,Telefone,Negociação,Realizada
8448,2025-03-26,5332,1016,Telefone,Prospecção,Realizada
8449,2025-02-27,5281,2023,Presencial,Pós-venda,Pendente
8450,2025-02-15,5023,1021,Presencial,Prospecção,Pendente
8451,2025-05-19,5230,2038,Presencial,Pós-venda,Pendente
8452,2025-06-27,5110,2016,Presencial,Prospecção,Pendente
8453,2025-05-16,5056,1033,Presencial,Prospecção,Realizada
8454,2025-02-12,5363,2031,Online,Prospecção,Realizada
8455,2025-05-26,5375,2033,Online,Pós-venda,Realizada
8456,2025-04-09,5272,1052,Telefone,Prospecção,Pendente
8457,2025-01-26,5301,2038,Telefone,Pós-venda,Realizada
8458,2025-01-07,5122,1027,Online,Pós-venda,Realizada
8459,2025-05-15,5086,2032,Online,Pós-venda,Realizada
8460,2025-01-06,5430,2039,Telefone,Prospecção,Realizada
8461,2025-04-11,5402,1047,Online,Negociação,Pendente
8462,2025-01-02,5035,2006,Telefone,Negociação,Realizada
8463,2025-06-14,5402,1015,Telefone,Pós-venda,Pendente
8464,2025-01-29,5479,2034,Presencial,Negociação,Pendente
8465,2025-02-27,5337,1043,Presencial,Prospecção,Realizada
8466,2025-05-01,5454,1041,Online,Prospecção,Pendente
8467,2025-01-25,5344,1058,Telefone,Pós-venda,Realizada
8468,2025-03-16,5161,1025,Online,Negociação,Pendente
8469,2025-04-03,5285,1012,Telefone,Pós-venda,Realizada
8470,2025-03-15,5138,2028,Online,Prospecção,Pendente
8471,2025-01-20,5216,1026,Presencial,Pós-venda,Pendente
8472,2025-01-08,5207,2038,Online,Negociação,Realizada
8473,2025-02-06,5121,1035,Telefone,Prospecção,Realizada
8474,2025-06-02,5153,1054,Telefone,Prospecção,Realizada
8475,2025-06-02,5295,1024,Presencial,Prospecção,Realizada
8476,2025-01-01,5081,2020,Online,Pós-venda,Pendente
8477,2025-03-02,5162,1041,Telefone,Prospecção,Pendente
8478,2025-02-12,5096,2027,Presencial,Negociação,Realizada
8479,2025-04-14,5320,2033,Presencial,Prospecção,Realizada
8480,2025-06-22,5372,2007,Online,Negociação,Realizada
8481,2025-04-19,5231,1038,Telefone,Pós-venda,Pendente
8482,2025-03-06,5399,2009,Telefone,Pós-venda,Pendente
8483,2025-04-28,5218,2003,Presencial,Prospecção,Realizada
8484,2025-04-28,5095,1010,Online,Pós-venda,Realizada
8485,2025-05-05,5147,1029,Presencial,Negociação,Realizada
8486,2025-01-03,5132,1014,Online,Pós-venda,Realizada
8487,2025-05-19,5012,1001,Telefone,Prospecção,Realizada
8488,2025-02-09,5231,1014,Telefone,Pós-venda,Pendente
8489,2025-05-22,5061,1059,Online,Negociação,Pendente
8490,2025-06-22,5306,1047,Presencial,Prospecção,Pendente
8491,2025-05-14,5179,1022,Online,Prospecção,Realizada
8492,2025-06-06,5423,1007,Presencial,Prospecção,Realizada
8493,2025-03-24,5273,2019,Presencial,Pós-venda,Realizada
8494,2025-03-06,5176,1003,Presencial,Prospecção,Pendente
8495,2025-04-11,5062,1027,Presencial,Negociação,Pendente
8496,2025-01-21,5306,1035,Presencial,Pós-venda,Realizada
8497,2025-05-21,5453,2009,Presencial,Prospecção,Realizada
8498,2025-04-14,5151,2010,Online,Negociação,Realizada
8499,2025-05-31,5008,1052,Telefone,Negociação,Realizada
8500,2025-03-30,5401,2024,Telefone,Pós-venda,Pendente
8501,2025-04-22,5265,1052,Telefone,Prospecção,Realizada
8502,2025-03-05,5234,1006,Online,Prospecção,Realizada
8503,2025-02-11,5092,1059,Online,Prospecção,Realizada
8504,2025-02-17,5370,1048,Telefone,Prospecção,Pendente
8505,2025-06-13,5281,2014,Telefone,Prospecção,Pendente
8506,2025-01-28,5225,1036,Presencial,Prospecção,Pendente
8507,2025-05-28,5203,1018,Telefone,Pós-venda,Pendente
8508,2025-03-25,5023,1051,Online,Prospecção,Realizada
8509,2025-05-06,5451,2028,Presencial,Prospecção,Realizada
8510,2025-06-20,5067,1037,Presencial,Prospecção,Pendente
8511,2025-03-20,5063,1026,Online,Pós-venda,Realizada
8512,2025-02-12,5164,1044,Online,Prospecção,Pendente
8513,2025-03-28,5437,2022,Presencial,Pós-venda,Pendente
8514,2025-04-04,5127,1031,Online,Prospecção,Realizada
8515,2025-04-04,5460,1007,Presencial,Prospecção,Realizada
8516,2025-04-13,5458,2015,Telefone,Prospecção,Realizada
8517,2025-05-27,5021,1019,Presencial,Pós-venda,Realizada
8518,2025-06-04,5294,1008,Online,Prospecção,Realizada
8519,2025-06-20,5290,1059,Telefone,Negociação,Realizada
8520,2025-03-14,5199,1040,Presencial,Prospecção,Pendente
8521,2025-03-26,5199,1058,Online,Prospecção,Pendente
8522,2025-01-22,5005,1022,Presencial,Pós-venda,Pendente
8523,2025-02-14,5487,1008,Presencial,Pós-venda,Realizada
8524,2025-01-18,5432,2017,Online,Negociação,Pendente
8525,2025-06-02,5200,1030,Online,Pós-venda,Pendente
8526,2025-01-04,5090,1058,Presencial,Negociação,Realizada
8527,2025-05-15,5353,1025,Presencial,Pós-venda,Realizada
8528,2025-06-05,5032,1022,Presencial,Negociação,Pendente
8529,2025-05-18,5232,1011,Online,Pós-venda,Realizada
8530,2025-03-07,5354,2014,Presencial,Prospecção,Realizada
8531,2025-03-23,5056,1041,Telefone,Prospecção,Pendente
8532,2025-02-13,5167,2024,Presencial,Negociação,Pendente
8533,2025-02-09,5451,2012,Telefone,Negociação,Pendente
8534,2025-05-26,5201,2010,Presencial,Negociação,Realizada
8535,2025-01-31,5172,1004,Online,Negociação,Realizada
8536,2025-03-06,5071,1008,Presencial,Negociação,Pendente
8537,2025-02-20,5111,1005,Telefone,Pós-venda,Realizada
8538,2025-04-10,5274,1042,Telefone,Pós-venda,Realizada
8539,2025-04-08,5435,2019,Online,Prospecção,Realizada
8540,2025-02-25,5355,1027,Telefone,Pós-venda,Realizada
8541,2025-02-16,5366,1025,Presencial,Negociação,Pendente
8542,2025-05-13,5229,1028,Telefone,Pós-venda,Realizada
8543,2025-05-16,5345,2009,Presencial,Prospecção,Pendente
8544,2025-01-13,5426,1026,Online,Prospecção,Realizada
8545,2025-03-16,5176,2035,Presencial,Negociação,Pendente
8546,2025-06-05,5118,1013,Presencial,Pós-venda,Pendente
8547,2025-02-16,5278,1027,Online,Prospecção,Pendente
8548,2025-01-31,5350,1021,Online,Pós-venda,Pendente
8549,2025-03-25,5396,2003,Online,Prospecção,Pendente
8550,2025-01-28,5067,1016,Presencial,Negociação,Realizada
8551,2025-02-21,5496,2025,Online,Prospecção,Realizada
8552,2025-05-05,5083,2002,Telefone,Pós-venda,Pendente
8553,2025-04-12,5446,1059,Online,Prospecção,Pendente
8554,2025-06-18,5415,2029,Telefone,Prospecção,Pendente
8555,2025-04-19,5412,1019,Presencial,Pós-venda,Pendente
8556,2025-06-26,5068,1054,Online,Pós-venda,Realizada
8557,2025-06-22,5321,1018,Telefone,Negociação,Pendente
8558,2025-04-06,5429,1047,Presencial,Negociação,Realizada
8559,2025-05-07,5030,1023,Presencial,Pós-venda,Realizada
8560,2025-04-11,5075,2007,Telefone,Pós-venda,Pendente
8561,2025-06-24,5339,2023,Online,Pós-venda,Pendente
8562,2025-02-11,5082,1015,Telefone,Negociação,Realizada
8563,2025-04-16,5302,1027,Presencial,Negociação,Realizada
8564,2025-03-26,5462,1035,Online,Negociação,Pendente
8565,2025-03-23,5310,2027,Presencial,Negociação,Pendente
8566,2025-01-20,5274,1005,Online,Pós-venda,Pendente
8567,2025-02-07,5411,1003,Presencial,Pós-venda,Pendente
8568,2025-03-31,5355,1045,Online,Prospecção,Realizada
8569,2025-03-15,5358,2016,Presencial,Prospecção,Pendente
8570,2025-01-08,5075,1053,Presencial,Pós-venda,Pendente
8571,2025-04-12,5291,2005,Presencial,Negociação,Realizada
8572,2025-04-08,5307,2014,Telefone,Prospecção,Pendente
8573,2025-01-18,5067,1016,Telefone,Prospecção,Realizada
8574,2025-06-25,5275,1027,Telefone,Prospecção,Pendente
8575,2025-06-29,5280,2037,Telefone,Pós-venda,Pendente
8576,2025-04-07,5105,2035,Telefone,Negociação,Realizada
8577,2025-01-20,5127,1049,Online,Negociação,Realizada
8578,2025-01-31,5018,1043,Presencial,Pós-venda,Pendente
8579,2025-03-03,5185,2013,Online,Pós-venda,Pendente
8580,2025-01-26,5248,2021,Telefone,Pós-venda,Pendente
8581,2025-01-18,5020,2017,Online,Prospecção,Realizada
8582,2025-05-31,5110,1036,Telefone,Negociação,Pendente
8583,2025-05-18,5390,2021,Telefone,Pós-venda,Pendente
8584,2025-04-20,5303,2024,Telefone,Pós-venda,Realizada
8585,2025-05-26,5269,2005,Telefone,Prospecção,Pendente
8586,2025-06-29,5003,1051,Telefone,Negociação,Pendente
8587,2025-03-28,5129,1036,Telefone,Prospecção,Realizada
8588,2025-02-06,5346,1044,Telefone,Negociação,Pendente
8589,2025-02-17,5303,2036,Presencial,Negociação,Realizada
8590,2025-04-23,5129,2028,Telefone,Prospecção,Pendente
8591,2025-06-17,5030,2017,Online,Prospecção,Realizada
8592,2025-02-05,5380,1042,Online,Prospecção,Pendente
8593,2025-02-07,5167,2039,Telefone,Prospecção,Realizada
8594,2025-02-11,5410,2002,Presencial,Prospecção,Pendente
8595,2025-04-09,5477,1007,Online,Prospecção,Realizada
8596,2025-03-27,5393,1053,Presencial,Pós-venda,Realizada
8597,2025-02-08,5065,1038,Presencial,Negociação,Pendente
8598,2025-04-07,5479,1053,Telefone,Negociação,Pendente
8599,2025-02-22,5230,1008,Presencial,Pós-venda,Pendente
8600,2025-01-11,5106,1011,Presencial,Prospecção,Realizada
8601,2025-05-16,5291,1007,Presencial,Pós-venda,Realizada
8602,2025-01-02,5429,1028,Online,Pós-venda,Pendente
8603,2025-06-24,5492,2004,Presencial,Negociação,Pendente
8604,2025-04-01,5239,1001,Presencial,Prospecção,Pendente
8605,2025-04-27,5141,1050,Online,Negociação,Realizada
8606,2025-02-21,5381,1052,Online,Negociação,Realizada
8607,2025-04-29,5466,2026,Presencial,Prospecção,Realizada
8608,2025-02-26,5055,1014,Telefone,Prospecção,Pendente
8609,2025-03-05,5460,2034,Telefone,Prospecção,Realizada
8610,2025-01-28,5375,1034,Telefone,Pós-venda,Realizada
8611,2025-05-03,5283,2036,Presencial,Prospecção,Realizada
8612,2025-06-14,5481,1006,Presencial,Pós-venda,Pendente
8613,2025-05-16,5144,1036,Presencial,Prospecção,Realizada
8614,2025-01-07,5096,2022,Telefone,Prospecção,Realizada
8615,2025-06-06,5022,1035,Telefone,Negociação,Realizada
8616,2025-04-25,5339,2010,Presencial,Prospecção,Pendente
8617,2025-01-23,5361,1054,Online,Pós-venda,Realizada
8618,2025-01-27,5190,1059,Presencial,Prospecção,Realizada
8619,2025-02-17,5043,2011,Telefone,Negociação,Pendente
8620,2025-02-01,5097,1059,Online,Pós-venda,Pendente
8621,2025-01-29,5112,1004,Telefone,Prospecção,Pendente
8622,2025-04-06,5306,1052,Telefone,Prospecção,Realizada
8623,2025-05-28,5317,2018,Online,Pós-venda,Pendente
8624,2025-02-11,5477,2020,Online,Prospecção,Pendente
8625,2025-01-03,5138,2009,Online,Prospecção,Realizada
8626,2025-02-22,5483,1019,Telefone,Negociação,Realizada
8627,2025-01-03,5248,1042,Telefone,Prospecção,Pendente
8628,2025-01-21,5199,1009,Presencial,Prospecção,Pendente
8629,2025-03-21,5427,1035,Online,Pós-venda,Realizada
8630,2025-03-26,5151,1048,Online,Negociação,Pendente
8631,2025-01-13,5037,1022,Telefone,Prospecção,Pendente
8632,2025-05-06,5119,1053,Online,Negociação,Pendente
8633,2025-04-21,5163,2027,Online,Negociação,Realizada
8634,2025-02-24,5476,2014,Online,Prospecção,Realizada
8635,2025-01-11,5133,1032,Telefone,Prospecção,Realizada
8636,2025-06-01,5431,2018,Presencial,Prospecção,Realizada
8637,2025-06-28,5389,1023,Telefone,Negociação,Realizada
8638,2025-04-02,5211,1053,Presencial,Prospecção,Realizada
8639,2025-03-24,5336,1034,Telefone,Negociação,Pendente
8640,2025-05-21,5144,1036,Online,Pós-venda,Realizada
8641,2025-04-12,5336,1017,Online,Prospecção,Pendente
8642,2025-06-28,5321,1051,Online,Negociação,Realizada
8643,2025-05-29,5414,2030,Online,Pós-venda,Pendente
8644,2025-04-18,5318,2019,Telefone,Pós-venda,Pendente
8645,2025-05-20,5079,1058,Presencial,Prospecção,Realizada
8646,2025-02-06,5007,2027,Online,Negociação,Pendente
8647,2025-05-21,5029,2026,Telefone,Pós-venda,Pendente
8648,2025-06-10,5167,1054,Telefone,Pós-venda,Pendente
8649,2025-05-09,5386,1009,Online,Prospecção,Realizada
8650,2025-04-14,5330,2030,Telefone,Pós-venda,Pendente
8651,2025-02-14,5159,2023,Telefone,Negociação,Realizada
8652,2025-01-06,5132,1010,Telefone,Prospecção,Pendente
8653,2025-02-17,5104,1018,Online,Pós-venda,Realizada
8654,2025-04-08,5453,2020,Telefone,Prospecção,Pendente
8655,2025-03-20,5455,1058,Telefone,Pós-venda,Realizada
8656,2025-01-27,5130,2005,Presencial,Pós-venda,Realizada
8657,2025-06-16,5304,2001,Presencial,Pós-venda,Pendente
8658,2025-06-27,5181,2017,Telefone,Negociação,Pendente
8659,2025-04-02,5468,1033,Telefone,Negociação,Pendente
8660,2025-06-15,5159,1017,Presencial,Negociação,Realizada
8661,2025-04-10,5208,2025,Online,Negociação,Realizada
8662,2025-03-23,5052,1008,Presencial,Pós-venda,Pendente
8663,2025-02-09,5279,1029,Telefone,Pós-venda,Pendente
8664,2025-03-27,5180,2011,Telefone,Prospecção,Pendente
8665,2025-02-07,5412,2029,Telefone,Prospecção,Pendente
8666,2025-05-18,5401,1021,Telefone,Negociação,Pendente
8667,2025-02-03,5397,1046,Presencial,Pós-venda,Realizada
8668,2025-05-17,5426,2010,Online,Prospecção,Realizada
8669,2025-04-20,5056,1014,Online,Pós-venda,Realizada
8670,2025-05-18,5292,1036,Telefone,Negociação,Pendente
8671,2025-03-24,5086,2002,Online,Pós-venda,Realizada
8672,2025-01-30,5048,1008,Telefone,Prospecção,Pendente
8673,2025-02-04,5142,1040,Presencial,Negociação,Pendente
8674,2025-05-21,5149,1018,Telefone,Pós-venda,Realizada
8675,2025-04-18,5163,1011,Online,Negociação,Realizada
8676,2025-05-16,5062,2017,Online,Negociação,Realizada
8677,2025-02-01,5286,1048,Telefone,Pós-venda,Pendente
8678,2025-06-05,5031,1055,Presencial,Pós-venda,Pendente
8679,2025-01-01,5327,2008,Telefone,Prospecção,Realizada
8680,2025-03-01,5147,1028,Online,Negociação,Pendente
8681,2025-01-10,5305,2006,Presencial,Pós-venda,Realizada
8682,2025-05-26,5025,1057,Presencial,Prospecção,Pendente
8683,2025-03-28,5298,2006,Telefone,Pós-venda,Realizada
8684,2025-01-17,5478,1042,Presencial,Pós-venda,Pendente
8685,2025-06-20,5329,2003,Presencial,Pós-venda,Pendente
8686,2025-02-23,5482,1053,Online,Pós-venda,Pendente
8687,2025-02-20,5032,2003,Telefone,Pós-venda,Realizada
8688,2025-05-25,5383,1039,Telefone,Negociação,Realizada
8689,2025-05-30,5310,2008,Online,Pós-venda,Pendente
8690,2025-03-14,5110,2003,Telefone,Prospecção,Realizada
8691,2025-03-14,5170,1045,Online,Negociação,Realizada
8692,2025-02-24,5312,1046,Online,Pós-venda,Pendente
8693,2025-01-27,5079,1016,Presencial,Pós-venda,Realizada
8694,2025-04-16,5073,1006,Online,Negociação,Realizada
8695,2025-05-06,5122,2011,Telefone,Pós-venda,Pendente
8696,2025-01-16,5339,2020,Telefone,Pós-venda,Realizada
8697,2025-01-12,5251,1031,Telefone,Negociação,Realizada
8698,2025-01-15,5044,2040,Telefone,Prospecção,Realizada
8699,2025-03-12,5291,2027,Presencial,Negociação,Pendente
8700,2025-06-02,5414,1014,Telefone,Prospecção,Realizada
8701,2025-02-08,5139,1026,Telefone,Negociação,Pendente
8702,2025-06-06,5283,2024,Telefone,Prospecção,Realizada
8703,2025-06-23,5049,1007,Online,Negociação,Pendente
8704,2025-02-26,5057,1048,Presencial,Negociação,Pendente
8705,2025-03-31,5272,2002,Telefone,Negociação,Pendente
8706,2025-02-12,5026,2018,Telefone,Prospecção,Pendente
8707,2025-06-24,5480,1007,Presencial,Prospecção,Realizada
8708,2025-06-19,5415,1048,Presencial,Negociação,Pendente
8709,2025-03-17,5173,1057,Online,Pós-venda,Pendente
8710,2025-03-03,5232,1035,Online,Negociação,Pendente
8711,2025-02-17,5101,1013,Telefone,Pós-venda,Pendente
8712,2025-06-12,5355,1012,Telefone,Pós-venda,Pendente
8713,2025-05-31,5150,1042,Online,Prospecção,Pendente
8714,2025-04-09,5192,2025,Online,Negociação,Realizada
8715,2025-05-04,5044,2018,Presencial,Pós-venda,Realizada
8716,2025-01-08,5500,2037,Telefone,Negociação,Pendente
8717,2025-04-08,5004,1043,Presencial,Prospecção,Pendente
8718,2025-02-20,5314,2038,Presencial,Prospecção,Realizada
8719,2025-04-07,5269,2031,Presencial,Prospecção,Pendente
8720,2025-05-15,5328,1014,Telefone,Pós-venda,Realizada
8721,2025-04-07,5228,2005,Online,Prospecção,Pendente
8722,2025-04-18,5008,1025,Presencial,Pós-venda,Realizada
8723,2025-01-30,5356,1021,Telefone,Prospecção,Pendente
8724,2025-06-16,5141,2020,Telefone,Prospecção,Pendente
8725,2025-04-24,5084,1006,Online,Pós-venda,Pendente
8726,2025-05-15,5367,2025,Telefone,Negociação,Realizada
8727,2025-04-21,5173,1021,Online,Negociação,Realizada
8728,2025-03-30,5257,1031,Presencial,Pós-venda,Pendente
8729,2025-04-28,5390,1028,Telefone,Prospecção,Realizada
8730,2025-03-29,5466,2029,Presencial,Negociação,Realizada
8731,2025-01-07,5230,2032,Online,Prospecção,Pendente
8732,2025-05-20,5183,1031,Presencial,Pós-venda,Pendente
8733,2025-04-21,5470,1041,Telefone,Negociação,Pendente
8734,2025-02-01,5156,2038,Online,Negociação,Realizada
8735,2025-06-14,5430,2036,Presencial,Pós-venda,Pendente
8736,2025-03-11,5146,1037,Presencial,Prospecção,Pendente
8737,2025-03-21,5349,2018,Presencial,Prospecção,Realizada
8738,2025-01-13,5347,1019,Presencial,Pós-venda,Pendente
8739,2025-01-20,5452,2037,Presencial,Prospecção,Realizada
8740,2025-03-20,5270,2002,Presencial,Prospecção,Pendente
8741,2025-03-18,5228,1005,Telefone,Prospecção,Pendente
8742,2025-05-14,5160,1023,Presencial,Prospecção,Realizada
8743,2025-05-29,5387,2032,Presencial,Negociação,Realizada
8744,2025-06-01,5130,1038,Online,Negociação,Pendente
8745,2025-05-13,5145,2016,Online,Prospecção,Realizada
8746,2025-02-07,5221,1055,Presencial,Pós-venda,Pendente
8747,2025-03-05,5364,1016,Online,Pós-venda,Pendente
8748,2025-06-10,5179,1030,Telefone,Prospecção,Realizada
8749,2025-03-11,5172,2036,Telefone,Pós-venda,Pendente
8750,2025-06-08,5215,1026,Online,Prospecção,Realizada
8751,2025-06-18,5344,2038,Telefone,Pós-venda,Pendente
8752,2025-06-17,5498,2033,Telefone,Negociação,Pendente
8753,2025-01-11,5156,2022,Presencial,Negociação,Realizada
8754,2025-04-01,5037,1050,Online,Prospecção,Realizada
8755,2025-04-22,5444,1037,Telefone,Negociação,Pendente
8756,2025-03-11,5121,2018,Online,Pós-venda,Pendente
8757,2025-03-20,5037,1032,Presencial,Prospecção,Realizada
8758,2025-01-19,5446,2026,Telefone,Prospecção,Realizada
8759,2025-01-02,5430,2001,Telefone,Prospecção,Realizada
8760,2025-03-10,5037,2008,Presencial,Negociação,Pendente
8761,2025-02-09,5351,1020,Presencial,Prospecção,Pendente
8762,2025-04-22,5324,1050,Online,Negociação,Realizada
8763,2025-03-04,5451,1024,Presencial,Negociação,Pendente
8764,2025-04-28,5325,2002,Online,Prospecção,Realizada
8765,2025-04-26,5489,2035,Telefone,Negociação,Realizada
8766,2025-05-13,5114,1033,Online,Prospecção,Realizada
8767,2025-04-24,5356,2040,Online,Pós-venda,Pendente
8768,2025-03-07,5219,1048,Online,Prospecção,Pendente
8769,2025-03-05,5013,2019,Presencial,Prospecção,Pendente
8770,2025-06-25,5076,2025,Telefone,Negociação,Pendente
8771,2025-02-03,5228,2024,Online,Prospecção,Pendente
8772,2025-04-03,5140,1033,Presencial,Negociação,Realizada
8773,2025-03-07,5294,1034,Telefone,Pós-venda,Realizada
8774,2025-03-21,5450,1028,Presencial,Negociação,Pendente
8775,2025-05-26,5254,1014,Telefone,Prospecção,Realizada
8776,2025-03-26,5483,1001,Presencial,Pós-venda,Realizada
8777,2025-02-18,5401,1033,Online,Prospecção,Pendente
8778,2025-02-26,5256,2009,Telefone,Pós-venda,Realizada
8779,2025-06-18,5437,1033,Presencial,Pós-venda,Realizada
8780,2025-02-28,5339,1007,Telefone,Prospecção,Realizada
8781,2025-05-06,5449,1059,Presencial,Negociação,Realizada
8782,2025-03-02,5403,2005,Online,Pós-venda,Pendente
8783,2025-03-23,5222,1029,Telefone,Negociação,Realizada
8784,2025-05-06,5098,1055,Telefone,Negociação,Realizada
8785,2025-01-24,5414,2013,Presencial,Negociação,Realizada
8786,2025-01-20,5347,1006,Online,Negociação,Realizada
8787,2025-04-08,5354,2028,Telefone,Negociação,Realizada
8788,2025-06-06,5466,1060,Telefone,Prospecção,Pendente
8789,2025-02-19,5032,1044,Presencial,Negociação,Realizada
8790,2025-05-19,5377,1004,Online,Pós-venda,Pendente
8791,2025-02-24,5037,2029,Telefone,Negociação,Pendente
8792,2025-01-16,5050,2020,Telefone,Pós-venda,Realizada
8793,2025-05-28,5081,1035,Telefone,Prospecção,Pendente
8794,2025-04-26,5247,1033,Presencial,Pós-venda,Pendente
8795,2025-01-03,5211,1005,Online,Negociação,Realizada
8796,2025-01-28,5153,1016,Telefone,Pós-venda,Pendente
8797,2025-04-10,5189,1030,Presencial,Prospecção,Realizada
8798,2025-03-16,5084,2033,Presencial,Pós-venda,Realizada
8799,2025-03-26,5293,2031,Presencial,Pós-venda,Pendente
8800,2025-01-14,5196,1023,Presencial,Prospecção,Pendente
8801,2025-06-14,5408,1012,Telefone,Prospecção,Realizada
8802,2025-05-23,5481,1007,Presencial,Negociação,Pendente
8803,2025-02-03,5346,1010,Online,Prospecção,Pendente
8804,2025-03-27,5302,1007,Online,Prospecção,Pendente
8805,2025-01-17,5001,2037,Online,Prospecção,Pendente
8806,2025-01-30,5268,2036,Telefone,Prospecção,Realizada
8807,2025-04-12,5326,2005,Telefone,Pós-venda,Pendente
8808,2025-01-02,5433,1047,Online,Pós-venda,Pendente
8809,2025-04-06,5090,1051,Telefone,Pós-venda,Realizada
8810,2025-01-05,5066,1001,Telefone,Pós-venda,Realizada
8811,2025-01-08,5339,2001,Presencial,Prospecção,Pendente
8812,2025-04-27,5395,1023,Telefone,Prospecção,Pendente
8813,2025-02-14,5150,1037,Presencial,Negociação,Pendente
8814,2025-02-23,5012,2014,Online,Negociação,Pendente
8815,2025-01-28,5107,1003,Presencial,Negociação,Realizada
8816,2025-02-09,5403,2037,Telefone,Prospecção,Realizada
8817,2025-03-22,5003,2006,Online,Prospecção,Realizada
8818,2025-04-13,5094,1052,Presencial,Prospecção,Realizada
8819,2025-06-12,5049,2034,Online,Pós-venda,Pendente
8820,2025-04-09,5087,2018,Telefone,Negociação,Realizada
8821,2025-05-03,5053,2029,Online,Negociação,Realizada
8822,2025-01-08,5069,2011,Online,Pós-venda,Realizada
8823,2025-02-15,5262,1009,Online,Negociação,Realizada
8824,2025-03-26,5030,2018,Telefone,Pós-venda,Realizada
8825,2025-06-10,5014,1033,Telefone,Prospecção,Realizada
8826,2025-02-11,5310,2024,Telefone,Pós-venda,Realizada
8827,2025-04-20,5199,2039,Presencial,Negociação,Realizada
8828,2025-03-24,5485,1009,Online,Negociação,Pendente
8829,2025-06-09,5364,2014,Presencial,Prospecção,Realizada
8830,2025-06-09,5262,2037,Telefone,Pós-venda,Realizada
8831,2025-01-26,5358,1059,Telefone,Pós-venda,Realizada
8832,2025-06-24,5313,1057,Telefone,Prospecção,Realizada
8833,2025-02-15,5133,1029,Presencial,Pós-venda,Realizada
8834,2025-05-14,5310,2020,Online,Negociação,Realizada
8835,2025-03-14,5374,2005,Online,Pós-venda,Realizada
8836,2025-03-20,5209,1041,Presencial,Prospecção,Realizada
8837,2025-03-14,5136,2032,Telefone,Pós-venda,Realizada
8838,2025-05-03,5018,1019,Online,Negociação,Pendente
8839,2025-01-28,5316,2015,Presencial,Negociação,Realizada
8840,2025-03-28,5485,1003,Presencial,Prospecção,Realizada
8841,2025-02-26,5051,2014,Online,Pós-venda,Realizada
8842,2025-03-02,5215,1008,Telefone,Pós-venda,Realizada
8843,2025-06-29,5267,2025,Telefone,Prospecção,Pendente
8844,2025-04-07,5079,2001,Online,Negociação,Realizada
8845,2025-06-28,5357,1020,Online,Pós-venda,Realizada
8846,2025-06-11,5417,1052,Presencial,Negociação,Realizada
8847,2025-03-01,5064,1001,Telefone,Pós-venda,Pendente
8848,2025-02-08,5171,1035,Online,Negociação,Realizada
8849,2025-03-08,5498,1019,Online,Negociação,Realizada
8850,2025-03-04,5166,1013,Online,Prospecção,Pendente
8851,2025-02-21,5336,1030,Online,Negociação,Realizada
8852,2025-04-25,5171,2018,Presencial,Pós-venda,Pendente
8853,2025-06-27,5285,1041,Online,Negociação,Realizada
8854,2025-04-01,5118,1030,Telefone,Prospecção,Realizada
8855,2025-02-20,5356,2033,Presencial,Negociação,Pendente
8856,2025-02-14,5325,1026,Presencial,Prospecção,Pendente
8857,2025-03-04,5267,1045,Presencial,Prospecção,Pendente
8858,2025-01-12,5429,1020,Online,Pós-venda,Realizada
8859,2025-03-12,5055,1003,Presencial,Pós-venda,Realizada
8860,2025-04-03,5134,1057,Presencial,Pós-venda,Realizada
8861,2025-01-28,5495,1020,Presencial,Pós-venda,Pendente
8862,2025-03-12,5198,1053,Telefone,Pós-venda,Pendente
8863,2025-01-02,5415,1043,Telefone,Pós-venda,Pendente
8864,2025-01-15,5351,1011,Online,Negociação,Pendente
8865,2025-02-19,5188,1012,Online,Negociação,Pendente
8866,2025-01-03,5114,1050,Telefone,Pós-venda,Realizada
8867,2025-06-28,5300,1033,Telefone,Prospecção,Realizada
8868,2025-03-26,5064,1045,Presencial,Prospecção,Realizada
8869,2025-04-02,5150,2019,Telefone,Negociação,Pendente
8870,2025-03-19,5355,1008,Telefone,Pós-venda,Realizada
8871,2025-02-27,5310,1053,Telefone,Prospecção,Realizada
8872,2025-01-28,5386,1033,Presencial,Pós-venda,Pendente
8873,2025-03-09,5007,2032,Presencial,Prospecção,Realizada
8874,2025-01-07,5353,1027,Online,Prospecção,Pendente
8875,2025-04-16,5133,1006,Presencial,Negociação,Realizada
8876,2025-02-16,5027,2008,Presencial,Negociação,Pendente
8877,2025-04-15,5303,2015,Telefone,Prospecção,Pendente
8878,2025-06-04,5348,2005,Online,Pós-venda,Realizada
8879,2025-04-27,5169,1039,Presencial,Pós-venda,Pendente
8880,2025-03-06,5329,1039,Online,Pós-venda,Pendente
8881,2025-03-20,5111,1051,Presencial,Prospecção,Pendente
8882,2025-01-29,5042,1060,Presencial,Pós-venda,Pendente
8883,2025-06-17,5083,2016,Presencial,Negociação,Realizada
8884,2025-03-14,5124,2011,Telefone,Pós-venda,Pendente
8885,2025-05-17,5302,1006,Online,Pós-venda,Realizada
8886,2025-05-04,5010,1053,Telefone,Pós-venda,Pendente
8887,2025-01-03,5050,2034,Presencial,Negociação,Realizada
8888,2025-05-05,5148,2003,Telefone,Prospecção,Realizada
8889,2025-05-08,5169,2004,Telefone,Pós-venda,Pendente
8890,2025-02-26,5259,2032,Online,Pós-venda,Realizada
8891,2025-05-13,5127,1033,Online,Pós-venda,Realizada
8892,2025-02-27,5359,1046,Presencial,Pós-venda,Pendente
8893,2025-05-20,5430,1054,Online,Negociação,Realizada
8894,2025-03-10,5002,1055,Telefone,Negociação,Realizada
8895,2025-05-27,5191,1018,Presencial,Prospecção,Realizada
8896,2025-05-31,5027,1037,Telefone,Negociação,Realizada
8897,2025-02-26,5397,1022,Online,Prospecção,Pendente
8898,2025-02-02,5119,1003,Online,Pós-venda,Realizada
8899,2025-03-20,5335,1052,Telefone,Pós-venda,Realizada
8900,2025-01-12,5215,2020,Telefone,Pós-venda,Pendente
8901,2025-05-17,5253,2030,Telefone,Negociação,Realizada
8902,2025-01-30,5292,1020,Online,Pós-venda,Pendente
8903,2025-05-11,5040,1058,Online,Negociação,Pendente
8904,2025-04-27,5257,2028,Telefone,Prospecção,Pendente
8905,2025-04-13,5024,1007,Presencial,Pós-venda,Pendente
8906,2025-02-28,5037,2021,Telefone,Negociação,Pendente
8907,2025-01-24,5417,1051,Presencial,Prospecção,Realizada
8908,2025-01-20,5126,2020,Online,Pós-venda,Realizada
8909,2025-05-04,5403,2024,Telefone,Pós-venda,Pendente
8910,2025-02-20,5257,1001,Presencial,Pós-venda,Pendente
8911,2025-01-18,5404,1031,Online,Pós-venda,Realizada
8912,2025-01-17,5005,1055,Presencial,Prospecção,Pendente
8913,2025-06-22,5193,2028,Telefone,Negociação,Pendente
8914,2025-02-04,5084,1005,Online,Negociação,Realizada
8915,2025-03-29,5036,1031,Telefone,Prospecção,Realizada
8916,2025-01-03,5034,1040,Presencial,Prospecção,Pendente
8917,2025-06-22,5309,1002,Online,Pós-venda,Pendente
8918,2025-04-08,5461,1022,Online,Pós-venda,Pendente
8919,2025-06-02,5431,1025,Presencial,Pós-venda,Realizada
8920,2025-02-25,5103,2004,Telefone,Negociação,Pendente
8921,2025-01-24,5250,2038,Online,Negociação,Realizada
8922,2025-04-27,5143,2006,Online,Pós-venda,Realizada
8923,2025-01-26,5133,2021,Presencial,Negociação,Pendente
8924,2025-01-24,5261,2007,Online,Prospecção,Realizada
8925,2025-02-27,5261,2021,Telefone,Pós-venda,Pendente
8926,2025-06-17,5049,1024,Presencial,Negociação,Realizada
8927,2025-01-20,5084,2021,Online,Pós-venda,Pendente
8928,2025-05-19,5369,2012,Presencial,Pós-venda,Pendente
8929,2025-04-17,5072,2018,Online,Prospecção,Realizada
8930,2025-05-16,5492,2022,Telefone,Prospecção,Realizada
8931,2025-05-08,5182,2016,Telefone,Pós-venda,Pendente
8932,2025-01-06,5019,2016,Online,Prospecção,Realizada
8933,2025-03-31,5474,1032,Presencial,Pós-venda,Pendente
8934,2025-03-28,5093,1031,Presencial,Prospecção,Realizada
8935,2025-03-25,5161,2034,Presencial,Prospecção,Realizada
8936,2025-05-18,5415,1057,Presencial,Negociação,Pendente
8937,2025-06-14,5043,2017,Telefone,Negociação,Pendente
8938,2025-05-31,5074,2040,Online,Negociação,Realizada
8939,2025-02-09,5206,2009,Online,Prospecção,Pendente
8940,2025-06-09,5449,1050,Telefone,Prospecção,Pendente
8941,2025-06-21,5243,1042,Telefone,Pós-venda,Realizada
8942,2025-03-03,5383,1021,Telefone,Prospecção,Realizada
8943,2025-01-12,5138,1016,Presencial,Pós-venda,Pendente
8944,2025-02-10,5089,2021,Presencial,Prospecção,Pendente
8945,2025-04-25,5133,1054,Online,Pós-venda,Realizada
8946,2025-02-21,5261,2015,Presencial,Prospecção,Pendente
8947,2025-01-16,5054,2003,Presencial,Prospecção,Realizada
8948,2025-03-12,5494,1001,Telefone,Negociação,Realizada
8949,2025-02-23,5306,2007,Telefone,Prospecção,Pendente
8950,2025-05-26,5136,2039,Online,Prospecção,Pendente
8951,2025-06-05,5438,2002,Telefone,Prospecção,Realizada
8952,2025-05-26,5009,2025,Presencial,Pós-venda,Realizada
8953,2025-05-17,5286,2031,Presencial,Negociação,Realizada
8954,2025-06-06,5038,1036,Presencial,Negociação,Pendente
8955,2025-05-29,5323,1049,Telefone,Negociação,Realizada
8956,2025-05-12,5005,1029,Online,Pós-venda,Pendente
8957,2025-01-21,5222,1024,Online,Negociação,Realizada
8958,2025-02-18,5289,2031,Telefone,Negociação,Pendente
8959,2025-06-21,5036,2031,Presencial,Negociação,Pendente
8960,2025-02-03,5065,2017,Online,Prospecção,Realizada
8961,2025-03-24,5162,2007,Presencial,Pós-venda,Pendente
8962,2025-02-20,5294,2010,Online,Prospecção,Pendente
8963,2025-02-08,5075,2016,Telefone,Pós-venda,Pendente
8964,2025-04-29,5121,1034,Presencial,Prospecção,Realizada
8965,2025-01-31,5383,2011,Presencial,Negociação,Pendente
8966,2025-04-20,5159,1009,Telefone,Pós-venda,Pendente
8967,2025-06-14,5123,2012,Online,Pós-venda,Realizada
8968,2025-02-07,5105,1043,Telefone,Prospecção,Pendente
8969,2025-05-13,5062,1033,Presencial,Prospecção,Pendente
8970,2025-03-22,5487,2022,Online,Negociação,Pendente
8971,2025-01-29,5469,1029,Online,Prospecção,Pendente
8972,2025-04-26,5201,2039,Telefone,Pós-venda,Pendente
8973,2025-06-01,5103,1005,Online,Negociação,Pendente
8974,2025-03-05,5186,2025,Online,Prospecção,Realizada
8975,2025-05-27,5135,2028,Online,Negociação,Pendente
8976,2025-03-26,5174,1005,Presencial,Prospecção,Realizada
8977,2025-05-10,5316,2015,Presencial,Negociação,Realizada
8978,2025-04-05,5149,1008,Presencial,Pós-venda,Pendente
8979,2025-04-06,5344,2039,Telefone,Pós-venda,Realizada
8980,2025-03-01,5412,2029,Online,Prospecção,Pendente
8981,2025-03-16,5210,1045,Online,Pós-venda,Realizada
8982,2025-02-28,5113,1018,Presencial,Negociação,Pendente
8983,2025-04-12,5445,1020,Presencial,Pós-venda,Pendente
8984,2025-04-16,5270,1006,Presencial,Prospecção,Pendente
8985,2025-05-08,5410,1022,Online,Negociação,Pendente
8986,2025-04-16,5374,2024,Presencial,Pós-venda,Pendente
8987,2025-06-01,5241,2028,Online,Negociação,Pendente
8988,2025-05-13,5257,1014,Online,Negociação,Pendente
8989,2025-05-26,5149,2006,Telefone,Pós-venda,Pendente
8990,2025-05-08,5389,1007,Online,Negociação,Pendente
8991,2025-06-20,5236,1056,Presencial,Pós-venda,Realizada
8992,2025-02-06,5264,2005,Presencial,Negociação,Realizada
8993,2025-01-10,5442,1025,Presencial,Pós-venda,Realizada
8994,2025-02-19,5354,2033,Online,Negociação,Realizada
8995,2025-01-22,5170,2028,Presencial,Negociação,Realizada
8996,2025-01-04,5193,1057,Telefone,Negociação,Pendente
8997,2025-03-25,5056,1007,Presencial,Prospecção,Pendente
8998,2025-06-14,5316,2003,Telefone,Prospecção,Pendente
8999,2025-01-23,5473,1023,Online,Negociação,Pendente
9000,2025-05-28,5307,2033,Online,Pós-venda,Realizada
